year,cable_id,ocean_route,operator_type,rfs_year,age_years,fiber_pairs,length_km,n_landing_countries,chokepoint,design_capacity_tbps,lit_capacity_tbps,utilization_pct,protected_burial,design_life_years,route_redundancy,is_low_redundancy,vulnerability_index,fault_cause,fault_this_year,fault_next_year,next_observed_year,has_consecutive_next_year,label_temporally_valid,exclusion_reason,capacity_headroom_tbps,lit_to_design_ratio,lit_capacity_change_yoy,utilization_change_yoy,route_redundancy_change_yoy,fault_previous_year,fault_count_prior_3_calendar_years,years_since_previous_fault
2015,CAB0001,Africa-Coastal,carrier,2012,3,39,14098.0,5,None,1092.0,487.2,41.7,1,25,36,1,24.6,none,0,0.0,2016.0,True,True,,604.8,0.4461538461538461,,,,,0,
2016,CAB0001,Africa-Coastal,carrier,2012,4,39,14098.0,5,None,1092.0,507.7,51.5,1,25,37,1,26.2,none,0,0.0,2017.0,True,True,,584.3,0.46492673992673994,20.5,9.799999999999997,1.0,0.0,0,
2017,CAB0001,Africa-Coastal,carrier,2012,5,39,14098.0,5,None,1092.0,632.5,80.0,1,25,40,0,7.9,none,0,0.0,2018.0,True,True,,459.5,0.5792124542124543,124.80000000000001,28.5,3.0,0.0,0,
2018,CAB0001,Africa-Coastal,carrier,2012,6,39,14098.0,5,None,1092.0,546.9,17.5,1,25,40,0,9.5,none,0,0.0,2019.0,True,True,,545.1,0.5008241758241758,-85.60000000000002,-62.5,0.0,0.0,0,
2019,CAB0001,Africa-Coastal,carrier,2012,7,39,14098.0,5,None,1092.0,585.7,71.3,1,25,42,0,11.1,none,0,0.0,2020.0,True,True,,506.29999999999995,0.5363553113553114,38.80000000000007,53.8,2.0,0.0,0,
2020,CAB0001,Africa-Coastal,carrier,2012,8,39,14098.0,5,None,1092.0,808.1,57.0,1,25,43,0,12.7,none,0,1.0,2021.0,True,True,,283.9,0.740018315018315,222.39999999999998,-14.299999999999997,1.0,0.0,0,
2021,CAB0001,Africa-Coastal,carrier,2012,9,39,14098.0,5,None,1092.0,809.8,40.8,1,25,44,0,14.3,fishing_anchor,1,0.0,2022.0,True,True,,282.20000000000005,0.7415750915750915,1.6999999999999318,-16.200000000000003,1.0,0.0,0,
2022,CAB0001,Africa-Coastal,carrier,2012,10,39,14098.0,5,None,1092.0,964.0,36.6,1,25,45,0,15.9,none,0,1.0,2023.0,True,True,,128.0,0.8827838827838828,154.20000000000005,-4.199999999999996,1.0,1.0,1,1.0
2023,CAB0001,Africa-Coastal,carrier,2012,11,39,14098.0,5,None,1092.0,1063.7,48.9,1,25,47,0,17.5,fishing_anchor,1,0.0,2024.0,True,True,,28.299999999999955,0.9740842490842492,99.70000000000005,12.299999999999997,2.0,0.0,1,2.0
2024,CAB0001,Africa-Coastal,carrier,2012,12,39,14098.0,5,None,1092.0,1092.0,34.2,1,25,49,0,19.0,none,0,0.0,2025.0,True,True,,0.0,1.0,28.299999999999955,-14.699999999999996,2.0,1.0,2,1.0
2025,CAB0001,Africa-Coastal,carrier,2012,13,39,14098.0,5,None,1092.0,1092.0,39.4,1,25,52,0,20.6,none,0,0.0,2026.0,True,True,,0.0,1.0,0.0,5.199999999999996,3.0,0.0,1,2.0
2024,CAB0002,Indian-Ocean,carrier,2024,0,6,6142.0,8,None,270.9,77.7,24.3,0,25,41,0,15.9,none,0,0.0,2025.0,True,True,,193.2,0.2868217054263566,,,,,0,
2025,CAB0002,Indian-Ocean,carrier,2024,1,6,6142.0,8,None,270.9,64.8,62.7,0,25,44,0,17.5,none,0,0.0,2026.0,True,True,,206.09999999999997,0.23920265780730898,-12.900000000000006,38.400000000000006,3.0,0.0,0,
2025,CAB0003,Intra-Europe,carrier,2025,0,12,1848.0,3,None,558.9,138.8,30.3,1,25,58,0,0.0,none,0,0.0,2026.0,True,True,,420.09999999999997,0.24834496332080877,,,,,0,
2015,CAB0004,Intra-Pacific-Islands,consortium,2012,3,8,379.0,5,None,224.0,86.8,59.0,0,25,28,1,40.5,none,0,1.0,2016.0,True,True,,137.2,0.3875,,,,,0,
2016,CAB0004,Intra-Pacific-Islands,consortium,2012,4,8,379.0,5,None,224.0,110.3,28.7,0,25,29,1,42.1,natural_hazard,1,1.0,2017.0,True,True,,113.7,0.49241071428571426,23.5,-30.3,1.0,0.0,0,
2017,CAB0004,Intra-Pacific-Islands,consortium,2012,5,8,379.0,5,None,224.0,128.1,98.3,0,25,29,1,43.7,natural_hazard,1,0.0,2018.0,True,True,,95.9,0.571875,17.799999999999997,69.6,0.0,1.0,1,1.0
2018,CAB0004,Intra-Pacific-Islands,consortium,2012,6,8,379.0,5,None,224.0,146.2,79.6,0,25,30,1,45.2,none,0,0.0,2019.0,True,True,,77.80000000000001,0.6526785714285713,18.099999999999994,-18.700000000000003,1.0,1.0,2,1.0
2019,CAB0004,Intra-Pacific-Islands,consortium,2012,7,8,379.0,5,None,224.0,130.3,90.3,0,25,35,1,46.8,none,0,0.0,2020.0,True,True,,93.69999999999999,0.5816964285714287,-15.899999999999977,10.700000000000003,5.0,0.0,2,2.0
2020,CAB0004,Intra-Pacific-Islands,consortium,2012,8,8,379.0,5,None,224.0,150.5,74.5,0,25,40,0,28.6,none,0,1.0,2021.0,True,True,,73.5,0.671875,20.19999999999999,-15.799999999999997,5.0,0.0,1,3.0
2021,CAB0004,Intra-Pacific-Islands,consortium,2012,9,8,379.0,5,None,224.0,173.3,83.5,0,25,41,0,30.2,fishing_anchor,1,0.0,2022.0,True,True,,50.69999999999999,0.7736607142857144,22.80000000000001,9.0,1.0,0.0,0,4.0
2022,CAB0004,Intra-Pacific-Islands,consortium,2012,10,8,379.0,5,None,224.0,191.1,58.0,0,25,43,0,31.7,none,0,0.0,2023.0,True,True,,32.900000000000006,0.853125,17.799999999999983,-25.5,2.0,1.0,1,1.0
2023,CAB0004,Intra-Pacific-Islands,consortium,2012,11,8,379.0,5,None,224.0,211.1,51.3,0,25,45,0,33.3,none,0,0.0,2024.0,True,True,,12.900000000000006,0.9424107142857142,20.0,-6.700000000000003,2.0,0.0,1,2.0
2024,CAB0004,Intra-Pacific-Islands,consortium,2012,12,8,379.0,5,None,224.0,224.0,30.5,0,25,48,0,34.9,none,0,0.0,2025.0,True,True,,0.0,1.0,12.900000000000006,-20.799999999999997,3.0,0.0,1,3.0
2025,CAB0004,Intra-Pacific-Islands,consortium,2012,13,8,379.0,5,None,224.0,224.0,84.4,0,25,50,0,36.5,none,0,0.0,2026.0,True,True,,0.0,1.0,0.0,53.900000000000006,2.0,0.0,0,4.0
2020,CAB0005,EMEA-Asia,hyperscaler,2020,0,16,18833.0,3,None,630.9,135.9,51.7,1,25,40,0,0.0,none,0,0.0,2021.0,True,True,,495.0,0.2154065620542083,,,,,0,
2021,CAB0005,EMEA-Asia,hyperscaler,2020,1,16,18833.0,3,None,630.9,209.0,34.2,1,25,44,0,1.6,none,0,0.0,2022.0,True,True,,421.9,0.33127278491044543,73.1,-17.5,4.0,0.0,0,
2022,CAB0005,EMEA-Asia,hyperscaler,2020,2,16,18833.0,3,None,630.9,225.1,44.4,1,25,45,0,3.2,none,0,0.0,2023.0,True,True,,405.79999999999995,0.35679188460928835,16.099999999999994,10.199999999999996,1.0,0.0,0,
2023,CAB0005,EMEA-Asia,hyperscaler,2020,3,16,18833.0,3,None,630.9,246.4,39.3,1,25,47,0,4.8,none,0,0.0,2024.0,True,True,,384.5,0.39055317799968303,21.30000000000001,-5.100000000000001,2.0,0.0,0,
2024,CAB0005,EMEA-Asia,hyperscaler,2020,4,16,18833.0,3,None,630.9,259.3,25.6,1,25,48,0,6.3,none,0,0.0,2025.0,True,True,,371.59999999999997,0.41100015850372484,12.900000000000006,-13.699999999999996,1.0,0.0,0,
2025,CAB0005,EMEA-Asia,hyperscaler,2020,5,16,18833.0,3,None,630.9,350.5,85.6,1,25,47,0,7.9,none,0,0.0,2026.0,True,True,,280.4,0.5555555555555556,91.19999999999999,59.99999999999999,-1.0,0.0,0,
2019,CAB0006,Trans-Atlantic,carrier,2019,0,5,7004.0,7,None,190.0,51.3,33.1,1,25,45,0,0.0,none,0,0.0,2020.0,True,True,,138.7,0.26999999999999996,,,,,0,
2020,CAB0006,Trans-Atlantic,carrier,2019,1,5,7004.0,7,None,190.0,56.5,36.6,1,25,48,0,1.6,none,0,0.0,2021.0,True,True,,133.5,0.29736842105263156,5.200000000000003,3.5,3.0,0.0,0,
2021,CAB0006,Trans-Atlantic,carrier,2019,2,5,7004.0,7,None,190.0,63.4,32.0,1,25,50,0,3.2,none,0,0.0,2022.0,True,True,,126.6,0.3336842105263158,6.899999999999999,-4.600000000000001,2.0,0.0,0,
2022,CAB0006,Trans-Atlantic,carrier,2019,3,5,7004.0,7,None,190.0,70.6,21.1,1,25,51,0,4.8,none,0,0.0,2023.0,True,True,,119.4,0.371578947368421,7.199999999999996,-10.899999999999999,1.0,0.0,0,
2023,CAB0006,Trans-Atlantic,carrier,2019,4,5,7004.0,7,None,190.0,95.8,52.8,1,25,54,0,6.3,none,0,0.0,2024.0,True,True,,94.2,0.5042105263157894,25.200000000000003,31.699999999999996,3.0,0.0,0,
2024,CAB0006,Trans-Atlantic,carrier,2019,5,5,7004.0,7,None,190.0,106.2,72.9,1,25,58,0,7.9,none,0,0.0,2025.0,True,True,,83.8,0.5589473684210526,10.400000000000006,20.10000000000001,4.0,0.0,0,
2025,CAB0006,Trans-Atlantic,carrier,2019,6,5,7004.0,7,None,190.0,120.7,27.8,1,25,62,0,9.5,none,0,1.0,2026.0,True,True,,69.3,0.6352631578947369,14.5,-45.10000000000001,4.0,0.0,0,
2022,CAB0007,Africa-Coastal,consortium,2022,0,34,9553.0,6,None,1437.7,276.3,54.9,0,25,45,0,15.9,none,0,0.0,2023.0,True,True,,1161.4,0.1921819572928984,,,,,0,
2023,CAB0007,Africa-Coastal,consortium,2022,1,34,9553.0,6,None,1437.7,372.0,18.0,0,25,47,0,17.5,none,0,0.0,2024.0,True,True,,1065.7,0.25874660916742015,95.69999999999999,-36.9,2.0,0.0,0,
2024,CAB0007,Africa-Coastal,consortium,2022,2,34,9553.0,6,None,1437.7,477.4,49.6,0,25,49,0,19.0,none,0,1.0,2025.0,True,True,,960.3000000000001,0.33205814843152254,105.39999999999998,31.6,2.0,0.0,0,
2025,CAB0007,Africa-Coastal,consortium,2022,3,34,9553.0,6,None,1437.7,633.4,55.9,0,25,52,0,20.6,fishing_anchor,1,1.0,2026.0,True,True,,804.3000000000001,0.440564790985602,156.0,6.299999999999997,3.0,0.0,0,
2025,CAB0008,Trans-Pacific,government,2025,0,37,10572.0,5,None,1723.1,475.6,45.5,1,25,50,0,0.0,none,0,0.0,2026.0,True,True,,1247.5,0.27601416052463584,,,,,0,
2016,CAB0009,Intra-Asia,consortium,2016,0,19,3494.0,5,Taiwan-Strait,640.6,249.4,40.8,0,25,59,0,43.7,fishing_anchor,1,0.0,2017.0,True,True,,391.20000000000005,0.3893225101467374,,,,,0,
2017,CAB0009,Intra-Asia,consortium,2016,1,19,3494.0,5,Taiwan-Strait,640.6,193.8,36.7,0,25,60,0,45.2,none,0,1.0,2018.0,True,True,,446.8,0.3025288791757727,-55.599999999999994,-4.099999999999994,1.0,1.0,1,1.0
2018,CAB0009,Intra-Asia,consortium,2016,2,19,3494.0,5,Taiwan-Strait,640.6,246.4,35.7,0,25,62,0,46.8,fishing_anchor,1,1.0,2019.0,True,True,,394.20000000000005,0.38463940056197315,52.599999999999994,-1.0,2.0,0.0,1,2.0
2019,CAB0009,Intra-Asia,consortium,2016,3,19,3494.0,5,Taiwan-Strait,640.6,274.4,21.2,0,25,64,0,48.4,natural_hazard,1,0.0,2020.0,True,True,,366.20000000000005,0.4283484233531064,27.99999999999997,-14.500000000000004,2.0,1.0,2,1.0
2020,CAB0009,Intra-Asia,consortium,2016,4,19,3494.0,5,Taiwan-Strait,640.6,312.4,22.5,0,25,66,0,50.0,none,0,1.0,2021.0,True,True,,328.20000000000005,0.48766781142678733,38.0,1.3000000000000007,2.0,1.0,2,1.0
2021,CAB0009,Intra-Asia,consortium,2016,5,19,3494.0,5,Taiwan-Strait,640.6,364.5,59.2,0,25,69,0,51.6,fishing_anchor,1,1.0,2022.0,True,True,,276.1,0.5689978145488604,52.10000000000002,36.7,3.0,0.0,2,2.0
2022,CAB0009,Intra-Asia,consortium,2016,6,19,3494.0,5,Taiwan-Strait,640.6,365.2,75.3,0,25,70,0,53.2,natural_hazard,1,1.0,2023.0,True,True,,275.40000000000003,0.5700905401186387,0.6999999999999886,16.099999999999994,1.0,1.0,2,1.0
2023,CAB0009,Intra-Asia,consortium,2016,7,19,3494.0,5,Taiwan-Strait,640.6,408.9,26.8,0,25,70,0,54.8,fishing_anchor,1,1.0,2024.0,True,True,,231.70000000000005,0.6383078364033717,43.69999999999999,-48.5,0.0,1.0,2,1.0
2024,CAB0009,Intra-Asia,consortium,2016,8,19,3494.0,5,Taiwan-Strait,640.6,447.0,69.0,0,25,75,0,56.3,fishing_anchor,1,0.0,2025.0,True,True,,193.60000000000002,0.6977833281298782,38.10000000000002,42.2,5.0,1.0,3,1.0
2025,CAB0009,Intra-Asia,consortium,2016,9,19,3494.0,5,Taiwan-Strait,640.6,520.8,28.9,0,25,77,0,57.9,none,0,0.0,2026.0,True,True,,119.80000000000007,0.8129878239150795,73.79999999999995,-40.1,2.0,1.0,3,1.0
2016,CAB0010,Trans-Atlantic,carrier,2016,0,4,6108.0,5,None,134.9,36.4,78.9,1,25,37,1,19.8,none,0,0.0,2017.0,True,True,,98.5,0.2698295033358043,,,,,0,
2017,CAB0010,Trans-Atlantic,carrier,2016,1,4,6108.0,5,None,134.9,35.1,9.1,1,25,37,1,21.4,none,0,0.0,2018.0,True,True,,99.80000000000001,0.2601927353595256,-1.2999999999999972,-69.80000000000001,0.0,0.0,0,
2018,CAB0010,Trans-Atlantic,carrier,2016,2,4,6108.0,5,None,134.9,51.1,36.1,1,25,40,0,3.2,none,0,0.0,2019.0,True,True,,83.80000000000001,0.3787991104521868,16.0,27.0,3.0,0.0,0,
2019,CAB0010,Trans-Atlantic,carrier,2016,3,4,6108.0,5,None,134.9,45.2,77.9,1,25,45,0,4.8,none,0,1.0,2020.0,True,True,,89.7,0.335063009636768,-5.899999999999999,41.800000000000004,5.0,0.0,0,
2020,CAB0010,Trans-Atlantic,carrier,2016,4,4,6108.0,5,None,134.9,57.0,48.9,1,25,48,0,6.3,fishing_anchor,1,0.0,2021.0,True,True,,77.9,0.4225352112676056,11.799999999999997,-29.000000000000007,3.0,0.0,0,
2021,CAB0010,Trans-Atlantic,carrier,2016,5,4,6108.0,5,None,134.9,68.4,68.6,1,25,50,0,7.9,none,0,0.0,2022.0,True,True,,66.5,0.5070422535211268,11.400000000000006,19.699999999999996,2.0,1.0,1,1.0
2022,CAB0010,Trans-Atlantic,carrier,2016,6,4,6108.0,5,None,134.9,80.7,14.6,1,25,51,0,9.5,none,0,0.0,2023.0,True,True,,54.2,0.5982209043736101,12.299999999999997,-53.99999999999999,1.0,0.0,1,2.0
2023,CAB0010,Trans-Atlantic,carrier,2016,7,4,6108.0,5,None,134.9,97.8,83.1,1,25,54,0,11.1,none,0,0.0,2024.0,True,True,,37.10000000000001,0.7249814677538917,17.099999999999994,68.5,3.0,0.0,1,3.0
2024,CAB0010,Trans-Atlantic,carrier,2016,8,4,6108.0,5,None,134.9,104.0,92.7,1,25,58,0,12.7,none,0,1.0,2025.0,True,True,,30.900000000000006,0.770941438102298,6.200000000000003,9.600000000000009,4.0,0.0,0,4.0
2025,CAB0010,Trans-Atlantic,carrier,2016,9,4,6108.0,5,None,134.9,112.0,46.6,1,25,62,0,14.3,fishing_anchor,1,1.0,2026.0,True,True,,22.900000000000006,0.8302446256486286,8.0,-46.1,4.0,0.0,0,5.0
2015,CAB0011,Intra-Europe,consortium,2010,5,4,502.0,7,None,100.6,68.4,53.3,0,25,41,0,23.8,none,0,0.0,2016.0,True,True,,32.19999999999999,0.6799204771371771,,,,,0,
2016,CAB0011,Intra-Europe,consortium,2010,6,4,502.0,7,None,100.6,63.3,21.2,0,25,42,0,25.4,none,0,0.0,2017.0,True,True,,37.3,0.6292246520874751,-5.1000000000000085,-32.099999999999994,1.0,0.0,0,
2017,CAB0011,Intra-Europe,consortium,2010,7,4,502.0,7,None,100.6,63.5,21.8,0,25,44,0,27.0,none,0,0.0,2018.0,True,True,,37.099999999999994,0.6312127236580517,0.20000000000000284,0.6000000000000014,2.0,0.0,0,
2018,CAB0011,Intra-Europe,consortium,2010,8,4,502.0,7,None,100.6,68.6,65.5,0,25,45,0,28.6,none,0,0.0,2019.0,True,True,,32.0,0.6819085487077534,5.099999999999994,43.7,1.0,0.0,0,
2019,CAB0011,Intra-Europe,consortium,2010,9,4,502.0,7,None,100.6,83.1,93.9,0,25,47,0,30.2,none,0,0.0,2020.0,True,True,,17.5,0.8260437375745526,14.5,28.400000000000006,2.0,0.0,0,
2020,CAB0011,Intra-Europe,consortium,2010,10,4,502.0,7,None,100.6,91.1,48.7,0,25,49,0,31.7,none,0,0.0,2021.0,True,True,,9.5,0.9055666003976143,8.0,-45.2,2.0,0.0,0,
2021,CAB0011,Intra-Europe,consortium,2010,11,4,502.0,7,None,100.6,93.8,64.0,0,25,49,0,33.3,none,0,0.0,2022.0,True,True,,6.799999999999997,0.9324055666003976,2.700000000000003,15.299999999999997,0.0,0.0,0,
2022,CAB0011,Intra-Europe,consortium,2010,12,4,502.0,7,None,100.6,100.0,45.6,0,25,52,0,34.9,none,0,0.0,2023.0,True,True,,0.5999999999999943,0.9940357852882704,6.200000000000003,-18.4,3.0,0.0,0,
2023,CAB0011,Intra-Europe,consortium,2010,13,4,502.0,7,None,100.6,96.8,39.8,0,25,53,0,36.5,none,0,0.0,2024.0,True,True,,3.799999999999997,0.9622266401590458,-3.200000000000003,-5.800000000000004,1.0,0.0,0,
2024,CAB0011,Intra-Europe,consortium,2010,14,4,502.0,7,None,100.6,100.6,85.6,0,25,53,0,38.1,none,0,0.0,2025.0,True,True,,0.0,1.0,3.799999999999997,45.8,0.0,0.0,0,
2025,CAB0011,Intra-Europe,consortium,2010,15,4,502.0,7,None,100.6,100.6,100.0,0,25,58,0,39.7,none,0,0.0,2026.0,True,True,,0.0,1.0,0.0,14.400000000000006,5.0,0.0,0,
2015,CAB0012,Intra-Europe,carrier,2012,3,6,1062.0,8,None,168.0,83.1,43.9,0,25,41,0,20.6,fishing_anchor,1,0.0,2016.0,True,True,,84.9,0.4946428571428571,,,,,0,
2016,CAB0012,Intra-Europe,carrier,2012,4,6,1062.0,8,None,168.0,81.3,27.3,0,25,42,0,22.2,none,0,1.0,2017.0,True,True,,86.7,0.48392857142857143,-1.7999999999999972,-16.599999999999998,1.0,1.0,1,1.0
2017,CAB0012,Intra-Europe,carrier,2012,5,6,1062.0,8,None,168.0,83.6,100.0,0,25,44,0,23.8,fishing_anchor,1,1.0,2018.0,True,True,,84.4,0.49761904761904757,2.299999999999997,72.7,2.0,0.0,1,2.0
2018,CAB0012,Intra-Europe,carrier,2012,6,6,1062.0,8,None,168.0,95.1,44.1,0,25,45,0,25.4,fishing_anchor,1,1.0,2019.0,True,True,,72.9,0.5660714285714286,11.5,-55.9,1.0,1.0,2,1.0
2019,CAB0012,Intra-Europe,carrier,2012,7,6,1062.0,8,None,168.0,110.3,86.5,0,25,47,0,27.0,natural_hazard,1,0.0,2020.0,True,True,,57.7,0.656547619047619,15.200000000000003,42.4,2.0,1.0,2,1.0
2020,CAB0012,Intra-Europe,carrier,2012,8,6,1062.0,8,None,168.0,114.5,56.7,0,25,49,0,28.6,none,0,1.0,2021.0,True,True,,53.5,0.6815476190476191,4.200000000000003,-29.799999999999997,2.0,1.0,3,1.0
2021,CAB0012,Intra-Europe,carrier,2012,9,6,1062.0,8,None,168.0,132.3,51.0,0,25,49,0,30.2,natural_hazard,1,0.0,2022.0,True,True,,35.69999999999999,0.7875000000000001,17.80000000000001,-5.700000000000003,0.0,0.0,2,2.0
2022,CAB0012,Intra-Europe,carrier,2012,10,6,1062.0,8,None,168.0,136.2,39.6,0,25,52,0,31.7,none,0,1.0,2023.0,True,True,,31.80000000000001,0.8107142857142856,3.8999999999999773,-11.399999999999999,3.0,1.0,2,1.0
2023,CAB0012,Intra-Europe,carrier,2012,11,6,1062.0,8,None,168.0,146.0,63.6,0,25,53,0,33.3,natural_hazard,1,0.0,2024.0,True,True,,22.0,0.8690476190476191,9.800000000000011,24.0,1.0,0.0,1,2.0
2024,CAB0012,Intra-Europe,carrier,2012,12,6,1062.0,8,None,168.0,168.0,83.9,0,25,53,0,34.9,none,0,0.0,2025.0,True,True,,0.0,1.0,22.0,20.300000000000004,0.0,1.0,2,1.0
2025,CAB0012,Intra-Europe,carrier,2012,13,6,1062.0,8,None,168.0,168.0,41.6,0,25,58,0,36.5,none,0,1.0,2026.0,True,True,,0.0,1.0,0.0,-42.300000000000004,5.0,0.0,1,2.0
2022,CAB0013,Trans-Pacific,consortium,2022,0,8,12780.0,4,None,338.3,80.5,17.8,0,25,45,0,15.9,none,0,1.0,2023.0,True,True,,257.8,0.23795447827372154,,,,,0,
2023,CAB0013,Trans-Pacific,consortium,2022,1,8,12780.0,4,None,338.3,114.4,21.6,0,25,47,0,17.5,equipment,1,1.0,2024.0,True,True,,223.9,0.33816139521135086,33.900000000000006,3.8000000000000007,2.0,0.0,0,
2024,CAB0013,Trans-Pacific,consortium,2022,2,8,12780.0,4,None,338.3,102.1,57.2,0,25,49,0,19.0,fishing_anchor,1,0.0,2025.0,True,True,,236.20000000000002,0.30180313331362696,-12.300000000000011,35.6,2.0,1.0,1,1.0
2025,CAB0013,Trans-Pacific,consortium,2022,3,8,12780.0,4,None,338.3,132.1,10.7,0,25,50,0,20.6,none,0,0.0,2026.0,True,True,,206.20000000000002,0.3904818208690511,30.0,-46.5,1.0,1.0,2,1.0
2015,CAB0014,Intra-Pacific-Islands,carrier,2013,2,18,3848.0,6,None,529.7,168.7,26.8,1,25,28,1,23.0,none,0,0.0,2016.0,True,True,,361.00000000000006,0.31848215971304505,,,,,0,
2016,CAB0014,Intra-Pacific-Islands,carrier,2013,3,18,3848.0,6,None,529.7,238.8,42.3,1,25,29,1,24.6,none,0,0.0,2017.0,True,True,,290.90000000000003,0.4508212195582405,70.10000000000002,15.499999999999996,1.0,0.0,0,
2017,CAB0014,Intra-Pacific-Islands,carrier,2013,4,18,3848.0,6,None,529.7,235.4,22.1,1,25,29,1,26.2,none,0,0.0,2018.0,True,True,,294.30000000000007,0.4444024919765905,-3.4000000000000057,-20.199999999999996,0.0,0.0,0,
2018,CAB0014,Intra-Pacific-Islands,carrier,2013,5,18,3848.0,6,None,529.7,329.6,18.7,1,25,30,1,27.8,none,0,0.0,2019.0,True,True,,200.10000000000002,0.6222390032093638,94.20000000000002,-3.400000000000002,1.0,0.0,0,
2019,CAB0014,Intra-Pacific-Islands,carrier,2013,6,18,3848.0,6,None,529.7,320.3,63.0,1,25,35,1,29.4,none,0,1.0,2020.0,True,True,,209.40000000000003,0.6046818954124976,-9.300000000000011,44.3,5.0,0.0,0,
2020,CAB0014,Intra-Pacific-Islands,carrier,2013,7,18,3848.0,6,None,529.7,360.5,75.5,1,25,40,0,11.1,fishing_anchor,1,0.0,2021.0,True,True,,169.20000000000005,0.6805739097602416,40.19999999999999,12.5,5.0,0.0,0,
2021,CAB0014,Intra-Pacific-Islands,carrier,2013,8,18,3848.0,6,None,529.7,387.7,63.5,1,25,41,0,12.7,none,0,0.0,2022.0,True,True,,142.00000000000006,0.7319237304134415,27.19999999999999,-12.0,1.0,1.0,1,1.0
2022,CAB0014,Intra-Pacific-Islands,carrier,2013,9,18,3848.0,6,None,529.7,424.3,39.1,1,25,43,0,14.3,none,0,0.0,2023.0,True,True,,105.40000000000003,0.8010194449688502,36.60000000000002,-24.4,2.0,0.0,1,2.0
2023,CAB0014,Intra-Pacific-Islands,carrier,2013,10,18,3848.0,6,None,529.7,447.3,57.7,1,25,45,0,15.9,none,0,0.0,2024.0,True,True,,82.40000000000003,0.844440249197659,23.0,18.6,2.0,0.0,1,3.0
2024,CAB0014,Intra-Pacific-Islands,carrier,2013,11,18,3848.0,6,None,529.7,486.7,55.0,1,25,48,0,17.5,none,0,1.0,2025.0,True,True,,43.00000000000006,0.9188219747026618,39.39999999999998,-2.700000000000003,3.0,0.0,0,4.0
2025,CAB0014,Intra-Pacific-Islands,carrier,2013,12,18,3848.0,6,None,529.7,528.3,39.7,1,25,50,0,19.0,fishing_anchor,1,0.0,2026.0,True,True,,1.400000000000091,0.9973569945252028,41.599999999999966,-15.299999999999997,2.0,0.0,0,5.0
2015,CAB0015,Americas,consortium,2014,1,7,6898.0,5,Panama,216.0,55.8,24.2,0,25,28,1,65.1,none,0,0.0,2016.0,True,True,,160.2,0.2583333333333333,,,,,0,
2016,CAB0015,Americas,consortium,2014,2,7,6898.0,5,Panama,216.0,77.6,63.8,0,25,29,1,66.7,none,0,0.0,2017.0,True,True,,138.4,0.3592592592592592,21.799999999999997,39.599999999999994,1.0,0.0,0,
2017,CAB0015,Americas,consortium,2014,3,7,6898.0,5,Panama,216.0,93.4,24.7,0,25,29,1,68.3,none,0,0.0,2018.0,True,True,,122.6,0.4324074074074074,15.800000000000011,-39.099999999999994,0.0,0.0,0,
2018,CAB0015,Americas,consortium,2014,4,7,6898.0,5,Panama,216.0,105.1,45.1,0,25,31,1,69.8,none,0,1.0,2019.0,True,True,,110.9,0.48657407407407405,11.699999999999989,20.400000000000002,2.0,0.0,0,
2019,CAB0015,Americas,consortium,2014,5,7,6898.0,5,Panama,216.0,122.7,58.6,0,25,32,1,71.4,fishing_anchor,1,0.0,2020.0,True,True,,93.3,0.5680555555555555,17.60000000000001,13.5,1.0,0.0,0,
2020,CAB0015,Americas,consortium,2014,6,7,6898.0,5,Panama,216.0,133.6,56.5,0,25,33,1,73.0,none,0,0.0,2021.0,True,True,,82.4,0.6185185185185185,10.899999999999991,-2.1000000000000014,1.0,1.0,1,1.0
2021,CAB0015,Americas,consortium,2014,7,7,6898.0,5,Panama,216.0,132.4,60.9,0,25,37,1,74.6,none,0,1.0,2022.0,True,True,,83.6,0.612962962962963,-1.1999999999999886,4.399999999999999,4.0,0.0,1,2.0
2022,CAB0015,Americas,consortium,2014,8,7,6898.0,5,Panama,216.0,161.7,39.0,0,25,37,1,76.2,fishing_anchor,1,0.0,2023.0,True,True,,54.30000000000001,0.748611111111111,29.299999999999983,-21.9,0.0,0.0,1,3.0
2023,CAB0015,Americas,consortium,2014,9,7,6898.0,5,Panama,216.0,168.9,93.8,0,25,37,1,77.8,none,0,0.0,2024.0,True,True,,47.099999999999994,0.7819444444444444,7.200000000000017,54.8,0.0,1.0,1,1.0
2024,CAB0015,Americas,consortium,2014,10,7,6898.0,5,Panama,216.0,165.5,60.6,0,25,39,1,79.4,none,0,0.0,2025.0,True,True,,50.5,0.7662037037037037,-3.4000000000000057,-33.199999999999996,2.0,0.0,1,2.0
2025,CAB0015,Americas,consortium,2014,11,7,6898.0,5,Panama,216.0,193.4,79.3,0,25,39,1,81.0,none,0,0.0,2026.0,True,True,,22.599999999999994,0.8953703703703704,27.900000000000006,18.699999999999996,0.0,0.0,1,3.0
2018,CAB0016,Intra-Pacific-Islands,hyperscaler,2018,0,21,3999.0,6,None,768.0,186.1,40.8,1,25,30,1,19.8,none,0,0.0,2019.0,True,True,,581.9,0.24231770833333333,,,,,0,
2019,CAB0016,Intra-Pacific-Islands,hyperscaler,2018,1,21,3999.0,6,None,768.0,204.2,20.1,1,25,35,1,21.4,none,0,0.0,2020.0,True,True,,563.8,0.26588541666666665,18.099999999999994,-20.699999999999996,5.0,0.0,0,
2020,CAB0016,Intra-Pacific-Islands,hyperscaler,2018,2,21,3999.0,6,None,768.0,257.4,45.2,1,25,40,0,3.2,none,0,0.0,2021.0,True,True,,510.6,0.33515625,53.19999999999999,25.1,5.0,0.0,0,
2021,CAB0016,Intra-Pacific-Islands,hyperscaler,2018,3,21,3999.0,6,None,768.0,267.9,65.0,1,25,41,0,4.8,none,0,0.0,2022.0,True,True,,500.1,0.348828125,10.5,19.799999999999997,1.0,0.0,0,
2022,CAB0016,Intra-Pacific-Islands,hyperscaler,2018,4,21,3999.0,6,None,768.0,312.9,12.1,1,25,43,0,6.3,none,0,0.0,2023.0,True,True,,455.1,0.407421875,45.0,-52.9,2.0,0.0,0,
2023,CAB0016,Intra-Pacific-Islands,hyperscaler,2018,5,21,3999.0,6,None,768.0,447.7,70.0,1,25,45,0,7.9,none,0,0.0,2024.0,True,True,,320.3,0.5829427083333333,134.8,57.9,2.0,0.0,0,
2024,CAB0016,Intra-Pacific-Islands,hyperscaler,2018,6,21,3999.0,6,None,768.0,455.8,18.7,1,25,48,0,9.5,none,0,0.0,2025.0,True,True,,312.2,0.5934895833333333,8.100000000000023,-51.3,3.0,0.0,0,
2025,CAB0016,Intra-Pacific-Islands,hyperscaler,2018,7,21,3999.0,6,None,768.0,507.9,40.8,1,25,50,0,11.1,none,0,0.0,2026.0,True,True,,260.1,0.6613281249999999,52.099999999999966,22.099999999999998,2.0,0.0,0,
2016,CAB0017,Indian-Ocean,consortium,2016,0,29,4184.0,7,Suez,977.7,220.9,81.5,1,25,33,1,47.6,none,0,1.0,2017.0,True,True,,756.8000000000001,0.2259384269203232,,,,,0,
2017,CAB0017,Indian-Ocean,consortium,2016,1,29,4184.0,7,Suez,977.7,282.1,53.4,1,25,33,1,49.2,fishing_anchor,1,0.0,2018.0,True,True,,695.6,0.28853431522962053,61.20000000000002,-28.1,0.0,0.0,0,
2018,CAB0017,Indian-Ocean,consortium,2016,2,29,4184.0,7,Suez,977.7,298.8,64.9,1,25,35,1,50.8,none,0,0.0,2019.0,True,True,,678.9000000000001,0.3056152193924517,16.69999999999999,11.500000000000007,2.0,1.0,1,1.0
2019,CAB0017,Indian-Ocean,consortium,2016,3,29,4184.0,7,Suez,977.7,461.1,22.3,1,25,35,1,52.4,none,0,0.0,2020.0,True,True,,516.6,0.4716170604479902,162.3,-42.60000000000001,0.0,0.0,1,2.0
2020,CAB0017,Indian-Ocean,consortium,2016,4,29,4184.0,7,Suez,977.7,469.7,23.3,1,25,36,1,54.0,none,0,0.0,2021.0,True,True,,508.00000000000006,0.48041321468753195,8.599999999999966,1.0,1.0,0.0,1,3.0
2021,CAB0017,Indian-Ocean,consortium,2016,5,29,4184.0,7,Suez,977.7,470.1,68.9,1,25,39,1,55.6,none,0,0.0,2022.0,True,True,,507.6,0.48082233814053393,0.4000000000000341,45.60000000000001,3.0,0.0,0,4.0
2022,CAB0017,Indian-Ocean,consortium,2016,6,29,4184.0,7,Suez,977.7,621.4,39.0,1,25,39,1,57.1,none,0,0.0,2023.0,True,True,,356.30000000000007,0.6355732842385189,151.29999999999995,-29.900000000000006,0.0,0.0,0,5.0
2023,CAB0017,Indian-Ocean,consortium,2016,7,29,4184.0,7,Suez,977.7,717.6,39.8,1,25,40,0,38.9,none,0,0.0,2024.0,True,True,,260.1,0.7339674746854863,96.20000000000005,0.7999999999999972,1.0,0.0,0,6.0
2024,CAB0017,Indian-Ocean,consortium,2016,8,29,4184.0,7,Suez,977.7,745.3,47.5,1,25,41,0,40.5,none,0,0.0,2025.0,True,True,,232.4000000000001,0.7622992738058708,27.699999999999932,7.700000000000003,1.0,0.0,0,7.0
2025,CAB0017,Indian-Ocean,consortium,2016,9,29,4184.0,7,Suez,977.7,667.1,61.7,1,25,44,0,42.1,none,0,0.0,2026.0,True,True,,310.6,0.682315638743991,-78.19999999999993,14.200000000000003,3.0,0.0,0,8.0
2015,CAB0018,Trans-Atlantic,consortium,2010,5,4,6382.0,2,None,100.6,54.6,40.0,1,25,33,1,39.7,none,0,0.0,2016.0,True,True,,45.99999999999999,0.5427435387673957,,,,,0,
2016,CAB0018,Trans-Atlantic,consortium,2010,6,4,6382.0,2,None,100.6,59.9,50.4,1,25,37,1,41.3,none,0,0.0,2017.0,True,True,,40.699999999999996,0.595427435387674,5.299999999999997,10.399999999999999,4.0,0.0,0,
2017,CAB0018,Trans-Atlantic,consortium,2010,7,4,6382.0,2,None,100.6,78.8,59.1,1,25,37,1,42.9,none,0,0.0,2018.0,True,True,,21.799999999999997,0.7833001988071571,18.9,8.700000000000003,0.0,0.0,0,
2018,CAB0018,Trans-Atlantic,consortium,2010,8,4,6382.0,2,None,100.6,58.3,51.3,1,25,40,0,24.6,none,0,0.0,2019.0,True,True,,42.3,0.5795228628230616,-20.5,-7.800000000000004,3.0,0.0,0,
2019,CAB0018,Trans-Atlantic,consortium,2010,9,4,6382.0,2,None,100.6,85.8,90.7,1,25,45,0,26.2,none,0,0.0,2020.0,True,True,,14.799999999999997,0.852882703777336,27.5,39.400000000000006,5.0,0.0,0,
2020,CAB0018,Trans-Atlantic,consortium,2010,10,4,6382.0,2,None,100.6,80.9,70.2,1,25,48,0,27.8,none,0,0.0,2021.0,True,True,,19.69999999999999,0.8041749502982108,-4.8999999999999915,-20.5,3.0,0.0,0,
2021,CAB0018,Trans-Atlantic,consortium,2010,11,4,6382.0,2,None,100.6,90.5,98.7,1,25,50,0,29.4,none,0,0.0,2022.0,True,True,,10.099999999999994,0.8996023856858848,9.599999999999994,28.5,2.0,0.0,0,
2022,CAB0018,Trans-Atlantic,consortium,2010,12,4,6382.0,2,None,100.6,93.1,68.1,1,25,51,0,31.0,none,0,0.0,2023.0,True,True,,7.5,0.9254473161033797,2.5999999999999943,-30.60000000000001,1.0,0.0,0,
2023,CAB0018,Trans-Atlantic,consortium,2010,13,4,6382.0,2,None,100.6,100.6,99.9,1,25,54,0,32.5,none,0,0.0,2024.0,True,True,,0.0,1.0,7.5,31.80000000000001,3.0,0.0,0,
2024,CAB0018,Trans-Atlantic,consortium,2010,14,4,6382.0,2,None,100.6,100.6,58.3,1,25,58,0,34.1,none,0,0.0,2025.0,True,True,,0.0,1.0,0.0,-41.60000000000001,4.0,0.0,0,
2025,CAB0018,Trans-Atlantic,consortium,2010,15,4,6382.0,2,None,100.6,100.6,100.0,1,25,62,0,35.7,none,0,0.0,2026.0,True,True,,0.0,1.0,0.0,41.7,4.0,0.0,0,
2015,CAB0019,Trans-Atlantic,carrier,2001,14,2,7156.0,5,None,24.6,24.6,100.0,1,25,33,1,42.1,none,0,0.0,2016.0,True,True,,0.0,1.0,,,,,0,
2016,CAB0019,Trans-Atlantic,carrier,2001,15,2,7156.0,5,None,24.6,24.6,54.7,1,25,37,1,43.7,none,0,0.0,2017.0,True,True,,0.0,1.0,0.0,-45.3,4.0,0.0,0,
2017,CAB0019,Trans-Atlantic,carrier,2001,16,2,7156.0,5,None,24.6,24.6,69.0,1,25,37,1,45.2,none,0,1.0,2018.0,True,True,,0.0,1.0,0.0,14.299999999999997,0.0,0.0,0,
2018,CAB0019,Trans-Atlantic,carrier,2001,17,2,7156.0,5,None,24.6,24.6,85.6,1,25,40,0,27.0,fishing_anchor,1,0.0,2019.0,True,True,,0.0,1.0,0.0,16.599999999999994,3.0,0.0,0,
2019,CAB0019,Trans-Atlantic,carrier,2001,18,2,7156.0,5,None,24.6,24.6,67.8,1,25,45,0,28.6,none,0,1.0,2020.0,True,True,,0.0,1.0,0.0,-17.799999999999997,5.0,1.0,1,1.0
2020,CAB0019,Trans-Atlantic,carrier,2001,19,2,7156.0,5,None,24.6,24.6,97.7,1,25,48,0,30.2,fishing_anchor,1,0.0,2021.0,True,True,,0.0,1.0,0.0,29.900000000000006,3.0,0.0,1,2.0
2021,CAB0019,Trans-Atlantic,carrier,2001,20,2,7156.0,5,None,24.6,24.6,100.0,1,25,50,0,31.7,none,0,0.0,2022.0,True,True,,0.0,1.0,0.0,2.299999999999997,2.0,1.0,2,1.0
2022,CAB0019,Trans-Atlantic,carrier,2001,21,2,7156.0,5,None,24.6,24.6,80.2,1,25,51,0,33.3,none,0,0.0,2023.0,True,True,,0.0,1.0,0.0,-19.799999999999997,1.0,0.0,1,2.0
2023,CAB0019,Trans-Atlantic,carrier,2001,22,2,7156.0,5,None,24.6,24.6,93.0,1,25,54,0,34.9,none,0,0.0,2024.0,True,True,,0.0,1.0,0.0,12.799999999999997,3.0,0.0,1,3.0
2024,CAB0019,Trans-Atlantic,carrier,2001,23,2,7156.0,5,None,24.6,24.6,96.2,1,25,58,0,36.5,none,0,0.0,2025.0,True,True,,0.0,1.0,0.0,3.200000000000003,4.0,0.0,0,4.0
2025,CAB0019,Trans-Atlantic,carrier,2001,24,2,7156.0,5,None,24.6,24.6,98.3,1,25,62,0,38.1,none,0,0.0,2026.0,True,True,,0.0,1.0,0.0,2.0999999999999943,4.0,0.0,0,5.0
2015,CAB0020,Intra-Europe,consortium,2007,8,22,1133.0,4,None,458.9,365.2,49.3,0,25,41,0,28.6,none,0,0.0,2016.0,True,True,,93.69999999999999,0.7958160819350621,,,,,0,
2016,CAB0020,Intra-Europe,consortium,2007,9,22,1133.0,4,None,458.9,369.9,41.5,0,25,42,0,30.2,none,0,0.0,2017.0,True,True,,89.0,0.8060579646981914,4.699999999999989,-7.799999999999997,1.0,0.0,0,
2017,CAB0020,Intra-Europe,consortium,2007,10,22,1133.0,4,None,458.9,393.6,57.3,0,25,44,0,31.7,none,0,0.0,2018.0,True,True,,65.29999999999995,0.8577032033122686,23.700000000000045,15.799999999999997,2.0,0.0,0,
2018,CAB0020,Intra-Europe,consortium,2007,11,22,1133.0,4,None,458.9,406.1,77.6,0,25,45,0,33.3,none,0,0.0,2019.0,True,True,,52.799999999999955,0.8849422532142079,12.5,20.299999999999997,1.0,0.0,0,
2019,CAB0020,Intra-Europe,consortium,2007,12,22,1133.0,4,None,458.9,458.9,87.1,0,25,47,0,34.9,none,0,0.0,2020.0,True,True,,0.0,1.0,52.799999999999955,9.5,2.0,0.0,0,
2020,CAB0020,Intra-Europe,consortium,2007,13,22,1133.0,4,None,458.9,458.9,71.3,0,25,49,0,36.5,none,0,0.0,2021.0,True,True,,0.0,1.0,0.0,-15.799999999999997,2.0,0.0,0,
2021,CAB0020,Intra-Europe,consortium,2007,14,22,1133.0,4,None,458.9,458.9,41.6,0,25,49,0,38.1,none,0,0.0,2022.0,True,True,,0.0,1.0,0.0,-29.699999999999996,0.0,0.0,0,
2022,CAB0020,Intra-Europe,consortium,2007,15,22,1133.0,4,None,458.9,458.9,100.0,0,25,52,0,39.7,none,0,0.0,2023.0,True,True,,0.0,1.0,0.0,58.4,3.0,0.0,0,
2023,CAB0020,Intra-Europe,consortium,2007,16,22,1133.0,4,None,458.9,458.9,64.4,0,25,53,0,41.3,none,0,0.0,2024.0,True,True,,0.0,1.0,0.0,-35.599999999999994,1.0,0.0,0,
2024,CAB0020,Intra-Europe,consortium,2007,17,22,1133.0,4,None,458.9,458.9,87.9,0,25,53,0,42.9,none,0,0.0,2025.0,True,True,,0.0,1.0,0.0,23.5,0.0,0.0,0,
2025,CAB0020,Intra-Europe,consortium,2007,18,22,1133.0,4,None,458.9,458.9,70.4,0,25,58,0,44.4,none,0,0.0,2026.0,True,True,,0.0,1.0,0.0,-17.5,5.0,0.0,0,
2015,CAB0021,Intra-Pacific-Islands,hyperscaler,2010,5,16,2702.0,5,None,402.3,243.2,68.7,0,25,28,1,43.7,none,0,0.0,2016.0,True,True,,159.10000000000002,0.6045239870743226,,,,,0,
2016,CAB0021,Intra-Pacific-Islands,hyperscaler,2010,6,16,2702.0,5,None,402.3,240.9,56.4,0,25,29,1,45.2,none,0,0.0,2017.0,True,True,,161.4,0.598806860551827,-2.299999999999983,-12.300000000000004,1.0,0.0,0,
2017,CAB0021,Intra-Pacific-Islands,hyperscaler,2010,7,16,2702.0,5,None,402.3,245.7,69.6,0,25,29,1,46.8,none,0,0.0,2018.0,True,True,,156.60000000000002,0.610738255033557,4.799999999999983,13.199999999999996,0.0,0.0,0,
2018,CAB0021,Intra-Pacific-Islands,hyperscaler,2010,8,16,2702.0,5,None,402.3,273.3,68.8,0,25,30,1,48.4,none,0,0.0,2019.0,True,True,,129.0,0.6793437733035048,27.600000000000023,-0.7999999999999972,1.0,0.0,0,
2019,CAB0021,Intra-Pacific-Islands,hyperscaler,2010,9,16,2702.0,5,None,402.3,291.4,60.9,0,25,35,1,50.0,none,0,0.0,2020.0,True,True,,110.90000000000003,0.7243350733283619,18.099999999999966,-7.899999999999999,5.0,0.0,0,
2020,CAB0021,Intra-Pacific-Islands,hyperscaler,2010,10,16,2702.0,5,None,402.3,326.3,74.1,0,25,40,0,31.7,none,0,1.0,2021.0,True,True,,76.0,0.8110862540392741,34.900000000000034,13.199999999999996,5.0,0.0,0,
2021,CAB0021,Intra-Pacific-Islands,hyperscaler,2010,11,16,2702.0,5,None,402.3,373.7,41.8,0,25,41,0,33.3,fishing_anchor,1,0.0,2022.0,True,True,,28.600000000000023,0.9289087745463583,47.39999999999998,-32.3,1.0,0.0,0,
2022,CAB0021,Intra-Pacific-Islands,hyperscaler,2010,12,16,2702.0,5,None,402.3,373.1,71.9,0,25,43,0,34.9,none,0,0.0,2023.0,True,True,,29.19999999999999,0.9274173502361422,-0.5999999999999659,30.10000000000001,2.0,1.0,1,1.0
2023,CAB0021,Intra-Pacific-Islands,hyperscaler,2010,13,16,2702.0,5,None,402.3,402.3,49.4,0,25,45,0,36.5,none,0,0.0,2024.0,True,True,,0.0,1.0,29.19999999999999,-22.500000000000007,2.0,0.0,1,2.0
2024,CAB0021,Intra-Pacific-Islands,hyperscaler,2010,14,16,2702.0,5,None,402.3,402.3,52.8,0,25,48,0,38.1,none,0,1.0,2025.0,True,True,,0.0,1.0,0.0,3.3999999999999986,3.0,0.0,1,3.0
2025,CAB0021,Intra-Pacific-Islands,hyperscaler,2010,15,16,2702.0,5,None,402.3,402.3,92.9,0,25,50,0,39.7,fishing_anchor,1,0.0,2026.0,True,True,,0.0,1.0,0.0,40.10000000000001,2.0,0.0,0,4.0
2015,CAB0022,Intra-Europe,consortium,2013,2,6,1546.0,6,None,176.6,76.5,49.6,0,25,41,0,19.0,none,0,0.0,2016.0,True,True,,100.1,0.4331823329558324,,,,,0,
2016,CAB0022,Intra-Europe,consortium,2013,3,6,1546.0,6,None,176.6,85.1,30.0,0,25,42,0,20.6,none,0,0.0,2017.0,True,True,,91.5,0.48187995469988676,8.599999999999994,-19.6,1.0,0.0,0,
2017,CAB0022,Intra-Europe,consortium,2013,4,6,1546.0,6,None,176.6,84.1,20.5,0,25,44,0,22.2,none,0,0.0,2018.0,True,True,,92.5,0.4762174405436013,-1.0,-9.5,2.0,0.0,0,
2018,CAB0022,Intra-Europe,consortium,2013,5,6,1546.0,6,None,176.6,84.2,30.8,0,25,45,0,23.8,none,0,0.0,2019.0,True,True,,92.39999999999999,0.4767836919592299,0.10000000000000853,10.3,1.0,0.0,0,
2019,CAB0022,Intra-Europe,consortium,2013,6,6,1546.0,6,None,176.6,119.7,45.0,0,25,47,0,25.4,none,0,0.0,2020.0,True,True,,56.89999999999999,0.6778029445073613,35.5,14.2,2.0,0.0,0,
2020,CAB0022,Intra-Europe,consortium,2013,7,6,1546.0,6,None,176.6,114.0,40.4,0,25,49,0,27.0,none,0,0.0,2021.0,True,True,,62.599999999999994,0.6455266138165345,-5.700000000000003,-4.600000000000001,2.0,0.0,0,
2021,CAB0022,Intra-Europe,consortium,2013,8,6,1546.0,6,None,176.6,122.2,46.0,0,25,49,0,28.6,none,0,0.0,2022.0,True,True,,54.39999999999999,0.6919592298980748,8.200000000000003,5.600000000000001,0.0,0.0,0,
2022,CAB0022,Intra-Europe,consortium,2013,9,6,1546.0,6,None,176.6,150.8,39.2,0,25,52,0,30.2,none,0,0.0,2023.0,True,True,,25.799999999999983,0.853907134767837,28.60000000000001,-6.799999999999997,3.0,0.0,0,
2023,CAB0022,Intra-Europe,consortium,2013,10,6,1546.0,6,None,176.6,148.8,58.0,0,25,53,0,31.7,none,0,0.0,2024.0,True,True,,27.799999999999983,0.8425821064552662,-2.0,18.799999999999997,1.0,0.0,0,
2024,CAB0022,Intra-Europe,consortium,2013,11,6,1546.0,6,None,176.6,154.7,30.2,0,25,53,0,33.3,none,0,0.0,2025.0,True,True,,21.900000000000006,0.8759909399773499,5.899999999999977,-27.8,0.0,0.0,0,
2025,CAB0022,Intra-Europe,consortium,2013,12,6,1546.0,6,None,176.6,170.9,70.1,0,25,58,0,34.9,none,0,0.0,2026.0,True,True,,5.699999999999989,0.9677236693091733,16.200000000000017,39.89999999999999,5.0,0.0,0,
2015,CAB0023,Intra-Asia,government,2007,8,22,4065.0,6,Malacca,458.9,356.3,69.5,1,25,53,0,40.5,none,0,0.0,2016.0,True,True,,102.59999999999997,0.7764218784048813,,,,,0,
2016,CAB0023,Intra-Asia,government,2007,9,22,4065.0,6,Malacca,458.9,372.7,80.7,1,25,59,0,42.1,none,0,1.0,2017.0,True,True,,86.19999999999999,0.8121595118762258,16.399999999999977,11.200000000000003,6.0,0.0,0,
2017,CAB0023,Intra-Asia,government,2007,10,22,4065.0,6,Malacca,458.9,369.8,36.6,1,25,60,0,43.7,fishing_anchor,1,0.0,2018.0,True,True,,89.09999999999997,0.8058400522989759,-2.8999999999999773,-44.1,1.0,0.0,0,
2018,CAB0023,Intra-Asia,government,2007,11,22,4065.0,6,Malacca,458.9,426.4,93.9,1,25,62,0,45.2,none,0,0.0,2019.0,True,True,,32.5,0.9291784702549575,56.599999999999966,57.300000000000004,2.0,1.0,1,1.0
2019,CAB0023,Intra-Asia,government,2007,12,22,4065.0,6,Malacca,458.9,457.9,68.4,1,25,64,0,46.8,none,0,0.0,2020.0,True,True,,1.0,0.9978208760078449,31.5,-25.5,2.0,0.0,1,2.0
2020,CAB0023,Intra-Asia,government,2007,13,22,4065.0,6,Malacca,458.9,458.9,61.0,1,25,66,0,48.4,none,0,1.0,2021.0,True,True,,0.0,1.0,1.0,-7.400000000000006,2.0,0.0,1,3.0
2021,CAB0023,Intra-Asia,government,2007,14,22,4065.0,6,Malacca,458.9,458.9,77.0,1,25,69,0,50.0,fishing_anchor,1,0.0,2022.0,True,True,,0.0,1.0,0.0,16.0,3.0,0.0,0,4.0
2022,CAB0023,Intra-Asia,government,2007,15,22,4065.0,6,Malacca,458.9,458.9,78.0,1,25,70,0,51.6,none,0,0.0,2023.0,True,True,,0.0,1.0,0.0,1.0,1.0,1.0,1,1.0
2023,CAB0023,Intra-Asia,government,2007,16,22,4065.0,6,Malacca,458.9,458.9,44.3,1,25,70,0,53.2,none,0,0.0,2024.0,True,True,,0.0,1.0,0.0,-33.7,0.0,0.0,1,2.0
2024,CAB0023,Intra-Asia,government,2007,17,22,4065.0,6,Malacca,458.9,458.9,69.6,1,25,75,0,54.8,none,0,0.0,2025.0,True,True,,0.0,1.0,0.0,25.299999999999997,5.0,0.0,1,3.0
2025,CAB0023,Intra-Asia,government,2007,18,22,4065.0,6,Malacca,458.9,458.9,81.9,1,25,77,0,56.3,none,0,0.0,2026.0,True,True,,0.0,1.0,0.0,12.300000000000011,2.0,0.0,0,4.0
2015,CAB0024,Intra-Pacific-Islands,consortium,2000,15,4,1599.0,5,None,43.4,43.4,42.0,1,25,28,1,43.7,none,0,0.0,2016.0,True,True,,0.0,1.0,,,,,0,
2016,CAB0024,Intra-Pacific-Islands,consortium,2000,16,4,1599.0,5,None,43.4,43.4,77.3,1,25,29,1,45.2,none,0,0.0,2017.0,True,True,,0.0,1.0,0.0,35.3,1.0,0.0,0,
2017,CAB0024,Intra-Pacific-Islands,consortium,2000,17,4,1599.0,5,None,43.4,43.4,100.0,1,25,29,1,46.8,none,0,0.0,2018.0,True,True,,0.0,1.0,0.0,22.700000000000003,0.0,0.0,0,
2018,CAB0024,Intra-Pacific-Islands,consortium,2000,18,4,1599.0,5,None,43.4,43.4,79.6,1,25,30,1,48.4,none,0,0.0,2019.0,True,True,,0.0,1.0,0.0,-20.400000000000006,1.0,0.0,0,
2019,CAB0024,Intra-Pacific-Islands,consortium,2000,19,4,1599.0,5,None,43.4,43.4,94.7,1,25,35,1,50.0,none,0,0.0,2020.0,True,True,,0.0,1.0,0.0,15.100000000000009,5.0,0.0,0,
2020,CAB0024,Intra-Pacific-Islands,consortium,2000,20,4,1599.0,5,None,43.4,43.4,100.0,1,25,40,0,31.7,none,0,0.0,2021.0,True,True,,0.0,1.0,0.0,5.299999999999997,5.0,0.0,0,
2021,CAB0024,Intra-Pacific-Islands,consortium,2000,21,4,1599.0,5,None,43.4,43.4,100.0,1,25,41,0,33.3,none,0,1.0,2022.0,True,True,,0.0,1.0,0.0,0.0,1.0,0.0,0,
2022,CAB0024,Intra-Pacific-Islands,consortium,2000,22,4,1599.0,5,None,43.4,43.4,62.3,1,25,43,0,34.9,fishing_anchor,1,0.0,2023.0,True,True,,0.0,1.0,0.0,-37.7,2.0,0.0,0,
2023,CAB0024,Intra-Pacific-Islands,consortium,2000,23,4,1599.0,5,None,43.4,43.4,100.0,1,25,45,0,36.5,none,0,0.0,2024.0,True,True,,0.0,1.0,0.0,37.7,2.0,1.0,1,1.0
2024,CAB0024,Intra-Pacific-Islands,consortium,2000,24,4,1599.0,5,None,43.4,43.4,78.0,1,25,48,0,38.1,none,0,1.0,2025.0,True,True,,0.0,1.0,0.0,-22.0,3.0,0.0,1,2.0
2025,CAB0024,Intra-Pacific-Islands,consortium,2000,25,4,1599.0,5,None,43.4,43.4,75.5,1,25,50,0,39.7,fishing_anchor,1,0.0,2026.0,True,True,,0.0,1.0,0.0,-2.5,2.0,0.0,1,3.0
2015,CAB0025,Trans-Atlantic,consortium,2000,15,8,5172.0,4,None,86.9,86.9,65.8,0,25,33,1,59.5,none,0,0.0,2016.0,True,True,,0.0,1.0,,,,,0,
2016,CAB0025,Trans-Atlantic,consortium,2000,16,8,5172.0,4,None,86.9,86.9,77.5,0,25,37,1,61.1,none,0,0.0,2017.0,True,True,,0.0,1.0,0.0,11.700000000000003,4.0,0.0,0,
2017,CAB0025,Trans-Atlantic,consortium,2000,17,8,5172.0,4,None,86.9,86.9,60.1,0,25,37,1,62.7,none,0,0.0,2018.0,True,True,,0.0,1.0,0.0,-17.4,0.0,0.0,0,
2018,CAB0025,Trans-Atlantic,consortium,2000,18,8,5172.0,4,None,86.9,86.9,78.2,0,25,40,0,44.4,none,0,1.0,2019.0,True,True,,0.0,1.0,0.0,18.1,3.0,0.0,0,
2019,CAB0025,Trans-Atlantic,consortium,2000,19,8,5172.0,4,None,86.9,86.9,100.0,0,25,45,0,46.0,fishing_anchor,1,0.0,2020.0,True,True,,0.0,1.0,0.0,21.799999999999997,5.0,0.0,0,
2020,CAB0025,Trans-Atlantic,consortium,2000,20,8,5172.0,4,None,86.9,86.9,74.3,0,25,48,0,47.6,none,0,0.0,2021.0,True,True,,0.0,1.0,0.0,-25.700000000000003,3.0,1.0,1,1.0
2021,CAB0025,Trans-Atlantic,consortium,2000,21,8,5172.0,4,None,86.9,86.9,67.1,0,25,50,0,49.2,none,0,0.0,2022.0,True,True,,0.0,1.0,0.0,-7.200000000000003,2.0,0.0,1,2.0
2022,CAB0025,Trans-Atlantic,consortium,2000,22,8,5172.0,4,None,86.9,86.9,88.7,0,25,51,0,50.8,none,0,1.0,2023.0,True,True,,0.0,1.0,0.0,21.60000000000001,1.0,0.0,1,3.0
2023,CAB0025,Trans-Atlantic,consortium,2000,23,8,5172.0,4,None,86.9,86.9,100.0,0,25,54,0,52.4,fishing_anchor,1,0.0,2024.0,True,True,,0.0,1.0,0.0,11.299999999999997,3.0,0.0,0,4.0
2024,CAB0025,Trans-Atlantic,consortium,2000,24,8,5172.0,4,None,86.9,86.9,64.8,0,25,58,0,54.0,none,0,0.0,2025.0,True,True,,0.0,1.0,0.0,-35.2,4.0,1.0,1,1.0
2022,CAB0026,Intra-Europe,hyperscaler,2022,0,5,1306.0,4,None,211.4,72.3,29.5,0,25,52,0,15.9,none,0,0.0,2023.0,True,True,,139.10000000000002,0.34200567644276253,,,,,0,
2023,CAB0026,Intra-Europe,hyperscaler,2022,1,5,1306.0,4,None,211.4,65.5,73.0,0,25,53,0,17.5,none,0,0.0,2024.0,True,True,,145.9,0.30983916745506146,-6.799999999999997,43.5,1.0,0.0,0,
2024,CAB0026,Intra-Europe,hyperscaler,2022,2,5,1306.0,4,None,211.4,62.4,59.1,0,25,53,0,19.0,none,0,0.0,2025.0,True,True,,149.0,0.29517502365184484,-3.1000000000000014,-13.899999999999999,0.0,0.0,0,
2025,CAB0026,Intra-Europe,hyperscaler,2022,3,5,1306.0,4,None,211.4,84.7,57.5,0,25,58,0,20.6,none,0,0.0,2026.0,True,True,,126.7,0.40066225165562913,22.300000000000004,-1.6000000000000014,5.0,0.0,0,
2015,CAB0027,Intra-Pacific-Islands,hyperscaler,2015,0,4,917.0,8,None,129.1,43.6,26.0,1,25,28,1,19.8,none,0,0.0,2016.0,True,True,,85.5,0.337722695584818,,,,,0,
2016,CAB0027,Intra-Pacific-Islands,hyperscaler,2015,1,4,917.0,8,None,129.1,42.5,55.4,1,25,29,1,21.4,none,0,0.0,2017.0,True,True,,86.6,0.3292021688613478,-1.1000000000000014,29.4,1.0,0.0,0,
2017,CAB0027,Intra-Pacific-Islands,hyperscaler,2015,2,4,917.0,8,None,129.1,37.4,44.2,1,25,29,1,23.0,none,0,0.0,2018.0,True,True,,91.69999999999999,0.28969790859798605,-5.100000000000001,-11.199999999999996,0.0,0.0,0,
2018,CAB0027,Intra-Pacific-Islands,hyperscaler,2015,3,4,917.0,8,None,129.1,57.4,11.4,1,25,30,1,24.6,none,0,0.0,2019.0,True,True,,71.69999999999999,0.44461657629744383,20.0,-32.800000000000004,1.0,0.0,0,
2019,CAB0027,Intra-Pacific-Islands,hyperscaler,2015,4,4,917.0,8,None,129.1,67.5,41.7,1,25,35,1,26.2,none,0,0.0,2020.0,True,True,,61.599999999999994,0.5228505034856701,10.100000000000001,30.300000000000004,5.0,0.0,0,
2020,CAB0027,Intra-Pacific-Islands,hyperscaler,2015,5,4,917.0,8,None,129.1,70.1,61.4,1,25,40,0,7.9,none,0,0.0,2021.0,True,True,,59.0,0.5429899302865995,2.5999999999999943,19.699999999999996,5.0,0.0,0,
2021,CAB0027,Intra-Pacific-Islands,hyperscaler,2015,6,4,917.0,8,None,129.1,84.0,98.0,1,25,41,0,9.5,none,0,0.0,2022.0,True,True,,45.099999999999994,0.6506584043377227,13.900000000000006,36.6,1.0,0.0,0,
2022,CAB0027,Intra-Pacific-Islands,hyperscaler,2015,7,4,917.0,8,None,129.1,88.9,65.9,1,25,43,0,11.1,none,0,0.0,2023.0,True,True,,40.19999999999999,0.6886134779240899,4.900000000000006,-32.099999999999994,2.0,0.0,0,
2023,CAB0027,Intra-Pacific-Islands,hyperscaler,2015,8,4,917.0,8,None,129.1,94.0,22.5,1,25,45,0,12.7,none,0,0.0,2024.0,True,True,,35.099999999999994,0.7281177381874516,5.099999999999994,-43.400000000000006,2.0,0.0,0,
2024,CAB0027,Intra-Pacific-Islands,hyperscaler,2015,9,4,917.0,8,None,129.1,96.6,67.4,1,25,48,0,14.3,none,0,0.0,2025.0,True,True,,32.5,0.7482571649883811,2.5999999999999943,44.900000000000006,3.0,0.0,0,
2025,CAB0027,Intra-Pacific-Islands,hyperscaler,2015,10,4,917.0,8,None,129.1,109.4,74.1,1,25,50,0,15.9,none,0,0.0,2026.0,True,True,,19.69999999999999,0.8474051123160342,12.800000000000011,6.699999999999989,2.0,0.0,0,
2015,CAB0028,Intra-Asia,carrier,2014,1,9,3158.0,5,None,277.7,85.0,44.3,1,25,53,0,1.6,none,0,1.0,2016.0,True,True,,192.7,0.3060857039971192,,,,,0,
2016,CAB0028,Intra-Asia,carrier,2014,2,9,3158.0,5,None,277.7,90.8,18.5,1,25,59,0,3.2,natural_hazard,1,0.0,2017.0,True,True,,186.89999999999998,0.3269715520345697,5.799999999999997,-25.799999999999997,6.0,0.0,0,
2017,CAB0028,Intra-Asia,carrier,2014,3,9,3158.0,5,None,277.7,133.0,34.3,1,25,60,0,4.8,none,0,0.0,2018.0,True,True,,144.7,0.4789341015484336,42.2,15.799999999999997,1.0,1.0,1,1.0
2018,CAB0028,Intra-Asia,carrier,2014,4,9,3158.0,5,None,277.7,151.0,62.0,1,25,62,0,6.3,none,0,0.0,2019.0,True,True,,126.69999999999999,0.5437522506301765,18.0,27.700000000000003,2.0,0.0,1,2.0
2019,CAB0028,Intra-Asia,carrier,2014,5,9,3158.0,5,None,277.7,181.6,57.2,1,25,64,0,7.9,none,0,0.0,2020.0,True,True,,96.1,0.6539431040691394,30.599999999999994,-4.799999999999997,2.0,0.0,1,3.0
2020,CAB0028,Intra-Asia,carrier,2014,6,9,3158.0,5,None,277.7,167.8,53.9,1,25,66,0,9.5,none,0,0.0,2021.0,True,True,,109.89999999999998,0.6042491897731366,-13.799999999999983,-3.3000000000000043,2.0,0.0,0,4.0
2021,CAB0028,Intra-Asia,carrier,2014,7,9,3158.0,5,None,277.7,192.0,22.9,1,25,69,0,11.1,none,0,0.0,2022.0,True,True,,85.69999999999999,0.6913935902052575,24.19999999999999,-31.0,3.0,0.0,0,5.0
2022,CAB0028,Intra-Asia,carrier,2014,8,9,3158.0,5,None,277.7,208.8,82.0,1,25,70,0,12.7,none,0,0.0,2023.0,True,True,,68.89999999999998,0.7518905293482175,16.80000000000001,59.1,1.0,0.0,0,6.0
2023,CAB0028,Intra-Asia,carrier,2014,9,9,3158.0,5,None,277.7,210.2,56.4,1,25,70,0,14.3,none,0,0.0,2024.0,True,True,,67.5,0.7569319409434642,1.3999999999999773,-25.6,0.0,0.0,0,7.0
2024,CAB0028,Intra-Asia,carrier,2014,10,9,3158.0,5,None,277.7,220.2,47.5,1,25,75,0,15.9,none,0,0.0,2025.0,True,True,,57.5,0.7929420237666547,10.0,-8.899999999999999,5.0,0.0,0,8.0
2025,CAB0028,Intra-Asia,carrier,2014,11,9,3158.0,5,None,277.7,258.0,24.8,1,25,77,0,17.5,none,0,0.0,2026.0,True,True,,19.69999999999999,0.9290601368383148,37.80000000000001,-22.7,2.0,0.0,0,9.0
2015,CAB0029,Intra-Asia,consortium,1998,17,4,6063.0,8,None,32.0,32.0,50.1,1,25,53,0,27.0,none,0,0.0,2016.0,True,True,,0.0,1.0,,,,,0,
2016,CAB0029,Intra-Asia,consortium,1998,18,4,6063.0,8,None,32.0,32.0,47.8,1,25,59,0,28.6,none,0,0.0,2017.0,True,True,,0.0,1.0,0.0,-2.3000000000000043,6.0,0.0,0,
2017,CAB0029,Intra-Asia,consortium,1998,19,4,6063.0,8,None,32.0,32.0,62.8,1,25,60,0,30.2,none,0,0.0,2018.0,True,True,,0.0,1.0,0.0,15.0,1.0,0.0,0,
2018,CAB0029,Intra-Asia,consortium,1998,20,4,6063.0,8,None,32.0,32.0,78.8,1,25,62,0,31.7,none,0,0.0,2019.0,True,True,,0.0,1.0,0.0,16.0,2.0,0.0,0,
2019,CAB0029,Intra-Asia,consortium,1998,21,4,6063.0,8,None,32.0,32.0,46.6,1,25,64,0,33.3,none,0,1.0,2020.0,True,True,,0.0,1.0,0.0,-32.199999999999996,2.0,0.0,0,
2020,CAB0029,Intra-Asia,consortium,1998,22,4,6063.0,8,None,32.0,32.0,86.8,1,25,66,0,34.9,fishing_anchor,1,0.0,2021.0,True,True,,0.0,1.0,0.0,40.199999999999996,2.0,0.0,0,
2021,CAB0029,Intra-Asia,consortium,1998,23,4,6063.0,8,None,32.0,32.0,97.6,1,25,69,0,36.5,none,0,1.0,2022.0,True,True,,0.0,1.0,0.0,10.799999999999997,3.0,1.0,1,1.0
2022,CAB0029,Intra-Asia,consortium,1998,24,4,6063.0,8,None,32.0,32.0,84.5,1,25,70,0,38.1,equipment,1,1.0,2023.0,True,True,,0.0,1.0,0.0,-13.099999999999994,1.0,0.0,1,2.0
2023,CAB0029,Intra-Asia,consortium,1998,25,4,6063.0,8,None,32.0,32.0,100.0,1,25,70,0,39.7,natural_hazard,1,0.0,2024.0,True,True,,0.0,1.0,0.0,15.5,0.0,1.0,2,1.0
2024,CAB0029,Intra-Asia,consortium,1998,26,4,6063.0,8,None,32.0,32.0,83.5,1,25,75,0,41.3,none,0,0.0,2025.0,True,True,,0.0,1.0,0.0,-16.5,5.0,1.0,2,1.0
2025,CAB0029,Intra-Asia,consortium,1998,27,4,6063.0,8,None,32.0,32.0,87.9,1,25,77,0,42.9,none,0,0.0,2026.0,True,True,,0.0,1.0,0.0,4.400000000000006,2.0,0.0,2,2.0
2015,CAB0030,Intra-Europe,consortium,2000,15,5,1560.0,5,None,54.3,54.3,95.6,1,25,41,0,23.8,none,0,0.0,2016.0,True,True,,0.0,1.0,,,,,0,
2016,CAB0030,Intra-Europe,consortium,2000,16,5,1560.0,5,None,54.3,54.3,88.8,1,25,42,0,25.4,none,0,0.0,2017.0,True,True,,0.0,1.0,0.0,-6.799999999999997,1.0,0.0,0,
2017,CAB0030,Intra-Europe,consortium,2000,17,5,1560.0,5,None,54.3,54.3,74.2,1,25,44,0,27.0,none,0,0.0,2018.0,True,True,,0.0,1.0,0.0,-14.599999999999994,2.0,0.0,0,
2018,CAB0030,Intra-Europe,consortium,2000,18,5,1560.0,5,None,54.3,54.3,100.0,1,25,45,0,28.6,none,0,0.0,2019.0,True,True,,0.0,1.0,0.0,25.799999999999997,1.0,0.0,0,
2019,CAB0030,Intra-Europe,consortium,2000,19,5,1560.0,5,None,54.3,54.3,58.6,1,25,47,0,30.2,none,0,1.0,2020.0,True,True,,0.0,1.0,0.0,-41.4,2.0,0.0,0,
2020,CAB0030,Intra-Europe,consortium,2000,20,5,1560.0,5,None,54.3,54.3,53.6,1,25,49,0,31.7,fishing_anchor,1,0.0,2021.0,True,True,,0.0,1.0,0.0,-5.0,2.0,0.0,0,
2021,CAB0030,Intra-Europe,consortium,2000,21,5,1560.0,5,None,54.3,54.3,60.7,1,25,49,0,33.3,none,0,0.0,2022.0,True,True,,0.0,1.0,0.0,7.100000000000001,0.0,1.0,1,1.0
2022,CAB0030,Intra-Europe,consortium,2000,22,5,1560.0,5,None,54.3,54.3,55.1,1,25,52,0,34.9,none,0,0.0,2023.0,True,True,,0.0,1.0,0.0,-5.600000000000001,3.0,0.0,1,2.0
2023,CAB0030,Intra-Europe,consortium,2000,23,5,1560.0,5,None,54.3,54.3,87.0,1,25,53,0,36.5,none,0,0.0,2024.0,True,True,,0.0,1.0,0.0,31.9,1.0,0.0,1,3.0
2024,CAB0030,Intra-Europe,consortium,2000,24,5,1560.0,5,None,54.3,54.3,100.0,1,25,53,0,38.1,none,0,0.0,2025.0,True,True,,0.0,1.0,0.0,13.0,0.0,0.0,0,4.0
2025,CAB0030,Intra-Europe,consortium,2000,25,5,1560.0,5,None,54.3,54.3,100.0,1,25,58,0,39.7,none,0,0.0,2026.0,True,True,,0.0,1.0,0.0,0.0,5.0,0.0,0,5.0
2015,CAB0031,Trans-Atlantic,consortium,1998,17,9,5464.0,6,None,72.0,72.0,100.0,0,25,33,1,62.7,none,0,1.0,2016.0,True,True,,0.0,1.0,,,,,0,
2016,CAB0031,Trans-Atlantic,consortium,1998,18,9,5464.0,6,None,72.0,72.0,81.2,0,25,37,1,64.3,fishing_anchor,1,0.0,2017.0,True,True,,0.0,1.0,0.0,-18.799999999999997,4.0,0.0,0,
2017,CAB0031,Trans-Atlantic,consortium,1998,19,9,5464.0,6,None,72.0,72.0,71.6,0,25,37,1,65.9,none,0,0.0,2018.0,True,True,,0.0,1.0,0.0,-9.600000000000009,0.0,1.0,1,1.0
2018,CAB0031,Trans-Atlantic,consortium,1998,20,9,5464.0,6,None,72.0,72.0,56.0,0,25,40,0,47.6,none,0,0.0,2019.0,True,True,,0.0,1.0,0.0,-15.599999999999994,3.0,0.0,1,2.0
2019,CAB0031,Trans-Atlantic,consortium,1998,21,9,5464.0,6,None,72.0,72.0,72.3,0,25,45,0,49.2,none,0,0.0,2020.0,True,True,,0.0,1.0,0.0,16.299999999999997,5.0,0.0,1,3.0
2020,CAB0031,Trans-Atlantic,consortium,1998,22,9,5464.0,6,None,72.0,72.0,100.0,0,25,48,0,50.8,none,0,0.0,2021.0,True,True,,0.0,1.0,0.0,27.700000000000003,3.0,0.0,0,4.0
2021,CAB0031,Trans-Atlantic,consortium,1998,23,9,5464.0,6,None,72.0,72.0,82.7,0,25,50,0,52.4,none,0,0.0,2022.0,True,True,,0.0,1.0,0.0,-17.299999999999997,2.0,0.0,0,5.0
2022,CAB0031,Trans-Atlantic,consortium,1998,24,9,5464.0,6,None,72.0,72.0,90.7,0,25,51,0,54.0,none,0,0.0,2023.0,True,True,,0.0,1.0,0.0,8.0,1.0,0.0,0,6.0
2023,CAB0031,Trans-Atlantic,consortium,1998,25,9,5464.0,6,None,72.0,72.0,100.0,0,25,54,0,55.6,none,0,0.0,2024.0,True,True,,0.0,1.0,0.0,9.299999999999997,3.0,0.0,0,7.0
2024,CAB0031,Trans-Atlantic,consortium,1998,26,9,5464.0,6,None,72.0,72.0,100.0,0,25,58,0,57.1,none,0,0.0,2025.0,True,True,,0.0,1.0,0.0,0.0,4.0,0.0,0,8.0
2025,CAB0031,Trans-Atlantic,consortium,1998,27,9,5464.0,6,None,72.0,72.0,59.3,0,25,62,0,58.7,none,0,0.0,2026.0,True,True,,0.0,1.0,0.0,-40.7,4.0,0.0,0,9.0
2015,CAB0032,Trans-Pacific,carrier,2013,2,9,11479.0,8,None,264.9,100.1,46.6,0,25,35,1,38.9,none,0,0.0,2016.0,True,True,,164.79999999999998,0.37787844469611176,,,,,0,
2016,CAB0032,Trans-Pacific,carrier,2013,3,9,11479.0,8,None,264.9,86.9,37.4,0,25,37,1,40.5,none,0,0.0,2017.0,True,True,,177.99999999999997,0.3280483201208004,-13.199999999999989,-9.200000000000003,2.0,0.0,0,
2017,CAB0032,Trans-Pacific,carrier,2013,4,9,11479.0,8,None,264.9,128.7,22.8,0,25,38,1,42.1,none,0,0.0,2018.0,True,True,,136.2,0.48584371460928655,41.79999999999998,-14.599999999999998,1.0,0.0,0,
2018,CAB0032,Trans-Pacific,carrier,2013,5,9,11479.0,8,None,264.9,150.4,58.3,0,25,39,1,43.7,none,0,0.0,2019.0,True,True,,114.49999999999997,0.5677614194035486,21.700000000000017,35.5,1.0,0.0,0,
2019,CAB0032,Trans-Pacific,carrier,2013,6,9,11479.0,8,None,264.9,174.4,33.3,0,25,41,0,25.4,none,0,1.0,2020.0,True,True,,90.49999999999997,0.6583616459041148,24.0,-25.0,2.0,0.0,0,
2020,CAB0032,Trans-Pacific,carrier,2013,7,9,11479.0,8,None,264.9,159.5,64.1,0,25,42,0,27.0,suspected_external,1,0.0,2021.0,True,True,,105.39999999999998,0.6021140052850132,-14.900000000000006,30.799999999999997,1.0,0.0,0,
2021,CAB0032,Trans-Pacific,carrier,2013,8,9,11479.0,8,None,264.9,227.3,22.3,0,25,43,0,28.6,none,0,0.0,2022.0,True,True,,37.599999999999966,0.858059645149113,67.80000000000001,-41.8,1.0,1.0,1,1.0
2022,CAB0032,Trans-Pacific,carrier,2013,9,9,11479.0,8,None,264.9,188.2,91.2,0,25,45,0,30.2,none,0,0.0,2023.0,True,True,,76.69999999999999,0.7104567761419404,-39.10000000000002,68.9,2.0,0.0,1,2.0
2023,CAB0032,Trans-Pacific,carrier,2013,10,9,11479.0,8,None,264.9,215.1,41.8,0,25,47,0,31.7,none,0,1.0,2024.0,True,True,,49.79999999999998,0.8120045300113251,26.900000000000006,-49.400000000000006,2.0,0.0,1,3.0
2024,CAB0032,Trans-Pacific,carrier,2013,11,9,11479.0,8,None,264.9,233.8,79.7,0,25,49,0,33.3,fishing_anchor,1,0.0,2025.0,True,True,,31.099999999999966,0.8825972064930163,18.700000000000017,37.900000000000006,2.0,0.0,0,4.0
2025,CAB0032,Trans-Pacific,carrier,2013,12,9,11479.0,8,None,264.9,264.9,47.9,0,25,50,0,34.9,none,0,0.0,2026.0,True,True,,0.0,1.0,31.099999999999966,-31.800000000000004,1.0,1.0,1,1.0
2015,CAB0033,Americas,consortium,1999,16,7,4997.0,4,None,66.0,66.0,70.1,1,25,28,1,45.2,none,0,0.0,2016.0,True,True,,0.0,1.0,,,,,0,
2016,CAB0033,Americas,consortium,1999,17,7,4997.0,4,None,66.0,66.0,78.1,1,25,29,1,46.8,none,0,1.0,2017.0,True,True,,0.0,1.0,0.0,8.0,1.0,0.0,0,
2017,CAB0033,Americas,consortium,1999,18,7,4997.0,4,None,66.0,66.0,65.3,1,25,29,1,48.4,fishing_anchor,1,0.0,2018.0,True,True,,0.0,1.0,0.0,-12.799999999999997,0.0,0.0,0,
2018,CAB0033,Americas,consortium,1999,19,7,4997.0,4,None,66.0,66.0,44.8,1,25,31,1,50.0,none,0,0.0,2019.0,True,True,,0.0,1.0,0.0,-20.5,2.0,1.0,1,1.0
2019,CAB0033,Americas,consortium,1999,20,7,4997.0,4,None,66.0,66.0,100.0,1,25,32,1,51.6,none,0,1.0,2020.0,True,True,,0.0,1.0,0.0,55.2,1.0,0.0,1,2.0
2020,CAB0033,Americas,consortium,1999,21,7,4997.0,4,None,66.0,66.0,47.0,1,25,33,1,53.2,fishing_anchor,1,0.0,2021.0,True,True,,0.0,1.0,0.0,-53.0,1.0,0.0,1,3.0
2021,CAB0033,Americas,consortium,1999,22,7,4997.0,4,None,66.0,66.0,62.7,1,25,37,1,54.8,none,0,1.0,2022.0,True,True,,0.0,1.0,0.0,15.700000000000003,4.0,1.0,1,1.0
2022,CAB0033,Americas,consortium,1999,23,7,4997.0,4,None,66.0,66.0,74.5,1,25,37,1,56.3,fishing_anchor,1,1.0,2023.0,True,True,,0.0,1.0,0.0,11.799999999999997,0.0,0.0,1,2.0
2023,CAB0033,Americas,consortium,1999,24,7,4997.0,4,None,66.0,66.0,79.1,1,25,37,1,57.9,fishing_anchor,1,1.0,2024.0,True,True,,0.0,1.0,0.0,4.599999999999994,0.0,1.0,2,1.0
2024,CAB0033,Americas,consortium,1999,25,7,4997.0,4,None,66.0,66.0,92.0,1,25,39,1,59.5,fishing_anchor,1,1.0,2025.0,True,True,,0.0,1.0,0.0,12.900000000000006,2.0,1.0,2,1.0
2025,CAB0033,Americas,consortium,1999,26,7,4997.0,4,None,66.0,66.0,64.8,1,25,39,1,61.1,fishing_anchor,1,0.0,2026.0,True,True,,0.0,1.0,0.0,-27.200000000000003,0.0,1.0,3,1.0
2015,CAB0034,Intra-Asia,hyperscaler,2007,8,22,3485.0,9,None,458.9,301.7,35.7,0,25,53,0,28.6,none,0,0.0,2016.0,True,True,,157.2,0.6574417084332098,,,,,0,
2016,CAB0034,Intra-Asia,hyperscaler,2007,9,22,3485.0,9,None,458.9,357.0,43.0,0,25,59,0,30.2,none,0,0.0,2017.0,True,True,,101.89999999999998,0.7779472651993898,55.30000000000001,7.299999999999997,6.0,0.0,0,
2017,CAB0034,Intra-Asia,hyperscaler,2007,10,22,3485.0,9,None,458.9,370.3,51.2,0,25,60,0,31.7,none,0,0.0,2018.0,True,True,,88.59999999999997,0.8069296142950535,13.300000000000011,8.200000000000003,1.0,0.0,0,
2018,CAB0034,Intra-Asia,hyperscaler,2007,11,22,3485.0,9,None,458.9,397.2,31.5,0,25,62,0,33.3,none,0,0.0,2019.0,True,True,,61.69999999999999,0.865548049684027,26.899999999999977,-19.700000000000003,2.0,0.0,0,
2019,CAB0034,Intra-Asia,hyperscaler,2007,12,22,3485.0,9,None,458.9,420.1,45.2,0,25,64,0,34.9,none,0,0.0,2020.0,True,True,,38.799999999999955,0.9154499891043801,22.900000000000034,13.700000000000003,2.0,0.0,0,
2020,CAB0034,Intra-Asia,hyperscaler,2007,13,22,3485.0,9,None,458.9,458.9,48.0,0,25,66,0,36.5,none,0,0.0,2021.0,True,True,,0.0,1.0,38.799999999999955,2.799999999999997,2.0,0.0,0,
2021,CAB0034,Intra-Asia,hyperscaler,2007,14,22,3485.0,9,None,458.9,458.9,63.5,0,25,69,0,38.1,none,0,0.0,2022.0,True,True,,0.0,1.0,0.0,15.5,3.0,0.0,0,
2022,CAB0034,Intra-Asia,hyperscaler,2007,15,22,3485.0,9,None,458.9,458.9,59.8,0,25,70,0,39.7,none,0,0.0,2023.0,True,True,,0.0,1.0,0.0,-3.700000000000003,1.0,0.0,0,
2023,CAB0034,Intra-Asia,hyperscaler,2007,16,22,3485.0,9,None,458.9,458.9,41.7,0,25,70,0,41.3,none,0,1.0,2024.0,True,True,,0.0,1.0,0.0,-18.099999999999994,0.0,0.0,0,
2024,CAB0034,Intra-Asia,hyperscaler,2007,17,22,3485.0,9,None,458.9,458.9,100.0,0,25,75,0,42.9,fishing_anchor,1,1.0,2025.0,True,True,,0.0,1.0,0.0,58.3,5.0,0.0,0,
2025,CAB0034,Intra-Asia,hyperscaler,2007,18,22,3485.0,9,None,458.9,458.9,72.2,0,25,77,0,44.4,suspected_external,1,0.0,2026.0,True,True,,0.0,1.0,0.0,-27.799999999999997,2.0,1.0,1,1.0
2015,CAB0035,Indian-Ocean,carrier,1998,17,21,10679.0,7,None,168.0,168.0,86.1,0,25,31,1,62.7,none,0,0.0,2016.0,True,True,,0.0,1.0,,,,,0,
2016,CAB0035,Indian-Ocean,carrier,1998,18,21,10679.0,7,None,168.0,168.0,100.0,0,25,33,1,64.3,none,0,1.0,2017.0,True,True,,0.0,1.0,0.0,13.900000000000006,2.0,0.0,0,
2017,CAB0035,Indian-Ocean,carrier,1998,19,21,10679.0,7,None,168.0,168.0,77.8,0,25,33,1,65.9,fishing_anchor,1,0.0,2018.0,True,True,,0.0,1.0,0.0,-22.200000000000003,0.0,0.0,0,
2018,CAB0035,Indian-Ocean,carrier,1998,20,21,10679.0,7,None,168.0,168.0,78.4,0,25,35,1,67.5,none,0,1.0,2019.0,True,True,,0.0,1.0,0.0,0.6000000000000085,2.0,1.0,1,1.0
2019,CAB0035,Indian-Ocean,carrier,1998,21,21,10679.0,7,None,168.0,168.0,100.0,0,25,35,1,69.0,fishing_anchor,1,1.0,2020.0,True,True,,0.0,1.0,0.0,21.599999999999994,0.0,0.0,1,2.0
2020,CAB0035,Indian-Ocean,carrier,1998,22,21,10679.0,7,None,168.0,168.0,96.0,0,25,36,1,70.6,fishing_anchor,1,0.0,2021.0,True,True,,0.0,1.0,0.0,-4.0,1.0,1.0,2,1.0
2021,CAB0035,Indian-Ocean,carrier,1998,23,21,10679.0,7,None,168.0,168.0,51.4,0,25,39,1,72.2,none,0,0.0,2022.0,True,True,,0.0,1.0,0.0,-44.6,3.0,1.0,2,1.0
2022,CAB0035,Indian-Ocean,carrier,1998,24,21,10679.0,7,None,168.0,168.0,80.8,0,25,39,1,73.8,none,0,0.0,2023.0,True,True,,0.0,1.0,0.0,29.4,0.0,0.0,2,2.0
2023,CAB0035,Indian-Ocean,carrier,1998,25,21,10679.0,7,None,168.0,168.0,94.8,0,25,40,0,55.6,none,0,1.0,2024.0,True,True,,0.0,1.0,0.0,14.0,1.0,0.0,1,3.0
2025,CAB0036,Intra-Europe,carrier,2025,0,12,767.0,4,None,558.9,114.3,61.1,1,25,58,0,0.0,none,0,0.0,2026.0,True,True,,444.59999999999997,0.20450885668276972,,,,,0,
2015,CAB0037,Intra-Europe,hyperscaler,1998,17,2,2867.0,4,None,16.0,16.0,67.4,1,25,41,0,27.0,equipment,1,0.0,2016.0,True,True,,0.0,1.0,,,,,0,
2016,CAB0037,Intra-Europe,hyperscaler,1998,18,2,2867.0,4,None,16.0,16.0,99.3,1,25,42,0,28.6,none,0,0.0,2017.0,True,True,,0.0,1.0,0.0,31.89999999999999,1.0,1.0,1,1.0
2017,CAB0037,Intra-Europe,hyperscaler,1998,19,2,2867.0,4,None,16.0,16.0,90.0,1,25,44,0,30.2,none,0,0.0,2018.0,True,True,,0.0,1.0,0.0,-9.299999999999997,2.0,0.0,1,2.0
2018,CAB0037,Intra-Europe,hyperscaler,1998,20,2,2867.0,4,None,16.0,16.0,100.0,1,25,45,0,31.7,none,0,0.0,2019.0,True,True,,0.0,1.0,0.0,10.0,1.0,0.0,1,3.0
2019,CAB0037,Intra-Europe,hyperscaler,1998,21,2,2867.0,4,None,16.0,16.0,92.8,1,25,47,0,33.3,none,0,1.0,2020.0,True,True,,0.0,1.0,0.0,-7.200000000000003,2.0,0.0,0,4.0
2020,CAB0037,Intra-Europe,hyperscaler,1998,22,2,2867.0,4,None,16.0,16.0,100.0,1,25,49,0,34.9,fishing_anchor,1,0.0,2021.0,True,True,,0.0,1.0,0.0,7.200000000000003,2.0,0.0,0,5.0
2021,CAB0037,Intra-Europe,hyperscaler,1998,23,2,2867.0,4,None,16.0,16.0,100.0,1,25,49,0,36.5,none,0,0.0,2022.0,True,True,,0.0,1.0,0.0,0.0,0.0,1.0,1,1.0
2022,CAB0037,Intra-Europe,hyperscaler,1998,24,2,2867.0,4,None,16.0,16.0,58.7,1,25,52,0,38.1,none,0,0.0,2023.0,True,True,,0.0,1.0,0.0,-41.3,3.0,0.0,1,2.0
2021,CAB0038,Trans-Pacific,hyperscaler,2021,0,34,14212.0,5,None,1389.1,290.8,41.6,0,25,43,0,15.9,none,0,0.0,2022.0,True,True,,1098.3,0.20934417968468794,,,,,0,
2022,CAB0038,Trans-Pacific,hyperscaler,2021,1,34,14212.0,5,None,1389.1,470.0,51.0,0,25,45,0,17.5,none,0,0.0,2023.0,True,True,,919.0999999999999,0.3383485710172054,179.2,9.399999999999999,2.0,0.0,0,
2023,CAB0038,Trans-Pacific,hyperscaler,2021,2,34,14212.0,5,None,1389.1,464.6,16.7,0,25,47,0,19.0,none,0,0.0,2024.0,True,True,,924.4999999999999,0.3344611619033907,-5.399999999999977,-34.3,2.0,0.0,0,
2024,CAB0038,Trans-Pacific,hyperscaler,2021,3,34,14212.0,5,None,1389.1,638.6,50.0,0,25,49,0,20.6,none,0,1.0,2025.0,True,True,,750.4999999999999,0.45972212223742,174.0,33.3,2.0,0.0,0,
2025,CAB0038,Trans-Pacific,hyperscaler,2021,4,34,14212.0,5,None,1389.1,659.5,42.5,0,25,50,0,22.2,fishing_anchor,1,0.0,2026.0,True,True,,729.5999999999999,0.4747678352890361,20.899999999999977,-7.5,1.0,0.0,0,
2021,CAB0039,Americas,consortium,2021,0,34,2280.0,3,None,1389.1,150.2,55.3,1,25,37,1,19.8,none,0,0.0,2022.0,True,True,,1238.8999999999999,0.10812756461017925,,,,,0,
2022,CAB0039,Americas,consortium,2021,1,34,2280.0,3,None,1389.1,432.6,14.5,1,25,37,1,21.4,none,0,0.0,2023.0,True,True,,956.4999999999999,0.31142466345115544,282.40000000000003,-40.8,0.0,0.0,0,
2023,CAB0039,Americas,consortium,2021,2,34,2280.0,3,None,1389.1,502.1,42.9,1,25,37,1,23.0,none,0,0.0,2024.0,True,True,,886.9999999999999,0.3614570585271039,69.5,28.4,0.0,0.0,0,
2024,CAB0039,Americas,consortium,2021,3,34,2280.0,3,None,1389.1,621.0,33.9,1,25,39,1,24.6,none,0,0.0,2025.0,True,True,,768.0999999999999,0.44705204808869053,118.89999999999998,-9.0,2.0,0.0,0,
2025,CAB0039,Americas,consortium,2021,4,34,2280.0,3,None,1389.1,764.1,45.9,1,25,39,1,26.2,none,0,0.0,2026.0,True,True,,624.9999999999999,0.5500683896047801,143.10000000000002,12.0,0.0,0.0,0,
2015,CAB0040,Americas,carrier,2002,13,4,8338.0,4,None,54.9,54.8,44.4,1,25,28,1,40.5,equipment,1,0.0,2016.0,True,True,,0.10000000000000142,0.9981785063752276,,,,,0,
2016,CAB0040,Americas,carrier,2002,14,4,8338.0,4,None,54.9,54.9,42.3,1,25,29,1,42.1,none,0,1.0,2017.0,True,True,,0.0,1.0,0.10000000000000142,-2.1000000000000014,1.0,1.0,1,1.0
2017,CAB0040,Americas,carrier,2002,15,4,8338.0,4,None,54.9,54.9,57.9,1,25,29,1,43.7,natural_hazard,1,0.0,2018.0,True,True,,0.0,1.0,0.0,15.600000000000001,0.0,0.0,1,2.0
2018,CAB0040,Americas,carrier,2002,16,4,8338.0,4,None,54.9,54.9,54.2,1,25,31,1,45.2,none,0,0.0,2019.0,True,True,,0.0,1.0,0.0,-3.6999999999999957,2.0,1.0,2,1.0
2019,CAB0040,Americas,carrier,2002,17,4,8338.0,4,None,54.9,54.9,89.5,1,25,32,1,46.8,none,0,1.0,2020.0,True,True,,0.0,1.0,0.0,35.3,1.0,0.0,1,2.0
2020,CAB0040,Americas,carrier,2002,18,4,8338.0,4,None,54.9,54.9,62.1,1,25,33,1,48.4,equipment,1,0.0,2021.0,True,True,,0.0,1.0,0.0,-27.4,1.0,0.0,1,3.0
2021,CAB0040,Americas,carrier,2002,19,4,8338.0,4,None,54.9,54.9,49.7,1,25,37,1,50.0,none,0,1.0,2022.0,True,True,,0.0,1.0,0.0,-12.399999999999999,4.0,1.0,1,1.0
2022,CAB0040,Americas,carrier,2002,20,4,8338.0,4,None,54.9,54.9,100.0,1,25,37,1,51.6,natural_hazard,1,0.0,2023.0,True,True,,0.0,1.0,0.0,50.3,0.0,0.0,1,2.0
2023,CAB0040,Americas,carrier,2002,21,4,8338.0,4,None,54.9,54.9,57.1,1,25,37,1,53.2,none,0,0.0,2024.0,True,True,,0.0,1.0,0.0,-42.9,0.0,1.0,2,1.0
2024,CAB0040,Americas,carrier,2002,22,4,8338.0,4,None,54.9,54.9,100.0,1,25,39,1,54.8,none,0,0.0,2025.0,True,True,,0.0,1.0,0.0,42.9,2.0,0.0,1,2.0
2025,CAB0040,Americas,carrier,2002,23,4,8338.0,4,None,54.9,54.9,70.0,1,25,39,1,56.3,none,0,0.0,2026.0,True,True,,0.0,1.0,0.0,-30.0,0.0,0.0,1,3.0
2019,CAB0041,Intra-Pacific-Islands,consortium,2019,0,10,207.0,7,None,380.0,99.9,36.1,1,25,35,1,19.8,none,0,0.0,2020.0,True,True,,280.1,0.2628947368421053,,,,,0,
2020,CAB0041,Intra-Pacific-Islands,consortium,2019,1,10,207.0,7,None,380.0,136.4,23.6,1,25,40,0,1.6,none,0,1.0,2021.0,True,True,,243.6,0.3589473684210526,36.5,-12.5,5.0,0.0,0,
2021,CAB0041,Intra-Pacific-Islands,consortium,2019,2,10,207.0,7,None,380.0,132.1,32.8,1,25,41,0,3.2,fishing_anchor,1,0.0,2022.0,True,True,,247.9,0.3476315789473684,-4.300000000000011,9.199999999999996,1.0,0.0,0,
2022,CAB0041,Intra-Pacific-Islands,consortium,2019,3,10,207.0,7,None,380.0,166.1,31.6,1,25,43,0,4.8,none,0,0.0,2023.0,True,True,,213.9,0.4371052631578947,34.0,-1.1999999999999957,2.0,1.0,1,1.0
2023,CAB0041,Intra-Pacific-Islands,consortium,2019,4,10,207.0,7,None,380.0,205.1,67.3,1,25,45,0,6.3,none,0,0.0,2024.0,True,True,,174.9,0.5397368421052632,39.0,35.699999999999996,2.0,0.0,1,2.0
2024,CAB0041,Intra-Pacific-Islands,consortium,2019,5,10,207.0,7,None,380.0,206.8,83.2,1,25,48,0,7.9,none,0,0.0,2025.0,True,True,,173.2,0.5442105263157895,1.700000000000017,15.900000000000006,3.0,0.0,1,3.0
2025,CAB0041,Intra-Pacific-Islands,consortium,2019,6,10,207.0,7,None,380.0,246.8,25.5,1,25,50,0,9.5,none,0,0.0,2026.0,True,True,,133.2,0.6494736842105263,40.0,-57.7,2.0,0.0,0,4.0
2015,CAB0042,Intra-Europe,carrier,2007,8,22,632.0,9,None,458.9,359.6,42.0,1,25,41,0,12.7,none,0,0.0,2016.0,True,True,,99.29999999999995,0.7836129875789933,,,,,0,
2016,CAB0042,Intra-Europe,carrier,2007,9,22,632.0,9,None,458.9,326.1,83.0,1,25,42,0,14.3,none,0,0.0,2017.0,True,True,,132.79999999999995,0.7106123338417957,-33.5,41.0,1.0,0.0,0,
2017,CAB0042,Intra-Europe,carrier,2007,10,22,632.0,9,None,458.9,352.7,66.1,1,25,44,0,15.9,none,0,0.0,2018.0,True,True,,106.19999999999999,0.7685770320331227,26.599999999999966,-16.900000000000006,2.0,0.0,0,
2018,CAB0042,Intra-Europe,carrier,2007,11,22,632.0,9,None,458.9,436.5,43.8,1,25,45,0,17.5,none,0,0.0,2019.0,True,True,,22.399999999999977,0.9511876225757246,83.80000000000001,-22.299999999999997,1.0,0.0,0,
2019,CAB0042,Intra-Europe,carrier,2007,12,22,632.0,9,None,458.9,458.9,41.0,1,25,47,0,19.0,none,0,0.0,2020.0,True,True,,0.0,1.0,22.399999999999977,-2.799999999999997,2.0,0.0,0,
2020,CAB0042,Intra-Europe,carrier,2007,13,22,632.0,9,None,458.9,434.2,82.4,1,25,49,0,20.6,none,0,0.0,2021.0,True,True,,24.69999999999999,0.9461756373937678,-24.69999999999999,41.400000000000006,2.0,0.0,0,
2021,CAB0042,Intra-Europe,carrier,2007,14,22,632.0,9,None,458.9,458.9,89.4,1,25,49,0,22.2,none,0,0.0,2022.0,True,True,,0.0,1.0,24.69999999999999,7.0,0.0,0.0,0,
2022,CAB0042,Intra-Europe,carrier,2007,15,22,632.0,9,None,458.9,458.9,88.1,1,25,52,0,23.8,none,0,0.0,2023.0,True,True,,0.0,1.0,0.0,-1.3000000000000114,3.0,0.0,0,
2023,CAB0042,Intra-Europe,carrier,2007,16,22,632.0,9,None,458.9,458.9,64.3,1,25,53,0,25.4,none,0,0.0,2024.0,True,True,,0.0,1.0,0.0,-23.799999999999997,1.0,0.0,0,
2024,CAB0042,Intra-Europe,carrier,2007,17,22,632.0,9,None,458.9,458.9,67.7,1,25,53,0,27.0,none,0,0.0,2025.0,True,True,,0.0,1.0,0.0,3.4000000000000057,0.0,0.0,0,
2025,CAB0042,Intra-Europe,carrier,2007,18,22,632.0,9,None,458.9,458.9,100.0,1,25,58,0,28.6,none,0,0.0,2026.0,True,True,,0.0,1.0,0.0,32.3,5.0,0.0,0,
2015,CAB0043,EMEA-Asia,hyperscaler,2004,11,6,18857.0,4,None,99.4,88.7,30.5,1,25,27,1,37.3,fishing_anchor,1,1.0,2016.0,True,True,,10.700000000000003,0.892354124748491,,,,,0,
2016,CAB0043,EMEA-Asia,hyperscaler,2004,12,6,18857.0,4,None,99.4,98.9,46.3,1,25,29,1,38.9,fishing_anchor,1,0.0,2017.0,True,True,,0.5,0.9949698189134809,10.200000000000003,15.799999999999997,2.0,1.0,1,1.0
2017,CAB0043,EMEA-Asia,hyperscaler,2004,13,6,18857.0,4,None,99.4,99.4,42.1,1,25,32,1,40.5,none,0,0.0,2018.0,True,True,,0.0,1.0,0.5,-4.199999999999996,3.0,1.0,2,1.0
2018,CAB0043,EMEA-Asia,hyperscaler,2004,14,6,18857.0,4,None,99.4,99.4,51.1,1,25,34,1,42.1,none,0,0.0,2019.0,True,True,,0.0,1.0,0.0,9.0,2.0,0.0,2,2.0
2019,CAB0043,EMEA-Asia,hyperscaler,2004,15,6,18857.0,4,None,99.4,99.4,69.8,1,25,37,1,43.7,none,0,0.0,2020.0,True,True,,0.0,1.0,0.0,18.699999999999996,3.0,0.0,1,3.0
2020,CAB0043,EMEA-Asia,hyperscaler,2004,16,6,18857.0,4,None,99.4,99.4,92.8,1,25,40,0,25.4,none,0,0.0,2021.0,True,True,,0.0,1.0,0.0,23.0,3.0,0.0,0,4.0
2021,CAB0043,EMEA-Asia,hyperscaler,2004,17,6,18857.0,4,None,99.4,99.4,65.2,1,25,44,0,27.0,none,0,0.0,2022.0,True,True,,0.0,1.0,0.0,-27.599999999999994,4.0,0.0,0,5.0
2022,CAB0043,EMEA-Asia,hyperscaler,2004,18,6,18857.0,4,None,99.4,99.4,39.8,1,25,45,0,28.6,none,0,0.0,2023.0,True,True,,0.0,1.0,0.0,-25.400000000000006,1.0,0.0,0,6.0
2023,CAB0043,EMEA-Asia,hyperscaler,2004,19,6,18857.0,4,None,99.4,99.4,40.1,1,25,47,0,30.2,none,0,0.0,2024.0,True,True,,0.0,1.0,0.0,0.30000000000000426,2.0,0.0,0,7.0
2024,CAB0043,EMEA-Asia,hyperscaler,2004,20,6,18857.0,4,None,99.4,99.4,80.3,1,25,48,0,31.7,none,0,0.0,2025.0,True,True,,0.0,1.0,0.0,40.199999999999996,1.0,0.0,0,8.0
2025,CAB0043,EMEA-Asia,hyperscaler,2004,21,6,18857.0,4,None,99.4,99.4,82.0,1,25,47,0,33.3,none,0,0.0,2026.0,True,True,,0.0,1.0,0.0,1.7000000000000028,-1.0,0.0,0,9.0
2025,CAB0044,Americas,consortium,2025,0,48,7140.0,4,None,2235.4,537.4,30.3,1,25,39,1,19.8,none,0,0.0,2026.0,True,True,,1698.0,0.24040440189675225,,,,,0,
2018,CAB0046,Trans-Atlantic,consortium,2018,0,7,6735.0,5,None,256.0,57.1,32.4,1,25,40,0,0.0,none,0,0.0,2019.0,True,True,,198.9,0.223046875,,,,,0,
2019,CAB0046,Trans-Atlantic,consortium,2018,1,7,6735.0,5,None,256.0,102.6,39.9,1,25,45,0,1.6,none,0,0.0,2020.0,True,True,,153.4,0.40078125,45.49999999999999,7.5,5.0,0.0,0,
2020,CAB0046,Trans-Atlantic,consortium,2018,2,7,6735.0,5,None,256.0,122.6,62.3,1,25,48,0,3.2,none,0,0.0,2021.0,True,True,,133.4,0.47890625,20.0,22.4,3.0,0.0,0,
2021,CAB0046,Trans-Atlantic,consortium,2018,3,7,6735.0,5,None,256.0,107.8,46.3,1,25,50,0,4.8,none,0,0.0,2022.0,True,True,,148.2,0.42109375,-14.799999999999997,-16.0,2.0,0.0,0,
2022,CAB0046,Trans-Atlantic,consortium,2018,4,7,6735.0,5,None,256.0,137.6,45.6,1,25,51,0,6.3,none,0,0.0,2023.0,True,True,,118.4,0.5375,29.799999999999997,-0.6999999999999957,1.0,0.0,0,
2023,CAB0046,Trans-Atlantic,consortium,2018,5,7,6735.0,5,None,256.0,145.1,52.0,1,25,54,0,7.9,none,0,0.0,2024.0,True,True,,110.9,0.566796875,7.5,6.399999999999999,3.0,0.0,0,
2024,CAB0046,Trans-Atlantic,consortium,2018,6,7,6735.0,5,None,256.0,158.5,35.0,1,25,58,0,9.5,none,0,0.0,2025.0,True,True,,97.5,0.619140625,13.400000000000006,-17.0,4.0,0.0,0,
2025,CAB0046,Trans-Atlantic,consortium,2018,7,7,6735.0,5,None,256.0,182.8,38.5,1,25,62,0,11.1,none,0,0.0,2026.0,True,True,,73.19999999999999,0.7140625,24.30000000000001,3.5,4.0,0.0,0,
2015,CAB0047,Trans-Pacific,consortium,2006,9,5,9094.0,6,None,97.1,74.4,64.2,1,25,35,1,34.1,none,0,0.0,2016.0,True,True,,22.69999999999999,0.7662203913491247,,,,,0,
2016,CAB0047,Trans-Pacific,consortium,2006,10,5,9094.0,6,None,97.1,81.5,58.2,1,25,37,1,35.7,none,0,0.0,2017.0,True,True,,15.599999999999994,0.839340885684861,7.099999999999994,-6.0,2.0,0.0,0,
2017,CAB0047,Trans-Pacific,consortium,2006,11,5,9094.0,6,None,97.1,77.0,98.5,1,25,38,1,37.3,none,0,0.0,2018.0,True,True,,20.099999999999994,0.7929969104016479,-4.5,40.3,1.0,0.0,0,
2018,CAB0047,Trans-Pacific,consortium,2006,12,5,9094.0,6,None,97.1,85.7,78.5,1,25,39,1,38.9,none,0,0.0,2019.0,True,True,,11.399999999999991,0.88259526261586,8.700000000000003,-20.0,1.0,0.0,0,
2019,CAB0047,Trans-Pacific,consortium,2006,13,5,9094.0,6,None,97.1,97.1,73.9,1,25,41,0,20.6,none,0,0.0,2020.0,True,True,,0.0,1.0,11.399999999999991,-4.599999999999994,2.0,0.0,0,
2020,CAB0047,Trans-Pacific,consortium,2006,14,5,9094.0,6,None,97.1,97.1,37.2,1,25,42,0,22.2,none,0,0.0,2021.0,True,True,,0.0,1.0,0.0,-36.7,1.0,0.0,0,
2021,CAB0047,Trans-Pacific,consortium,2006,15,5,9094.0,6,None,97.1,97.1,41.4,1,25,43,0,23.8,none,0,0.0,2022.0,True,True,,0.0,1.0,0.0,4.199999999999996,1.0,0.0,0,
2022,CAB0047,Trans-Pacific,consortium,2006,16,5,9094.0,6,None,97.1,97.1,83.9,1,25,45,0,25.4,none,0,0.0,2023.0,True,True,,0.0,1.0,0.0,42.50000000000001,2.0,0.0,0,
2023,CAB0047,Trans-Pacific,consortium,2006,17,5,9094.0,6,None,97.1,97.1,100.0,1,25,47,0,27.0,none,0,0.0,2024.0,True,True,,0.0,1.0,0.0,16.099999999999994,2.0,0.0,0,
2024,CAB0047,Trans-Pacific,consortium,2006,18,5,9094.0,6,None,97.1,97.1,100.0,1,25,49,0,28.6,none,0,0.0,2025.0,True,True,,0.0,1.0,0.0,0.0,2.0,0.0,0,
2025,CAB0047,Trans-Pacific,consortium,2006,19,5,9094.0,6,None,97.1,97.1,81.5,1,25,50,0,30.2,none,0,0.0,2026.0,True,True,,0.0,1.0,0.0,-18.5,1.0,0.0,0,
2015,CAB0048,Indian-Ocean,government,2002,13,11,12988.0,7,None,150.9,150.9,69.9,1,25,31,1,40.5,none,0,0.0,2016.0,True,True,,0.0,1.0,,,,,0,
2016,CAB0048,Indian-Ocean,government,2002,14,11,12988.0,7,None,150.9,150.9,37.5,1,25,33,1,42.1,none,0,0.0,2017.0,True,True,,0.0,1.0,0.0,-32.400000000000006,2.0,0.0,0,
2017,CAB0048,Indian-Ocean,government,2002,15,11,12988.0,7,None,150.9,150.9,51.0,1,25,33,1,43.7,none,0,0.0,2018.0,True,True,,0.0,1.0,0.0,13.5,0.0,0.0,0,
2018,CAB0048,Indian-Ocean,government,2002,16,11,12988.0,7,None,150.9,150.9,49.9,1,25,35,1,45.2,none,0,0.0,2019.0,True,True,,0.0,1.0,0.0,-1.1000000000000014,2.0,0.0,0,
2019,CAB0048,Indian-Ocean,government,2002,17,11,12988.0,7,None,150.9,150.9,100.0,1,25,35,1,46.8,none,0,1.0,2020.0,True,True,,0.0,1.0,0.0,50.1,0.0,0.0,0,
2020,CAB0048,Indian-Ocean,government,2002,18,11,12988.0,7,None,150.9,150.9,97.4,1,25,36,1,48.4,equipment,1,0.0,2021.0,True,True,,0.0,1.0,0.0,-2.5999999999999943,1.0,0.0,0,
2021,CAB0048,Indian-Ocean,government,2002,19,11,12988.0,7,None,150.9,150.9,100.0,1,25,39,1,50.0,none,0,0.0,2022.0,True,True,,0.0,1.0,0.0,2.5999999999999943,3.0,1.0,1,1.0
2022,CAB0048,Indian-Ocean,government,2002,20,11,12988.0,7,None,150.9,150.9,52.6,1,25,39,1,51.6,none,0,1.0,2023.0,True,True,,0.0,1.0,0.0,-47.4,0.0,0.0,1,2.0
2023,CAB0048,Indian-Ocean,government,2002,21,11,12988.0,7,None,150.9,150.9,70.5,1,25,40,0,33.3,fishing_anchor,1,0.0,2024.0,True,True,,0.0,1.0,0.0,17.9,1.0,0.0,1,3.0
2024,CAB0048,Indian-Ocean,government,2002,22,11,12988.0,7,None,150.9,150.9,64.6,1,25,41,0,34.9,none,0,0.0,2025.0,True,True,,0.0,1.0,0.0,-5.900000000000006,1.0,1.0,1,1.0
2025,CAB0048,Indian-Ocean,government,2002,23,11,12988.0,7,None,150.9,150.9,93.9,1,25,44,0,36.5,none,0,0.0,2026.0,True,True,,0.0,1.0,0.0,29.30000000000001,3.0,0.0,1,2.0
2015,CAB0049,Africa-Coastal,carrier,2011,4,6,3421.0,3,None,159.4,80.1,50.9,0,25,36,1,42.1,none,0,1.0,2016.0,True,True,,79.30000000000001,0.5025094102885821,,,,,0,
2016,CAB0049,Africa-Coastal,carrier,2011,5,6,3421.0,3,None,159.4,90.1,83.1,0,25,37,1,43.7,fishing_anchor,1,0.0,2017.0,True,True,,69.30000000000001,0.5652446675031367,10.0,32.199999999999996,1.0,0.0,0,
2017,CAB0049,Africa-Coastal,carrier,2011,6,6,3421.0,3,None,159.4,96.0,46.0,0,25,40,0,25.4,none,0,0.0,2018.0,True,True,,63.400000000000006,0.6022584692597239,5.900000000000006,-37.099999999999994,3.0,1.0,1,1.0
2018,CAB0049,Africa-Coastal,carrier,2011,7,6,3421.0,3,None,159.4,105.8,72.0,0,25,40,0,27.0,none,0,0.0,2019.0,True,True,,53.60000000000001,0.6637390213299874,9.799999999999997,26.0,0.0,0.0,1,2.0
2019,CAB0049,Africa-Coastal,carrier,2011,8,6,3421.0,3,None,159.4,124.1,96.7,0,25,42,0,28.6,none,0,0.0,2020.0,True,True,,35.30000000000001,0.7785445420326222,18.299999999999997,24.700000000000003,2.0,0.0,1,3.0
2020,CAB0049,Africa-Coastal,carrier,2011,9,6,3421.0,3,None,159.4,126.2,30.9,0,25,43,0,30.2,none,0,1.0,2021.0,True,True,,33.2,0.7917189460476788,2.1000000000000085,-65.80000000000001,1.0,0.0,0,4.0
2021,CAB0049,Africa-Coastal,carrier,2011,10,6,3421.0,3,None,159.4,147.6,68.0,0,25,44,0,31.7,fishing_anchor,1,1.0,2022.0,True,True,,11.800000000000011,0.9259723964868255,21.39999999999999,37.1,1.0,0.0,0,5.0
2022,CAB0049,Africa-Coastal,carrier,2011,11,6,3421.0,3,None,159.4,141.1,73.8,0,25,45,0,33.3,fishing_anchor,1,1.0,2023.0,True,True,,18.30000000000001,0.8851944792973651,-6.5,5.799999999999997,1.0,1.0,1,1.0
2023,CAB0049,Africa-Coastal,carrier,2011,12,6,3421.0,3,None,159.4,159.4,98.1,0,25,47,0,34.9,fishing_anchor,1,1.0,2024.0,True,True,,0.0,1.0,18.30000000000001,24.299999999999997,2.0,1.0,2,1.0
2024,CAB0049,Africa-Coastal,carrier,2011,13,6,3421.0,3,None,159.4,156.9,68.5,0,25,49,0,36.5,fishing_anchor,1,0.0,2025.0,True,True,,2.5,0.9843161856963614,-2.5,-29.599999999999994,2.0,1.0,3,1.0
2025,CAB0049,Africa-Coastal,carrier,2011,14,6,3421.0,3,None,159.4,159.4,81.7,0,25,52,0,38.1,none,0,0.0,2026.0,True,True,,0.0,1.0,2.5,13.200000000000003,3.0,1.0,3,1.0
2015,CAB0051,Intra-Asia,hyperscaler,1999,16,2,5223.0,3,None,18.9,18.9,51.5,1,25,53,0,25.4,none,0,0.0,2016.0,True,True,,0.0,1.0,,,,,0,
2016,CAB0051,Intra-Asia,hyperscaler,1999,17,2,5223.0,3,None,18.9,18.9,91.3,1,25,59,0,27.0,none,0,0.0,2017.0,True,True,,0.0,1.0,0.0,39.8,6.0,0.0,0,
2017,CAB0051,Intra-Asia,hyperscaler,1999,18,2,5223.0,3,None,18.9,18.9,96.4,1,25,60,0,28.6,none,0,0.0,2018.0,True,True,,0.0,1.0,0.0,5.1000000000000085,1.0,0.0,0,
2018,CAB0051,Intra-Asia,hyperscaler,1999,19,2,5223.0,3,None,18.9,18.9,97.2,1,25,62,0,30.2,none,0,0.0,2019.0,True,True,,0.0,1.0,0.0,0.7999999999999972,2.0,0.0,0,
2019,CAB0051,Intra-Asia,hyperscaler,1999,20,2,5223.0,3,None,18.9,18.9,61.4,1,25,64,0,31.7,none,0,0.0,2020.0,True,True,,0.0,1.0,0.0,-35.800000000000004,2.0,0.0,0,
2020,CAB0051,Intra-Asia,hyperscaler,1999,21,2,5223.0,3,None,18.9,18.9,94.6,1,25,66,0,33.3,none,0,0.0,2021.0,True,True,,0.0,1.0,0.0,33.199999999999996,2.0,0.0,0,
2021,CAB0051,Intra-Asia,hyperscaler,1999,22,2,5223.0,3,None,18.9,18.9,61.9,1,25,69,0,34.9,none,0,0.0,2022.0,True,True,,0.0,1.0,0.0,-32.699999999999996,3.0,0.0,0,
2022,CAB0051,Intra-Asia,hyperscaler,1999,23,2,5223.0,3,None,18.9,18.9,100.0,1,25,70,0,36.5,none,0,0.0,2023.0,True,True,,0.0,1.0,0.0,38.1,1.0,0.0,0,
2023,CAB0051,Intra-Asia,hyperscaler,1999,24,2,5223.0,3,None,18.9,18.9,65.9,1,25,70,0,38.1,none,0,0.0,2024.0,True,True,,0.0,1.0,0.0,-34.099999999999994,0.0,0.0,0,
2024,CAB0051,Intra-Asia,hyperscaler,1999,25,2,5223.0,3,None,18.9,18.9,67.4,1,25,75,0,39.7,none,0,0.0,2025.0,True,True,,0.0,1.0,0.0,1.5,5.0,0.0,0,
2025,CAB0051,Intra-Asia,hyperscaler,1999,26,2,5223.0,3,None,18.9,18.9,100.0,1,25,77,0,41.3,none,0,1.0,2026.0,True,True,,0.0,1.0,0.0,32.599999999999994,2.0,0.0,0,
2015,CAB0052,Indian-Ocean,carrier,2015,0,7,4580.0,6,Bab-el-Mandeb,226.0,48.7,20.8,1,25,31,1,47.6,none,0,0.0,2016.0,True,True,,177.3,0.21548672566371682,,,,,0,
2016,CAB0052,Indian-Ocean,carrier,2015,1,7,4580.0,6,Bab-el-Mandeb,226.0,78.6,59.8,1,25,33,1,49.2,none,0,1.0,2017.0,True,True,,147.4,0.347787610619469,29.89999999999999,39.0,2.0,0.0,0,
2017,CAB0052,Indian-Ocean,carrier,2015,2,7,4580.0,6,Bab-el-Mandeb,226.0,79.1,73.3,1,25,33,1,50.8,fishing_anchor,1,0.0,2018.0,True,True,,146.9,0.35,0.5,13.5,0.0,0.0,0,
2018,CAB0052,Indian-Ocean,carrier,2015,3,7,4580.0,6,Bab-el-Mandeb,226.0,103.8,60.4,1,25,35,1,52.4,none,0,0.0,2019.0,True,True,,122.2,0.4592920353982301,24.700000000000003,-12.899999999999999,2.0,1.0,1,1.0
2019,CAB0052,Indian-Ocean,carrier,2015,4,7,4580.0,6,Bab-el-Mandeb,226.0,101.7,37.5,1,25,35,1,54.0,none,0,0.0,2020.0,True,True,,124.3,0.45,-2.0999999999999943,-22.9,0.0,0.0,1,2.0
2020,CAB0052,Indian-Ocean,carrier,2015,5,7,4580.0,6,Bab-el-Mandeb,226.0,117.9,64.1,1,25,36,1,55.6,none,0,0.0,2021.0,True,True,,108.1,0.5216814159292036,16.200000000000003,26.599999999999994,1.0,0.0,1,3.0
2021,CAB0052,Indian-Ocean,carrier,2015,6,7,4580.0,6,Bab-el-Mandeb,226.0,132.1,56.3,1,25,39,1,57.1,none,0,0.0,2022.0,True,True,,93.9,0.5845132743362832,14.199999999999989,-7.799999999999997,3.0,0.0,0,4.0
2022,CAB0052,Indian-Ocean,carrier,2015,7,7,4580.0,6,Bab-el-Mandeb,226.0,157.8,61.7,1,25,39,1,58.7,none,0,0.0,2023.0,True,True,,68.19999999999999,0.6982300884955752,25.700000000000017,5.400000000000006,0.0,0.0,0,5.0
2023,CAB0052,Indian-Ocean,carrier,2015,8,7,4580.0,6,Bab-el-Mandeb,226.0,153.0,30.9,1,25,40,0,40.5,none,0,1.0,2024.0,True,True,,73.0,0.6769911504424779,-4.800000000000011,-30.800000000000004,1.0,0.0,0,6.0
2024,CAB0052,Indian-Ocean,carrier,2015,9,7,4580.0,6,Bab-el-Mandeb,226.0,186.1,61.1,1,25,41,0,42.1,fishing_anchor,1,0.0,2025.0,True,True,,39.900000000000006,0.8234513274336283,33.099999999999994,30.200000000000003,1.0,0.0,0,7.0
2025,CAB0052,Indian-Ocean,carrier,2015,10,7,4580.0,6,Bab-el-Mandeb,226.0,188.2,36.2,1,25,44,0,43.7,none,0,0.0,2026.0,True,True,,37.80000000000001,0.8327433628318583,2.0999999999999943,-24.9,3.0,1.0,1,1.0
2018,CAB0053,Trans-Atlantic,carrier,2018,0,7,7108.0,6,None,256.0,79.9,43.8,0,25,40,0,15.9,none,0,0.0,2019.0,True,True,,176.1,0.312109375,,,,,0,
2019,CAB0053,Trans-Atlantic,carrier,2018,1,7,7108.0,6,None,256.0,89.3,64.3,0,25,45,0,17.5,none,0,0.0,2020.0,True,True,,166.7,0.348828125,9.399999999999991,20.5,5.0,0.0,0,
2020,CAB0053,Trans-Atlantic,carrier,2018,2,7,7108.0,6,None,256.0,101.9,22.4,0,25,48,0,19.0,none,0,0.0,2021.0,True,True,,154.1,0.398046875,12.600000000000009,-41.9,3.0,0.0,0,
2021,CAB0053,Trans-Atlantic,carrier,2018,3,7,7108.0,6,None,256.0,113.9,76.1,0,25,50,0,20.6,none,0,0.0,2022.0,True,True,,142.1,0.444921875,12.0,53.699999999999996,2.0,0.0,0,
2022,CAB0053,Trans-Atlantic,carrier,2018,4,7,7108.0,6,None,256.0,125.7,48.9,0,25,51,0,22.2,none,0,0.0,2023.0,True,True,,130.3,0.491015625,11.799999999999997,-27.199999999999996,1.0,0.0,0,
2023,CAB0053,Trans-Atlantic,carrier,2018,5,7,7108.0,6,None,256.0,147.7,82.6,0,25,54,0,23.8,none,0,0.0,2024.0,True,True,,108.30000000000001,0.576953125,21.999999999999986,33.699999999999996,3.0,0.0,0,
2024,CAB0053,Trans-Atlantic,carrier,2018,6,7,7108.0,6,None,256.0,142.1,36.6,0,25,58,0,25.4,none,0,0.0,2025.0,True,True,,113.9,0.555078125,-5.599999999999994,-45.99999999999999,4.0,0.0,0,
2025,CAB0053,Trans-Atlantic,carrier,2018,7,7,7108.0,6,None,256.0,166.9,30.0,0,25,62,0,27.0,none,0,0.0,2026.0,True,True,,89.1,0.651953125,24.80000000000001,-6.600000000000001,4.0,0.0,0,
2015,CAB0054,Americas,consortium,2008,7,15,8657.0,6,None,334.3,252.0,35.8,0,25,28,1,46.8,none,0,0.0,2016.0,True,True,,82.30000000000001,0.7538139395752318,,,,,0,
2016,CAB0054,Americas,consortium,2008,8,15,8657.0,6,None,334.3,263.2,22.6,0,25,29,1,48.4,none,0,1.0,2017.0,True,True,,71.10000000000002,0.787316781334131,11.199999999999989,-13.199999999999996,1.0,0.0,0,
2017,CAB0054,Americas,consortium,2008,9,15,8657.0,6,None,334.3,250.8,84.9,0,25,29,1,50.0,fishing_anchor,1,0.0,2018.0,True,True,,83.5,0.7502243493867784,-12.399999999999977,62.300000000000004,0.0,0.0,0,
2018,CAB0054,Americas,consortium,2008,10,15,8657.0,6,None,334.3,270.4,100.0,0,25,31,1,51.6,none,0,1.0,2019.0,True,True,,63.900000000000034,0.8088543224648518,19.599999999999966,15.099999999999994,2.0,1.0,1,1.0
2019,CAB0054,Americas,consortium,2008,11,15,8657.0,6,None,334.3,295.4,65.0,0,25,32,1,53.2,fishing_anchor,1,1.0,2020.0,True,True,,38.900000000000034,0.8836374513909661,25.0,-35.0,1.0,0.0,1,2.0
2020,CAB0054,Americas,consortium,2008,12,15,8657.0,6,None,334.3,313.6,55.5,0,25,33,1,54.8,fishing_anchor,1,1.0,2021.0,True,True,,20.69999999999999,0.9380795692491775,18.200000000000045,-9.5,1.0,1.0,2,1.0
2021,CAB0054,Americas,consortium,2008,13,15,8657.0,6,None,334.3,334.3,68.2,0,25,37,1,56.3,fishing_anchor,1,0.0,2022.0,True,True,,0.0,1.0,20.69999999999999,12.700000000000003,4.0,1.0,2,1.0
2022,CAB0054,Americas,consortium,2008,14,15,8657.0,6,None,334.3,334.3,48.0,0,25,37,1,57.9,none,0,0.0,2023.0,True,True,,0.0,1.0,0.0,-20.200000000000003,0.0,1.0,3,1.0
2023,CAB0054,Americas,consortium,2008,15,15,8657.0,6,None,334.3,334.3,45.5,0,25,37,1,59.5,none,0,1.0,2024.0,True,True,,0.0,1.0,0.0,-2.5,0.0,0.0,2,2.0
2024,CAB0054,Americas,consortium,2008,16,15,8657.0,6,None,334.3,334.3,59.9,0,25,39,1,61.1,equipment,1,0.0,2025.0,True,True,,0.0,1.0,0.0,14.399999999999999,2.0,0.0,1,3.0
2025,CAB0054,Americas,consortium,2008,17,15,8657.0,6,None,334.3,334.3,100.0,0,25,39,1,62.7,none,0,1.0,2026.0,True,True,,0.0,1.0,0.0,40.1,0.0,1.0,1,1.0
2015,CAB0055,Africa-Coastal,consortium,2007,8,14,3121.0,6,None,292.0,239.8,56.0,1,25,36,1,32.5,none,0,0.0,2016.0,True,True,,52.19999999999999,0.8212328767123288,,,,,0,
2016,CAB0055,Africa-Coastal,consortium,2007,9,14,3121.0,6,None,292.0,257.2,86.9,1,25,37,1,34.1,none,0,0.0,2017.0,True,True,,34.80000000000001,0.8808219178082192,17.399999999999977,30.900000000000006,1.0,0.0,0,
2017,CAB0055,Africa-Coastal,consortium,2007,10,14,3121.0,6,None,292.0,252.5,91.3,1,25,40,0,15.9,none,0,0.0,2018.0,True,True,,39.5,0.8647260273972602,-4.699999999999989,4.3999999999999915,3.0,0.0,0,
2018,CAB0055,Africa-Coastal,consortium,2007,11,14,3121.0,6,None,292.0,246.0,95.2,1,25,40,0,17.5,none,0,0.0,2019.0,True,True,,46.0,0.8424657534246576,-6.5,3.9000000000000057,0.0,0.0,0,
2019,CAB0055,Africa-Coastal,consortium,2007,12,14,3121.0,6,None,292.0,266.3,52.8,1,25,42,0,19.0,none,0,0.0,2020.0,True,True,,25.69999999999999,0.911986301369863,20.30000000000001,-42.400000000000006,2.0,0.0,0,
2020,CAB0055,Africa-Coastal,consortium,2007,13,14,3121.0,6,None,292.0,292.0,76.8,1,25,43,0,20.6,none,0,0.0,2021.0,True,True,,0.0,1.0,25.69999999999999,24.0,1.0,0.0,0,
2021,CAB0055,Africa-Coastal,consortium,2007,14,14,3121.0,6,None,292.0,292.0,39.8,1,25,44,0,22.2,none,0,0.0,2022.0,True,True,,0.0,1.0,0.0,-37.0,1.0,0.0,0,
2022,CAB0055,Africa-Coastal,consortium,2007,15,14,3121.0,6,None,292.0,292.0,40.9,1,25,45,0,23.8,none,0,0.0,2023.0,True,True,,0.0,1.0,0.0,1.1000000000000014,1.0,0.0,0,
2023,CAB0055,Africa-Coastal,consortium,2007,16,14,3121.0,6,None,292.0,292.0,67.5,1,25,47,0,25.4,none,0,0.0,2024.0,True,True,,0.0,1.0,0.0,26.6,2.0,0.0,0,
2024,CAB0055,Africa-Coastal,consortium,2007,17,14,3121.0,6,None,292.0,292.0,46.1,1,25,49,0,27.0,none,0,0.0,2025.0,True,True,,0.0,1.0,0.0,-21.4,2.0,0.0,0,
2025,CAB0055,Africa-Coastal,consortium,2007,18,14,3121.0,6,None,292.0,292.0,72.5,1,25,52,0,28.6,none,0,0.0,2026.0,True,True,,0.0,1.0,0.0,26.4,3.0,0.0,0,
2022,CAB0056,Intra-Pacific-Islands,hyperscaler,2022,0,34,3179.0,7,None,1437.7,321.1,75.4,0,25,43,0,15.9,none,0,0.0,2023.0,True,True,,1116.6,0.22334283925714685,,,,,0,
2023,CAB0056,Intra-Pacific-Islands,hyperscaler,2022,1,34,3179.0,7,None,1437.7,492.7,64.9,0,25,45,0,17.5,none,0,0.0,2024.0,True,True,,945.0,0.3427001460666342,171.59999999999997,-10.5,2.0,0.0,0,
2024,CAB0056,Intra-Pacific-Islands,hyperscaler,2022,2,34,3179.0,7,None,1437.7,445.3,9.8,0,25,48,0,19.0,none,0,0.0,2025.0,True,True,,992.4000000000001,0.3097308200598178,-47.39999999999998,-55.10000000000001,3.0,0.0,0,
2025,CAB0056,Intra-Pacific-Islands,hyperscaler,2022,3,34,3179.0,7,None,1437.7,635.9,25.2,0,25,50,0,20.6,none,0,0.0,2026.0,True,True,,801.8000000000001,0.4423036794880712,190.59999999999997,15.399999999999999,2.0,0.0,0,
2015,CAB0057,Indian-Ocean,carrier,2008,7,15,4247.0,2,None,334.3,215.4,41.6,1,25,31,1,42.9,none,0,0.0,2016.0,True,True,,118.9,0.6443314388274005,,,,,0,
2016,CAB0057,Indian-Ocean,carrier,2008,8,15,4247.0,2,None,334.3,230.6,65.4,1,25,33,1,44.4,none,0,0.0,2017.0,True,True,,103.70000000000002,0.6897995812144779,15.199999999999989,23.800000000000004,2.0,0.0,0,
2017,CAB0057,Indian-Ocean,carrier,2008,9,15,4247.0,2,None,334.3,295.3,24.9,1,25,33,1,46.0,none,0,0.0,2018.0,True,True,,39.0,0.8833383188752617,64.70000000000002,-40.50000000000001,0.0,0.0,0,
2018,CAB0057,Indian-Ocean,carrier,2008,10,15,4247.0,2,None,334.3,314.4,66.1,1,25,35,1,47.6,none,0,0.0,2019.0,True,True,,19.900000000000034,0.9404726293748129,19.099999999999966,41.199999999999996,2.0,0.0,0,
2019,CAB0057,Indian-Ocean,carrier,2008,11,15,4247.0,2,None,334.3,308.3,37.4,1,25,35,1,49.2,none,0,0.0,2020.0,True,True,,26.0,0.9222255459168411,-6.099999999999966,-28.699999999999996,0.0,0.0,0,
2020,CAB0057,Indian-Ocean,carrier,2008,12,15,4247.0,2,None,334.3,303.7,61.3,1,25,36,1,50.8,none,0,0.0,2021.0,True,True,,30.600000000000023,0.908465450194436,-4.600000000000023,23.9,1.0,0.0,0,
2021,CAB0057,Indian-Ocean,carrier,2008,13,15,4247.0,2,None,334.3,334.3,82.2,1,25,39,1,52.4,none,0,0.0,2022.0,True,True,,0.0,1.0,30.600000000000023,20.900000000000006,3.0,0.0,0,
2022,CAB0057,Indian-Ocean,carrier,2008,14,15,4247.0,2,None,334.3,334.3,42.3,1,25,39,1,54.0,none,0,0.0,2023.0,True,True,,0.0,1.0,0.0,-39.900000000000006,0.0,0.0,0,
2023,CAB0057,Indian-Ocean,carrier,2008,15,15,4247.0,2,None,334.3,334.3,63.1,1,25,40,0,35.7,none,0,0.0,2024.0,True,True,,0.0,1.0,0.0,20.800000000000004,1.0,0.0,0,
2024,CAB0057,Indian-Ocean,carrier,2008,16,15,4247.0,2,None,334.3,334.3,86.8,1,25,41,0,37.3,none,0,0.0,2025.0,True,True,,0.0,1.0,0.0,23.699999999999996,1.0,0.0,0,
2025,CAB0057,Indian-Ocean,carrier,2008,17,15,4247.0,2,None,334.3,334.3,79.6,1,25,44,0,38.9,none,0,0.0,2026.0,True,True,,0.0,1.0,0.0,-7.200000000000003,3.0,0.0,0,
2015,CAB0058,Intra-Pacific-Islands,government,2000,15,2,1292.0,5,None,21.7,21.7,90.7,1,25,28,1,43.7,none,0,0.0,2016.0,True,True,,0.0,1.0,,,,,0,
2016,CAB0058,Intra-Pacific-Islands,government,2000,16,2,1292.0,5,None,21.7,21.7,82.6,1,25,29,1,45.2,none,0,0.0,2017.0,True,True,,0.0,1.0,0.0,-8.100000000000009,1.0,0.0,0,
2017,CAB0058,Intra-Pacific-Islands,government,2000,17,2,1292.0,5,None,21.7,21.7,73.4,1,25,29,1,46.8,none,0,0.0,2018.0,True,True,,0.0,1.0,0.0,-9.199999999999989,0.0,0.0,0,
2018,CAB0058,Intra-Pacific-Islands,government,2000,18,2,1292.0,5,None,21.7,21.7,50.0,1,25,30,1,48.4,none,0,0.0,2019.0,True,True,,0.0,1.0,0.0,-23.400000000000006,1.0,0.0,0,
2019,CAB0058,Intra-Pacific-Islands,government,2000,19,2,1292.0,5,None,21.7,21.7,40.2,1,25,35,1,50.0,none,0,0.0,2020.0,True,True,,0.0,1.0,0.0,-9.799999999999997,5.0,0.0,0,
2020,CAB0058,Intra-Pacific-Islands,government,2000,20,2,1292.0,5,None,21.7,21.7,73.9,1,25,40,0,31.7,none,0,0.0,2021.0,True,True,,0.0,1.0,0.0,33.7,5.0,0.0,0,
2021,CAB0058,Intra-Pacific-Islands,government,2000,21,2,1292.0,5,None,21.7,21.7,62.0,1,25,41,0,33.3,none,0,0.0,2022.0,True,True,,0.0,1.0,0.0,-11.900000000000006,1.0,0.0,0,
2022,CAB0058,Intra-Pacific-Islands,government,2000,22,2,1292.0,5,None,21.7,21.7,74.2,1,25,43,0,34.9,none,0,1.0,2023.0,True,True,,0.0,1.0,0.0,12.200000000000003,2.0,0.0,0,
2023,CAB0058,Intra-Pacific-Islands,government,2000,23,2,1292.0,5,None,21.7,21.7,51.9,1,25,45,0,36.5,natural_hazard,1,0.0,2024.0,True,True,,0.0,1.0,0.0,-22.300000000000004,2.0,0.0,0,
2024,CAB0058,Intra-Pacific-Islands,government,2000,24,2,1292.0,5,None,21.7,21.7,82.5,1,25,48,0,38.1,none,0,0.0,2025.0,True,True,,0.0,1.0,0.0,30.6,3.0,1.0,1,1.0
2025,CAB0058,Intra-Pacific-Islands,government,2000,25,2,1292.0,5,None,21.7,21.7,80.6,1,25,50,0,39.7,none,0,0.0,2026.0,True,True,,0.0,1.0,0.0,-1.9000000000000057,2.0,0.0,1,2.0
2015,CAB0059,Intra-Asia,carrier,2003,12,4,4946.0,7,None,60.6,60.6,52.8,1,25,53,0,19.0,none,0,0.0,2016.0,True,True,,0.0,1.0,,,,,0,
2016,CAB0059,Intra-Asia,carrier,2003,13,4,4946.0,7,None,60.6,60.6,70.2,1,25,59,0,20.6,none,0,1.0,2017.0,True,True,,0.0,1.0,0.0,17.400000000000006,6.0,0.0,0,
2017,CAB0059,Intra-Asia,carrier,2003,14,4,4946.0,7,None,60.6,60.6,82.4,1,25,60,0,22.2,fishing_anchor,1,0.0,2018.0,True,True,,0.0,1.0,0.0,12.200000000000003,1.0,0.0,0,
2018,CAB0059,Intra-Asia,carrier,2003,15,4,4946.0,7,None,60.6,60.6,52.1,1,25,62,0,23.8,none,0,0.0,2019.0,True,True,,0.0,1.0,0.0,-30.300000000000004,2.0,1.0,1,1.0
2019,CAB0059,Intra-Asia,carrier,2003,16,4,4946.0,7,None,60.6,60.6,56.3,1,25,64,0,25.4,none,0,0.0,2020.0,True,True,,0.0,1.0,0.0,4.199999999999996,2.0,0.0,1,2.0
2020,CAB0059,Intra-Asia,carrier,2003,17,4,4946.0,7,None,60.6,60.6,95.1,1,25,66,0,27.0,none,0,0.0,2021.0,True,True,,0.0,1.0,0.0,38.8,2.0,0.0,1,3.0
2021,CAB0059,Intra-Asia,carrier,2003,18,4,4946.0,7,None,60.6,60.6,79.4,1,25,69,0,28.6,none,0,0.0,2022.0,True,True,,0.0,1.0,0.0,-15.699999999999989,3.0,0.0,0,4.0
2022,CAB0059,Intra-Asia,carrier,2003,19,4,4946.0,7,None,60.6,60.6,52.5,1,25,70,0,30.2,none,0,0.0,2023.0,True,True,,0.0,1.0,0.0,-26.900000000000006,1.0,0.0,0,5.0
2023,CAB0059,Intra-Asia,carrier,2003,20,4,4946.0,7,None,60.6,60.6,100.0,1,25,70,0,31.7,none,0,1.0,2024.0,True,True,,0.0,1.0,0.0,47.5,0.0,0.0,0,6.0
2024,CAB0059,Intra-Asia,carrier,2003,21,4,4946.0,7,None,60.6,60.6,100.0,1,25,75,0,33.3,natural_hazard,1,0.0,2025.0,True,True,,0.0,1.0,0.0,0.0,5.0,0.0,0,7.0
2025,CAB0059,Intra-Asia,carrier,2003,22,4,4946.0,7,None,60.6,60.6,95.9,1,25,77,0,34.9,none,0,0.0,2026.0,True,True,,0.0,1.0,0.0,-4.099999999999994,2.0,1.0,1,1.0
2015,CAB0060,Intra-Europe,carrier,2013,2,13,2415.0,4,None,382.6,146.4,66.3,1,25,41,0,3.2,none,0,0.0,2016.0,True,True,,236.20000000000002,0.3826450601150026,,,,,0,
2016,CAB0060,Intra-Europe,carrier,2013,3,13,2415.0,4,None,382.6,156.2,33.3,1,25,42,0,4.8,none,0,0.0,2017.0,True,True,,226.40000000000003,0.4082592786199686,9.799999999999983,-33.0,1.0,0.0,0,
2017,CAB0060,Intra-Europe,carrier,2013,4,13,2415.0,4,None,382.6,165.0,13.0,1,25,44,0,6.3,none,0,0.0,2018.0,True,True,,217.60000000000002,0.4312598013591218,8.800000000000011,-20.299999999999997,2.0,0.0,0,
2018,CAB0060,Intra-Europe,carrier,2013,5,13,2415.0,4,None,382.6,211.5,45.2,1,25,45,0,7.9,none,0,0.0,2019.0,True,True,,171.10000000000002,0.5527966544694197,46.5,32.2,1.0,0.0,0,
2019,CAB0060,Intra-Europe,carrier,2013,6,13,2415.0,4,None,382.6,222.5,72.4,1,25,47,0,9.5,none,0,0.0,2020.0,True,True,,160.10000000000002,0.5815473078933612,11.0,27.200000000000003,2.0,0.0,0,
2020,CAB0060,Intra-Europe,carrier,2013,7,13,2415.0,4,None,382.6,289.2,49.1,1,25,49,0,11.1,none,0,0.0,2021.0,True,True,,93.40000000000003,0.7558808154730788,66.69999999999999,-23.300000000000004,2.0,0.0,0,
2021,CAB0060,Intra-Europe,carrier,2013,8,13,2415.0,4,None,382.6,277.2,90.5,1,25,49,0,12.7,none,0,0.0,2022.0,True,True,,105.40000000000003,0.7245164662833246,-12.0,41.4,0.0,0.0,0,
2022,CAB0060,Intra-Europe,carrier,2013,9,13,2415.0,4,None,382.6,299.1,63.5,1,25,52,0,14.3,none,0,0.0,2023.0,True,True,,83.5,0.7817564035546263,21.900000000000034,-27.0,3.0,0.0,0,
2023,CAB0060,Intra-Europe,carrier,2013,10,13,2415.0,4,None,382.6,323.7,70.1,1,25,53,0,15.9,none,0,1.0,2024.0,True,True,,58.900000000000034,0.8460533193936225,24.599999999999966,6.599999999999994,1.0,0.0,0,
2024,CAB0060,Intra-Europe,carrier,2013,11,13,2415.0,4,None,382.6,370.5,82.9,1,25,53,0,17.5,fishing_anchor,1,0.0,2025.0,True,True,,12.100000000000023,0.9683742812336643,46.80000000000001,12.800000000000011,0.0,0.0,0,
2025,CAB0060,Intra-Europe,carrier,2013,12,13,2415.0,4,None,382.6,371.0,46.4,1,25,58,0,19.0,none,0,0.0,2026.0,True,True,,11.600000000000023,0.9696811291165708,0.5,-36.50000000000001,5.0,1.0,1,1.0
2020,CAB0061,Intra-Pacific-Islands,consortium,2020,0,22,3782.0,5,None,867.4,228.1,58.9,0,25,40,0,15.9,none,0,0.0,2021.0,True,True,,639.3,0.26296979478902466,,,,,0,
2021,CAB0061,Intra-Pacific-Islands,consortium,2020,1,22,3782.0,5,None,867.4,286.3,56.5,0,25,41,0,17.5,none,0,0.0,2022.0,True,True,,581.0999999999999,0.330066866497579,58.20000000000002,-2.3999999999999986,1.0,0.0,0,
2022,CAB0061,Intra-Pacific-Islands,consortium,2020,2,22,3782.0,5,None,867.4,373.0,64.4,0,25,43,0,19.0,none,0,0.0,2023.0,True,True,,494.4,0.4300207516716624,86.69999999999999,7.900000000000006,2.0,0.0,0,
2023,CAB0061,Intra-Pacific-Islands,consortium,2020,3,22,3782.0,5,None,867.4,438.8,38.7,0,25,45,0,20.6,none,0,0.0,2024.0,True,True,,428.59999999999997,0.5058796403043578,65.80000000000001,-25.700000000000003,2.0,0.0,0,
2024,CAB0061,Intra-Pacific-Islands,consortium,2020,4,22,3782.0,5,None,867.4,425.0,53.6,0,25,48,0,22.2,none,0,0.0,2025.0,True,True,,442.4,0.48997002536315426,-13.800000000000011,14.899999999999999,3.0,0.0,0,
2025,CAB0061,Intra-Pacific-Islands,consortium,2020,5,22,3782.0,5,None,867.4,516.7,74.5,0,25,50,0,23.8,none,0,0.0,2026.0,True,True,,350.69999999999993,0.5956882637768043,91.70000000000005,20.9,2.0,0.0,0,
2015,CAB0062,EMEA-Asia,consortium,2002,13,5,18333.0,5,None,68.6,68.6,100.0,0,25,27,1,56.3,fishing_anchor,1,0.0,2016.0,True,True,,0.0,1.0,,,,,0,
2016,CAB0062,EMEA-Asia,consortium,2002,14,5,18333.0,5,None,68.6,67.8,85.7,0,25,29,1,57.9,none,0,0.0,2017.0,True,True,,0.7999999999999972,0.9883381924198251,-0.7999999999999972,-14.299999999999997,2.0,1.0,1,1.0
2017,CAB0062,EMEA-Asia,consortium,2002,15,5,18333.0,5,None,68.6,68.6,43.4,0,25,32,1,59.5,none,0,1.0,2018.0,True,True,,0.0,1.0,0.7999999999999972,-42.300000000000004,3.0,0.0,1,2.0
2018,CAB0062,EMEA-Asia,consortium,2002,16,5,18333.0,5,None,68.6,68.6,47.5,0,25,34,1,61.1,fishing_anchor,1,1.0,2019.0,True,True,,0.0,1.0,0.0,4.100000000000001,2.0,0.0,1,3.0
2019,CAB0062,EMEA-Asia,consortium,2002,17,5,18333.0,5,None,68.6,68.6,92.6,0,25,37,1,62.7,fishing_anchor,1,1.0,2020.0,True,True,,0.0,1.0,0.0,45.099999999999994,3.0,1.0,1,1.0
2020,CAB0062,EMEA-Asia,consortium,2002,18,5,18333.0,5,None,68.6,68.6,82.3,0,25,40,0,44.4,fishing_anchor,1,0.0,2021.0,True,True,,0.0,1.0,0.0,-10.299999999999997,3.0,1.0,2,1.0
2021,CAB0062,EMEA-Asia,consortium,2002,19,5,18333.0,5,None,68.6,68.6,74.4,0,25,44,0,46.0,none,0,0.0,2022.0,True,True,,0.0,1.0,0.0,-7.8999999999999915,4.0,1.0,3,1.0
2022,CAB0062,EMEA-Asia,consortium,2002,20,5,18333.0,5,None,68.6,68.6,62.0,0,25,45,0,47.6,none,0,1.0,2023.0,True,True,,0.0,1.0,0.0,-12.400000000000006,1.0,0.0,2,2.0
2023,CAB0062,EMEA-Asia,consortium,2002,21,5,18333.0,5,None,68.6,68.6,100.0,0,25,47,0,49.2,fishing_anchor,1,0.0,2024.0,True,True,,0.0,1.0,0.0,38.0,2.0,0.0,1,3.0
2024,CAB0062,EMEA-Asia,consortium,2002,22,5,18333.0,5,None,68.6,68.6,61.4,0,25,48,0,50.8,none,0,1.0,2025.0,True,True,,0.0,1.0,0.0,-38.6,1.0,1.0,1,1.0
2025,CAB0062,EMEA-Asia,consortium,2002,23,5,18333.0,5,None,68.6,68.6,90.0,0,25,47,0,52.4,fishing_anchor,1,1.0,2026.0,True,True,,0.0,1.0,0.0,28.6,-1.0,0.0,1,2.0
2021,CAB0063,Trans-Atlantic,hyperscaler,2021,0,34,6695.0,5,None,1389.1,240.0,49.2,1,25,50,0,0.0,none,0,0.0,2022.0,True,True,,1149.1,0.17277373839176446,,,,,0,
2022,CAB0063,Trans-Atlantic,hyperscaler,2021,1,34,6695.0,5,None,1389.1,403.6,66.9,1,25,51,0,1.6,none,0,0.0,2023.0,True,True,,985.4999999999999,0.29054783672881723,163.60000000000002,17.700000000000003,1.0,0.0,0,
2023,CAB0063,Trans-Atlantic,hyperscaler,2021,2,34,6695.0,5,None,1389.1,466.0,55.6,1,25,54,0,3.2,none,0,0.0,2024.0,True,True,,923.0999999999999,0.335469008710676,62.39999999999998,-11.300000000000004,3.0,0.0,0,
2024,CAB0063,Trans-Atlantic,hyperscaler,2021,3,34,6695.0,5,None,1389.1,606.9,72.7,1,25,58,0,4.8,none,0,1.0,2025.0,True,True,,782.1999999999999,0.4369015909581744,140.89999999999998,17.1,4.0,0.0,0,
2025,CAB0063,Trans-Atlantic,hyperscaler,2021,4,34,6695.0,5,None,1389.1,574.5,49.2,1,25,62,0,6.3,suspected_external,1,0.0,2026.0,True,True,,814.5999999999999,0.4135771362752862,-32.39999999999998,-23.5,4.0,0.0,0,
2015,CAB0064,Trans-Pacific,consortium,2013,2,18,10138.0,3,None,529.7,174.8,87.9,0,25,35,1,38.9,equipment,1,0.0,2016.0,True,True,,354.90000000000003,0.3299981121389466,,,,,0,
2016,CAB0064,Trans-Pacific,consortium,2013,3,18,10138.0,3,None,529.7,226.3,22.1,0,25,37,1,40.5,none,0,0.0,2017.0,True,True,,303.40000000000003,0.42722295639040964,51.5,-65.80000000000001,2.0,1.0,1,1.0
2017,CAB0064,Trans-Pacific,consortium,2013,4,18,10138.0,3,None,529.7,275.4,96.6,0,25,38,1,42.1,none,0,0.0,2018.0,True,True,,254.30000000000007,0.5199169341136491,49.099999999999966,74.5,1.0,0.0,1,2.0
2018,CAB0064,Trans-Pacific,consortium,2013,5,18,10138.0,3,None,529.7,289.9,41.3,0,25,39,1,43.7,none,0,0.0,2019.0,True,True,,239.80000000000007,0.547290919388333,14.5,-55.3,1.0,0.0,1,3.0
2019,CAB0064,Trans-Pacific,consortium,2013,6,18,10138.0,3,None,529.7,298.6,84.4,0,25,41,0,25.4,none,0,0.0,2020.0,True,True,,231.10000000000002,0.5637153105531433,8.700000000000045,43.10000000000001,2.0,0.0,0,4.0
2020,CAB0064,Trans-Pacific,consortium,2013,7,18,10138.0,3,None,529.7,337.9,59.1,0,25,42,0,27.0,none,0,0.0,2021.0,True,True,,191.80000000000007,0.6379082499528034,39.299999999999955,-25.300000000000004,1.0,0.0,0,5.0
2021,CAB0064,Trans-Pacific,consortium,2013,8,18,10138.0,3,None,529.7,342.3,67.8,0,25,43,0,28.6,none,0,0.0,2022.0,True,True,,187.40000000000003,0.6462148385878799,4.400000000000034,8.699999999999996,1.0,0.0,0,6.0
2022,CAB0064,Trans-Pacific,consortium,2013,9,18,10138.0,3,None,529.7,418.5,60.6,0,25,45,0,30.2,none,0,0.0,2023.0,True,True,,111.20000000000005,0.7900698508589767,76.19999999999999,-7.199999999999996,2.0,0.0,0,7.0
2023,CAB0064,Trans-Pacific,consortium,2013,10,18,10138.0,3,None,529.7,435.3,55.1,0,25,47,0,31.7,none,0,0.0,2024.0,True,True,,94.40000000000003,0.8217859165565414,16.80000000000001,-5.5,2.0,0.0,0,8.0
2024,CAB0064,Trans-Pacific,consortium,2013,11,18,10138.0,3,None,529.7,497.7,77.5,0,25,49,0,33.3,none,0,0.0,2025.0,True,True,,32.00000000000006,0.9395884462903529,62.39999999999998,22.4,2.0,0.0,0,9.0
2025,CAB0064,Trans-Pacific,consortium,2013,12,18,10138.0,3,None,529.7,522.1,78.0,0,25,50,0,34.9,none,0,0.0,2026.0,True,True,,7.600000000000023,0.9856522559939588,24.400000000000034,0.5,1.0,0.0,0,10.0
2015,CAB0065,Intra-Asia,hyperscaler,2015,0,14,3160.0,6,None,452.0,112.0,27.4,1,25,53,0,0.0,none,0,0.0,2016.0,True,True,,340.0,0.24778761061946902,,,,,0,
2016,CAB0065,Intra-Asia,hyperscaler,2015,1,14,3160.0,6,None,452.0,156.5,69.8,1,25,59,0,1.6,none,0,0.0,2017.0,True,True,,295.5,0.34623893805309736,44.5,42.4,6.0,0.0,0,
2017,CAB0065,Intra-Asia,hyperscaler,2015,2,14,3160.0,6,None,452.0,139.7,23.4,1,25,60,0,3.2,none,0,0.0,2018.0,True,True,,312.3,0.309070796460177,-16.80000000000001,-46.4,1.0,0.0,0,
2018,CAB0065,Intra-Asia,hyperscaler,2015,3,14,3160.0,6,None,452.0,197.8,26.2,1,25,62,0,4.8,none,0,0.0,2019.0,True,True,,254.2,0.4376106194690266,58.10000000000002,2.8000000000000007,2.0,0.0,0,
2019,CAB0065,Intra-Asia,hyperscaler,2015,4,14,3160.0,6,None,452.0,186.2,45.5,1,25,64,0,6.3,none,0,0.0,2020.0,True,True,,265.8,0.4119469026548672,-11.600000000000023,19.3,2.0,0.0,0,
2020,CAB0065,Intra-Asia,hyperscaler,2015,5,14,3160.0,6,None,452.0,239.4,47.7,1,25,66,0,7.9,none,0,0.0,2021.0,True,True,,212.6,0.529646017699115,53.20000000000002,2.200000000000003,2.0,0.0,0,
2021,CAB0065,Intra-Asia,hyperscaler,2015,6,14,3160.0,6,None,452.0,221.4,53.8,1,25,69,0,9.5,none,0,0.0,2022.0,True,True,,230.6,0.48982300884955754,-18.0,6.099999999999994,3.0,0.0,0,
2022,CAB0065,Intra-Asia,hyperscaler,2015,7,14,3160.0,6,None,452.0,295.7,30.6,1,25,70,0,11.1,none,0,0.0,2023.0,True,True,,156.3,0.6542035398230088,74.29999999999998,-23.199999999999996,1.0,0.0,0,
2023,CAB0065,Intra-Asia,hyperscaler,2015,8,14,3160.0,6,None,452.0,332.7,64.1,1,25,70,0,12.7,none,0,0.0,2024.0,True,True,,119.30000000000001,0.7360619469026548,37.0,33.49999999999999,0.0,0.0,0,
2024,CAB0065,Intra-Asia,hyperscaler,2015,9,14,3160.0,6,None,452.0,371.1,34.9,1,25,75,0,14.3,none,0,0.0,2025.0,True,True,,80.89999999999998,0.8210176991150443,38.400000000000034,-29.199999999999996,5.0,0.0,0,
2025,CAB0065,Intra-Asia,hyperscaler,2015,10,14,3160.0,6,None,452.0,384.3,99.6,1,25,77,0,15.9,none,0,0.0,2026.0,True,True,,67.69999999999999,0.8502212389380531,13.199999999999989,64.69999999999999,2.0,0.0,0,
2025,CAB0066,Intra-Pacific-Islands,carrier,2025,0,6,3650.0,4,None,279.4,72.4,37.2,1,25,50,0,0.0,none,0,0.0,2026.0,True,True,,206.99999999999997,0.259126700071582,,,,,0,
2015,CAB0067,Intra-Pacific-Islands,hyperscaler,2006,9,7,2230.0,4,None,136.0,106.3,49.6,0,25,28,1,50.0,none,0,1.0,2016.0,True,True,,29.700000000000003,0.7816176470588235,,,,,0,
2016,CAB0067,Intra-Pacific-Islands,hyperscaler,2006,10,7,2230.0,4,None,136.0,109.7,25.3,0,25,29,1,51.6,suspected_external,1,0.0,2017.0,True,True,,26.299999999999997,0.8066176470588236,3.4000000000000057,-24.3,1.0,0.0,0,
2017,CAB0067,Intra-Pacific-Islands,hyperscaler,2006,11,7,2230.0,4,None,136.0,112.7,43.7,0,25,29,1,53.2,none,0,0.0,2018.0,True,True,,23.299999999999997,0.8286764705882353,3.0,18.400000000000002,0.0,1.0,1,1.0
2018,CAB0067,Intra-Pacific-Islands,hyperscaler,2006,12,7,2230.0,4,None,136.0,136.0,90.1,0,25,30,1,54.8,none,0,0.0,2019.0,True,True,,0.0,1.0,23.299999999999997,46.39999999999999,1.0,0.0,1,2.0
2019,CAB0067,Intra-Pacific-Islands,hyperscaler,2006,13,7,2230.0,4,None,136.0,136.0,35.9,0,25,35,1,56.3,none,0,0.0,2020.0,True,True,,0.0,1.0,0.0,-54.199999999999996,5.0,0.0,1,3.0
2020,CAB0067,Intra-Pacific-Islands,hyperscaler,2006,14,7,2230.0,4,None,136.0,136.0,56.7,0,25,40,0,38.1,none,0,0.0,2021.0,True,True,,0.0,1.0,0.0,20.800000000000004,5.0,0.0,0,4.0
2021,CAB0067,Intra-Pacific-Islands,hyperscaler,2006,15,7,2230.0,4,None,136.0,136.0,83.2,0,25,41,0,39.7,none,0,0.0,2022.0,True,True,,0.0,1.0,0.0,26.5,1.0,0.0,0,5.0
2022,CAB0067,Intra-Pacific-Islands,hyperscaler,2006,16,7,2230.0,4,None,136.0,136.0,37.3,0,25,43,0,41.3,none,0,0.0,2023.0,True,True,,0.0,1.0,0.0,-45.900000000000006,2.0,0.0,0,6.0
2023,CAB0067,Intra-Pacific-Islands,hyperscaler,2006,17,7,2230.0,4,None,136.0,136.0,72.4,0,25,45,0,42.9,none,0,0.0,2024.0,True,True,,0.0,1.0,0.0,35.10000000000001,2.0,0.0,0,7.0
2024,CAB0067,Intra-Pacific-Islands,hyperscaler,2006,18,7,2230.0,4,None,136.0,136.0,64.5,0,25,48,0,44.4,none,0,1.0,2025.0,True,True,,0.0,1.0,0.0,-7.900000000000006,3.0,0.0,0,8.0
2025,CAB0067,Intra-Pacific-Islands,hyperscaler,2006,19,7,2230.0,4,None,136.0,136.0,84.8,0,25,50,0,46.0,equipment,1,0.0,2026.0,True,True,,0.0,1.0,0.0,20.299999999999997,2.0,0.0,0,9.0
2024,CAB0068,EMEA-Asia,hyperscaler,2024,0,18,9897.0,6,Malacca,812.6,223.4,23.2,1,25,48,0,27.8,suspected_external,1,0.0,2025.0,True,True,,589.2,0.27492000984494214,,,,,0,
2025,CAB0068,EMEA-Asia,hyperscaler,2024,1,18,9897.0,6,Malacca,812.6,245.8,41.2,1,25,47,0,29.4,none,0,1.0,2026.0,True,True,,566.8,0.30248584789564364,22.400000000000006,18.000000000000004,-1.0,1.0,1,1.0
2016,CAB0069,EMEA-Asia,consortium,2016,0,9,10339.0,4,None,303.4,74.9,35.5,1,25,29,1,19.8,none,0,0.0,2017.0,True,True,,228.49999999999997,0.2468688200395518,,,,,0,
2017,CAB0069,EMEA-Asia,consortium,2016,1,9,10339.0,4,None,303.4,114.8,78.8,1,25,32,1,21.4,none,0,0.0,2018.0,True,True,,188.59999999999997,0.3783783783783784,39.89999999999999,43.3,3.0,0.0,0,
2018,CAB0069,EMEA-Asia,consortium,2016,2,9,10339.0,4,None,303.4,114.6,39.2,1,25,34,1,23.0,none,0,0.0,2019.0,True,True,,188.79999999999998,0.37771918259723136,-0.20000000000000284,-39.599999999999994,2.0,0.0,0,
2019,CAB0069,EMEA-Asia,consortium,2016,3,9,10339.0,4,None,303.4,143.9,63.3,1,25,37,1,24.6,none,0,0.0,2020.0,True,True,,159.49999999999997,0.47429136453526705,29.30000000000001,24.099999999999994,3.0,0.0,0,
2020,CAB0069,EMEA-Asia,consortium,2016,4,9,10339.0,4,None,303.4,143.2,37.4,1,25,40,0,6.3,none,0,0.0,2021.0,True,True,,160.2,0.47198417930125247,-0.700000000000017,-25.9,3.0,0.0,0,
2021,CAB0069,EMEA-Asia,consortium,2016,5,9,10339.0,4,None,303.4,162.6,45.8,1,25,44,0,7.9,none,0,0.0,2022.0,True,True,,140.79999999999998,0.5359261700725115,19.400000000000006,8.399999999999999,4.0,0.0,0,
2022,CAB0069,EMEA-Asia,consortium,2016,6,9,10339.0,4,None,303.4,182.0,19.3,1,25,45,0,9.5,none,0,0.0,2023.0,True,True,,121.39999999999998,0.5998681608437706,19.400000000000006,-26.499999999999996,1.0,0.0,0,
2023,CAB0069,EMEA-Asia,consortium,2016,7,9,10339.0,4,None,303.4,186.7,42.0,1,25,47,0,11.1,none,0,0.0,2024.0,True,True,,116.69999999999999,0.6153592617007251,4.699999999999989,22.7,2.0,0.0,0,
2024,CAB0069,EMEA-Asia,consortium,2016,8,9,10339.0,4,None,303.4,239.3,57.7,1,25,48,0,12.7,none,0,0.0,2025.0,True,True,,64.09999999999997,0.7887277521423864,52.60000000000002,15.700000000000003,1.0,0.0,0,
2025,CAB0069,EMEA-Asia,consortium,2016,9,9,10339.0,4,None,303.4,234.3,80.8,1,25,47,0,14.3,none,0,0.0,2026.0,True,True,,69.09999999999997,0.7722478576137114,-5.0,23.099999999999994,-1.0,0.0,0,
2020,CAB0070,EMEA-Asia,consortium,2020,0,16,15528.0,8,None,630.9,172.7,4.0,0,25,40,0,15.9,fishing_anchor,1,1.0,2021.0,True,True,,458.2,0.27373593279442066,,,,,0,
2021,CAB0070,EMEA-Asia,consortium,2020,1,16,15528.0,8,None,630.9,170.1,31.6,0,25,44,0,17.5,fishing_anchor,1,1.0,2022.0,True,True,,460.79999999999995,0.26961483594864477,-2.5999999999999943,27.6,4.0,1.0,1,1.0
2022,CAB0070,EMEA-Asia,consortium,2020,2,16,15528.0,8,None,630.9,220.7,20.4,0,25,45,0,19.0,fishing_anchor,1,0.0,2023.0,True,True,,410.2,0.34981772071643685,50.599999999999994,-11.200000000000003,1.0,1.0,2,1.0
2023,CAB0070,EMEA-Asia,consortium,2020,3,16,15528.0,8,None,630.9,256.6,45.6,0,25,47,0,20.6,none,0,1.0,2024.0,True,True,,374.29999999999995,0.40672055793311146,35.900000000000034,25.200000000000003,2.0,1.0,3,1.0
2024,CAB0070,EMEA-Asia,consortium,2020,4,16,15528.0,8,None,630.9,284.7,67.1,0,25,48,0,22.2,suspected_external,1,0.0,2025.0,True,True,,346.2,0.4512601046124584,28.099999999999966,21.499999999999993,1.0,0.0,2,2.0
2025,CAB0070,EMEA-Asia,consortium,2020,5,16,15528.0,8,None,630.9,345.8,86.1,0,25,47,0,23.8,none,0,0.0,2026.0,True,True,,285.09999999999997,0.5481058804881915,61.10000000000002,19.0,-1.0,1.0,2,1.0
2018,CAB0071,Indian-Ocean,government,2018,0,7,8758.0,3,None,256.0,55.8,71.0,1,25,35,1,19.8,none,0,0.0,2019.0,True,True,,200.2,0.21796875,,,,,0,
2019,CAB0071,Indian-Ocean,government,2018,1,7,8758.0,3,None,256.0,85.0,81.7,1,25,35,1,21.4,none,0,0.0,2020.0,True,True,,171.0,0.33203125,29.200000000000003,10.700000000000003,0.0,0.0,0,
2020,CAB0071,Indian-Ocean,government,2018,2,7,8758.0,3,None,256.0,114.6,59.0,1,25,36,1,23.0,none,0,0.0,2021.0,True,True,,141.4,0.44765625,29.599999999999994,-22.700000000000003,1.0,0.0,0,
2021,CAB0071,Indian-Ocean,government,2018,3,7,8758.0,3,None,256.0,99.6,50.2,1,25,39,1,24.6,none,0,0.0,2022.0,True,True,,156.4,0.3890625,-15.0,-8.799999999999997,3.0,0.0,0,
2022,CAB0071,Indian-Ocean,government,2018,4,7,8758.0,3,None,256.0,135.4,62.3,1,25,39,1,26.2,none,0,0.0,2023.0,True,True,,120.6,0.52890625,35.80000000000001,12.099999999999994,0.0,0.0,0,
2023,CAB0071,Indian-Ocean,government,2018,5,7,8758.0,3,None,256.0,149.1,40.5,1,25,40,0,7.9,none,0,0.0,2024.0,True,True,,106.9,0.582421875,13.699999999999989,-21.799999999999997,1.0,0.0,0,
2024,CAB0071,Indian-Ocean,government,2018,6,7,8758.0,3,None,256.0,185.7,40.2,1,25,41,0,9.5,none,0,0.0,2025.0,True,True,,70.30000000000001,0.725390625,36.599999999999994,-0.29999999999999716,1.0,0.0,0,
2025,CAB0071,Indian-Ocean,government,2018,7,7,8758.0,3,None,256.0,190.9,65.0,1,25,44,0,11.1,none,0,0.0,2026.0,True,True,,65.1,0.745703125,5.200000000000017,24.799999999999997,3.0,0.0,0,
2025,CAB0072,Africa-Coastal,consortium,2025,0,12,4689.0,3,None,558.9,114.3,32.9,0,25,52,0,15.9,none,0,0.0,2026.0,True,True,,444.59999999999997,0.20450885668276972,,,,,0,
2015,CAB0073,Intra-Asia,carrier,2005,10,3,2294.0,8,None,54.0,45.3,73.1,0,25,53,0,31.7,none,0,0.0,2016.0,True,True,,8.700000000000003,0.8388888888888888,,,,,0,
2016,CAB0073,Intra-Asia,carrier,2005,11,3,2294.0,8,None,54.0,46.0,43.1,0,25,59,0,33.3,none,0,0.0,2017.0,True,True,,8.0,0.8518518518518519,0.7000000000000028,-29.999999999999993,6.0,0.0,0,
2017,CAB0073,Intra-Asia,carrier,2005,12,3,2294.0,8,None,54.0,48.6,86.1,0,25,60,0,34.9,none,0,1.0,2018.0,True,True,,5.399999999999999,0.9,2.6000000000000014,42.99999999999999,1.0,0.0,0,
2018,CAB0073,Intra-Asia,carrier,2005,13,3,2294.0,8,None,54.0,54.0,58.7,0,25,62,0,36.5,fishing_anchor,1,0.0,2019.0,True,True,,0.0,1.0,5.399999999999999,-27.39999999999999,2.0,0.0,0,
2019,CAB0073,Intra-Asia,carrier,2005,14,3,2294.0,8,None,54.0,54.0,81.2,0,25,64,0,38.1,none,0,0.0,2020.0,True,True,,0.0,1.0,0.0,22.5,2.0,1.0,1,1.0
2020,CAB0073,Intra-Asia,carrier,2005,15,3,2294.0,8,None,54.0,54.0,47.5,0,25,66,0,39.7,none,0,0.0,2021.0,True,True,,0.0,1.0,0.0,-33.7,2.0,0.0,1,2.0
2021,CAB0073,Intra-Asia,carrier,2005,16,3,2294.0,8,None,54.0,54.0,74.2,0,25,69,0,41.3,none,0,0.0,2022.0,True,True,,0.0,1.0,0.0,26.700000000000003,3.0,0.0,1,3.0
2022,CAB0073,Intra-Asia,carrier,2005,17,3,2294.0,8,None,54.0,54.0,83.9,0,25,70,0,42.9,none,0,0.0,2023.0,True,True,,0.0,1.0,0.0,9.700000000000003,1.0,0.0,0,4.0
2023,CAB0073,Intra-Asia,carrier,2005,18,3,2294.0,8,None,54.0,54.0,85.9,0,25,70,0,44.4,none,0,0.0,2024.0,True,True,,0.0,1.0,0.0,2.0,0.0,0.0,0,5.0
2024,CAB0073,Intra-Asia,carrier,2005,19,3,2294.0,8,None,54.0,54.0,67.3,0,25,75,0,46.0,none,0,0.0,2025.0,True,True,,0.0,1.0,0.0,-18.60000000000001,5.0,0.0,0,6.0
2025,CAB0073,Intra-Asia,carrier,2005,20,3,2294.0,8,None,54.0,54.0,71.8,0,25,77,0,47.6,none,0,0.0,2026.0,True,True,,0.0,1.0,0.0,4.5,2.0,0.0,0,7.0
2015,CAB0074,Trans-Pacific,carrier,1999,16,5,10730.0,6,None,47.1,47.1,86.4,1,25,35,1,45.2,none,0,0.0,2016.0,True,True,,0.0,1.0,,,,,0,
2016,CAB0074,Trans-Pacific,carrier,1999,17,5,10730.0,6,None,47.1,47.1,45.5,1,25,37,1,46.8,none,0,0.0,2017.0,True,True,,0.0,1.0,0.0,-40.900000000000006,2.0,0.0,0,
2017,CAB0074,Trans-Pacific,carrier,1999,18,5,10730.0,6,None,47.1,47.1,66.9,1,25,38,1,48.4,none,0,0.0,2018.0,True,True,,0.0,1.0,0.0,21.400000000000006,1.0,0.0,0,
2018,CAB0074,Trans-Pacific,carrier,1999,19,5,10730.0,6,None,47.1,47.1,81.1,1,25,39,1,50.0,none,0,0.0,2019.0,True,True,,0.0,1.0,0.0,14.199999999999989,1.0,0.0,0,
2019,CAB0074,Trans-Pacific,carrier,1999,20,5,10730.0,6,None,47.1,47.1,85.2,1,25,41,0,31.7,none,0,0.0,2020.0,True,True,,0.0,1.0,0.0,4.1000000000000085,2.0,0.0,0,
2020,CAB0074,Trans-Pacific,carrier,1999,21,5,10730.0,6,None,47.1,47.1,64.2,1,25,42,0,33.3,none,0,0.0,2021.0,True,True,,0.0,1.0,0.0,-21.0,1.0,0.0,0,
2021,CAB0074,Trans-Pacific,carrier,1999,22,5,10730.0,6,None,47.1,47.1,64.2,1,25,43,0,34.9,none,0,0.0,2022.0,True,True,,0.0,1.0,0.0,0.0,1.0,0.0,0,
2022,CAB0074,Trans-Pacific,carrier,1999,23,5,10730.0,6,None,47.1,47.1,100.0,1,25,45,0,36.5,none,0,0.0,2023.0,True,True,,0.0,1.0,0.0,35.8,2.0,0.0,0,
2023,CAB0074,Trans-Pacific,carrier,1999,24,5,10730.0,6,None,47.1,47.1,95.0,1,25,47,0,38.1,none,0,0.0,2024.0,True,True,,0.0,1.0,0.0,-5.0,2.0,0.0,0,
2024,CAB0074,Trans-Pacific,carrier,1999,25,5,10730.0,6,None,47.1,47.1,83.8,1,25,49,0,39.7,none,0,0.0,2025.0,True,True,,0.0,1.0,0.0,-11.200000000000003,2.0,0.0,0,
2015,CAB0075,Intra-Pacific-Islands,government,2012,3,8,1975.0,2,None,224.0,93.2,73.5,1,25,28,1,36.5,none,0,0.0,2016.0,True,True,,130.8,0.4160714285714286,,,,,0,
2016,CAB0075,Intra-Pacific-Islands,government,2012,4,8,1975.0,2,None,224.0,98.7,65.7,1,25,29,1,38.1,none,0,0.0,2017.0,True,True,,125.3,0.440625,5.5,-7.799999999999997,1.0,0.0,0,
2017,CAB0075,Intra-Pacific-Islands,government,2012,5,8,1975.0,2,None,224.0,122.4,35.7,1,25,29,1,39.7,none,0,0.0,2018.0,True,True,,101.6,0.5464285714285715,23.700000000000003,-30.0,0.0,0.0,0,
2018,CAB0075,Intra-Pacific-Islands,government,2012,6,8,1975.0,2,None,224.0,170.5,43.8,1,25,30,1,41.3,none,0,0.0,2019.0,True,True,,53.5,0.7611607142857143,48.099999999999994,8.099999999999994,1.0,0.0,0,
2019,CAB0075,Intra-Pacific-Islands,government,2012,7,8,1975.0,2,None,224.0,142.8,40.5,1,25,35,1,42.9,none,0,0.0,2020.0,True,True,,81.19999999999999,0.6375000000000001,-27.69999999999999,-3.299999999999997,5.0,0.0,0,
2020,CAB0075,Intra-Pacific-Islands,government,2012,8,8,1975.0,2,None,224.0,154.6,32.4,1,25,40,0,24.6,none,0,0.0,2021.0,True,True,,69.4,0.6901785714285714,11.799999999999983,-8.100000000000001,5.0,0.0,0,
2021,CAB0075,Intra-Pacific-Islands,government,2012,9,8,1975.0,2,None,224.0,185.0,69.7,1,25,41,0,26.2,none,0,0.0,2022.0,True,True,,39.0,0.8258928571428571,30.400000000000006,37.300000000000004,1.0,0.0,0,
2022,CAB0075,Intra-Pacific-Islands,government,2012,10,8,1975.0,2,None,224.0,200.4,62.0,1,25,43,0,27.8,none,0,0.0,2023.0,True,True,,23.599999999999994,0.8946428571428572,15.400000000000006,-7.700000000000003,2.0,0.0,0,
2023,CAB0075,Intra-Pacific-Islands,government,2012,11,8,1975.0,2,None,224.0,210.5,24.6,1,25,45,0,29.4,none,0,0.0,2024.0,True,True,,13.5,0.9397321428571429,10.099999999999994,-37.4,2.0,0.0,0,
2024,CAB0075,Intra-Pacific-Islands,government,2012,12,8,1975.0,2,None,224.0,220.5,63.8,1,25,48,0,31.0,none,0,0.0,2025.0,True,True,,3.5,0.984375,10.0,39.199999999999996,3.0,0.0,0,
2025,CAB0075,Intra-Pacific-Islands,government,2012,13,8,1975.0,2,None,224.0,222.0,72.4,1,25,50,0,32.5,none,0,0.0,2026.0,True,True,,2.0,0.9910714285714286,1.5,8.600000000000009,2.0,0.0,0,
2019,CAB0076,Americas,consortium,2019,0,16,4651.0,6,Panama,608.0,132.8,57.7,0,25,32,1,63.5,none,0,0.0,2020.0,True,True,,475.2,0.21842105263157896,,,,,0,
2020,CAB0076,Americas,consortium,2019,1,16,4651.0,6,Panama,608.0,251.6,39.5,0,25,33,1,65.1,none,0,1.0,2021.0,True,True,,356.4,0.4138157894736842,118.79999999999998,-18.200000000000003,1.0,0.0,0,
2021,CAB0076,Americas,consortium,2019,2,16,4651.0,6,Panama,608.0,214.9,20.2,0,25,37,1,66.7,fishing_anchor,1,0.0,2022.0,True,True,,393.1,0.35345394736842106,-36.69999999999999,-19.3,4.0,0.0,0,
2022,CAB0076,Americas,consortium,2019,3,16,4651.0,6,Panama,608.0,316.5,70.3,0,25,37,1,68.3,none,0,0.0,2023.0,True,True,,291.5,0.5205592105263158,101.6,50.099999999999994,0.0,1.0,1,1.0
2023,CAB0076,Americas,consortium,2019,4,16,4651.0,6,Panama,608.0,330.0,67.9,0,25,37,1,69.8,none,0,0.0,2024.0,True,True,,278.0,0.5427631578947368,13.5,-2.3999999999999915,0.0,0.0,1,2.0
2024,CAB0076,Americas,consortium,2019,5,16,4651.0,6,Panama,608.0,365.6,64.4,0,25,39,1,71.4,none,0,0.0,2025.0,True,True,,242.39999999999998,0.6013157894736842,35.60000000000002,-3.5,2.0,0.0,1,3.0
2025,CAB0076,Americas,consortium,2019,6,16,4651.0,6,Panama,608.0,368.2,63.9,0,25,39,1,73.0,none,0,0.0,2026.0,True,True,,239.8,0.6055921052631579,2.599999999999966,-0.5000000000000071,0.0,0.0,0,4.0
2015,CAB0077,Africa-Coastal,carrier,2009,6,5,5748.0,10,None,118.6,68.0,35.3,1,25,36,1,29.4,none,0,0.0,2016.0,True,True,,50.599999999999994,0.5733558178752108,,,,,0,
2016,CAB0077,Africa-Coastal,carrier,2009,7,5,5748.0,10,None,118.6,76.6,16.9,1,25,37,1,31.0,none,0,0.0,2017.0,True,True,,42.0,0.6458684654300169,8.599999999999994,-18.4,1.0,0.0,0,
2017,CAB0077,Africa-Coastal,carrier,2009,8,5,5748.0,10,None,118.6,87.7,27.2,1,25,40,0,12.7,none,0,0.0,2018.0,True,True,,30.89999999999999,0.739460370994941,11.100000000000009,10.3,3.0,0.0,0,
2018,CAB0077,Africa-Coastal,carrier,2009,9,5,5748.0,10,None,118.6,98.4,69.4,1,25,40,0,14.3,none,0,0.0,2019.0,True,True,,20.19999999999999,0.8296795952782463,10.700000000000003,42.2,0.0,0.0,0,
2019,CAB0077,Africa-Coastal,carrier,2009,10,5,5748.0,10,None,118.6,100.6,29.7,1,25,42,0,15.9,none,0,0.0,2020.0,True,True,,18.0,0.8482293423271501,2.1999999999999886,-39.7,2.0,0.0,0,
2020,CAB0077,Africa-Coastal,carrier,2009,11,5,5748.0,10,None,118.6,106.2,96.5,1,25,43,0,17.5,none,0,0.0,2021.0,True,True,,12.399999999999991,0.8954468802698146,5.6000000000000085,66.8,1.0,0.0,0,
2021,CAB0077,Africa-Coastal,carrier,2009,12,5,5748.0,10,None,118.6,117.3,85.3,1,25,44,0,19.0,none,0,0.0,2022.0,True,True,,1.2999999999999972,0.9890387858347386,11.099999999999994,-11.200000000000003,1.0,0.0,0,
2022,CAB0077,Africa-Coastal,carrier,2009,13,5,5748.0,10,None,118.6,106.6,52.9,1,25,45,0,20.6,none,0,0.0,2023.0,True,True,,12.0,0.8988195615514334,-10.700000000000003,-32.4,1.0,0.0,0,
2023,CAB0077,Africa-Coastal,carrier,2009,14,5,5748.0,10,None,118.6,118.6,56.9,1,25,47,0,22.2,none,0,0.0,2024.0,True,True,,0.0,1.0,12.0,4.0,2.0,0.0,0,
2024,CAB0077,Africa-Coastal,carrier,2009,15,5,5748.0,10,None,118.6,118.6,41.9,1,25,49,0,23.8,none,0,0.0,2025.0,True,True,,0.0,1.0,0.0,-15.0,2.0,0.0,0,
2025,CAB0077,Africa-Coastal,carrier,2009,16,5,5748.0,10,None,118.6,118.6,61.8,1,25,52,0,25.4,none,0,0.0,2026.0,True,True,,0.0,1.0,0.0,19.9,3.0,0.0,0,
2020,CAB0078,Intra-Pacific-Islands,carrier,2020,0,11,995.0,5,None,433.7,79.0,53.2,1,25,40,0,0.0,none,0,0.0,2021.0,True,True,,354.7,0.18215356237030206,,,,,0,
2021,CAB0078,Intra-Pacific-Islands,carrier,2020,1,11,995.0,5,None,433.7,131.3,44.0,1,25,41,0,1.6,none,0,0.0,2022.0,True,True,,302.4,0.3027438321420337,52.30000000000001,-9.200000000000003,1.0,0.0,0,
2022,CAB0078,Intra-Pacific-Islands,carrier,2020,2,11,995.0,5,None,433.7,166.5,80.4,1,25,43,0,3.2,none,0,0.0,2023.0,True,True,,267.2,0.3839059257551303,35.19999999999999,36.400000000000006,2.0,0.0,0,
2023,CAB0078,Intra-Pacific-Islands,carrier,2020,3,11,995.0,5,None,433.7,179.3,33.9,1,25,45,0,4.8,none,0,0.0,2024.0,True,True,,254.39999999999998,0.4134194143417109,12.800000000000011,-46.50000000000001,2.0,0.0,0,
2024,CAB0078,Intra-Pacific-Islands,carrier,2020,4,11,995.0,5,None,433.7,184.8,79.6,1,25,48,0,6.3,none,0,0.0,2025.0,True,True,,248.89999999999998,0.42610099146875724,5.5,45.699999999999996,3.0,0.0,0,
2025,CAB0078,Intra-Pacific-Islands,carrier,2020,5,11,995.0,5,None,433.7,225.4,39.1,1,25,50,0,7.9,none,0,0.0,2026.0,True,True,,208.29999999999998,0.5197140880793175,40.599999999999994,-40.49999999999999,2.0,0.0,0,
2025,CAB0079,Indian-Ocean,government,2025,0,6,10371.0,6,None,279.4,63.4,6.2,0,25,44,0,15.9,none,0,0.0,2026.0,True,True,,215.99999999999997,0.2269148174659986,,,,,0,
2015,CAB0080,Intra-Asia,hyperscaler,2010,5,8,2797.0,4,None,201.1,100.7,24.8,0,25,53,0,23.8,fishing_anchor,1,1.0,2016.0,True,True,,100.39999999999999,0.5007458975634014,,,,,0,
2016,CAB0080,Intra-Asia,hyperscaler,2010,6,8,2797.0,4,None,201.1,113.1,42.3,0,25,59,0,25.4,equipment,1,1.0,2017.0,True,True,,88.0,0.5624067628045748,12.399999999999991,17.499999999999996,6.0,1.0,1,1.0
2017,CAB0080,Intra-Asia,hyperscaler,2010,7,8,2797.0,4,None,201.1,135.9,61.2,0,25,60,0,27.0,fishing_anchor,1,0.0,2018.0,True,True,,65.19999999999999,0.6757831924415714,22.80000000000001,18.900000000000006,1.0,1.0,2,1.0
2018,CAB0080,Intra-Asia,hyperscaler,2010,8,8,2797.0,4,None,201.1,131.6,85.5,0,25,62,0,28.6,none,0,0.0,2019.0,True,True,,69.5,0.6544007956240676,-4.300000000000011,24.299999999999997,2.0,1.0,3,1.0
2019,CAB0080,Intra-Asia,hyperscaler,2010,9,8,2797.0,4,None,201.1,151.7,84.0,0,25,64,0,30.2,none,0,0.0,2020.0,True,True,,49.400000000000006,0.7543510691198408,20.099999999999994,-1.5,2.0,0.0,2,2.0
2020,CAB0080,Intra-Asia,hyperscaler,2010,10,8,2797.0,4,None,201.1,180.0,55.6,0,25,66,0,31.7,none,0,0.0,2021.0,True,True,,21.099999999999994,0.8950770760815515,28.30000000000001,-28.4,2.0,0.0,1,3.0
2021,CAB0080,Intra-Asia,hyperscaler,2010,11,8,2797.0,4,None,201.1,190.1,64.7,0,25,69,0,33.3,none,0,0.0,2022.0,True,True,,11.0,0.9453008453505719,10.099999999999994,9.100000000000001,3.0,0.0,0,4.0
2022,CAB0080,Intra-Asia,hyperscaler,2010,12,8,2797.0,4,None,201.1,198.3,77.8,0,25,70,0,34.9,none,0,0.0,2023.0,True,True,,2.799999999999983,0.9860765788165092,8.200000000000017,13.099999999999994,1.0,0.0,0,5.0
2023,CAB0080,Intra-Asia,hyperscaler,2010,13,8,2797.0,4,None,201.1,185.0,73.7,0,25,70,0,36.5,none,0,0.0,2024.0,True,True,,16.099999999999994,0.9199403281949279,-13.300000000000011,-4.099999999999994,0.0,0.0,0,6.0
2024,CAB0080,Intra-Asia,hyperscaler,2010,14,8,2797.0,4,None,201.1,201.1,88.9,0,25,75,0,38.1,none,0,0.0,2025.0,True,True,,0.0,1.0,16.099999999999994,15.200000000000003,5.0,0.0,0,7.0
2025,CAB0080,Intra-Asia,hyperscaler,2010,15,8,2797.0,4,None,201.1,201.1,100.0,0,25,77,0,39.7,none,0,0.0,2026.0,True,True,,0.0,1.0,0.0,11.099999999999994,2.0,0.0,0,8.0
2015,CAB0081,Intra-Asia,consortium,2002,13,5,4080.0,6,None,68.6,68.6,96.3,0,25,53,0,36.5,none,0,0.0,2016.0,True,True,,0.0,1.0,,,,,0,
2016,CAB0081,Intra-Asia,consortium,2002,14,5,4080.0,6,None,68.6,68.6,50.1,0,25,59,0,38.1,none,0,0.0,2017.0,True,True,,0.0,1.0,0.0,-46.199999999999996,6.0,0.0,0,
2017,CAB0081,Intra-Asia,consortium,2002,15,5,4080.0,6,None,68.6,68.6,69.4,0,25,60,0,39.7,none,0,0.0,2018.0,True,True,,0.0,1.0,0.0,19.300000000000004,1.0,0.0,0,
2018,CAB0081,Intra-Asia,consortium,2002,16,5,4080.0,6,None,68.6,68.6,100.0,0,25,62,0,41.3,none,0,0.0,2019.0,True,True,,0.0,1.0,0.0,30.599999999999994,2.0,0.0,0,
2019,CAB0081,Intra-Asia,consortium,2002,17,5,4080.0,6,None,68.6,68.6,58.3,0,25,64,0,42.9,none,0,0.0,2020.0,True,True,,0.0,1.0,0.0,-41.7,2.0,0.0,0,
2020,CAB0081,Intra-Asia,consortium,2002,18,5,4080.0,6,None,68.6,68.6,52.1,0,25,66,0,44.4,none,0,0.0,2021.0,True,True,,0.0,1.0,0.0,-6.199999999999996,2.0,0.0,0,
2021,CAB0081,Intra-Asia,consortium,2002,19,5,4080.0,6,None,68.6,68.6,54.0,0,25,69,0,46.0,none,0,0.0,2022.0,True,True,,0.0,1.0,0.0,1.8999999999999986,3.0,0.0,0,
2022,CAB0081,Intra-Asia,consortium,2002,20,5,4080.0,6,None,68.6,68.6,100.0,0,25,70,0,47.6,none,0,1.0,2023.0,True,True,,0.0,1.0,0.0,46.0,1.0,0.0,0,
2023,CAB0081,Intra-Asia,consortium,2002,21,5,4080.0,6,None,68.6,68.6,62.0,0,25,70,0,49.2,fishing_anchor,1,1.0,2024.0,True,True,,0.0,1.0,0.0,-38.0,0.0,0.0,0,
2024,CAB0081,Intra-Asia,consortium,2002,22,5,4080.0,6,None,68.6,68.6,100.0,0,25,75,0,50.8,equipment,1,0.0,2025.0,True,True,,0.0,1.0,0.0,38.0,5.0,1.0,1,1.0
2025,CAB0081,Intra-Asia,consortium,2002,23,5,4080.0,6,None,68.6,68.6,74.1,0,25,77,0,52.4,none,0,0.0,2026.0,True,True,,0.0,1.0,0.0,-25.900000000000006,2.0,1.0,2,1.0
2015,CAB0082,Trans-Atlantic,consortium,2005,10,3,5456.0,5,None,54.0,41.7,53.8,0,25,33,1,51.6,none,0,0.0,2016.0,True,True,,12.299999999999997,0.7722222222222223,,,,,0,
2016,CAB0082,Trans-Atlantic,consortium,2005,11,3,5456.0,5,None,54.0,47.2,71.5,0,25,37,1,53.2,none,0,0.0,2017.0,True,True,,6.799999999999997,0.8740740740740741,5.5,17.700000000000003,4.0,0.0,0,
2017,CAB0082,Trans-Atlantic,consortium,2005,12,3,5456.0,5,None,54.0,54.0,43.2,0,25,37,1,54.8,none,0,0.0,2018.0,True,True,,0.0,1.0,6.799999999999997,-28.299999999999997,0.0,0.0,0,
2018,CAB0082,Trans-Atlantic,consortium,2005,13,3,5456.0,5,None,54.0,54.0,60.9,0,25,40,0,36.5,none,0,0.0,2019.0,True,True,,0.0,1.0,0.0,17.699999999999996,3.0,0.0,0,
2019,CAB0082,Trans-Atlantic,consortium,2005,14,3,5456.0,5,None,54.0,54.0,69.6,0,25,45,0,38.1,none,0,0.0,2020.0,True,True,,0.0,1.0,0.0,8.699999999999996,5.0,0.0,0,
2020,CAB0082,Trans-Atlantic,consortium,2005,15,3,5456.0,5,None,54.0,54.0,69.2,0,25,48,0,39.7,none,0,0.0,2021.0,True,True,,0.0,1.0,0.0,-0.3999999999999915,3.0,0.0,0,
2021,CAB0082,Trans-Atlantic,consortium,2005,16,3,5456.0,5,None,54.0,54.0,38.7,0,25,50,0,41.3,none,0,0.0,2022.0,True,True,,0.0,1.0,0.0,-30.5,2.0,0.0,0,
2022,CAB0082,Trans-Atlantic,consortium,2005,17,3,5456.0,5,None,54.0,54.0,94.0,0,25,51,0,42.9,none,0,0.0,2023.0,True,True,,0.0,1.0,0.0,55.3,1.0,0.0,0,
2023,CAB0082,Trans-Atlantic,consortium,2005,18,3,5456.0,5,None,54.0,54.0,86.6,0,25,54,0,44.4,none,0,1.0,2024.0,True,True,,0.0,1.0,0.0,-7.400000000000006,3.0,0.0,0,
2024,CAB0082,Trans-Atlantic,consortium,2005,19,3,5456.0,5,None,54.0,54.0,77.2,0,25,58,0,46.0,equipment,1,0.0,2025.0,True,True,,0.0,1.0,0.0,-9.399999999999991,4.0,0.0,0,
2025,CAB0082,Trans-Atlantic,consortium,2005,20,3,5456.0,5,None,54.0,54.0,61.3,0,25,62,0,47.6,none,0,1.0,2026.0,True,True,,0.0,1.0,0.0,-15.900000000000006,4.0,1.0,1,1.0
2016,CAB0083,Trans-Pacific,consortium,2016,0,7,11906.0,4,None,236.0,57.6,49.6,0,25,37,1,35.7,none,0,0.0,2017.0,True,True,,178.4,0.2440677966101695,,,,,0,
2017,CAB0083,Trans-Pacific,consortium,2016,1,7,11906.0,4,None,236.0,59.4,33.8,0,25,38,1,37.3,none,0,0.0,2018.0,True,True,,176.6,0.25169491525423726,1.7999999999999972,-15.800000000000004,1.0,0.0,0,
2018,CAB0083,Trans-Pacific,consortium,2016,2,7,11906.0,4,None,236.0,78.3,46.9,0,25,39,1,38.9,none,0,1.0,2019.0,True,True,,157.7,0.33177966101694917,18.9,13.100000000000001,1.0,0.0,0,
2019,CAB0083,Trans-Pacific,consortium,2016,3,7,11906.0,4,None,236.0,123.7,26.2,0,25,41,0,20.6,fishing_anchor,1,0.0,2020.0,True,True,,112.3,0.5241525423728813,45.400000000000006,-20.7,2.0,0.0,0,
2020,CAB0083,Trans-Pacific,consortium,2016,4,7,11906.0,4,None,236.0,110.0,50.8,0,25,42,0,22.2,none,0,0.0,2021.0,True,True,,126.0,0.4661016949152542,-13.700000000000003,24.599999999999998,1.0,1.0,1,1.0
2021,CAB0083,Trans-Pacific,consortium,2016,5,7,11906.0,4,None,236.0,138.9,37.0,0,25,43,0,23.8,none,0,0.0,2022.0,True,True,,97.1,0.5885593220338984,28.900000000000006,-13.799999999999997,1.0,0.0,1,2.0
2022,CAB0083,Trans-Pacific,consortium,2016,6,7,11906.0,4,None,236.0,131.7,50.8,0,25,45,0,25.4,none,0,0.0,2023.0,True,True,,104.30000000000001,0.5580508474576271,-7.200000000000017,13.799999999999997,2.0,0.0,1,3.0
2023,CAB0083,Trans-Pacific,consortium,2016,7,7,11906.0,4,None,236.0,178.6,36.3,0,25,47,0,27.0,none,0,0.0,2024.0,True,True,,57.400000000000006,0.7567796610169492,46.900000000000006,-14.5,2.0,0.0,0,4.0
2024,CAB0083,Trans-Pacific,consortium,2016,8,7,11906.0,4,None,236.0,186.6,23.9,0,25,49,0,28.6,none,0,0.0,2025.0,True,True,,49.400000000000006,0.7906779661016949,8.0,-12.399999999999999,2.0,0.0,0,5.0
2025,CAB0083,Trans-Pacific,consortium,2016,9,7,11906.0,4,None,236.0,178.2,31.4,0,25,50,0,30.2,none,0,0.0,2026.0,True,True,,57.80000000000001,0.7550847457627118,-8.400000000000006,7.5,1.0,0.0,0,6.0
2015,CAB0084,Americas,hyperscaler,1999,16,5,6855.0,4,Panama,47.1,47.1,54.3,1,25,28,1,73.0,none,0,0.0,2016.0,True,True,,0.0,1.0,,,,,0,
2016,CAB0084,Americas,hyperscaler,1999,17,5,6855.0,4,Panama,47.1,47.1,81.2,1,25,29,1,74.6,none,0,0.0,2017.0,True,True,,0.0,1.0,0.0,26.900000000000006,1.0,0.0,0,
2017,CAB0084,Americas,hyperscaler,1999,18,5,6855.0,4,Panama,47.1,47.1,100.0,1,25,29,1,76.2,none,0,0.0,2018.0,True,True,,0.0,1.0,0.0,18.799999999999997,0.0,0.0,0,
2018,CAB0084,Americas,hyperscaler,1999,19,5,6855.0,4,Panama,47.1,47.1,61.5,1,25,31,1,77.8,none,0,0.0,2019.0,True,True,,0.0,1.0,0.0,-38.5,2.0,0.0,0,
2019,CAB0084,Americas,hyperscaler,1999,20,5,6855.0,4,Panama,47.1,47.1,100.0,1,25,32,1,79.4,none,0,0.0,2020.0,True,True,,0.0,1.0,0.0,38.5,1.0,0.0,0,
2020,CAB0084,Americas,hyperscaler,1999,21,5,6855.0,4,Panama,47.1,47.1,100.0,1,25,33,1,81.0,none,0,1.0,2021.0,True,True,,0.0,1.0,0.0,0.0,1.0,0.0,0,
2021,CAB0084,Americas,hyperscaler,1999,22,5,6855.0,4,Panama,47.1,47.1,100.0,1,25,37,1,82.5,fishing_anchor,1,1.0,2022.0,True,True,,0.0,1.0,0.0,0.0,4.0,0.0,0,
2022,CAB0084,Americas,hyperscaler,1999,23,5,6855.0,4,Panama,47.1,47.1,100.0,1,25,37,1,84.1,equipment,1,0.0,2023.0,True,True,,0.0,1.0,0.0,0.0,0.0,1.0,1,1.0
2023,CAB0084,Americas,hyperscaler,1999,24,5,6855.0,4,Panama,47.1,47.1,61.3,1,25,37,1,85.7,none,0,1.0,2024.0,True,True,,0.0,1.0,0.0,-38.7,0.0,1.0,2,1.0
2015,CAB0085,Intra-Europe,hyperscaler,2008,7,3,1320.0,7,None,66.9,44.8,89.8,1,25,41,0,11.1,none,0,0.0,2016.0,True,True,,22.10000000000001,0.6696562032884902,,,,,0,
2016,CAB0085,Intra-Europe,hyperscaler,2008,8,3,1320.0,7,None,66.9,51.9,69.5,1,25,42,0,12.7,none,0,0.0,2017.0,True,True,,15.000000000000007,0.7757847533632286,7.100000000000001,-20.299999999999997,1.0,0.0,0,
2017,CAB0085,Intra-Europe,hyperscaler,2008,9,3,1320.0,7,None,66.9,52.8,47.1,1,25,44,0,14.3,none,0,0.0,2018.0,True,True,,14.100000000000009,0.7892376681614348,0.8999999999999986,-22.4,2.0,0.0,0,
2018,CAB0085,Intra-Europe,hyperscaler,2008,10,3,1320.0,7,None,66.9,61.6,60.7,1,25,45,0,15.9,none,0,0.0,2019.0,True,True,,5.300000000000004,0.9207772795216741,8.800000000000004,13.600000000000001,1.0,0.0,0,
2019,CAB0085,Intra-Europe,hyperscaler,2008,11,3,1320.0,7,None,66.9,66.9,100.0,1,25,47,0,17.5,none,0,0.0,2020.0,True,True,,0.0,1.0,5.300000000000004,39.3,2.0,0.0,0,
2020,CAB0085,Intra-Europe,hyperscaler,2008,12,3,1320.0,7,None,66.9,61.8,39.0,1,25,49,0,19.0,none,0,1.0,2021.0,True,True,,5.1000000000000085,0.9237668161434976,-5.1000000000000085,-61.0,2.0,0.0,0,
2021,CAB0085,Intra-Europe,hyperscaler,2008,13,3,1320.0,7,None,66.9,66.9,54.0,1,25,49,0,20.6,natural_hazard,1,0.0,2022.0,True,True,,0.0,1.0,5.1000000000000085,15.0,0.0,0.0,0,
2022,CAB0085,Intra-Europe,hyperscaler,2008,14,3,1320.0,7,None,66.9,66.9,55.6,1,25,52,0,22.2,none,0,0.0,2023.0,True,True,,0.0,1.0,0.0,1.6000000000000014,3.0,1.0,1,1.0
2023,CAB0085,Intra-Europe,hyperscaler,2008,15,3,1320.0,7,None,66.9,66.9,45.6,1,25,53,0,23.8,none,0,0.0,2024.0,True,True,,0.0,1.0,0.0,-10.0,1.0,0.0,1,2.0
2024,CAB0085,Intra-Europe,hyperscaler,2008,16,3,1320.0,7,None,66.9,66.9,46.4,1,25,53,0,25.4,none,0,0.0,2025.0,True,True,,0.0,1.0,0.0,0.7999999999999972,0.0,0.0,1,3.0
2025,CAB0085,Intra-Europe,hyperscaler,2008,17,3,1320.0,7,None,66.9,66.9,78.4,1,25,58,0,27.0,none,0,0.0,2026.0,True,True,,0.0,1.0,0.0,32.00000000000001,5.0,0.0,0,4.0
2015,CAB0086,Intra-Asia,carrier,2009,6,5,6821.0,3,None,118.6,74.5,43.3,1,25,53,0,9.5,none,0,0.0,2016.0,True,True,,44.099999999999994,0.6281618887015178,,,,,0,
2016,CAB0086,Intra-Asia,carrier,2009,7,5,6821.0,3,None,118.6,93.9,74.7,1,25,59,0,11.1,none,0,0.0,2017.0,True,True,,24.69999999999999,0.7917369308600338,19.400000000000006,31.400000000000006,6.0,0.0,0,
2017,CAB0086,Intra-Asia,carrier,2009,8,5,6821.0,3,None,118.6,74.7,100.0,1,25,60,0,12.7,none,0,0.0,2018.0,True,True,,43.89999999999999,0.6298482293423272,-19.200000000000003,25.299999999999997,1.0,0.0,0,
2018,CAB0086,Intra-Asia,carrier,2009,9,5,6821.0,3,None,118.6,83.4,25.9,1,25,62,0,14.3,none,0,1.0,2019.0,True,True,,35.19999999999999,0.703204047217538,8.700000000000003,-74.1,2.0,0.0,0,
2019,CAB0086,Intra-Asia,carrier,2009,10,5,6821.0,3,None,118.6,104.6,74.8,1,25,64,0,15.9,fishing_anchor,1,0.0,2020.0,True,True,,14.0,0.8819561551433389,21.19999999999999,48.9,2.0,0.0,0,
2020,CAB0086,Intra-Asia,carrier,2009,11,5,6821.0,3,None,118.6,108.6,29.7,1,25,66,0,17.5,none,0,0.0,2021.0,True,True,,10.0,0.9156829679595279,4.0,-45.099999999999994,2.0,1.0,1,1.0
2021,CAB0086,Intra-Asia,carrier,2009,12,5,6821.0,3,None,118.6,108.0,100.0,1,25,69,0,19.0,none,0,0.0,2022.0,True,True,,10.599999999999994,0.9106239460370995,-0.5999999999999943,70.3,3.0,0.0,1,2.0
2022,CAB0086,Intra-Asia,carrier,2009,13,5,6821.0,3,None,118.6,118.6,93.2,1,25,70,0,20.6,none,0,0.0,2023.0,True,True,,0.0,1.0,10.599999999999994,-6.799999999999997,1.0,0.0,1,3.0
2023,CAB0086,Intra-Asia,carrier,2009,14,5,6821.0,3,None,118.6,118.6,84.2,1,25,70,0,22.2,none,0,1.0,2024.0,True,True,,0.0,1.0,0.0,-9.0,0.0,0.0,0,4.0
2024,CAB0086,Intra-Asia,carrier,2009,15,5,6821.0,3,None,118.6,118.6,68.2,1,25,75,0,23.8,fishing_anchor,1,1.0,2025.0,True,True,,0.0,1.0,0.0,-16.0,5.0,0.0,0,5.0
2025,CAB0086,Intra-Asia,carrier,2009,16,5,6821.0,3,None,118.6,118.6,53.0,1,25,77,0,25.4,fishing_anchor,1,0.0,2026.0,True,True,,0.0,1.0,0.0,-15.200000000000003,2.0,1.0,1,1.0
2015,CAB0087,Intra-Asia,carrier,2004,11,4,3334.0,4,None,66.3,62.4,98.6,0,25,53,0,33.3,none,0,0.0,2016.0,True,True,,3.8999999999999986,0.9411764705882353,,,,,0,
2016,CAB0087,Intra-Asia,carrier,2004,12,4,3334.0,4,None,66.3,64.6,70.0,0,25,59,0,34.9,none,0,0.0,2017.0,True,True,,1.7000000000000028,0.9743589743589743,2.1999999999999957,-28.599999999999994,6.0,0.0,0,
2017,CAB0087,Intra-Asia,carrier,2004,13,4,3334.0,4,None,66.3,66.3,56.1,0,25,60,0,36.5,none,0,0.0,2018.0,True,True,,0.0,1.0,1.7000000000000028,-13.899999999999999,1.0,0.0,0,
2018,CAB0087,Intra-Asia,carrier,2004,14,4,3334.0,4,None,66.3,66.3,75.0,0,25,62,0,38.1,none,0,0.0,2019.0,True,True,,0.0,1.0,0.0,18.9,2.0,0.0,0,
2019,CAB0087,Intra-Asia,carrier,2004,15,4,3334.0,4,None,66.3,66.3,41.4,0,25,64,0,39.7,none,0,0.0,2020.0,True,True,,0.0,1.0,0.0,-33.6,2.0,0.0,0,
2020,CAB0087,Intra-Asia,carrier,2004,16,4,3334.0,4,None,66.3,66.3,100.0,0,25,66,0,41.3,none,0,0.0,2021.0,True,True,,0.0,1.0,0.0,58.6,2.0,0.0,0,
2021,CAB0087,Intra-Asia,carrier,2004,17,4,3334.0,4,None,66.3,66.3,50.7,0,25,69,0,42.9,none,0,0.0,2022.0,True,True,,0.0,1.0,0.0,-49.3,3.0,0.0,0,
2022,CAB0087,Intra-Asia,carrier,2004,18,4,3334.0,4,None,66.3,66.3,78.7,0,25,70,0,44.4,none,0,0.0,2023.0,True,True,,0.0,1.0,0.0,28.0,1.0,0.0,0,
2023,CAB0087,Intra-Asia,carrier,2004,19,4,3334.0,4,None,66.3,66.3,74.3,0,25,70,0,46.0,none,0,0.0,2024.0,True,True,,0.0,1.0,0.0,-4.400000000000006,0.0,0.0,0,
2024,CAB0087,Intra-Asia,carrier,2004,20,4,3334.0,4,None,66.3,66.3,61.8,0,25,75,0,47.6,none,0,0.0,2025.0,True,True,,0.0,1.0,0.0,-12.5,5.0,0.0,0,
2025,CAB0087,Intra-Asia,carrier,2004,21,4,3334.0,4,None,66.3,66.3,76.3,0,25,77,0,49.2,none,0,0.0,2026.0,True,True,,0.0,1.0,0.0,14.5,2.0,0.0,0,
2015,CAB0088,Africa-Coastal,carrier,2007,8,22,4372.0,3,None,458.9,324.0,24.2,0,25,36,1,48.4,none,0,0.0,2016.0,True,True,,134.89999999999998,0.7060361734582699,,,,,0,
2016,CAB0088,Africa-Coastal,carrier,2007,9,22,4372.0,3,None,458.9,344.1,45.4,0,25,37,1,50.0,none,0,0.0,2017.0,True,True,,114.79999999999995,0.7498365657005884,20.100000000000023,21.2,1.0,0.0,0,
2017,CAB0088,Africa-Coastal,carrier,2007,10,22,4372.0,3,None,458.9,426.6,44.1,0,25,40,0,31.7,none,0,0.0,2018.0,True,True,,32.299999999999955,0.9296142950533887,82.5,-1.2999999999999972,3.0,0.0,0,
2018,CAB0088,Africa-Coastal,carrier,2007,11,22,4372.0,3,None,458.9,393.2,27.7,0,25,40,0,33.3,none,0,0.0,2019.0,True,True,,65.69999999999999,0.8568315537154064,-33.400000000000034,-16.400000000000002,0.0,0.0,0,
2019,CAB0088,Africa-Coastal,carrier,2007,12,22,4372.0,3,None,458.9,418.3,71.5,0,25,42,0,34.9,none,0,1.0,2020.0,True,True,,40.599999999999966,0.9115275659185008,25.100000000000023,43.8,2.0,0.0,0,
2020,CAB0088,Africa-Coastal,carrier,2007,13,22,4372.0,3,None,458.9,458.9,71.6,0,25,43,0,36.5,natural_hazard,1,0.0,2021.0,True,True,,0.0,1.0,40.599999999999966,0.09999999999999432,1.0,0.0,0,
2021,CAB0088,Africa-Coastal,carrier,2007,14,22,4372.0,3,None,458.9,458.9,74.9,0,25,44,0,38.1,none,0,0.0,2022.0,True,True,,0.0,1.0,0.0,3.3000000000000114,1.0,1.0,1,1.0
2022,CAB0088,Africa-Coastal,carrier,2007,15,22,4372.0,3,None,458.9,458.9,43.3,0,25,45,0,39.7,none,0,0.0,2023.0,True,True,,0.0,1.0,0.0,-31.60000000000001,1.0,0.0,1,2.0
2023,CAB0088,Africa-Coastal,carrier,2007,16,22,4372.0,3,None,458.9,458.9,63.0,0,25,47,0,41.3,none,0,1.0,2024.0,True,True,,0.0,1.0,0.0,19.700000000000003,2.0,0.0,1,3.0
2024,CAB0088,Africa-Coastal,carrier,2007,17,22,4372.0,3,None,458.9,458.9,100.0,0,25,49,0,42.9,fishing_anchor,1,0.0,2025.0,True,True,,0.0,1.0,0.0,37.0,2.0,0.0,0,4.0
2025,CAB0088,Africa-Coastal,carrier,2007,18,22,4372.0,3,None,458.9,458.9,73.6,0,25,52,0,44.4,none,0,0.0,2026.0,True,True,,0.0,1.0,0.0,-26.400000000000006,3.0,1.0,1,1.0
2015,CAB0089,EMEA-Asia,carrier,2012,3,17,9977.0,3,Hormuz,476.0,194.5,54.5,0,25,27,1,68.3,none,0,0.0,2016.0,True,True,,281.5,0.40861344537815125,,,,,0,
2016,CAB0089,EMEA-Asia,carrier,2012,4,17,9977.0,3,Hormuz,476.0,230.6,61.1,0,25,29,1,69.8,none,0,0.0,2017.0,True,True,,245.4,0.48445378151260504,36.099999999999994,6.600000000000001,2.0,0.0,0,
2017,CAB0089,EMEA-Asia,carrier,2012,5,17,9977.0,3,Hormuz,476.0,280.5,36.2,0,25,32,1,71.4,none,0,0.0,2018.0,True,True,,195.5,0.5892857142857143,49.900000000000006,-24.9,3.0,0.0,0,
2018,CAB0089,EMEA-Asia,carrier,2012,6,17,9977.0,3,Hormuz,476.0,291.2,58.3,0,25,34,1,73.0,none,0,1.0,2019.0,True,True,,184.8,0.6117647058823529,10.699999999999989,22.099999999999994,2.0,0.0,0,
2019,CAB0089,EMEA-Asia,carrier,2012,7,17,9977.0,3,Hormuz,476.0,351.0,18.3,0,25,37,1,74.6,fishing_anchor,1,1.0,2020.0,True,True,,125.0,0.7373949579831933,59.80000000000001,-40.0,3.0,0.0,0,
2020,CAB0089,EMEA-Asia,carrier,2012,8,17,9977.0,3,Hormuz,476.0,327.5,69.8,0,25,40,0,56.3,fishing_anchor,1,0.0,2021.0,True,True,,148.5,0.6880252100840336,-23.5,51.5,3.0,1.0,1,1.0
2021,CAB0089,EMEA-Asia,carrier,2012,9,17,9977.0,3,Hormuz,476.0,317.8,66.0,0,25,44,0,57.9,none,0,0.0,2022.0,True,True,,158.2,0.6676470588235295,-9.699999999999989,-3.799999999999997,4.0,1.0,2,1.0
2022,CAB0089,EMEA-Asia,carrier,2012,10,17,9977.0,3,Hormuz,476.0,423.5,82.7,0,25,45,0,59.5,none,0,0.0,2023.0,True,True,,52.5,0.8897058823529411,105.69999999999999,16.700000000000003,1.0,0.0,2,2.0
2023,CAB0089,EMEA-Asia,carrier,2012,11,17,9977.0,3,Hormuz,476.0,445.0,56.8,0,25,47,0,61.1,none,0,1.0,2024.0,True,True,,31.0,0.9348739495798319,21.5,-25.900000000000006,2.0,0.0,1,3.0
2024,CAB0089,EMEA-Asia,carrier,2012,12,17,9977.0,3,Hormuz,476.0,451.6,53.9,0,25,48,0,62.7,fishing_anchor,1,0.0,2025.0,True,True,,24.399999999999977,0.9487394957983194,6.600000000000023,-2.8999999999999986,1.0,0.0,0,4.0
2025,CAB0089,EMEA-Asia,carrier,2012,13,17,9977.0,3,Hormuz,476.0,476.0,56.8,0,25,47,0,64.3,none,0,1.0,2026.0,True,True,,0.0,1.0,24.399999999999977,2.8999999999999986,-1.0,1.0,1,1.0
2016,CAB0090,Trans-Atlantic,consortium,2016,0,9,6451.0,6,None,303.4,83.3,69.2,0,25,37,1,35.7,none,0,0.0,2017.0,True,True,,220.09999999999997,0.2745550428477258,,,,,0,
2017,CAB0090,Trans-Atlantic,consortium,2016,1,9,6451.0,6,None,303.4,107.3,16.6,0,25,37,1,37.3,none,0,0.0,2018.0,True,True,,196.09999999999997,0.3536585365853659,24.0,-52.6,0.0,0.0,0,
2018,CAB0090,Trans-Atlantic,consortium,2016,2,9,6451.0,6,None,303.4,100.5,29.4,0,25,40,0,19.0,none,0,0.0,2019.0,True,True,,202.89999999999998,0.33124588002636784,-6.799999999999997,12.799999999999997,3.0,0.0,0,
2019,CAB0090,Trans-Atlantic,consortium,2016,3,9,6451.0,6,None,303.4,129.4,50.3,0,25,45,0,20.6,none,0,0.0,2020.0,True,True,,173.99999999999997,0.42649967040210945,28.900000000000006,20.9,5.0,0.0,0,
2020,CAB0090,Trans-Atlantic,consortium,2016,4,9,6451.0,6,None,303.4,170.8,51.8,0,25,48,0,22.2,none,0,0.0,2021.0,True,True,,132.59999999999997,0.5629531970995386,41.400000000000006,1.5,3.0,0.0,0,
2021,CAB0090,Trans-Atlantic,consortium,2016,5,9,6451.0,6,None,303.4,152.7,85.2,0,25,50,0,23.8,none,0,0.0,2022.0,True,True,,150.7,0.503295978905735,-18.100000000000023,33.400000000000006,2.0,0.0,0,
2022,CAB0090,Trans-Atlantic,consortium,2016,6,9,6451.0,6,None,303.4,168.5,37.1,0,25,51,0,25.4,none,0,0.0,2023.0,True,True,,134.89999999999998,0.5553724456163481,15.800000000000011,-48.1,1.0,0.0,0,
2023,CAB0090,Trans-Atlantic,consortium,2016,7,9,6451.0,6,None,303.4,186.1,57.9,0,25,54,0,27.0,none,0,0.0,2024.0,True,True,,117.29999999999998,0.6133816743572842,17.599999999999994,20.799999999999997,3.0,0.0,0,
2024,CAB0090,Trans-Atlantic,consortium,2016,8,9,6451.0,6,None,303.4,235.9,41.8,0,25,58,0,28.6,none,0,0.0,2025.0,True,True,,67.49999999999997,0.7775214238628874,49.80000000000001,-16.1,4.0,0.0,0,
2025,CAB0090,Trans-Atlantic,consortium,2016,9,9,6451.0,6,None,303.4,231.1,46.7,0,25,62,0,30.2,none,0,0.0,2026.0,True,True,,72.29999999999998,0.7617007251153592,-4.800000000000011,4.900000000000006,4.0,0.0,0,
2015,CAB0091,Indian-Ocean,government,2012,3,17,4616.0,8,None,476.0,227.5,28.3,0,25,31,1,40.5,none,0,0.0,2016.0,True,True,,248.5,0.47794117647058826,,,,,0,
2016,CAB0091,Indian-Ocean,government,2012,4,17,4616.0,8,None,476.0,226.0,42.8,0,25,33,1,42.1,none,0,1.0,2017.0,True,True,,250.0,0.47478991596638653,-1.5,14.499999999999996,2.0,0.0,0,
2017,CAB0091,Indian-Ocean,government,2012,5,17,4616.0,8,None,476.0,287.5,27.1,0,25,33,1,43.7,fishing_anchor,1,0.0,2018.0,True,True,,188.5,0.6039915966386554,61.5,-15.699999999999996,0.0,0.0,0,
2018,CAB0091,Indian-Ocean,government,2012,6,17,4616.0,8,None,476.0,289.9,60.0,0,25,35,1,45.2,none,0,0.0,2019.0,True,True,,186.10000000000002,0.6090336134453781,2.3999999999999773,32.9,2.0,1.0,1,1.0
2019,CAB0091,Indian-Ocean,government,2012,7,17,4616.0,8,None,476.0,333.4,26.7,0,25,35,1,46.8,none,0,0.0,2020.0,True,True,,142.60000000000002,0.7004201680672268,43.5,-33.3,0.0,0.0,1,2.0
2020,CAB0091,Indian-Ocean,government,2012,8,17,4616.0,8,None,476.0,320.7,40.5,0,25,36,1,48.4,none,0,0.0,2021.0,True,True,,155.3,0.6737394957983193,-12.699999999999989,13.8,1.0,0.0,1,3.0
2021,CAB0091,Indian-Ocean,government,2012,9,17,4616.0,8,None,476.0,423.8,47.5,0,25,39,1,50.0,none,0,0.0,2022.0,True,True,,52.19999999999999,0.8903361344537816,103.10000000000002,7.0,3.0,0.0,0,4.0
2022,CAB0091,Indian-Ocean,government,2012,10,17,4616.0,8,None,476.0,413.8,37.3,0,25,39,1,51.6,none,0,0.0,2023.0,True,True,,62.19999999999999,0.869327731092437,-10.0,-10.200000000000003,0.0,0.0,0,5.0
2023,CAB0091,Indian-Ocean,government,2012,11,17,4616.0,8,None,476.0,399.1,48.7,0,25,40,0,33.3,none,0,0.0,2024.0,True,True,,76.89999999999998,0.8384453781512605,-14.699999999999989,11.400000000000006,1.0,0.0,0,6.0
2024,CAB0091,Indian-Ocean,government,2012,12,17,4616.0,8,None,476.0,472.4,93.2,0,25,41,0,34.9,none,0,0.0,2025.0,True,True,,3.6000000000000227,0.9924369747899159,73.29999999999995,44.5,1.0,0.0,0,7.0
2025,CAB0091,Indian-Ocean,government,2012,13,17,4616.0,8,None,476.0,476.0,57.0,0,25,44,0,36.5,none,0,1.0,2026.0,True,True,,0.0,1.0,3.6000000000000227,-36.2,3.0,0.0,0,8.0
2024,CAB0092,Intra-Asia,carrier,2024,0,18,3179.0,3,None,812.6,158.2,55.2,1,25,75,0,0.0,none,0,0.0,2025.0,True,True,,654.4000000000001,0.194683731233079,,,,,0,
2025,CAB0092,Intra-Asia,carrier,2024,1,18,3179.0,3,None,812.6,287.0,87.1,1,25,77,0,1.6,none,0,0.0,2026.0,True,True,,525.6,0.35318730002461235,128.8,31.89999999999999,2.0,0.0,0,
2015,CAB0093,Intra-Pacific-Islands,hyperscaler,2000,15,8,2060.0,5,None,86.9,86.9,44.7,0,25,28,1,59.5,fishing_anchor,1,0.0,2016.0,True,True,,0.0,1.0,,,,,0,
2016,CAB0093,Intra-Pacific-Islands,hyperscaler,2000,16,8,2060.0,5,None,86.9,86.9,62.3,0,25,29,1,61.1,none,0,1.0,2017.0,True,True,,0.0,1.0,0.0,17.599999999999994,1.0,1.0,1,1.0
2017,CAB0093,Intra-Pacific-Islands,hyperscaler,2000,17,8,2060.0,5,None,86.9,86.9,81.5,0,25,29,1,62.7,fishing_anchor,1,0.0,2018.0,True,True,,0.0,1.0,0.0,19.200000000000003,0.0,0.0,1,2.0
2018,CAB0093,Intra-Pacific-Islands,hyperscaler,2000,18,8,2060.0,5,None,86.9,86.9,100.0,0,25,30,1,64.3,none,0,0.0,2019.0,True,True,,0.0,1.0,0.0,18.5,1.0,1.0,2,1.0
2019,CAB0093,Intra-Pacific-Islands,hyperscaler,2000,19,8,2060.0,5,None,86.9,86.9,55.2,0,25,35,1,65.9,none,0,0.0,2020.0,True,True,,0.0,1.0,0.0,-44.8,5.0,0.0,1,2.0
2020,CAB0093,Intra-Pacific-Islands,hyperscaler,2000,20,8,2060.0,5,None,86.9,86.9,75.2,0,25,40,0,47.6,none,0,1.0,2021.0,True,True,,0.0,1.0,0.0,20.0,5.0,0.0,1,3.0
2021,CAB0093,Intra-Pacific-Islands,hyperscaler,2000,21,8,2060.0,5,None,86.9,86.9,84.3,0,25,41,0,49.2,suspected_external,1,1.0,2022.0,True,True,,0.0,1.0,0.0,9.099999999999994,1.0,0.0,0,4.0
2022,CAB0093,Intra-Pacific-Islands,hyperscaler,2000,22,8,2060.0,5,None,86.9,86.9,65.3,0,25,43,0,50.8,natural_hazard,1,1.0,2023.0,True,True,,0.0,1.0,0.0,-19.0,2.0,1.0,1,1.0
2023,CAB0093,Intra-Pacific-Islands,hyperscaler,2000,23,8,2060.0,5,None,86.9,86.9,51.9,0,25,45,0,52.4,fishing_anchor,1,1.0,2024.0,True,True,,0.0,1.0,0.0,-13.399999999999999,2.0,1.0,2,1.0
2024,CAB0093,Intra-Pacific-Islands,hyperscaler,2000,24,8,2060.0,5,None,86.9,86.9,63.2,0,25,48,0,54.0,suspected_external,1,0.0,2025.0,True,True,,0.0,1.0,0.0,11.300000000000004,3.0,1.0,3,1.0
2025,CAB0093,Intra-Pacific-Islands,hyperscaler,2000,25,8,2060.0,5,None,86.9,86.9,71.7,0,25,50,0,55.6,none,0,0.0,2026.0,True,True,,0.0,1.0,0.0,8.5,2.0,1.0,3,1.0
2015,CAB0094,Indian-Ocean,consortium,2006,9,10,10601.0,7,None,194.3,148.7,56.2,1,25,31,1,34.1,none,0,1.0,2016.0,True,True,,45.60000000000002,0.7653113741636643,,,,,0,
2016,CAB0094,Indian-Ocean,consortium,2006,10,10,10601.0,7,None,194.3,150.7,60.0,1,25,33,1,35.7,fishing_anchor,1,0.0,2017.0,True,True,,43.60000000000002,0.7756047349459597,2.0,3.799999999999997,2.0,0.0,0,
2017,CAB0094,Indian-Ocean,consortium,2006,11,10,10601.0,7,None,194.3,180.3,56.1,1,25,33,1,37.3,none,0,0.0,2018.0,True,True,,14.0,0.9279464745239321,29.600000000000023,-3.8999999999999986,0.0,1.0,1,1.0
2018,CAB0094,Indian-Ocean,consortium,2006,12,10,10601.0,7,None,194.3,193.6,33.5,1,25,35,1,38.9,none,0,0.0,2019.0,True,True,,0.700000000000017,0.9963973237261965,13.299999999999983,-22.6,2.0,0.0,1,2.0
2019,CAB0094,Indian-Ocean,consortium,2006,13,10,10601.0,7,None,194.3,194.3,64.3,1,25,35,1,40.5,none,0,1.0,2020.0,True,True,,0.0,1.0,0.700000000000017,30.799999999999997,0.0,0.0,1,3.0
2020,CAB0094,Indian-Ocean,consortium,2006,14,10,10601.0,7,None,194.3,194.3,95.3,1,25,36,1,42.1,fishing_anchor,1,0.0,2021.0,True,True,,0.0,1.0,0.0,31.0,1.0,0.0,0,4.0
2021,CAB0094,Indian-Ocean,consortium,2006,15,10,10601.0,7,None,194.3,194.3,61.8,1,25,39,1,43.7,none,0,0.0,2022.0,True,True,,0.0,1.0,0.0,-33.5,3.0,1.0,1,1.0
2022,CAB0094,Indian-Ocean,consortium,2006,16,10,10601.0,7,None,194.3,194.3,53.3,1,25,39,1,45.2,none,0,0.0,2023.0,True,True,,0.0,1.0,0.0,-8.5,0.0,0.0,1,2.0
2023,CAB0094,Indian-Ocean,consortium,2006,17,10,10601.0,7,None,194.3,194.3,46.4,1,25,40,0,27.0,none,0,0.0,2024.0,True,True,,0.0,1.0,0.0,-6.899999999999999,1.0,0.0,1,3.0
2024,CAB0094,Indian-Ocean,consortium,2006,18,10,10601.0,7,None,194.3,194.3,68.2,1,25,41,0,28.6,none,0,0.0,2025.0,True,True,,0.0,1.0,0.0,21.800000000000004,1.0,0.0,0,4.0
2025,CAB0094,Indian-Ocean,consortium,2006,19,10,10601.0,7,None,194.3,194.3,66.8,1,25,44,0,30.2,none,0,1.0,2026.0,True,True,,0.0,1.0,0.0,-1.4000000000000057,3.0,0.0,0,5.0
2017,CAB0095,Africa-Coastal,consortium,2017,0,20,7843.0,6,None,702.9,194.0,62.8,1,25,40,0,0.0,none,0,0.0,2018.0,True,True,,508.9,0.2759994309290084,,,,,0,
2018,CAB0095,Africa-Coastal,consortium,2017,1,20,7843.0,6,None,702.9,214.8,35.7,1,25,40,0,1.6,none,0,0.0,2019.0,True,True,,488.09999999999997,0.30559112249253095,20.80000000000001,-27.099999999999994,0.0,0.0,0,
2019,CAB0095,Africa-Coastal,consortium,2017,2,20,7843.0,6,None,702.9,224.6,60.6,1,25,42,0,3.2,none,0,0.0,2020.0,True,True,,478.29999999999995,0.3195333617868829,9.799999999999983,24.9,2.0,0.0,0,
2020,CAB0095,Africa-Coastal,consortium,2017,3,20,7843.0,6,None,702.9,322.4,32.5,1,25,43,0,4.8,none,0,0.0,2021.0,True,True,,380.5,0.4586712192345995,97.79999999999998,-28.1,1.0,0.0,0,
2021,CAB0095,Africa-Coastal,consortium,2017,4,20,7843.0,6,None,702.9,327.9,29.3,1,25,44,0,6.3,none,0,0.0,2022.0,True,True,,375.0,0.46649594536918476,5.5,-3.1999999999999993,1.0,0.0,0,
2022,CAB0095,Africa-Coastal,consortium,2017,5,20,7843.0,6,None,702.9,357.1,51.6,1,25,45,0,7.9,none,0,0.0,2023.0,True,True,,345.79999999999995,0.5080381277564376,29.200000000000045,22.3,1.0,0.0,0,
2023,CAB0095,Africa-Coastal,consortium,2017,6,20,7843.0,6,None,702.9,480.1,29.9,1,25,47,0,9.5,none,0,0.0,2024.0,True,True,,222.79999999999995,0.683027457675345,123.0,-21.700000000000003,2.0,0.0,0,
2024,CAB0095,Africa-Coastal,consortium,2017,7,20,7843.0,6,None,702.9,453.2,70.0,1,25,49,0,11.1,none,0,1.0,2025.0,True,True,,249.7,0.6447574334898278,-26.900000000000034,40.1,2.0,0.0,0,
2025,CAB0095,Africa-Coastal,consortium,2017,8,20,7843.0,6,None,702.9,524.3,97.3,1,25,52,0,12.7,fishing_anchor,1,0.0,2026.0,True,True,,178.60000000000002,0.7459098022478303,71.09999999999997,27.299999999999997,3.0,0.0,0,
2025,CAB0096,Trans-Atlantic,carrier,2025,0,37,7020.0,4,None,1723.1,570.9,25.1,1,25,62,0,0.0,none,0,0.0,2026.0,True,True,,1152.1999999999998,0.3313214555162208,,,,,0,
2018,CAB0097,EMEA-Asia,hyperscaler,2018,0,21,12067.0,6,Suez,768.0,201.8,25.2,1,25,34,1,47.6,fishing_anchor,1,0.0,2019.0,True,True,,566.2,0.26276041666666666,,,,,0,
2019,CAB0097,EMEA-Asia,hyperscaler,2018,1,21,12067.0,6,Suez,768.0,260.0,27.0,1,25,37,1,49.2,none,0,0.0,2020.0,True,True,,508.0,0.3385416666666667,58.19999999999999,1.8000000000000007,3.0,1.0,1,1.0
2020,CAB0097,EMEA-Asia,hyperscaler,2018,2,21,12067.0,6,Suez,768.0,321.5,60.0,1,25,40,0,31.0,none,0,0.0,2021.0,True,True,,446.5,0.4186197916666667,61.5,33.0,3.0,0.0,1,2.0
2021,CAB0097,EMEA-Asia,hyperscaler,2018,3,21,12067.0,6,Suez,768.0,299.1,13.8,1,25,44,0,32.5,none,0,0.0,2022.0,True,True,,468.9,0.389453125,-22.399999999999977,-46.2,4.0,0.0,1,3.0
2022,CAB0097,EMEA-Asia,hyperscaler,2018,4,21,12067.0,6,Suez,768.0,393.9,50.3,1,25,45,0,34.1,none,0,0.0,2023.0,True,True,,374.1,0.5128906249999999,94.79999999999995,36.5,1.0,0.0,0,4.0
2023,CAB0097,EMEA-Asia,hyperscaler,2018,5,21,12067.0,6,Suez,768.0,449.8,14.7,1,25,47,0,35.7,none,0,0.0,2024.0,True,True,,318.2,0.5856770833333333,55.900000000000034,-35.599999999999994,2.0,0.0,0,5.0
2024,CAB0097,EMEA-Asia,hyperscaler,2018,6,21,12067.0,6,Suez,768.0,521.4,73.4,1,25,48,0,37.3,none,0,0.0,2025.0,True,True,,246.60000000000002,0.6789062499999999,71.59999999999997,58.7,1.0,0.0,0,6.0
2025,CAB0097,EMEA-Asia,hyperscaler,2018,7,21,12067.0,6,Suez,768.0,476.8,72.5,1,25,47,0,38.9,none,0,0.0,2026.0,True,True,,291.2,0.6208333333333333,-44.599999999999966,-0.9000000000000057,-1.0,0.0,0,7.0
2015,CAB0098,Intra-Europe,carrier,2001,14,2,1385.0,5,None,24.6,24.6,100.0,1,25,41,0,22.2,none,0,0.0,2016.0,True,True,,0.0,1.0,,,,,0,
2016,CAB0098,Intra-Europe,carrier,2001,15,2,1385.0,5,None,24.6,24.6,59.0,1,25,42,0,23.8,none,0,0.0,2017.0,True,True,,0.0,1.0,0.0,-41.0,1.0,0.0,0,
2017,CAB0098,Intra-Europe,carrier,2001,16,2,1385.0,5,None,24.6,24.6,55.5,1,25,44,0,25.4,none,0,0.0,2018.0,True,True,,0.0,1.0,0.0,-3.5,2.0,0.0,0,
2018,CAB0098,Intra-Europe,carrier,2001,17,2,1385.0,5,None,24.6,24.6,92.6,1,25,45,0,27.0,none,0,0.0,2019.0,True,True,,0.0,1.0,0.0,37.099999999999994,1.0,0.0,0,
2019,CAB0098,Intra-Europe,carrier,2001,18,2,1385.0,5,None,24.6,24.6,60.4,1,25,47,0,28.6,none,0,0.0,2020.0,True,True,,0.0,1.0,0.0,-32.199999999999996,2.0,0.0,0,
2020,CAB0098,Intra-Europe,carrier,2001,19,2,1385.0,5,None,24.6,24.6,84.4,1,25,49,0,30.2,none,0,0.0,2021.0,True,True,,0.0,1.0,0.0,24.000000000000007,2.0,0.0,0,
2021,CAB0098,Intra-Europe,carrier,2001,20,2,1385.0,5,None,24.6,24.6,100.0,1,25,49,0,31.7,none,0,0.0,2022.0,True,True,,0.0,1.0,0.0,15.599999999999994,0.0,0.0,0,
2022,CAB0098,Intra-Europe,carrier,2001,21,2,1385.0,5,None,24.6,24.6,52.1,1,25,52,0,33.3,none,0,0.0,2023.0,True,True,,0.0,1.0,0.0,-47.9,3.0,0.0,0,
2023,CAB0098,Intra-Europe,carrier,2001,22,2,1385.0,5,None,24.6,24.6,100.0,1,25,53,0,34.9,none,0,0.0,2024.0,True,True,,0.0,1.0,0.0,47.9,1.0,0.0,0,
2024,CAB0098,Intra-Europe,carrier,2001,23,2,1385.0,5,None,24.6,24.6,100.0,1,25,53,0,36.5,none,0,0.0,2025.0,True,True,,0.0,1.0,0.0,0.0,0.0,0.0,0,
2025,CAB0098,Intra-Europe,carrier,2001,24,2,1385.0,5,None,24.6,24.6,80.0,1,25,58,0,38.1,none,0,0.0,2026.0,True,True,,0.0,1.0,0.0,-20.0,5.0,0.0,0,
2015,CAB0099,Trans-Pacific,carrier,2005,10,6,10716.0,5,None,108.0,94.4,41.5,1,25,35,1,35.7,none,0,0.0,2016.0,True,True,,13.599999999999994,0.8740740740740741,,,,,0,
2016,CAB0099,Trans-Pacific,carrier,2005,11,6,10716.0,5,None,108.0,97.2,42.1,1,25,37,1,37.3,none,0,0.0,2017.0,True,True,,10.799999999999997,0.9,2.799999999999997,0.6000000000000014,2.0,0.0,0,
2017,CAB0099,Trans-Pacific,carrier,2005,12,6,10716.0,5,None,108.0,108.0,70.0,1,25,38,1,38.9,none,0,0.0,2018.0,True,True,,0.0,1.0,10.799999999999997,27.9,1.0,0.0,0,
2018,CAB0099,Trans-Pacific,carrier,2005,13,6,10716.0,5,None,108.0,106.2,51.7,1,25,39,1,40.5,none,0,0.0,2019.0,True,True,,1.7999999999999972,0.9833333333333334,-1.7999999999999972,-18.299999999999997,1.0,0.0,0,
2019,CAB0099,Trans-Pacific,carrier,2005,14,6,10716.0,5,None,108.0,108.0,64.3,1,25,41,0,22.2,none,0,0.0,2020.0,True,True,,0.0,1.0,1.7999999999999972,12.599999999999994,2.0,0.0,0,
2020,CAB0099,Trans-Pacific,carrier,2005,15,6,10716.0,5,None,108.0,108.0,70.7,1,25,42,0,23.8,none,0,0.0,2021.0,True,True,,0.0,1.0,0.0,6.400000000000006,1.0,0.0,0,
2021,CAB0099,Trans-Pacific,carrier,2005,16,6,10716.0,5,None,108.0,108.0,55.3,1,25,43,0,25.4,none,0,0.0,2022.0,True,True,,0.0,1.0,0.0,-15.400000000000006,1.0,0.0,0,
2022,CAB0099,Trans-Pacific,carrier,2005,17,6,10716.0,5,None,108.0,108.0,90.9,1,25,45,0,27.0,none,0,0.0,2023.0,True,True,,0.0,1.0,0.0,35.60000000000001,2.0,0.0,0,
2023,CAB0099,Trans-Pacific,carrier,2005,18,6,10716.0,5,None,108.0,108.0,71.7,1,25,47,0,28.6,none,0,1.0,2024.0,True,True,,0.0,1.0,0.0,-19.200000000000003,2.0,0.0,0,
2024,CAB0099,Trans-Pacific,carrier,2005,19,6,10716.0,5,None,108.0,108.0,87.9,1,25,49,0,30.2,fishing_anchor,1,0.0,2025.0,True,True,,0.0,1.0,0.0,16.200000000000003,2.0,0.0,0,
2025,CAB0099,Trans-Pacific,carrier,2005,20,6,10716.0,5,None,108.0,108.0,99.0,1,25,50,0,31.7,none,0,0.0,2026.0,True,True,,0.0,1.0,0.0,11.099999999999994,1.0,1.0,1,1.0
2015,CAB0100,Intra-Asia,hyperscaler,2012,3,8,3537.0,5,None,224.0,89.7,76.1,1,25,53,0,4.8,none,0,0.0,2016.0,True,True,,134.3,0.4004464285714286,,,,,0,
2016,CAB0100,Intra-Asia,hyperscaler,2012,4,8,3537.0,5,None,224.0,129.0,15.3,1,25,59,0,6.3,none,0,0.0,2017.0,True,True,,95.0,0.5758928571428571,39.3,-60.8,6.0,0.0,0,
2017,CAB0100,Intra-Asia,hyperscaler,2012,5,8,3537.0,5,None,224.0,132.0,88.7,1,25,60,0,7.9,none,0,0.0,2018.0,True,True,,92.0,0.5892857142857143,3.0,73.4,1.0,0.0,0,
2018,CAB0100,Intra-Asia,hyperscaler,2012,6,8,3537.0,5,None,224.0,125.3,44.7,1,25,62,0,9.5,none,0,0.0,2019.0,True,True,,98.7,0.559375,-6.700000000000003,-44.0,2.0,0.0,0,
2019,CAB0100,Intra-Asia,hyperscaler,2012,7,8,3537.0,5,None,224.0,141.9,56.4,1,25,64,0,11.1,none,0,0.0,2020.0,True,True,,82.1,0.6334821428571429,16.60000000000001,11.699999999999996,2.0,0.0,0,
2020,CAB0100,Intra-Asia,hyperscaler,2012,8,8,3537.0,5,None,224.0,155.2,48.3,1,25,66,0,12.7,none,0,0.0,2021.0,True,True,,68.80000000000001,0.6928571428571428,13.299999999999983,-8.100000000000001,2.0,0.0,0,
2021,CAB0100,Intra-Asia,hyperscaler,2012,9,8,3537.0,5,None,224.0,158.4,74.2,1,25,69,0,14.3,none,0,0.0,2022.0,True,True,,65.6,0.7071428571428572,3.200000000000017,25.900000000000006,3.0,0.0,0,
2022,CAB0100,Intra-Asia,hyperscaler,2012,10,8,3537.0,5,None,224.0,184.7,74.0,1,25,70,0,15.9,none,0,0.0,2023.0,True,True,,39.30000000000001,0.8245535714285713,26.299999999999983,-0.20000000000000284,1.0,0.0,0,
2023,CAB0100,Intra-Asia,hyperscaler,2012,11,8,3537.0,5,None,224.0,179.3,35.8,1,25,70,0,17.5,none,0,0.0,2024.0,True,True,,44.69999999999999,0.8004464285714287,-5.399999999999977,-38.2,0.0,0.0,0,
2024,CAB0100,Intra-Asia,hyperscaler,2012,12,8,3537.0,5,None,224.0,198.1,100.0,1,25,75,0,19.0,none,0,0.0,2025.0,True,True,,25.900000000000006,0.884375,18.799999999999983,64.2,5.0,0.0,0,
2025,CAB0100,Intra-Asia,hyperscaler,2012,13,8,3537.0,5,None,224.0,208.0,93.4,1,25,77,0,20.6,none,0,0.0,2026.0,True,True,,16.0,0.9285714285714286,9.900000000000006,-6.599999999999994,2.0,0.0,0,
2015,CAB0101,Africa-Coastal,carrier,1999,16,5,6069.0,9,None,47.1,47.1,68.1,1,25,36,1,45.2,none,0,0.0,2016.0,True,True,,0.0,1.0,,,,,0,
2016,CAB0101,Africa-Coastal,carrier,1999,17,5,6069.0,9,None,47.1,47.1,56.8,1,25,37,1,46.8,none,0,0.0,2017.0,True,True,,0.0,1.0,0.0,-11.299999999999997,1.0,0.0,0,
2017,CAB0101,Africa-Coastal,carrier,1999,18,5,6069.0,9,None,47.1,47.1,47.7,1,25,40,0,28.6,none,0,0.0,2018.0,True,True,,0.0,1.0,0.0,-9.099999999999994,3.0,0.0,0,
2018,CAB0101,Africa-Coastal,carrier,1999,19,5,6069.0,9,None,47.1,47.1,84.7,1,25,40,0,30.2,none,0,0.0,2019.0,True,True,,0.0,1.0,0.0,37.0,0.0,0.0,0,
2019,CAB0101,Africa-Coastal,carrier,1999,20,5,6069.0,9,None,47.1,47.1,60.3,1,25,42,0,31.7,none,0,0.0,2020.0,True,True,,0.0,1.0,0.0,-24.400000000000006,2.0,0.0,0,
2020,CAB0101,Africa-Coastal,carrier,1999,21,5,6069.0,9,None,47.1,47.1,80.5,1,25,43,0,33.3,none,0,0.0,2021.0,True,True,,0.0,1.0,0.0,20.200000000000003,1.0,0.0,0,
2021,CAB0101,Africa-Coastal,carrier,1999,22,5,6069.0,9,None,47.1,47.1,98.9,1,25,44,0,34.9,none,0,0.0,2022.0,True,True,,0.0,1.0,0.0,18.400000000000006,1.0,0.0,0,
2022,CAB0101,Africa-Coastal,carrier,1999,23,5,6069.0,9,None,47.1,47.1,58.2,1,25,45,0,36.5,none,0,0.0,2023.0,True,True,,0.0,1.0,0.0,-40.7,1.0,0.0,0,
2023,CAB0101,Africa-Coastal,carrier,1999,24,5,6069.0,9,None,47.1,47.1,100.0,1,25,47,0,38.1,none,0,0.0,2024.0,True,True,,0.0,1.0,0.0,41.8,2.0,0.0,0,
2024,CAB0101,Africa-Coastal,carrier,1999,25,5,6069.0,9,None,47.1,47.1,93.2,1,25,49,0,39.7,none,0,0.0,2025.0,True,True,,0.0,1.0,0.0,-6.799999999999997,2.0,0.0,0,
2025,CAB0101,Africa-Coastal,carrier,1999,26,5,6069.0,9,None,47.1,47.1,81.1,1,25,52,0,41.3,none,0,0.0,2026.0,True,True,,0.0,1.0,0.0,-12.100000000000009,3.0,0.0,0,
2015,CAB0102,EMEA-Asia,carrier,1998,17,4,13754.0,6,Malacca,32.0,32.0,55.3,1,25,27,1,74.6,fishing_anchor,1,0.0,2016.0,True,True,,0.0,1.0,,,,,0,
2016,CAB0102,EMEA-Asia,carrier,1998,18,4,13754.0,6,Malacca,32.0,32.0,83.4,1,25,29,1,76.2,none,0,0.0,2017.0,True,True,,0.0,1.0,0.0,28.10000000000001,2.0,1.0,1,1.0
2017,CAB0102,EMEA-Asia,carrier,1998,19,4,13754.0,6,Malacca,32.0,32.0,89.1,1,25,32,1,77.8,none,0,0.0,2018.0,True,True,,0.0,1.0,0.0,5.699999999999989,3.0,0.0,1,2.0
2018,CAB0102,EMEA-Asia,carrier,1998,20,4,13754.0,6,Malacca,32.0,32.0,63.3,1,25,34,1,79.4,none,0,0.0,2019.0,True,True,,0.0,1.0,0.0,-25.799999999999997,2.0,0.0,1,3.0
2019,CAB0102,EMEA-Asia,carrier,1998,21,4,13754.0,6,Malacca,32.0,32.0,100.0,1,25,37,1,81.0,none,0,0.0,2020.0,True,True,,0.0,1.0,0.0,36.7,3.0,0.0,0,4.0
2020,CAB0102,EMEA-Asia,carrier,1998,22,4,13754.0,6,Malacca,32.0,32.0,99.4,1,25,40,0,62.7,none,0,0.0,2021.0,True,True,,0.0,1.0,0.0,-0.5999999999999943,3.0,0.0,0,5.0
2021,CAB0102,EMEA-Asia,carrier,1998,23,4,13754.0,6,Malacca,32.0,32.0,99.3,1,25,44,0,64.3,none,0,0.0,2022.0,True,True,,0.0,1.0,0.0,-0.10000000000000853,4.0,0.0,0,6.0
2022,CAB0102,EMEA-Asia,carrier,1998,24,4,13754.0,6,Malacca,32.0,32.0,90.1,1,25,45,0,65.9,none,0,0.0,2023.0,True,True,,0.0,1.0,0.0,-9.200000000000003,1.0,0.0,0,7.0
2023,CAB0102,EMEA-Asia,carrier,1998,25,4,13754.0,6,Malacca,32.0,32.0,82.9,1,25,47,0,67.5,none,0,1.0,2024.0,True,True,,0.0,1.0,0.0,-7.199999999999989,2.0,0.0,0,8.0
2015,CAB0103,Indian-Ocean,hyperscaler,2013,2,27,6774.0,2,None,794.6,289.0,42.4,0,25,31,1,50.8,none,0,0.0,2016.0,True,True,,505.6,0.3637050088094639,,,,,0,
2016,CAB0103,Indian-Ocean,hyperscaler,2013,3,27,6774.0,2,None,794.6,357.0,51.7,0,25,33,1,52.4,none,0,0.0,2017.0,True,True,,437.6,0.44928265794110245,68.0,9.300000000000004,2.0,0.0,0,
2017,CAB0103,Indian-Ocean,hyperscaler,2013,4,27,6774.0,2,None,794.6,375.6,14.6,0,25,33,1,54.0,none,0,0.0,2018.0,True,True,,419.0,0.47269066196828596,18.600000000000023,-37.1,0.0,0.0,0,
2018,CAB0103,Indian-Ocean,hyperscaler,2013,5,27,6774.0,2,None,794.6,412.1,66.2,0,25,35,1,55.6,none,0,1.0,2019.0,True,True,,382.5,0.5186257236345331,36.5,51.6,2.0,0.0,0,
2019,CAB0103,Indian-Ocean,hyperscaler,2013,6,27,6774.0,2,None,794.6,460.7,50.5,0,25,35,1,57.1,fishing_anchor,1,0.0,2020.0,True,True,,333.90000000000003,0.5797885728668513,48.599999999999966,-15.700000000000003,0.0,0.0,0,
2020,CAB0103,Indian-Ocean,hyperscaler,2013,7,27,6774.0,2,None,794.6,519.5,64.1,0,25,36,1,58.7,none,0,0.0,2021.0,True,True,,275.1,0.6537880694689152,58.80000000000001,13.599999999999994,1.0,1.0,1,1.0
2021,CAB0103,Indian-Ocean,hyperscaler,2013,8,27,6774.0,2,None,794.6,610.6,23.7,0,25,39,1,60.3,none,0,0.0,2022.0,True,True,,184.0,0.7684369494085075,91.10000000000002,-40.39999999999999,3.0,0.0,1,2.0
2022,CAB0103,Indian-Ocean,hyperscaler,2013,9,27,6774.0,2,None,794.6,655.4,25.7,0,25,39,1,61.9,none,0,1.0,2023.0,True,True,,139.20000000000005,0.8248175182481752,44.799999999999955,2.0,0.0,0.0,1,3.0
2023,CAB0103,Indian-Ocean,hyperscaler,2013,10,27,6774.0,2,None,794.6,718.9,30.0,0,25,40,0,43.7,equipment,1,0.0,2024.0,True,True,,75.70000000000005,0.9047319405990435,63.5,4.300000000000001,1.0,0.0,0,4.0
2024,CAB0103,Indian-Ocean,hyperscaler,2013,11,27,6774.0,2,None,794.6,726.5,100.0,0,25,41,0,45.2,none,0,0.0,2025.0,True,True,,68.10000000000002,0.9142965013843443,7.600000000000023,70.0,1.0,1.0,1,1.0
2025,CAB0103,Indian-Ocean,hyperscaler,2013,12,27,6774.0,2,None,794.6,715.6,42.8,0,25,44,0,46.8,none,0,0.0,2026.0,True,True,,79.0,0.9005789076264787,-10.899999999999977,-57.2,3.0,0.0,1,2.0
2015,CAB0104,Intra-Pacific-Islands,carrier,2006,9,3,3843.0,5,None,58.3,44.9,100.0,1,25,28,1,34.1,none,0,1.0,2016.0,True,True,,13.399999999999999,0.7701543739279588,,,,,0,
2016,CAB0104,Intra-Pacific-Islands,carrier,2006,10,3,3843.0,5,None,58.3,47.0,52.1,1,25,29,1,35.7,natural_hazard,1,0.0,2017.0,True,True,,11.299999999999997,0.8061749571183534,2.1000000000000014,-47.9,1.0,0.0,0,
2017,CAB0104,Intra-Pacific-Islands,carrier,2006,11,3,3843.0,5,None,58.3,54.8,40.7,1,25,29,1,37.3,none,0,0.0,2018.0,True,True,,3.5,0.9399656946826758,7.799999999999997,-11.399999999999999,0.0,1.0,1,1.0
2018,CAB0104,Intra-Pacific-Islands,carrier,2006,12,3,3843.0,5,None,58.3,58.3,86.3,1,25,30,1,38.9,none,0,0.0,2019.0,True,True,,0.0,1.0,3.5,45.599999999999994,1.0,0.0,1,2.0
2019,CAB0104,Intra-Pacific-Islands,carrier,2006,13,3,3843.0,5,None,58.3,58.3,64.3,1,25,35,1,40.5,none,0,0.0,2020.0,True,True,,0.0,1.0,0.0,-22.0,5.0,0.0,1,3.0
2020,CAB0104,Intra-Pacific-Islands,carrier,2006,14,3,3843.0,5,None,58.3,58.3,100.0,1,25,40,0,22.2,none,0,0.0,2021.0,True,True,,0.0,1.0,0.0,35.7,5.0,0.0,0,4.0
2021,CAB0104,Intra-Pacific-Islands,carrier,2006,15,3,3843.0,5,None,58.3,58.3,39.5,1,25,41,0,23.8,none,0,0.0,2022.0,True,True,,0.0,1.0,0.0,-60.5,1.0,0.0,0,5.0
2022,CAB0104,Intra-Pacific-Islands,carrier,2006,16,3,3843.0,5,None,58.3,58.3,52.9,1,25,43,0,25.4,none,0,0.0,2023.0,True,True,,0.0,1.0,0.0,13.399999999999999,2.0,0.0,0,6.0
2023,CAB0104,Intra-Pacific-Islands,carrier,2006,17,3,3843.0,5,None,58.3,58.3,50.3,1,25,45,0,27.0,none,0,0.0,2024.0,True,True,,0.0,1.0,0.0,-2.6000000000000014,2.0,0.0,0,7.0
2024,CAB0104,Intra-Pacific-Islands,carrier,2006,18,3,3843.0,5,None,58.3,58.3,100.0,1,25,48,0,28.6,none,0,0.0,2025.0,True,True,,0.0,1.0,0.0,49.7,3.0,0.0,0,8.0
2025,CAB0104,Intra-Pacific-Islands,carrier,2006,19,3,3843.0,5,None,58.3,58.3,76.3,1,25,50,0,30.2,none,0,1.0,2026.0,True,True,,0.0,1.0,0.0,-23.700000000000003,2.0,0.0,0,9.0
2025,CAB0105,Indian-Ocean,consortium,2025,0,6,11696.0,4,None,279.4,86.3,11.7,1,25,44,0,0.0,none,0,0.0,2026.0,True,True,,193.09999999999997,0.3088761632068719,,,,,0,
2018,CAB0106,Americas,carrier,2018,0,21,5371.0,3,None,768.0,244.1,40.8,1,25,31,1,19.8,none,0,0.0,2019.0,True,True,,523.9,0.31783854166666664,,,,,0,
2019,CAB0106,Americas,carrier,2018,1,21,5371.0,3,None,768.0,243.5,17.2,1,25,32,1,21.4,none,0,0.0,2020.0,True,True,,524.5,0.3170572916666667,-0.5999999999999943,-23.599999999999998,1.0,0.0,0,
2020,CAB0106,Americas,carrier,2018,2,21,5371.0,3,None,768.0,351.4,34.3,1,25,33,1,23.0,none,0,0.0,2021.0,True,True,,416.6,0.4575520833333333,107.89999999999998,17.099999999999998,1.0,0.0,0,
2021,CAB0106,Americas,carrier,2018,3,21,5371.0,3,None,768.0,338.6,27.2,1,25,37,1,24.6,none,0,0.0,2022.0,True,True,,429.4,0.4408854166666667,-12.799999999999955,-7.099999999999998,4.0,0.0,0,
2022,CAB0106,Americas,carrier,2018,4,21,5371.0,3,None,768.0,356.4,18.5,1,25,37,1,26.2,none,0,0.0,2023.0,True,True,,411.6,0.4640625,17.799999999999955,-8.7,0.0,0.0,0,
2023,CAB0106,Americas,carrier,2018,5,21,5371.0,3,None,768.0,377.7,49.1,1,25,37,1,27.8,none,0,0.0,2024.0,True,True,,390.3,0.49179687499999997,21.30000000000001,30.6,0.0,0.0,0,
2024,CAB0106,Americas,carrier,2018,6,21,5371.0,3,None,768.0,431.1,31.0,1,25,39,1,29.4,none,0,0.0,2025.0,True,True,,336.9,0.5613281250000001,53.400000000000034,-18.1,2.0,0.0,0,
2025,CAB0106,Americas,carrier,2018,7,21,5371.0,3,None,768.0,557.0,28.8,1,25,39,1,31.0,none,0,0.0,2026.0,True,True,,211.0,0.7252604166666666,125.89999999999998,-2.1999999999999993,0.0,0.0,0,
2015,CAB0107,Africa-Coastal,hyperscaler,2012,3,4,7718.0,6,None,112.0,49.5,58.6,0,25,36,1,40.5,fishing_anchor,1,1.0,2016.0,True,True,,62.5,0.4419642857142857,,,,,0,
2016,CAB0107,Africa-Coastal,hyperscaler,2012,4,4,7718.0,6,None,112.0,61.8,52.0,0,25,37,1,42.1,fishing_anchor,1,0.0,2017.0,True,True,,50.2,0.5517857142857142,12.299999999999997,-6.600000000000001,1.0,1.0,1,1.0
2017,CAB0107,Africa-Coastal,hyperscaler,2012,5,4,7718.0,6,None,112.0,61.8,85.5,0,25,40,0,23.8,none,0,1.0,2018.0,True,True,,50.2,0.5517857142857142,0.0,33.5,3.0,1.0,2,1.0
2018,CAB0107,Africa-Coastal,hyperscaler,2012,6,4,7718.0,6,None,112.0,74.1,40.5,0,25,40,0,25.4,natural_hazard,1,1.0,2019.0,True,True,,37.900000000000006,0.6616071428571428,12.299999999999997,-45.0,0.0,0.0,2,2.0
2019,CAB0107,Africa-Coastal,hyperscaler,2012,7,4,7718.0,6,None,112.0,86.2,68.8,0,25,42,0,27.0,fishing_anchor,1,0.0,2020.0,True,True,,25.799999999999997,0.7696428571428572,12.100000000000009,28.299999999999997,2.0,1.0,2,1.0
2020,CAB0107,Africa-Coastal,hyperscaler,2012,8,4,7718.0,6,None,112.0,77.1,55.5,0,25,43,0,28.6,none,0,0.0,2021.0,True,True,,34.900000000000006,0.6883928571428571,-9.100000000000009,-13.299999999999997,1.0,1.0,2,1.0
2021,CAB0107,Africa-Coastal,hyperscaler,2012,9,4,7718.0,6,None,112.0,90.3,26.3,0,25,44,0,30.2,none,0,0.0,2022.0,True,True,,21.700000000000003,0.80625,13.200000000000003,-29.2,1.0,0.0,2,2.0
2022,CAB0107,Africa-Coastal,hyperscaler,2012,10,4,7718.0,6,None,112.0,93.7,56.5,0,25,45,0,31.7,none,0,1.0,2023.0,True,True,,18.299999999999997,0.8366071428571429,3.4000000000000057,30.2,1.0,0.0,1,3.0
2023,CAB0107,Africa-Coastal,hyperscaler,2012,11,4,7718.0,6,None,112.0,104.6,63.8,0,25,47,0,33.3,fishing_anchor,1,0.0,2024.0,True,True,,7.400000000000006,0.9339285714285713,10.899999999999991,7.299999999999997,2.0,0.0,0,4.0
2024,CAB0107,Africa-Coastal,hyperscaler,2012,12,4,7718.0,6,None,112.0,106.5,93.9,0,25,49,0,34.9,none,0,0.0,2025.0,True,True,,5.5,0.9508928571428571,1.9000000000000057,30.10000000000001,2.0,1.0,1,1.0
2025,CAB0107,Africa-Coastal,hyperscaler,2012,13,4,7718.0,6,None,112.0,112.0,83.0,0,25,52,0,36.5,none,0,0.0,2026.0,True,True,,0.0,1.0,5.5,-10.900000000000006,3.0,0.0,1,2.0
2024,CAB0108,Intra-Asia,consortium,2024,0,9,6120.0,6,None,406.3,82.7,5.0,0,25,75,0,15.9,none,0,0.0,2025.0,True,True,,323.6,0.20354417917794734,,,,,0,
2025,CAB0108,Intra-Asia,consortium,2024,1,9,6120.0,6,None,406.3,99.9,34.5,0,25,77,0,17.5,none,0,0.0,2026.0,True,True,,306.4,0.245877430470096,17.200000000000003,29.5,2.0,0.0,0,
2019,CAB0109,Intra-Pacific-Islands,consortium,2019,0,16,2522.0,5,None,608.0,163.3,14.5,0,25,35,1,35.7,equipment,1,0.0,2020.0,True,True,,444.7,0.26858552631578947,,,,,0,
2020,CAB0109,Intra-Pacific-Islands,consortium,2019,1,16,2522.0,5,None,608.0,212.7,79.0,0,25,40,0,17.5,none,0,0.0,2021.0,True,True,,395.3,0.34983552631578946,49.39999999999998,64.5,5.0,1.0,1,1.0
2021,CAB0109,Intra-Pacific-Islands,consortium,2019,2,16,2522.0,5,None,608.0,265.7,11.1,0,25,41,0,19.0,none,0,0.0,2022.0,True,True,,342.3,0.4370065789473684,53.0,-67.9,1.0,0.0,1,2.0
2022,CAB0109,Intra-Pacific-Islands,consortium,2019,3,16,2522.0,5,None,608.0,304.3,62.0,0,25,43,0,20.6,none,0,0.0,2023.0,True,True,,303.7,0.5004934210526316,38.60000000000002,50.9,2.0,0.0,1,3.0
2023,CAB0109,Intra-Pacific-Islands,consortium,2019,4,16,2522.0,5,None,608.0,361.5,52.2,0,25,45,0,22.2,none,0,0.0,2024.0,True,True,,246.5,0.5945723684210527,57.19999999999999,-9.799999999999997,2.0,0.0,0,4.0
2024,CAB0109,Intra-Pacific-Islands,consortium,2019,5,16,2522.0,5,None,608.0,294.8,78.0,0,25,48,0,23.8,none,0,0.0,2025.0,True,True,,313.2,0.4848684210526316,-66.69999999999999,25.799999999999997,3.0,0.0,0,5.0
2025,CAB0109,Intra-Pacific-Islands,consortium,2019,6,16,2522.0,5,None,608.0,416.7,78.5,0,25,50,0,25.4,none,0,1.0,2026.0,True,True,,191.3,0.6853618421052632,121.89999999999998,0.5,2.0,0.0,0,6.0
2015,CAB0110,Intra-Asia,consortium,2000,15,5,2860.0,5,None,54.3,54.3,64.1,1,25,53,0,23.8,none,0,0.0,2016.0,True,True,,0.0,1.0,,,,,0,
2016,CAB0110,Intra-Asia,consortium,2000,16,5,2860.0,5,None,54.3,54.3,90.6,1,25,59,0,25.4,none,0,0.0,2017.0,True,True,,0.0,1.0,0.0,26.5,6.0,0.0,0,
2017,CAB0110,Intra-Asia,consortium,2000,17,5,2860.0,5,None,54.3,54.3,94.9,1,25,60,0,27.0,none,0,0.0,2018.0,True,True,,0.0,1.0,0.0,4.300000000000011,1.0,0.0,0,
2018,CAB0110,Intra-Asia,consortium,2000,18,5,2860.0,5,None,54.3,54.3,69.0,1,25,62,0,28.6,none,0,0.0,2019.0,True,True,,0.0,1.0,0.0,-25.900000000000006,2.0,0.0,0,
2019,CAB0110,Intra-Asia,consortium,2000,19,5,2860.0,5,None,54.3,54.3,78.0,1,25,64,0,30.2,none,0,0.0,2020.0,True,True,,0.0,1.0,0.0,9.0,2.0,0.0,0,
2020,CAB0110,Intra-Asia,consortium,2000,20,5,2860.0,5,None,54.3,54.3,100.0,1,25,66,0,31.7,none,0,0.0,2021.0,True,True,,0.0,1.0,0.0,22.0,2.0,0.0,0,
2021,CAB0110,Intra-Asia,consortium,2000,21,5,2860.0,5,None,54.3,54.3,45.8,1,25,69,0,33.3,none,0,0.0,2022.0,True,True,,0.0,1.0,0.0,-54.2,3.0,0.0,0,
2022,CAB0110,Intra-Asia,consortium,2000,22,5,2860.0,5,None,54.3,54.3,58.6,1,25,70,0,34.9,none,0,0.0,2023.0,True,True,,0.0,1.0,0.0,12.800000000000004,1.0,0.0,0,
2023,CAB0110,Intra-Asia,consortium,2000,23,5,2860.0,5,None,54.3,54.3,63.5,1,25,70,0,36.5,none,0,1.0,2024.0,True,True,,0.0,1.0,0.0,4.899999999999999,0.0,0.0,0,
2024,CAB0110,Intra-Asia,consortium,2000,24,5,2860.0,5,None,54.3,54.3,88.0,1,25,75,0,38.1,fishing_anchor,1,0.0,2025.0,True,True,,0.0,1.0,0.0,24.5,5.0,0.0,0,
2025,CAB0110,Intra-Asia,consortium,2000,25,5,2860.0,5,None,54.3,54.3,100.0,1,25,77,0,39.7,none,0,0.0,2026.0,True,True,,0.0,1.0,0.0,12.0,2.0,1.0,1,1.0
2025,CAB0111,Americas,carrier,2025,0,6,6012.0,4,None,279.4,82.7,66.0,0,25,39,1,35.7,none,0,0.0,2026.0,True,True,,196.7,0.29599141016463854,,,,,0,
2015,CAB0112,Africa-Coastal,consortium,2012,3,17,14941.0,7,None,476.0,199.4,53.9,0,25,36,1,40.5,none,0,1.0,2016.0,True,True,,276.6,0.4189075630252101,,,,,0,
2016,CAB0112,Africa-Coastal,consortium,2012,4,17,14941.0,7,None,476.0,243.4,32.8,0,25,37,1,42.1,fishing_anchor,1,0.0,2017.0,True,True,,232.6,0.511344537815126,44.0,-21.1,1.0,0.0,0,
2017,CAB0112,Africa-Coastal,consortium,2012,5,17,14941.0,7,None,476.0,273.3,71.2,0,25,40,0,23.8,none,0,1.0,2018.0,True,True,,202.7,0.5741596638655463,29.900000000000006,38.400000000000006,3.0,1.0,1,1.0
2018,CAB0112,Africa-Coastal,consortium,2012,6,17,14941.0,7,None,476.0,274.1,72.9,0,25,40,0,25.4,equipment,1,0.0,2019.0,True,True,,201.89999999999998,0.5758403361344538,0.8000000000000114,1.7000000000000028,0.0,0.0,1,2.0
2019,CAB0112,Africa-Coastal,consortium,2012,7,17,14941.0,7,None,476.0,313.2,32.9,0,25,42,0,27.0,none,0,0.0,2020.0,True,True,,162.8,0.6579831932773109,39.099999999999966,-40.00000000000001,2.0,1.0,2,1.0
2020,CAB0112,Africa-Coastal,consortium,2012,8,17,14941.0,7,None,476.0,352.7,62.4,0,25,43,0,28.6,none,0,0.0,2021.0,True,True,,123.30000000000001,0.7409663865546218,39.5,29.5,1.0,0.0,1,2.0
2021,CAB0112,Africa-Coastal,consortium,2012,9,17,14941.0,7,None,476.0,445.1,27.7,0,25,44,0,30.2,none,0,1.0,2022.0,True,True,,30.899999999999977,0.9350840336134454,92.40000000000003,-34.7,1.0,0.0,1,3.0
2022,CAB0112,Africa-Coastal,consortium,2012,10,17,14941.0,7,None,476.0,455.7,41.5,0,25,45,0,31.7,natural_hazard,1,0.0,2023.0,True,True,,20.30000000000001,0.9573529411764705,10.599999999999966,13.8,1.0,0.0,0,4.0
2023,CAB0112,Africa-Coastal,consortium,2012,11,17,14941.0,7,None,476.0,408.2,46.5,0,25,47,0,33.3,none,0,0.0,2024.0,True,True,,67.80000000000001,0.857563025210084,-47.5,5.0,2.0,1.0,1,1.0
2024,CAB0112,Africa-Coastal,consortium,2012,12,17,14941.0,7,None,476.0,474.4,70.1,0,25,49,0,34.9,none,0,0.0,2025.0,True,True,,1.6000000000000227,0.9966386554621848,66.19999999999999,23.599999999999994,2.0,0.0,1,2.0
2025,CAB0112,Africa-Coastal,consortium,2012,13,17,14941.0,7,None,476.0,463.7,40.6,0,25,52,0,36.5,none,0,0.0,2026.0,True,True,,12.300000000000011,0.9741596638655462,-10.699999999999989,-29.499999999999993,3.0,0.0,1,3.0
2017,CAB0113,Intra-Asia,consortium,2017,0,46,6806.0,3,Luzon-Strait,1616.6,375.0,52.5,1,25,60,0,27.8,none,0,0.0,2018.0,True,True,,1241.6,0.23196832859086974,,,,,0,
2018,CAB0113,Intra-Asia,consortium,2017,1,46,6806.0,3,Luzon-Strait,1616.6,539.6,68.5,1,25,62,0,29.4,none,0,0.0,2019.0,True,True,,1077.0,0.3337869602870222,164.60000000000002,16.0,2.0,0.0,0,
2019,CAB0113,Intra-Asia,consortium,2017,2,46,6806.0,3,Luzon-Strait,1616.6,517.9,38.2,1,25,64,0,31.0,none,0,0.0,2020.0,True,True,,1098.6999999999998,0.3203637263392305,-21.700000000000045,-30.299999999999997,2.0,0.0,0,
2020,CAB0113,Intra-Asia,consortium,2017,3,46,6806.0,3,Luzon-Strait,1616.6,680.9,68.0,1,25,66,0,32.5,none,0,0.0,2021.0,True,True,,935.6999999999999,0.4211926265000619,163.0,29.799999999999997,2.0,0.0,0,
2021,CAB0113,Intra-Asia,consortium,2017,4,46,6806.0,3,Luzon-Strait,1616.6,801.4,59.8,1,25,69,0,34.1,none,0,0.0,2022.0,True,True,,815.1999999999999,0.495731782753928,120.5,-8.200000000000003,3.0,0.0,0,
2022,CAB0113,Intra-Asia,consortium,2017,5,46,6806.0,3,Luzon-Strait,1616.6,807.8,22.9,1,25,70,0,35.7,none,0,0.0,2023.0,True,True,,808.8,0.49969070889521217,6.399999999999977,-36.9,1.0,0.0,0,
2023,CAB0113,Intra-Asia,consortium,2017,6,46,6806.0,3,Luzon-Strait,1616.6,978.3,15.3,1,25,70,0,37.3,none,0,0.0,2024.0,True,True,,638.3,0.6051589756278609,170.5,-7.599999999999998,0.0,0.0,0,
2024,CAB0113,Intra-Asia,consortium,2017,7,46,6806.0,3,Luzon-Strait,1616.6,1043.2,44.3,1,25,75,0,38.9,none,0,0.0,2025.0,True,True,,573.3999999999999,0.6453049610293209,64.90000000000009,28.999999999999996,5.0,0.0,0,
2025,CAB0113,Intra-Asia,consortium,2017,8,46,6806.0,3,Luzon-Strait,1616.6,1120.0,30.6,1,25,77,0,40.5,none,0,0.0,2026.0,True,True,,496.5999999999999,0.6928120747247309,76.79999999999995,-13.699999999999996,2.0,0.0,0,
2015,CAB0114,Intra-Asia,consortium,2005,10,3,5905.0,4,None,54.0,47.4,57.7,1,25,53,0,15.9,none,0,0.0,2016.0,True,True,,6.600000000000001,0.8777777777777778,,,,,0,
2016,CAB0114,Intra-Asia,consortium,2005,11,3,5905.0,4,None,54.0,48.6,70.0,1,25,59,0,17.5,none,0,0.0,2017.0,True,True,,5.399999999999999,0.9,1.2000000000000028,12.299999999999997,6.0,0.0,0,
2017,CAB0114,Intra-Asia,consortium,2005,12,3,5905.0,4,None,54.0,49.4,98.6,1,25,60,0,19.0,none,0,1.0,2018.0,True,True,,4.600000000000001,0.9148148148148147,0.7999999999999972,28.599999999999994,1.0,0.0,0,
2018,CAB0114,Intra-Asia,consortium,2005,13,3,5905.0,4,None,54.0,54.0,45.4,1,25,62,0,20.6,fishing_anchor,1,0.0,2019.0,True,True,,0.0,1.0,4.600000000000001,-53.199999999999996,2.0,0.0,0,
2019,CAB0114,Intra-Asia,consortium,2005,14,3,5905.0,4,None,54.0,54.0,50.4,1,25,64,0,22.2,none,0,0.0,2020.0,True,True,,0.0,1.0,0.0,5.0,2.0,1.0,1,1.0
2020,CAB0114,Intra-Asia,consortium,2005,15,3,5905.0,4,None,54.0,54.0,61.6,1,25,66,0,23.8,none,0,0.0,2021.0,True,True,,0.0,1.0,0.0,11.200000000000003,2.0,0.0,1,2.0
2021,CAB0114,Intra-Asia,consortium,2005,16,3,5905.0,4,None,54.0,54.0,100.0,1,25,69,0,25.4,none,0,0.0,2022.0,True,True,,0.0,1.0,0.0,38.4,3.0,0.0,1,3.0
2022,CAB0114,Intra-Asia,consortium,2005,17,3,5905.0,4,None,54.0,54.0,60.6,1,25,70,0,27.0,none,0,0.0,2023.0,True,True,,0.0,1.0,0.0,-39.4,1.0,0.0,0,4.0
2023,CAB0114,Intra-Asia,consortium,2005,18,3,5905.0,4,None,54.0,54.0,66.2,1,25,70,0,28.6,none,0,0.0,2024.0,True,True,,0.0,1.0,0.0,5.600000000000001,0.0,0.0,0,5.0
2024,CAB0114,Intra-Asia,consortium,2005,19,3,5905.0,4,None,54.0,54.0,100.0,1,25,75,0,30.2,none,0,0.0,2025.0,True,True,,0.0,1.0,0.0,33.8,5.0,0.0,0,6.0
2025,CAB0114,Intra-Asia,consortium,2005,20,3,5905.0,4,None,54.0,54.0,92.4,1,25,77,0,31.7,none,0,0.0,2026.0,True,True,,0.0,1.0,0.0,-7.599999999999994,2.0,0.0,0,7.0
2015,CAB0115,Americas,consortium,1998,17,14,4341.0,7,Panama,112.0,112.0,55.4,1,25,28,1,74.6,none,0,0.0,2016.0,True,True,,0.0,1.0,,,,,0,
2016,CAB0115,Americas,consortium,1998,18,14,4341.0,7,Panama,112.0,112.0,92.9,1,25,29,1,76.2,none,0,1.0,2017.0,True,True,,0.0,1.0,0.0,37.50000000000001,1.0,0.0,0,
2017,CAB0115,Americas,consortium,1998,19,14,4341.0,7,Panama,112.0,112.0,61.4,1,25,29,1,77.8,fishing_anchor,1,0.0,2018.0,True,True,,0.0,1.0,0.0,-31.500000000000007,0.0,0.0,0,
2018,CAB0115,Americas,consortium,1998,20,14,4341.0,7,Panama,112.0,112.0,58.3,1,25,31,1,79.4,none,0,0.0,2019.0,True,True,,0.0,1.0,0.0,-3.1000000000000014,2.0,1.0,1,1.0
2019,CAB0115,Americas,consortium,1998,21,14,4341.0,7,Panama,112.0,112.0,62.4,1,25,32,1,81.0,none,0,0.0,2020.0,True,True,,0.0,1.0,0.0,4.100000000000001,1.0,0.0,1,2.0
2020,CAB0115,Americas,consortium,1998,22,14,4341.0,7,Panama,112.0,112.0,91.4,1,25,33,1,82.5,none,0,0.0,2021.0,True,True,,0.0,1.0,0.0,29.000000000000007,1.0,0.0,1,3.0
2021,CAB0115,Americas,consortium,1998,23,14,4341.0,7,Panama,112.0,112.0,89.8,1,25,37,1,84.1,none,0,0.0,2022.0,True,True,,0.0,1.0,0.0,-1.6000000000000085,4.0,0.0,0,4.0
2022,CAB0115,Americas,consortium,1998,24,14,4341.0,7,Panama,112.0,112.0,100.0,1,25,37,1,85.7,none,0,1.0,2023.0,True,True,,0.0,1.0,0.0,10.200000000000003,0.0,0.0,0,5.0
2023,CAB0115,Americas,consortium,1998,25,14,4341.0,7,Panama,112.0,112.0,89.0,1,25,37,1,87.3,equipment,1,1.0,2024.0,True,True,,0.0,1.0,0.0,-11.0,0.0,0.0,0,6.0
2015,CAB0117,Trans-Pacific,carrier,2012,3,26,13668.0,7,None,728.0,314.5,13.3,0,25,35,1,40.5,none,0,0.0,2016.0,True,True,,413.5,0.4320054945054945,,,,,0,
2016,CAB0117,Trans-Pacific,carrier,2012,4,26,13668.0,7,None,728.0,301.2,39.2,0,25,37,1,42.1,none,0,0.0,2017.0,True,True,,426.8,0.4137362637362637,-13.300000000000011,25.900000000000002,2.0,0.0,0,
2017,CAB0117,Trans-Pacific,carrier,2012,5,26,13668.0,7,None,728.0,424.1,85.0,0,25,38,1,43.7,none,0,0.0,2018.0,True,True,,303.9,0.5825549450549451,122.90000000000003,45.8,1.0,0.0,0,
2018,CAB0117,Trans-Pacific,carrier,2012,6,26,13668.0,7,None,728.0,430.4,60.0,0,25,39,1,45.2,none,0,0.0,2019.0,True,True,,297.6,0.5912087912087912,6.2999999999999545,-25.0,1.0,0.0,0,
2019,CAB0117,Trans-Pacific,carrier,2012,7,26,13668.0,7,None,728.0,492.3,45.2,0,25,41,0,27.0,none,0,0.0,2020.0,True,True,,235.7,0.6762362637362638,61.900000000000034,-14.799999999999997,2.0,0.0,0,
2020,CAB0117,Trans-Pacific,carrier,2012,8,26,13668.0,7,None,728.0,565.6,56.9,0,25,42,0,28.6,none,0,0.0,2021.0,True,True,,162.39999999999998,0.7769230769230769,73.30000000000001,11.699999999999996,1.0,0.0,0,
2021,CAB0117,Trans-Pacific,carrier,2012,9,26,13668.0,7,None,728.0,495.8,70.3,0,25,43,0,30.2,none,0,0.0,2022.0,True,True,,232.2,0.6810439560439561,-69.80000000000001,13.399999999999999,1.0,0.0,0,
2022,CAB0117,Trans-Pacific,carrier,2012,10,26,13668.0,7,None,728.0,632.6,70.2,0,25,45,0,31.7,none,0,0.0,2023.0,True,True,,95.39999999999998,0.868956043956044,136.8,-0.09999999999999432,2.0,0.0,0,
2023,CAB0117,Trans-Pacific,carrier,2012,11,26,13668.0,7,None,728.0,655.5,65.9,0,25,47,0,33.3,none,0,0.0,2024.0,True,True,,72.5,0.9004120879120879,22.899999999999977,-4.299999999999997,2.0,0.0,0,
2024,CAB0117,Trans-Pacific,carrier,2012,12,26,13668.0,7,None,728.0,694.6,94.1,0,25,49,0,34.9,none,0,0.0,2025.0,True,True,,33.39999999999998,0.9541208791208792,39.10000000000002,28.19999999999999,2.0,0.0,0,
2025,CAB0117,Trans-Pacific,carrier,2012,13,26,13668.0,7,None,728.0,688.7,52.8,0,25,50,0,36.5,none,0,0.0,2026.0,True,True,,39.299999999999955,0.9460164835164836,-5.899999999999977,-41.3,1.0,0.0,0,
2020,CAB0118,EMEA-Asia,carrier,2020,0,11,17677.0,7,Bab-el-Mandeb,433.7,95.6,42.1,1,25,40,0,27.8,none,0,0.0,2021.0,True,True,,338.1,0.22042886788102375,,,,,0,
2021,CAB0118,EMEA-Asia,carrier,2020,1,11,17677.0,7,Bab-el-Mandeb,433.7,82.1,19.7,1,25,44,0,29.4,none,0,0.0,2022.0,True,True,,351.6,0.18930136038736453,-13.5,-22.400000000000002,4.0,0.0,0,
2022,CAB0118,EMEA-Asia,carrier,2020,2,11,17677.0,7,Bab-el-Mandeb,433.7,159.1,55.9,1,25,45,0,31.0,none,0,1.0,2023.0,True,True,,274.6,0.3668434401660134,77.0,36.2,1.0,0.0,0,
2023,CAB0118,EMEA-Asia,carrier,2020,3,11,17677.0,7,Bab-el-Mandeb,433.7,211.4,28.8,1,25,47,0,32.5,natural_hazard,1,0.0,2024.0,True,True,,222.29999999999998,0.487433709937745,52.30000000000001,-27.099999999999998,2.0,0.0,0,
2024,CAB0118,EMEA-Asia,carrier,2020,4,11,17677.0,7,Bab-el-Mandeb,433.7,224.0,22.1,1,25,48,0,34.1,none,0,1.0,2025.0,True,True,,209.7,0.5164860502651603,12.599999999999994,-6.699999999999999,1.0,1.0,1,1.0
2025,CAB0118,EMEA-Asia,carrier,2020,5,11,17677.0,7,Bab-el-Mandeb,433.7,235.6,33.0,1,25,47,0,35.7,equipment,1,1.0,2026.0,True,True,,198.1,0.5432326492967489,11.599999999999994,10.899999999999999,-1.0,0.0,1,2.0
2015,CAB0119,Intra-Europe,carrier,2005,10,10,2132.0,4,None,180.0,161.0,72.6,1,25,41,0,15.9,none,0,0.0,2016.0,True,True,,19.0,0.8944444444444445,,,,,0,
2016,CAB0119,Intra-Europe,carrier,2005,11,10,2132.0,4,None,180.0,173.6,58.2,1,25,42,0,17.5,none,0,0.0,2017.0,True,True,,6.400000000000006,0.9644444444444444,12.599999999999994,-14.399999999999991,1.0,0.0,0,
2017,CAB0119,Intra-Europe,carrier,2005,12,10,2132.0,4,None,180.0,180.0,60.1,1,25,44,0,19.0,none,0,0.0,2018.0,True,True,,0.0,1.0,6.400000000000006,1.8999999999999986,2.0,0.0,0,
2018,CAB0119,Intra-Europe,carrier,2005,13,10,2132.0,4,None,180.0,180.0,41.8,1,25,45,0,20.6,none,0,0.0,2019.0,True,True,,0.0,1.0,0.0,-18.300000000000004,1.0,0.0,0,
2019,CAB0119,Intra-Europe,carrier,2005,14,10,2132.0,4,None,180.0,178.9,65.2,1,25,47,0,22.2,none,0,0.0,2020.0,True,True,,1.0999999999999943,0.9938888888888889,-1.0999999999999943,23.400000000000006,2.0,0.0,0,
2020,CAB0119,Intra-Europe,carrier,2005,15,10,2132.0,4,None,180.0,180.0,81.5,1,25,49,0,23.8,none,0,0.0,2021.0,True,True,,0.0,1.0,1.0999999999999943,16.299999999999997,2.0,0.0,0,
2021,CAB0119,Intra-Europe,carrier,2005,16,10,2132.0,4,None,180.0,180.0,53.1,1,25,49,0,25.4,none,0,0.0,2022.0,True,True,,0.0,1.0,0.0,-28.4,0.0,0.0,0,
2022,CAB0119,Intra-Europe,carrier,2005,17,10,2132.0,4,None,180.0,180.0,53.5,1,25,52,0,27.0,none,0,0.0,2023.0,True,True,,0.0,1.0,0.0,0.3999999999999986,3.0,0.0,0,
2023,CAB0119,Intra-Europe,carrier,2005,18,10,2132.0,4,None,180.0,180.0,50.8,1,25,53,0,28.6,none,0,0.0,2024.0,True,True,,0.0,1.0,0.0,-2.700000000000003,1.0,0.0,0,
2024,CAB0119,Intra-Europe,carrier,2005,19,10,2132.0,4,None,180.0,180.0,50.1,1,25,53,0,30.2,none,0,0.0,2025.0,True,True,,0.0,1.0,0.0,-0.6999999999999957,0.0,0.0,0,
2025,CAB0119,Intra-Europe,carrier,2005,20,10,2132.0,4,None,180.0,180.0,65.5,1,25,58,0,31.7,none,0,0.0,2026.0,True,True,,0.0,1.0,0.0,15.399999999999999,5.0,0.0,0,
2015,CAB0120,Americas,hyperscaler,1999,16,2,3240.0,3,Panama,18.9,18.9,43.4,1,25,28,1,73.0,fishing_anchor,1,1.0,2016.0,True,True,,0.0,1.0,,,,,0,
2016,CAB0120,Americas,hyperscaler,1999,17,2,3240.0,3,Panama,18.9,18.9,66.9,1,25,29,1,74.6,fishing_anchor,1,0.0,2017.0,True,True,,0.0,1.0,0.0,23.500000000000007,1.0,1.0,1,1.0
2017,CAB0120,Americas,hyperscaler,1999,18,2,3240.0,3,Panama,18.9,18.9,52.5,1,25,29,1,76.2,none,0,0.0,2018.0,True,True,,0.0,1.0,0.0,-14.400000000000006,0.0,1.0,2,1.0
2018,CAB0120,Americas,hyperscaler,1999,19,2,3240.0,3,Panama,18.9,18.9,77.2,1,25,31,1,77.8,none,0,0.0,2019.0,True,True,,0.0,1.0,0.0,24.700000000000003,2.0,0.0,2,2.0
2019,CAB0120,Americas,hyperscaler,1999,20,2,3240.0,3,Panama,18.9,18.9,84.2,1,25,32,1,79.4,none,0,1.0,2020.0,True,True,,0.0,1.0,0.0,7.0,1.0,0.0,1,3.0
2020,CAB0120,Americas,hyperscaler,1999,21,2,3240.0,3,Panama,18.9,18.9,100.0,1,25,33,1,81.0,fishing_anchor,1,1.0,2021.0,True,True,,0.0,1.0,0.0,15.799999999999997,1.0,0.0,0,4.0
2021,CAB0120,Americas,hyperscaler,1999,22,2,3240.0,3,Panama,18.9,18.9,58.1,1,25,37,1,82.5,fishing_anchor,1,0.0,2022.0,True,True,,0.0,1.0,0.0,-41.9,4.0,1.0,1,1.0
2022,CAB0120,Americas,hyperscaler,1999,23,2,3240.0,3,Panama,18.9,18.9,83.6,1,25,37,1,84.1,none,0,1.0,2023.0,True,True,,0.0,1.0,0.0,25.499999999999993,0.0,1.0,2,1.0
2023,CAB0120,Americas,hyperscaler,1999,24,2,3240.0,3,Panama,18.9,18.9,100.0,1,25,37,1,85.7,fishing_anchor,1,1.0,2024.0,True,True,,0.0,1.0,0.0,16.400000000000006,0.0,0.0,2,2.0
2024,CAB0120,Americas,hyperscaler,1999,25,2,3240.0,3,Panama,18.9,18.9,92.9,1,25,39,1,87.3,equipment,1,0.0,2025.0,True,True,,0.0,1.0,0.0,-7.099999999999994,2.0,1.0,2,1.0
2025,CAB0120,Americas,hyperscaler,1999,26,2,3240.0,3,Panama,18.9,18.9,68.9,1,25,39,1,88.9,none,0,0.0,2026.0,True,True,,0.0,1.0,0.0,-24.0,0.0,1.0,2,1.0
2015,CAB0121,Americas,government,1998,17,7,4904.0,4,None,56.0,56.0,64.9,0,25,28,1,62.7,none,0,0.0,2016.0,True,True,,0.0,1.0,,,,,0,
2016,CAB0121,Americas,government,1998,18,7,4904.0,4,None,56.0,56.0,57.6,0,25,29,1,64.3,none,0,1.0,2017.0,True,True,,0.0,1.0,0.0,-7.300000000000004,1.0,0.0,0,
2017,CAB0121,Americas,government,1998,19,7,4904.0,4,None,56.0,56.0,64.7,0,25,29,1,65.9,fishing_anchor,1,1.0,2018.0,True,True,,0.0,1.0,0.0,7.100000000000001,0.0,0.0,0,
2018,CAB0121,Americas,government,1998,20,7,4904.0,4,None,56.0,56.0,70.1,0,25,31,1,67.5,equipment,1,1.0,2019.0,True,True,,0.0,1.0,0.0,5.3999999999999915,2.0,1.0,1,1.0
2019,CAB0121,Americas,government,1998,21,7,4904.0,4,None,56.0,56.0,83.9,0,25,32,1,69.0,equipment,1,1.0,2020.0,True,True,,0.0,1.0,0.0,13.800000000000011,1.0,1.0,2,1.0
2020,CAB0121,Americas,government,1998,22,7,4904.0,4,None,56.0,56.0,73.4,0,25,33,1,70.6,fishing_anchor,1,1.0,2021.0,True,True,,0.0,1.0,0.0,-10.5,1.0,1.0,3,1.0
2021,CAB0121,Americas,government,1998,23,7,4904.0,4,None,56.0,56.0,100.0,0,25,37,1,72.2,fishing_anchor,1,1.0,2022.0,True,True,,0.0,1.0,0.0,26.599999999999994,4.0,1.0,3,1.0
2022,CAB0121,Americas,government,1998,24,7,4904.0,4,None,56.0,56.0,89.0,0,25,37,1,73.8,suspected_external,1,0.0,2023.0,True,True,,0.0,1.0,0.0,-11.0,0.0,1.0,3,1.0
2023,CAB0121,Americas,government,1998,25,7,4904.0,4,None,56.0,56.0,80.1,0,25,37,1,75.4,none,0,0.0,2024.0,True,True,,0.0,1.0,0.0,-8.900000000000006,0.0,1.0,3,1.0
2024,CAB0121,Americas,government,1998,26,7,4904.0,4,None,56.0,56.0,75.9,0,25,39,1,77.0,none,0,1.0,2025.0,True,True,,0.0,1.0,0.0,-4.199999999999989,2.0,0.0,2,2.0
2025,CAB0121,Americas,government,1998,27,7,4904.0,4,None,56.0,56.0,97.0,0,25,39,1,78.6,fishing_anchor,1,0.0,2026.0,True,True,,0.0,1.0,0.0,21.099999999999994,0.0,0.0,1,3.0
2018,CAB0122,Trans-Pacific,carrier,2018,0,21,9248.0,6,None,768.0,257.8,26.6,0,25,39,1,35.7,none,0,0.0,2019.0,True,True,,510.2,0.33567708333333335,,,,,0,
2019,CAB0122,Trans-Pacific,carrier,2018,1,21,9248.0,6,None,768.0,193.9,46.1,0,25,41,0,17.5,none,0,0.0,2020.0,True,True,,574.1,0.25247395833333336,-63.900000000000006,19.5,2.0,0.0,0,
2020,CAB0122,Trans-Pacific,carrier,2018,2,21,9248.0,6,None,768.0,217.4,28.7,0,25,42,0,19.0,none,0,0.0,2021.0,True,True,,550.6,0.2830729166666667,23.5,-17.400000000000002,1.0,0.0,0,
2021,CAB0122,Trans-Pacific,carrier,2018,3,21,9248.0,6,None,768.0,351.5,44.1,0,25,43,0,20.6,none,0,1.0,2022.0,True,True,,416.5,0.4576822916666667,134.1,15.400000000000002,1.0,0.0,0,
2022,CAB0122,Trans-Pacific,carrier,2018,4,21,9248.0,6,None,768.0,390.0,67.4,0,25,45,0,22.2,fishing_anchor,1,0.0,2023.0,True,True,,378.0,0.5078125,38.5,23.300000000000004,2.0,0.0,0,
2023,CAB0122,Trans-Pacific,carrier,2018,5,21,9248.0,6,None,768.0,404.1,74.2,0,25,47,0,23.8,none,0,0.0,2024.0,True,True,,363.9,0.5261718750000001,14.100000000000023,6.799999999999997,2.0,1.0,1,1.0
2024,CAB0122,Trans-Pacific,carrier,2018,6,21,9248.0,6,None,768.0,479.2,90.2,0,25,49,0,25.4,none,0,1.0,2025.0,True,True,,288.8,0.6239583333333333,75.09999999999997,16.0,2.0,0.0,1,2.0
2025,CAB0122,Trans-Pacific,carrier,2018,7,21,9248.0,6,None,768.0,498.8,69.3,0,25,50,0,27.0,fishing_anchor,1,0.0,2026.0,True,True,,269.2,0.6494791666666667,19.600000000000023,-20.900000000000006,1.0,0.0,1,3.0
2015,CAB0123,EMEA-Asia,carrier,2005,10,30,15488.0,4,None,540.0,446.2,63.0,0,25,27,1,51.6,none,0,0.0,2016.0,True,True,,93.80000000000001,0.8262962962962963,,,,,0,
2016,CAB0123,EMEA-Asia,carrier,2005,11,30,15488.0,4,None,540.0,521.2,42.0,0,25,29,1,53.2,none,0,0.0,2017.0,True,True,,18.799999999999955,0.9651851851851853,75.00000000000006,-21.0,2.0,0.0,0,
2017,CAB0123,EMEA-Asia,carrier,2005,12,30,15488.0,4,None,540.0,518.7,38.4,0,25,32,1,54.8,none,0,0.0,2018.0,True,True,,21.299999999999955,0.9605555555555556,-2.5,-3.6000000000000014,3.0,0.0,0,
2018,CAB0123,EMEA-Asia,carrier,2005,13,30,15488.0,4,None,540.0,540.0,100.0,0,25,34,1,56.3,none,0,0.0,2019.0,True,True,,0.0,1.0,21.299999999999955,61.6,2.0,0.0,0,
2019,CAB0123,EMEA-Asia,carrier,2005,14,30,15488.0,4,None,540.0,540.0,78.8,0,25,37,1,57.9,none,0,0.0,2020.0,True,True,,0.0,1.0,0.0,-21.200000000000003,3.0,0.0,0,
2020,CAB0123,EMEA-Asia,carrier,2005,15,30,15488.0,4,None,540.0,540.0,50.4,0,25,40,0,39.7,none,0,0.0,2021.0,True,True,,0.0,1.0,0.0,-28.4,3.0,0.0,0,
2021,CAB0123,EMEA-Asia,carrier,2005,16,30,15488.0,4,None,540.0,540.0,43.1,0,25,44,0,41.3,none,0,0.0,2022.0,True,True,,0.0,1.0,0.0,-7.299999999999997,4.0,0.0,0,
2022,CAB0123,EMEA-Asia,carrier,2005,17,30,15488.0,4,None,540.0,540.0,67.1,0,25,45,0,42.9,none,0,0.0,2023.0,True,True,,0.0,1.0,0.0,23.999999999999993,1.0,0.0,0,
2023,CAB0123,EMEA-Asia,carrier,2005,18,30,15488.0,4,None,540.0,540.0,58.2,0,25,47,0,44.4,none,0,0.0,2024.0,True,True,,0.0,1.0,0.0,-8.899999999999991,2.0,0.0,0,
2024,CAB0123,EMEA-Asia,carrier,2005,19,30,15488.0,4,None,540.0,540.0,73.7,0,25,48,0,46.0,none,0,1.0,2025.0,True,True,,0.0,1.0,0.0,15.5,1.0,0.0,0,
2025,CAB0123,EMEA-Asia,carrier,2005,20,30,15488.0,4,None,540.0,540.0,75.5,0,25,47,0,47.6,fishing_anchor,1,0.0,2026.0,True,True,,0.0,1.0,0.0,1.7999999999999972,-1.0,0.0,0,
2024,CAB0124,Americas,consortium,2024,0,24,3130.0,3,None,1083.4,281.8,16.0,0,25,39,1,35.7,none,0,0.0,2025.0,True,True,,801.6000000000001,0.2601070703341333,,,,,0,
2025,CAB0124,Americas,consortium,2024,1,24,3130.0,3,None,1083.4,386.9,81.7,0,25,39,1,37.3,none,0,0.0,2026.0,True,True,,696.5000000000001,0.357116485139376,105.09999999999997,65.7,0.0,0.0,0,
2025,CAB0125,Africa-Coastal,hyperscaler,2025,0,25,3729.0,3,None,1164.3,181.1,32.9,1,25,52,0,0.0,none,0,0.0,2026.0,True,True,,983.1999999999999,0.1555441037533282,,,,,0,
2019,CAB0126,Trans-Pacific,hyperscaler,2019,0,32,11075.0,7,None,1216.0,381.1,81.7,0,25,41,0,15.9,none,0,1.0,2020.0,True,True,,834.9,0.3134046052631579,,,,,0,
2020,CAB0126,Trans-Pacific,hyperscaler,2019,1,32,11075.0,7,None,1216.0,381.0,49.8,0,25,42,0,17.5,fishing_anchor,1,0.0,2021.0,True,True,,835.0,0.31332236842105265,-0.10000000000002274,-31.900000000000006,1.0,0.0,0,
2021,CAB0126,Trans-Pacific,hyperscaler,2019,2,32,11075.0,7,None,1216.0,475.6,34.8,0,25,43,0,19.0,none,0,0.0,2022.0,True,True,,740.4,0.3911184210526316,94.60000000000002,-15.0,1.0,1.0,1,1.0
2022,CAB0126,Trans-Pacific,hyperscaler,2019,3,32,11075.0,7,None,1216.0,544.7,66.6,0,25,45,0,20.6,none,0,0.0,2023.0,True,True,,671.3,0.4479440789473685,69.10000000000002,31.799999999999997,2.0,0.0,1,2.0
2023,CAB0126,Trans-Pacific,hyperscaler,2019,4,32,11075.0,7,None,1216.0,539.9,19.6,0,25,47,0,22.2,none,0,1.0,2024.0,True,True,,676.1,0.4439967105263158,-4.800000000000068,-46.99999999999999,2.0,0.0,1,3.0
2024,CAB0126,Trans-Pacific,hyperscaler,2019,5,32,11075.0,7,None,1216.0,618.5,62.8,0,25,49,0,23.8,natural_hazard,1,0.0,2025.0,True,True,,597.5,0.5086348684210527,78.60000000000002,43.199999999999996,2.0,0.0,0,4.0
2025,CAB0126,Trans-Pacific,hyperscaler,2019,6,32,11075.0,7,None,1216.0,630.8,58.8,0,25,50,0,25.4,none,0,0.0,2026.0,True,True,,585.2,0.5187499999999999,12.299999999999955,-4.0,1.0,1.0,1,1.0
2015,CAB0127,Intra-Pacific-Islands,consortium,2007,8,11,2352.0,4,None,229.4,167.2,59.9,0,25,28,1,48.4,none,0,1.0,2016.0,True,True,,62.20000000000002,0.7288578901482127,,,,,0,
2016,CAB0127,Intra-Pacific-Islands,consortium,2007,9,11,2352.0,4,None,229.4,183.3,31.3,0,25,29,1,50.0,natural_hazard,1,0.0,2017.0,True,True,,46.099999999999994,0.7990409764603313,16.100000000000023,-28.599999999999998,1.0,0.0,0,
2017,CAB0127,Intra-Pacific-Islands,consortium,2007,10,11,2352.0,4,None,229.4,218.1,22.0,0,25,29,1,51.6,none,0,0.0,2018.0,True,True,,11.300000000000011,0.9507410636442895,34.79999999999998,-9.3,0.0,1.0,1,1.0
2018,CAB0127,Intra-Pacific-Islands,consortium,2007,11,11,2352.0,4,None,229.4,198.2,63.0,0,25,30,1,53.2,none,0,0.0,2019.0,True,True,,31.200000000000017,0.8639930252833478,-19.900000000000006,41.0,1.0,0.0,1,2.0
2019,CAB0127,Intra-Pacific-Islands,consortium,2007,12,11,2352.0,4,None,229.4,215.2,62.9,0,25,35,1,54.8,none,0,0.0,2020.0,True,True,,14.200000000000017,0.9380993897122929,17.0,-0.10000000000000142,5.0,0.0,1,3.0
2020,CAB0127,Intra-Pacific-Islands,consortium,2007,13,11,2352.0,4,None,229.4,226.7,52.0,0,25,40,0,36.5,none,0,1.0,2021.0,True,True,,2.700000000000017,0.9882301656495204,11.5,-10.899999999999999,5.0,0.0,0,4.0
2021,CAB0127,Intra-Pacific-Islands,consortium,2007,14,11,2352.0,4,None,229.4,229.4,100.0,0,25,41,0,38.1,fishing_anchor,1,1.0,2022.0,True,True,,0.0,1.0,2.700000000000017,48.0,1.0,0.0,0,5.0
2022,CAB0127,Intra-Pacific-Islands,consortium,2007,15,11,2352.0,4,None,229.4,229.4,60.6,0,25,43,0,39.7,fishing_anchor,1,0.0,2023.0,True,True,,0.0,1.0,0.0,-39.4,2.0,1.0,1,1.0
2023,CAB0127,Intra-Pacific-Islands,consortium,2007,16,11,2352.0,4,None,229.4,229.4,51.6,0,25,45,0,41.3,none,0,1.0,2024.0,True,True,,0.0,1.0,0.0,-9.0,2.0,1.0,2,1.0
2024,CAB0127,Intra-Pacific-Islands,consortium,2007,17,11,2352.0,4,None,229.4,229.4,100.0,0,25,48,0,42.9,natural_hazard,1,1.0,2025.0,True,True,,0.0,1.0,0.0,48.4,3.0,0.0,2,2.0
2025,CAB0127,Intra-Pacific-Islands,consortium,2007,18,11,2352.0,4,None,229.4,229.4,73.5,0,25,50,0,44.4,fishing_anchor,1,0.0,2026.0,True,True,,0.0,1.0,0.0,-26.5,2.0,1.0,2,1.0
2015,CAB0128,Trans-Pacific,consortium,1998,17,3,11486.0,5,None,24.0,24.0,41.6,1,25,35,1,46.8,none,0,1.0,2016.0,True,True,,0.0,1.0,,,,,0,
2016,CAB0128,Trans-Pacific,consortium,1998,18,3,11486.0,5,None,24.0,24.0,79.8,1,25,37,1,48.4,fishing_anchor,1,0.0,2017.0,True,True,,0.0,1.0,0.0,38.199999999999996,2.0,0.0,0,
2017,CAB0128,Trans-Pacific,consortium,1998,19,3,11486.0,5,None,24.0,24.0,71.5,1,25,38,1,50.0,none,0,0.0,2018.0,True,True,,0.0,1.0,0.0,-8.299999999999997,1.0,1.0,1,1.0
2018,CAB0128,Trans-Pacific,consortium,1998,20,3,11486.0,5,None,24.0,24.0,66.3,1,25,39,1,51.6,none,0,0.0,2019.0,True,True,,0.0,1.0,0.0,-5.200000000000003,1.0,0.0,1,2.0
2019,CAB0128,Trans-Pacific,consortium,1998,21,3,11486.0,5,None,24.0,24.0,69.9,1,25,41,0,33.3,none,0,0.0,2020.0,True,True,,0.0,1.0,0.0,3.6000000000000085,2.0,0.0,1,3.0
2020,CAB0128,Trans-Pacific,consortium,1998,22,3,11486.0,5,None,24.0,24.0,78.3,1,25,42,0,34.9,none,0,0.0,2021.0,True,True,,0.0,1.0,0.0,8.399999999999991,1.0,0.0,0,4.0
2021,CAB0128,Trans-Pacific,consortium,1998,23,3,11486.0,5,None,24.0,24.0,76.2,1,25,43,0,36.5,none,0,0.0,2022.0,True,True,,0.0,1.0,0.0,-2.0999999999999943,1.0,0.0,0,5.0
2022,CAB0128,Trans-Pacific,consortium,1998,24,3,11486.0,5,None,24.0,24.0,100.0,1,25,45,0,38.1,none,0,0.0,2023.0,True,True,,0.0,1.0,0.0,23.799999999999997,2.0,0.0,0,6.0
2023,CAB0128,Trans-Pacific,consortium,1998,25,3,11486.0,5,None,24.0,24.0,95.1,1,25,47,0,39.7,none,0,0.0,2024.0,True,True,,0.0,1.0,0.0,-4.900000000000006,2.0,0.0,0,7.0
2024,CAB0128,Trans-Pacific,consortium,1998,26,3,11486.0,5,None,24.0,24.0,70.2,1,25,49,0,41.3,none,0,0.0,2025.0,True,True,,0.0,1.0,0.0,-24.89999999999999,2.0,0.0,0,8.0
2025,CAB0128,Trans-Pacific,consortium,1998,27,3,11486.0,5,None,24.0,24.0,99.2,1,25,50,0,42.9,none,0,0.0,2026.0,True,True,,0.0,1.0,0.0,29.0,1.0,0.0,0,9.0
2016,CAB0129,Intra-Asia,consortium,2016,0,29,2599.0,4,Luzon-Strait,977.7,184.1,6.6,1,25,59,0,27.8,none,0,0.0,2017.0,True,True,,793.6,0.1882990692441444,,,,,0,
2017,CAB0129,Intra-Asia,consortium,2016,1,29,2599.0,4,Luzon-Strait,977.7,323.9,63.2,1,25,60,0,29.4,none,0,0.0,2018.0,True,True,,653.8000000000001,0.3312877160683236,139.79999999999998,56.6,1.0,0.0,0,
2018,CAB0129,Intra-Asia,consortium,2016,2,29,2599.0,4,Luzon-Strait,977.7,285.7,35.3,1,25,62,0,31.0,none,0,0.0,2019.0,True,True,,692.0,0.292216426306638,-38.19999999999999,-27.900000000000006,2.0,0.0,0,
2019,CAB0129,Intra-Asia,consortium,2016,3,29,2599.0,4,Luzon-Strait,977.7,434.7,57.1,1,25,64,0,32.5,none,0,0.0,2020.0,True,True,,543.0,0.4446149125498619,149.0,21.800000000000004,2.0,0.0,0,
2020,CAB0129,Intra-Asia,consortium,2016,4,29,2599.0,4,Luzon-Strait,977.7,496.0,47.4,1,25,66,0,34.1,none,0,0.0,2021.0,True,True,,481.70000000000005,0.5073130817224097,61.30000000000001,-9.700000000000003,2.0,0.0,0,
2021,CAB0129,Intra-Asia,consortium,2016,5,29,2599.0,4,Luzon-Strait,977.7,496.5,34.1,1,25,69,0,35.7,none,0,1.0,2022.0,True,True,,481.20000000000005,0.5078244860386621,0.5,-13.299999999999997,3.0,0.0,0,
2022,CAB0129,Intra-Asia,consortium,2016,6,29,2599.0,4,Luzon-Strait,977.7,658.1,39.5,1,25,70,0,37.3,fishing_anchor,1,0.0,2023.0,True,True,,319.6,0.6731103610514473,161.60000000000002,5.399999999999999,1.0,0.0,0,
2023,CAB0129,Intra-Asia,consortium,2016,7,29,2599.0,4,Luzon-Strait,977.7,665.7,61.9,1,25,70,0,38.9,none,0,1.0,2024.0,True,True,,312.0,0.6808837066584842,7.600000000000023,22.4,0.0,1.0,1,1.0
2024,CAB0129,Intra-Asia,consortium,2016,8,29,2599.0,4,Luzon-Strait,977.7,706.4,41.1,1,25,75,0,40.5,fishing_anchor,1,1.0,2025.0,True,True,,271.30000000000007,0.7225120180014318,40.69999999999993,-20.799999999999997,5.0,0.0,1,2.0
2025,CAB0129,Intra-Asia,consortium,2016,9,29,2599.0,4,Luzon-Strait,977.7,832.6,69.1,1,25,77,0,42.1,equipment,1,0.0,2026.0,True,True,,145.10000000000002,0.851590467423545,126.20000000000005,27.999999999999993,2.0,1.0,2,1.0
2016,CAB0130,Intra-Asia,consortium,2016,0,4,3192.0,10,None,134.9,21.9,29.0,0,25,59,0,15.9,fishing_anchor,1,0.0,2017.0,True,True,,113.0,0.16234247590808004,,,,,0,
2017,CAB0130,Intra-Asia,consortium,2016,1,4,3192.0,10,None,134.9,42.0,47.0,0,25,60,0,17.5,none,0,0.0,2018.0,True,True,,92.9,0.3113417346182357,20.1,18.0,1.0,1.0,1,1.0
2018,CAB0130,Intra-Asia,consortium,2016,2,4,3192.0,10,None,134.9,61.5,63.0,0,25,62,0,19.0,none,0,0.0,2019.0,True,True,,73.4,0.45589325426241656,19.5,16.0,2.0,0.0,1,2.0
2019,CAB0130,Intra-Asia,consortium,2016,3,4,3192.0,10,None,134.9,38.6,69.6,0,25,64,0,20.6,none,0,0.0,2020.0,True,True,,96.30000000000001,0.2861378799110452,-22.9,6.599999999999994,2.0,0.0,1,3.0
2020,CAB0130,Intra-Asia,consortium,2016,4,4,3192.0,10,None,134.9,66.5,52.0,0,25,66,0,22.2,none,0,1.0,2021.0,True,True,,68.4,0.4929577464788732,27.9,-17.599999999999994,2.0,0.0,0,4.0
2021,CAB0130,Intra-Asia,consortium,2016,5,4,3192.0,10,None,134.9,72.1,65.7,0,25,69,0,23.8,fishing_anchor,1,0.0,2022.0,True,True,,62.80000000000001,0.5344699777613046,5.599999999999994,13.700000000000003,3.0,0.0,0,5.0
2022,CAB0130,Intra-Asia,consortium,2016,6,4,3192.0,10,None,134.9,81.3,57.6,0,25,70,0,25.4,none,0,0.0,2023.0,True,True,,53.60000000000001,0.6026686434395848,9.200000000000003,-8.100000000000001,1.0,1.0,1,1.0
2023,CAB0130,Intra-Asia,consortium,2016,7,4,3192.0,10,None,134.9,86.8,40.7,0,25,70,0,27.0,none,0,0.0,2024.0,True,True,,48.10000000000001,0.6434395848776872,5.5,-16.9,0.0,0.0,1,2.0
2024,CAB0130,Intra-Asia,consortium,2016,8,4,3192.0,10,None,134.9,101.7,76.7,0,25,75,0,28.6,none,0,0.0,2025.0,True,True,,33.2,0.7538917716827279,14.900000000000006,36.0,5.0,0.0,1,3.0
2025,CAB0130,Intra-Asia,consortium,2016,9,4,3192.0,10,None,134.9,103.8,27.1,0,25,77,0,30.2,none,0,0.0,2026.0,True,True,,31.10000000000001,0.7694588584136397,2.0999999999999943,-49.6,2.0,0.0,0,4.0
2015,CAB0131,Intra-Asia,consortium,2001,14,16,6055.0,6,None,196.6,196.6,100.0,1,25,53,0,22.2,none,0,1.0,2016.0,True,True,,0.0,1.0,,,,,0,
2016,CAB0131,Intra-Asia,consortium,2001,15,16,6055.0,6,None,196.6,196.6,61.1,1,25,59,0,23.8,suspected_external,1,0.0,2017.0,True,True,,0.0,1.0,0.0,-38.9,6.0,0.0,0,
2017,CAB0131,Intra-Asia,consortium,2001,16,16,6055.0,6,None,196.6,196.6,84.0,1,25,60,0,25.4,none,0,0.0,2018.0,True,True,,0.0,1.0,0.0,22.9,1.0,1.0,1,1.0
2018,CAB0131,Intra-Asia,consortium,2001,17,16,6055.0,6,None,196.6,196.6,65.1,1,25,62,0,27.0,none,0,0.0,2019.0,True,True,,0.0,1.0,0.0,-18.900000000000006,2.0,0.0,1,2.0
2019,CAB0131,Intra-Asia,consortium,2001,18,16,6055.0,6,None,196.6,196.6,89.7,1,25,64,0,28.6,none,0,1.0,2020.0,True,True,,0.0,1.0,0.0,24.60000000000001,2.0,0.0,1,3.0
2020,CAB0131,Intra-Asia,consortium,2001,19,16,6055.0,6,None,196.6,196.6,90.4,1,25,66,0,30.2,fishing_anchor,1,0.0,2021.0,True,True,,0.0,1.0,0.0,0.7000000000000028,2.0,0.0,0,4.0
2021,CAB0131,Intra-Asia,consortium,2001,20,16,6055.0,6,None,196.6,196.6,44.3,1,25,69,0,31.7,none,0,0.0,2022.0,True,True,,0.0,1.0,0.0,-46.10000000000001,3.0,1.0,1,1.0
2022,CAB0131,Intra-Asia,consortium,2001,21,16,6055.0,6,None,196.6,196.6,100.0,1,25,70,0,33.3,none,0,0.0,2023.0,True,True,,0.0,1.0,0.0,55.7,1.0,0.0,1,2.0
2023,CAB0131,Intra-Asia,consortium,2001,22,16,6055.0,6,None,196.6,196.6,100.0,1,25,70,0,34.9,none,0,0.0,2024.0,True,True,,0.0,1.0,0.0,0.0,0.0,0.0,1,3.0
2024,CAB0131,Intra-Asia,consortium,2001,23,16,6055.0,6,None,196.6,196.6,87.8,1,25,75,0,36.5,none,0,0.0,2025.0,True,True,,0.0,1.0,0.0,-12.200000000000003,5.0,0.0,0,4.0
2025,CAB0131,Intra-Asia,consortium,2001,24,16,6055.0,6,None,196.6,196.6,73.0,1,25,77,0,38.1,none,0,0.0,2026.0,True,True,,0.0,1.0,0.0,-14.799999999999997,2.0,0.0,0,5.0
2015,CAB0132,Africa-Coastal,carrier,2000,15,2,7442.0,3,None,21.7,21.7,83.9,0,25,36,1,59.5,none,0,1.0,2016.0,True,True,,0.0,1.0,,,,,0,
2016,CAB0132,Africa-Coastal,carrier,2000,16,2,7442.0,3,None,21.7,21.7,43.3,0,25,37,1,61.1,fishing_anchor,1,1.0,2017.0,True,True,,0.0,1.0,0.0,-40.60000000000001,1.0,0.0,0,
2017,CAB0132,Africa-Coastal,carrier,2000,17,2,7442.0,3,None,21.7,21.7,86.7,0,25,40,0,42.9,fishing_anchor,1,0.0,2018.0,True,True,,0.0,1.0,0.0,43.400000000000006,3.0,1.0,1,1.0
2018,CAB0132,Africa-Coastal,carrier,2000,18,2,7442.0,3,None,21.7,21.7,100.0,0,25,40,0,44.4,none,0,0.0,2019.0,True,True,,0.0,1.0,0.0,13.299999999999997,0.0,1.0,2,1.0
2019,CAB0132,Africa-Coastal,carrier,2000,19,2,7442.0,3,None,21.7,21.7,91.1,0,25,42,0,46.0,none,0,0.0,2020.0,True,True,,0.0,1.0,0.0,-8.900000000000006,2.0,0.0,2,2.0
2020,CAB0132,Africa-Coastal,carrier,2000,20,2,7442.0,3,None,21.7,21.7,74.9,0,25,43,0,47.6,none,0,0.0,2021.0,True,True,,0.0,1.0,0.0,-16.19999999999999,1.0,0.0,1,3.0
2021,CAB0132,Africa-Coastal,carrier,2000,21,2,7442.0,3,None,21.7,21.7,78.6,0,25,44,0,49.2,none,0,1.0,2022.0,True,True,,0.0,1.0,0.0,3.6999999999999886,1.0,0.0,0,4.0
2022,CAB0132,Africa-Coastal,carrier,2000,22,2,7442.0,3,None,21.7,21.7,96.5,0,25,45,0,50.8,fishing_anchor,1,1.0,2023.0,True,True,,0.0,1.0,0.0,17.900000000000006,1.0,0.0,0,5.0
2023,CAB0132,Africa-Coastal,carrier,2000,23,2,7442.0,3,None,21.7,21.7,100.0,0,25,47,0,52.4,fishing_anchor,1,0.0,2024.0,True,True,,0.0,1.0,0.0,3.5,2.0,1.0,1,1.0
2024,CAB0132,Africa-Coastal,carrier,2000,24,2,7442.0,3,None,21.7,21.7,91.2,0,25,49,0,54.0,none,0,1.0,2025.0,True,True,,0.0,1.0,0.0,-8.799999999999997,2.0,1.0,2,1.0
2025,CAB0132,Africa-Coastal,carrier,2000,25,2,7442.0,3,None,21.7,21.7,82.4,0,25,52,0,55.6,fishing_anchor,1,0.0,2026.0,True,True,,0.0,1.0,0.0,-8.799999999999997,3.0,0.0,2,2.0
2023,CAB0133,Trans-Atlantic,carrier,2023,0,5,7322.0,4,None,218.6,76.2,14.5,1,25,54,0,0.0,none,0,0.0,2024.0,True,True,,142.39999999999998,0.34858188472095153,,,,,0,
2024,CAB0133,Trans-Atlantic,carrier,2023,1,5,7322.0,4,None,218.6,72.1,19.1,1,25,58,0,1.6,none,0,1.0,2025.0,True,True,,146.5,0.3298261665141811,-4.1000000000000085,4.600000000000001,4.0,0.0,0,
2025,CAB0133,Trans-Atlantic,carrier,2023,2,5,7322.0,4,None,218.6,95.3,31.1,1,25,62,0,3.2,fishing_anchor,1,0.0,2026.0,True,True,,123.3,0.43595608417200366,23.200000000000003,12.0,4.0,0.0,0,
2021,CAB0134,Americas,hyperscaler,2021,0,34,7501.0,4,None,1389.1,393.8,41.4,0,25,37,1,35.7,none,0,0.0,2022.0,True,True,,995.3,0.2834929090778202,,,,,0,
2022,CAB0134,Americas,hyperscaler,2021,1,34,7501.0,4,None,1389.1,482.9,16.9,0,25,37,1,37.3,none,0,1.0,2023.0,True,True,,906.1999999999999,0.34763515945576273,89.09999999999997,-24.5,0.0,0.0,0,
2023,CAB0134,Americas,hyperscaler,2021,2,34,7501.0,4,None,1389.1,485.5,29.6,0,25,37,1,38.9,fishing_anchor,1,0.0,2024.0,True,True,,903.5999999999999,0.3495068749550069,2.6000000000000227,12.700000000000003,0.0,0.0,0,
2024,CAB0134,Americas,hyperscaler,2021,3,34,7501.0,4,None,1389.1,702.9,52.8,0,25,39,1,40.5,none,0,1.0,2025.0,True,True,,686.1999999999999,0.5060110863148801,217.39999999999998,23.199999999999996,2.0,1.0,1,1.0
2025,CAB0134,Americas,hyperscaler,2021,4,34,7501.0,4,None,1389.1,683.6,57.4,0,25,39,1,42.1,fishing_anchor,1,0.0,2026.0,True,True,,705.4999999999999,0.4921171981858758,-19.299999999999955,4.600000000000001,0.0,0.0,1,2.0
2015,CAB0135,Indian-Ocean,government,2010,5,12,9258.0,4,Malacca,301.7,179.6,47.6,0,25,31,1,71.4,none,0,1.0,2016.0,True,True,,122.1,0.5952933377527345,,,,,0,
2016,CAB0135,Indian-Ocean,government,2010,6,12,9258.0,4,Malacca,301.7,175.3,39.2,0,25,33,1,73.0,suspected_external,1,0.0,2017.0,True,True,,126.39999999999998,0.5810407689758038,-4.299999999999983,-8.399999999999999,2.0,0.0,0,
2017,CAB0135,Indian-Ocean,government,2010,7,12,9258.0,4,Malacca,301.7,232.8,22.3,0,25,33,1,74.6,none,0,0.0,2018.0,True,True,,68.89999999999998,0.7716274444812729,57.5,-16.900000000000002,0.0,1.0,1,1.0
2018,CAB0135,Indian-Ocean,government,2010,8,12,9258.0,4,Malacca,301.7,221.8,43.2,0,25,35,1,76.2,none,0,1.0,2019.0,True,True,,79.89999999999998,0.7351673848193571,-11.0,20.900000000000002,2.0,0.0,1,2.0
2019,CAB0135,Indian-Ocean,government,2010,9,12,9258.0,4,Malacca,301.7,229.4,42.0,0,25,35,1,77.8,fishing_anchor,1,0.0,2020.0,True,True,,72.29999999999998,0.7603579714948625,7.599999999999994,-1.2000000000000028,0.0,0.0,1,3.0
2020,CAB0135,Indian-Ocean,government,2010,10,12,9258.0,4,Malacca,301.7,275.0,90.6,0,25,36,1,79.4,none,0,1.0,2021.0,True,True,,26.69999999999999,0.9115014915478953,45.599999999999994,48.599999999999994,1.0,1.0,1,1.0
2021,CAB0135,Indian-Ocean,government,2010,11,12,9258.0,4,Malacca,301.7,253.1,71.1,0,25,39,1,81.0,equipment,1,0.0,2022.0,True,True,,48.599999999999994,0.8389128273118992,-21.900000000000006,-19.5,3.0,0.0,1,2.0
2022,CAB0135,Indian-Ocean,government,2010,12,12,9258.0,4,Malacca,301.7,301.7,57.1,0,25,39,1,82.5,none,0,1.0,2023.0,True,True,,0.0,1.0,48.599999999999994,-13.999999999999993,0.0,1.0,2,1.0
2023,CAB0135,Indian-Ocean,government,2010,13,12,9258.0,4,Malacca,301.7,296.2,70.8,0,25,40,0,64.3,fishing_anchor,1,1.0,2024.0,True,True,,5.5,0.9817699701690421,-5.5,13.699999999999996,1.0,0.0,1,2.0
2024,CAB0135,Indian-Ocean,government,2010,14,12,9258.0,4,Malacca,301.7,301.7,65.1,0,25,41,0,65.9,fishing_anchor,1,0.0,2025.0,True,True,,0.0,1.0,5.5,-5.700000000000003,1.0,1.0,2,1.0
2025,CAB0135,Indian-Ocean,government,2010,15,12,9258.0,4,Malacca,301.7,301.7,49.0,0,25,44,0,67.5,none,0,1.0,2026.0,True,True,,0.0,1.0,0.0,-16.099999999999994,3.0,1.0,2,1.0
2015,CAB0136,Trans-Atlantic,government,2000,15,10,6685.0,4,None,108.6,108.6,86.6,0,25,33,1,59.5,none,0,0.0,2016.0,True,True,,0.0,1.0,,,,,0,
2016,CAB0136,Trans-Atlantic,government,2000,16,10,6685.0,4,None,108.6,108.6,96.6,0,25,37,1,61.1,none,0,0.0,2017.0,True,True,,0.0,1.0,0.0,10.0,4.0,0.0,0,
2017,CAB0136,Trans-Atlantic,government,2000,17,10,6685.0,4,None,108.6,108.6,86.7,0,25,37,1,62.7,none,0,0.0,2018.0,True,True,,0.0,1.0,0.0,-9.899999999999991,0.0,0.0,0,
2018,CAB0136,Trans-Atlantic,government,2000,18,10,6685.0,4,None,108.6,108.6,100.0,0,25,40,0,44.4,none,0,1.0,2019.0,True,True,,0.0,1.0,0.0,13.299999999999997,3.0,0.0,0,
2019,CAB0136,Trans-Atlantic,government,2000,19,10,6685.0,4,None,108.6,108.6,58.3,0,25,45,0,46.0,fishing_anchor,1,0.0,2020.0,True,True,,0.0,1.0,0.0,-41.7,5.0,0.0,0,
2020,CAB0136,Trans-Atlantic,government,2000,20,10,6685.0,4,None,108.6,108.6,94.8,0,25,48,0,47.6,none,0,0.0,2021.0,True,True,,0.0,1.0,0.0,36.5,3.0,1.0,1,1.0
2021,CAB0136,Trans-Atlantic,government,2000,21,10,6685.0,4,None,108.6,108.6,100.0,0,25,50,0,49.2,none,0,0.0,2022.0,True,True,,0.0,1.0,0.0,5.200000000000003,2.0,0.0,1,2.0
2022,CAB0136,Trans-Atlantic,government,2000,22,10,6685.0,4,None,108.6,108.6,82.0,0,25,51,0,50.8,none,0,0.0,2023.0,True,True,,0.0,1.0,0.0,-18.0,1.0,0.0,1,3.0
2023,CAB0136,Trans-Atlantic,government,2000,23,10,6685.0,4,None,108.6,108.6,100.0,0,25,54,0,52.4,none,0,0.0,2024.0,True,True,,0.0,1.0,0.0,18.0,3.0,0.0,0,4.0
2024,CAB0136,Trans-Atlantic,government,2000,24,10,6685.0,4,None,108.6,108.6,83.5,0,25,58,0,54.0,none,0,1.0,2025.0,True,True,,0.0,1.0,0.0,-16.5,4.0,0.0,0,5.0
2025,CAB0136,Trans-Atlantic,government,2000,25,10,6685.0,4,None,108.6,108.6,79.4,0,25,62,0,55.6,fishing_anchor,1,1.0,2026.0,True,True,,0.0,1.0,0.0,-4.099999999999994,4.0,0.0,0,6.0
2015,CAB0138,Intra-Asia,carrier,2003,12,12,5412.0,9,Luzon-Strait,181.7,170.6,51.4,0,25,53,0,62.7,fishing_anchor,1,0.0,2016.0,True,True,,11.099999999999994,0.9389102916895983,,,,,0,
2016,CAB0138,Intra-Asia,carrier,2003,13,12,5412.0,9,Luzon-Strait,181.7,181.7,46.9,0,25,59,0,64.3,none,0,0.0,2017.0,True,True,,0.0,1.0,11.099999999999994,-4.5,6.0,1.0,1,1.0
2017,CAB0138,Intra-Asia,carrier,2003,14,12,5412.0,9,Luzon-Strait,181.7,181.7,69.1,0,25,60,0,65.9,none,0,0.0,2018.0,True,True,,0.0,1.0,0.0,22.199999999999996,1.0,0.0,1,2.0
2018,CAB0138,Intra-Asia,carrier,2003,15,12,5412.0,9,Luzon-Strait,181.7,181.7,56.6,0,25,62,0,67.5,none,0,0.0,2019.0,True,True,,0.0,1.0,0.0,-12.499999999999993,2.0,0.0,1,3.0
2019,CAB0138,Intra-Asia,carrier,2003,16,12,5412.0,9,Luzon-Strait,181.7,181.7,66.7,0,25,64,0,69.0,none,0,0.0,2020.0,True,True,,0.0,1.0,0.0,10.100000000000001,2.0,0.0,0,4.0
2020,CAB0138,Intra-Asia,carrier,2003,17,12,5412.0,9,Luzon-Strait,181.7,181.7,75.1,0,25,66,0,70.6,none,0,0.0,2021.0,True,True,,0.0,1.0,0.0,8.399999999999991,2.0,0.0,0,5.0
2021,CAB0138,Intra-Asia,carrier,2003,18,12,5412.0,9,Luzon-Strait,181.7,181.7,75.4,0,25,69,0,72.2,none,0,1.0,2022.0,True,True,,0.0,1.0,0.0,0.30000000000001137,3.0,0.0,0,6.0
2022,CAB0138,Intra-Asia,carrier,2003,19,12,5412.0,9,Luzon-Strait,181.7,181.7,94.7,0,25,70,0,73.8,fishing_anchor,1,0.0,2023.0,True,True,,0.0,1.0,0.0,19.299999999999997,1.0,0.0,0,7.0
2023,CAB0138,Intra-Asia,carrier,2003,20,12,5412.0,9,Luzon-Strait,181.7,181.7,98.2,0,25,70,0,75.4,none,0,0.0,2024.0,True,True,,0.0,1.0,0.0,3.5,0.0,1.0,1,1.0
2024,CAB0138,Intra-Asia,carrier,2003,21,12,5412.0,9,Luzon-Strait,181.7,181.7,93.7,0,25,75,0,77.0,none,0,0.0,2025.0,True,True,,0.0,1.0,0.0,-4.5,5.0,0.0,1,2.0
2025,CAB0138,Intra-Asia,carrier,2003,22,12,5412.0,9,Luzon-Strait,181.7,181.7,74.9,0,25,77,0,78.6,none,0,0.0,2026.0,True,True,,0.0,1.0,0.0,-18.799999999999997,2.0,0.0,1,3.0
2024,CAB0139,Intra-Pacific-Islands,consortium,2024,0,48,2596.0,4,None,2166.9,531.4,22.9,1,25,48,0,0.0,none,0,0.0,2025.0,True,True,,1635.5,0.2452351285246204,,,,,0,
2025,CAB0139,Intra-Pacific-Islands,consortium,2024,1,48,2596.0,4,None,2166.9,848.6,24.1,1,25,50,0,1.6,none,0,0.0,2026.0,True,True,,1318.3000000000002,0.3916193640684849,317.20000000000005,1.2000000000000028,2.0,0.0,0,
2016,CAB0141,Trans-Pacific,hyperscaler,2016,0,4,10453.0,5,None,134.9,22.2,67.5,1,25,37,1,19.8,fishing_anchor,1,1.0,2017.0,True,True,,112.7,0.16456634544106744,,,,,0,
2017,CAB0141,Trans-Pacific,hyperscaler,2016,1,4,10453.0,5,None,134.9,39.1,41.1,1,25,38,1,21.4,natural_hazard,1,0.0,2018.0,True,True,,95.80000000000001,0.28984432913269087,16.900000000000002,-26.4,1.0,1.0,1,1.0
2018,CAB0141,Trans-Pacific,hyperscaler,2016,2,4,10453.0,5,None,134.9,52.4,78.3,1,25,39,1,23.0,none,0,1.0,2019.0,True,True,,82.5,0.3884358784284655,13.299999999999997,37.199999999999996,1.0,1.0,2,1.0
2019,CAB0141,Trans-Pacific,hyperscaler,2016,3,4,10453.0,5,None,134.9,63.7,30.1,1,25,41,0,4.8,natural_hazard,1,1.0,2020.0,True,True,,71.2,0.47220163083765754,11.300000000000004,-48.199999999999996,2.0,0.0,2,2.0
2020,CAB0141,Trans-Pacific,hyperscaler,2016,4,4,10453.0,5,None,134.9,55.4,53.9,1,25,42,0,6.3,fishing_anchor,1,0.0,2021.0,True,True,,79.5,0.4106745737583395,-8.300000000000004,23.799999999999997,1.0,1.0,2,1.0
2021,CAB0141,Trans-Pacific,hyperscaler,2016,5,4,10453.0,5,None,134.9,83.2,42.0,1,25,43,0,7.9,none,0,1.0,2022.0,True,True,,51.7,0.6167531504818384,27.800000000000004,-11.899999999999999,1.0,1.0,2,1.0
2022,CAB0141,Trans-Pacific,hyperscaler,2016,6,4,10453.0,5,None,134.9,92.1,56.1,1,25,45,0,9.5,fishing_anchor,1,0.0,2023.0,True,True,,42.80000000000001,0.6827279466271311,8.899999999999991,14.100000000000001,2.0,0.0,2,2.0
2023,CAB0141,Trans-Pacific,hyperscaler,2016,7,4,10453.0,5,None,134.9,88.7,64.4,1,25,47,0,11.1,none,0,0.0,2024.0,True,True,,46.2,0.6575240919199407,-3.3999999999999915,8.300000000000004,2.0,1.0,2,1.0
2024,CAB0141,Trans-Pacific,hyperscaler,2016,8,4,10453.0,5,None,134.9,95.9,93.2,1,25,49,0,12.7,none,0,0.0,2025.0,True,True,,39.0,0.7108969607116382,7.200000000000003,28.799999999999997,2.0,0.0,1,2.0
2025,CAB0141,Trans-Pacific,hyperscaler,2016,9,4,10453.0,5,None,134.9,119.8,84.5,1,25,50,0,14.3,none,0,1.0,2026.0,True,True,,15.100000000000009,0.888065233506301,23.89999999999999,-8.700000000000003,1.0,0.0,1,3.0
2015,CAB0142,EMEA-Asia,consortium,2000,15,4,14981.0,4,Bab-el-Mandeb,43.4,43.4,86.1,0,25,27,1,87.3,fishing_anchor,1,0.0,2016.0,True,True,,0.0,1.0,,,,,0,
2016,CAB0142,EMEA-Asia,consortium,2000,16,4,14981.0,4,Bab-el-Mandeb,43.4,43.4,100.0,0,25,29,1,88.9,none,0,0.0,2017.0,True,True,,0.0,1.0,0.0,13.900000000000006,2.0,1.0,1,1.0
2017,CAB0142,EMEA-Asia,consortium,2000,17,4,14981.0,4,Bab-el-Mandeb,43.4,43.4,53.7,0,25,32,1,90.5,none,0,0.0,2018.0,True,True,,0.0,1.0,0.0,-46.3,3.0,0.0,1,2.0
2018,CAB0142,EMEA-Asia,consortium,2000,18,4,14981.0,4,Bab-el-Mandeb,43.4,43.4,77.8,0,25,34,1,92.1,none,0,1.0,2019.0,True,True,,0.0,1.0,0.0,24.099999999999994,2.0,0.0,1,3.0
2019,CAB0142,EMEA-Asia,consortium,2000,19,4,14981.0,4,Bab-el-Mandeb,43.4,43.4,89.9,0,25,37,1,93.7,fishing_anchor,1,0.0,2020.0,True,True,,0.0,1.0,0.0,12.100000000000009,3.0,0.0,0,4.0
2020,CAB0142,EMEA-Asia,consortium,2000,20,4,14981.0,4,Bab-el-Mandeb,43.4,43.4,100.0,0,25,40,0,75.4,none,0,1.0,2021.0,True,True,,0.0,1.0,0.0,10.099999999999994,3.0,1.0,1,1.0
2021,CAB0142,EMEA-Asia,consortium,2000,21,4,14981.0,4,Bab-el-Mandeb,43.4,43.4,100.0,0,25,44,0,77.0,fishing_anchor,1,1.0,2022.0,True,True,,0.0,1.0,0.0,0.0,4.0,0.0,1,2.0
2022,CAB0142,EMEA-Asia,consortium,2000,22,4,14981.0,4,Bab-el-Mandeb,43.4,43.4,61.4,0,25,45,0,78.6,fishing_anchor,1,0.0,2023.0,True,True,,0.0,1.0,0.0,-38.6,1.0,1.0,2,1.0
2023,CAB0142,EMEA-Asia,consortium,2000,23,4,14981.0,4,Bab-el-Mandeb,43.4,43.4,90.9,0,25,47,0,80.2,none,0,0.0,2024.0,True,True,,0.0,1.0,0.0,29.500000000000007,2.0,1.0,2,1.0
2024,CAB0142,EMEA-Asia,consortium,2000,24,4,14981.0,4,Bab-el-Mandeb,43.4,43.4,88.7,0,25,48,0,81.7,none,0,1.0,2025.0,True,True,,0.0,1.0,0.0,-2.200000000000003,1.0,0.0,2,2.0
2015,CAB0143,Indian-Ocean,government,1998,17,14,11128.0,4,Malacca,112.0,112.0,95.4,1,25,31,1,74.6,none,0,0.0,2016.0,True,True,,0.0,1.0,,,,,0,
2016,CAB0143,Indian-Ocean,government,1998,18,14,11128.0,4,Malacca,112.0,112.0,80.2,1,25,33,1,76.2,none,0,0.0,2017.0,True,True,,0.0,1.0,0.0,-15.200000000000003,2.0,0.0,0,
2017,CAB0143,Indian-Ocean,government,1998,19,14,11128.0,4,Malacca,112.0,112.0,72.0,1,25,33,1,77.8,none,0,0.0,2018.0,True,True,,0.0,1.0,0.0,-8.200000000000003,0.0,0.0,0,
2018,CAB0143,Indian-Ocean,government,1998,20,14,11128.0,4,Malacca,112.0,112.0,54.1,1,25,35,1,79.4,none,0,0.0,2019.0,True,True,,0.0,1.0,0.0,-17.9,2.0,0.0,0,
2019,CAB0143,Indian-Ocean,government,1998,21,14,11128.0,4,Malacca,112.0,112.0,62.0,1,25,35,1,81.0,none,0,0.0,2020.0,True,True,,0.0,1.0,0.0,7.899999999999999,0.0,0.0,0,
2020,CAB0143,Indian-Ocean,government,1998,22,14,11128.0,4,Malacca,112.0,112.0,82.2,1,25,36,1,82.5,none,0,0.0,2021.0,True,True,,0.0,1.0,0.0,20.200000000000003,1.0,0.0,0,
2021,CAB0143,Indian-Ocean,government,1998,23,14,11128.0,4,Malacca,112.0,112.0,100.0,1,25,39,1,84.1,none,0,0.0,2022.0,True,True,,0.0,1.0,0.0,17.799999999999997,3.0,0.0,0,
2022,CAB0143,Indian-Ocean,government,1998,24,14,11128.0,4,Malacca,112.0,112.0,76.3,1,25,39,1,85.7,none,0,1.0,2023.0,True,True,,0.0,1.0,0.0,-23.700000000000003,0.0,0.0,0,
2023,CAB0143,Indian-Ocean,government,1998,25,14,11128.0,4,Malacca,112.0,112.0,100.0,1,25,40,0,67.5,fishing_anchor,1,0.0,2024.0,True,True,,0.0,1.0,0.0,23.700000000000003,1.0,0.0,0,
2024,CAB0143,Indian-Ocean,government,1998,26,14,11128.0,4,Malacca,112.0,112.0,100.0,1,25,41,0,69.0,none,0,0.0,2025.0,True,True,,0.0,1.0,0.0,0.0,1.0,1.0,1,1.0
2025,CAB0143,Indian-Ocean,government,1998,27,14,11128.0,4,Malacca,112.0,112.0,100.0,1,25,44,0,70.6,none,0,0.0,2026.0,True,True,,0.0,1.0,0.0,0.0,3.0,0.0,1,2.0
2020,CAB0144,Indian-Ocean,government,2020,0,33,6902.0,6,Malacca,1301.1,362.6,20.8,0,25,36,1,63.5,fishing_anchor,1,1.0,2021.0,True,True,,938.4999999999999,0.27868726462224275,,,,,0,
2021,CAB0144,Indian-Ocean,government,2020,1,33,6902.0,6,Malacca,1301.1,459.8,74.9,0,25,39,1,65.1,fishing_anchor,1,1.0,2022.0,True,True,,841.3,0.35339328260702485,97.19999999999999,54.10000000000001,3.0,1.0,1,1.0
2022,CAB0144,Indian-Ocean,government,2020,2,33,6902.0,6,Malacca,1301.1,506.8,54.0,0,25,39,1,66.7,natural_hazard,1,1.0,2023.0,True,True,,794.3,0.3895165629083084,47.0,-20.900000000000006,0.0,1.0,2,1.0
2023,CAB0144,Indian-Ocean,government,2020,3,33,6902.0,6,Malacca,1301.1,476.4,29.5,0,25,40,0,48.4,fishing_anchor,1,0.0,2024.0,True,True,,824.6999999999999,0.3661517177772654,-30.400000000000034,-24.5,1.0,1.0,3,1.0
2024,CAB0144,Indian-Ocean,government,2020,4,33,6902.0,6,Malacca,1301.1,516.4,46.3,0,25,41,0,50.0,none,0,0.0,2025.0,True,True,,784.6999999999999,0.3968949350549535,40.0,16.799999999999997,1.0,1.0,3,1.0
2025,CAB0144,Indian-Ocean,government,2020,5,33,6902.0,6,Malacca,1301.1,785.7,49.0,0,25,44,0,51.6,none,0,0.0,2026.0,True,True,,515.3999999999999,0.6038736453769887,269.30000000000007,2.700000000000003,3.0,0.0,2,2.0
2015,CAB0145,Intra-Europe,consortium,2000,15,2,1840.0,9,None,21.7,21.7,62.5,0,25,41,0,39.7,none,0,0.0,2016.0,True,True,,0.0,1.0,,,,,0,
2016,CAB0145,Intra-Europe,consortium,2000,16,2,1840.0,9,None,21.7,21.7,50.1,0,25,42,0,41.3,none,0,0.0,2017.0,True,True,,0.0,1.0,0.0,-12.399999999999999,1.0,0.0,0,
2017,CAB0145,Intra-Europe,consortium,2000,17,2,1840.0,9,None,21.7,21.7,87.5,0,25,44,0,42.9,none,0,0.0,2018.0,True,True,,0.0,1.0,0.0,37.4,2.0,0.0,0,
2018,CAB0145,Intra-Europe,consortium,2000,18,2,1840.0,9,None,21.7,21.7,71.7,0,25,45,0,44.4,none,0,0.0,2019.0,True,True,,0.0,1.0,0.0,-15.799999999999997,1.0,0.0,0,
2019,CAB0145,Intra-Europe,consortium,2000,19,2,1840.0,9,None,21.7,21.7,46.4,0,25,47,0,46.0,none,0,0.0,2020.0,True,True,,0.0,1.0,0.0,-25.300000000000004,2.0,0.0,0,
2020,CAB0145,Intra-Europe,consortium,2000,20,2,1840.0,9,None,21.7,21.7,87.5,0,25,49,0,47.6,none,0,0.0,2021.0,True,True,,0.0,1.0,0.0,41.1,2.0,0.0,0,
2021,CAB0145,Intra-Europe,consortium,2000,21,2,1840.0,9,None,21.7,21.7,100.0,0,25,49,0,49.2,none,0,0.0,2022.0,True,True,,0.0,1.0,0.0,12.5,0.0,0.0,0,
2022,CAB0145,Intra-Europe,consortium,2000,22,2,1840.0,9,None,21.7,21.7,69.3,0,25,52,0,50.8,none,0,0.0,2023.0,True,True,,0.0,1.0,0.0,-30.700000000000003,3.0,0.0,0,
2023,CAB0145,Intra-Europe,consortium,2000,23,2,1840.0,9,None,21.7,21.7,100.0,0,25,53,0,52.4,none,0,0.0,2024.0,True,True,,0.0,1.0,0.0,30.700000000000003,1.0,0.0,0,
2024,CAB0145,Intra-Europe,consortium,2000,24,2,1840.0,9,None,21.7,21.7,55.0,0,25,53,0,54.0,none,0,0.0,2025.0,True,True,,0.0,1.0,0.0,-45.0,0.0,0.0,0,
2025,CAB0145,Intra-Europe,consortium,2000,25,2,1840.0,9,None,21.7,21.7,71.6,0,25,58,0,55.6,none,0,0.0,2026.0,True,True,,0.0,1.0,0.0,16.599999999999994,5.0,0.0,0,
2015,CAB0146,Africa-Coastal,consortium,2007,8,3,6237.0,3,None,62.6,51.6,76.9,1,25,36,1,32.5,none,0,1.0,2016.0,True,True,,11.0,0.8242811501597445,,,,,0,
2016,CAB0146,Africa-Coastal,consortium,2007,9,3,6237.0,3,None,62.6,48.1,47.0,1,25,37,1,34.1,fishing_anchor,1,0.0,2017.0,True,True,,14.5,0.768370607028754,-3.5,-29.900000000000006,1.0,0.0,0,
2017,CAB0146,Africa-Coastal,consortium,2007,10,3,6237.0,3,None,62.6,53.6,57.6,1,25,40,0,15.9,none,0,0.0,2018.0,True,True,,9.0,0.8562300319488818,5.5,10.600000000000001,3.0,1.0,1,1.0
2018,CAB0146,Africa-Coastal,consortium,2007,11,3,6237.0,3,None,62.6,53.2,42.0,1,25,40,0,17.5,none,0,0.0,2019.0,True,True,,9.399999999999999,0.8498402555910544,-0.3999999999999986,-15.600000000000001,0.0,0.0,1,2.0
2019,CAB0146,Africa-Coastal,consortium,2007,12,3,6237.0,3,None,62.6,60.8,29.6,1,25,42,0,19.0,none,0,0.0,2020.0,True,True,,1.8000000000000043,0.9712460063897763,7.599999999999994,-12.399999999999999,2.0,0.0,1,3.0
2020,CAB0146,Africa-Coastal,consortium,2007,13,3,6237.0,3,None,62.6,62.6,76.2,1,25,43,0,20.6,none,0,1.0,2021.0,True,True,,0.0,1.0,1.8000000000000043,46.6,1.0,0.0,0,4.0
2021,CAB0146,Africa-Coastal,consortium,2007,14,3,6237.0,3,None,62.6,62.6,66.9,1,25,44,0,22.2,equipment,1,1.0,2022.0,True,True,,0.0,1.0,0.0,-9.299999999999997,1.0,0.0,0,5.0
2022,CAB0146,Africa-Coastal,consortium,2007,15,3,6237.0,3,None,62.6,62.6,79.6,1,25,45,0,23.8,natural_hazard,1,1.0,2023.0,True,True,,0.0,1.0,0.0,12.699999999999989,1.0,1.0,1,1.0
2023,CAB0146,Africa-Coastal,consortium,2007,16,3,6237.0,3,None,62.6,62.6,65.8,1,25,47,0,25.4,fishing_anchor,1,0.0,2024.0,True,True,,0.0,1.0,0.0,-13.799999999999997,2.0,1.0,2,1.0
2024,CAB0146,Africa-Coastal,consortium,2007,17,3,6237.0,3,None,62.6,62.6,69.4,1,25,49,0,27.0,none,0,1.0,2025.0,True,True,,0.0,1.0,0.0,3.6000000000000085,2.0,1.0,3,1.0
2025,CAB0146,Africa-Coastal,consortium,2007,18,3,6237.0,3,None,62.6,62.6,68.5,1,25,52,0,28.6,fishing_anchor,1,1.0,2026.0,True,True,,0.0,1.0,0.0,-0.9000000000000057,3.0,0.0,2,2.0
2015,CAB0147,Intra-Europe,hyperscaler,2002,13,8,1101.0,3,None,109.7,109.7,74.6,1,25,41,0,20.6,fishing_anchor,1,0.0,2016.0,True,True,,0.0,1.0,,,,,0,
2016,CAB0147,Intra-Europe,hyperscaler,2002,14,8,1101.0,3,None,109.7,109.7,62.9,1,25,42,0,22.2,none,0,0.0,2017.0,True,True,,0.0,1.0,0.0,-11.699999999999996,1.0,1.0,1,1.0
2017,CAB0147,Intra-Europe,hyperscaler,2002,15,8,1101.0,3,None,109.7,109.7,55.8,1,25,44,0,23.8,none,0,0.0,2018.0,True,True,,0.0,1.0,0.0,-7.100000000000001,2.0,0.0,1,2.0
2018,CAB0147,Intra-Europe,hyperscaler,2002,16,8,1101.0,3,None,109.7,109.7,70.2,1,25,45,0,25.4,none,0,0.0,2019.0,True,True,,0.0,1.0,0.0,14.400000000000006,1.0,0.0,1,3.0
2019,CAB0147,Intra-Europe,hyperscaler,2002,17,8,1101.0,3,None,109.7,109.7,77.1,1,25,47,0,27.0,none,0,0.0,2020.0,True,True,,0.0,1.0,0.0,6.8999999999999915,2.0,0.0,0,4.0
2020,CAB0147,Intra-Europe,hyperscaler,2002,18,8,1101.0,3,None,109.7,109.7,45.5,1,25,49,0,28.6,none,0,0.0,2021.0,True,True,,0.0,1.0,0.0,-31.599999999999994,2.0,0.0,0,5.0
2021,CAB0147,Intra-Europe,hyperscaler,2002,19,8,1101.0,3,None,109.7,109.7,97.9,1,25,49,0,30.2,none,0,0.0,2022.0,True,True,,0.0,1.0,0.0,52.400000000000006,0.0,0.0,0,6.0
2022,CAB0147,Intra-Europe,hyperscaler,2002,20,8,1101.0,3,None,109.7,109.7,42.7,1,25,52,0,31.7,none,0,0.0,2023.0,True,True,,0.0,1.0,0.0,-55.2,3.0,0.0,0,7.0
2023,CAB0147,Intra-Europe,hyperscaler,2002,21,8,1101.0,3,None,109.7,109.7,82.4,1,25,53,0,33.3,none,0,0.0,2024.0,True,True,,0.0,1.0,0.0,39.7,1.0,0.0,0,8.0
2024,CAB0147,Intra-Europe,hyperscaler,2002,22,8,1101.0,3,None,109.7,109.7,96.7,1,25,53,0,34.9,none,0,0.0,2025.0,True,True,,0.0,1.0,0.0,14.299999999999997,0.0,0.0,0,9.0
2025,CAB0147,Intra-Europe,hyperscaler,2002,23,8,1101.0,3,None,109.7,109.7,58.1,1,25,58,0,36.5,none,0,0.0,2026.0,True,True,,0.0,1.0,0.0,-38.6,5.0,0.0,0,10.0
2015,CAB0148,Intra-Asia,carrier,2009,6,23,4190.0,6,None,545.4,328.7,83.0,1,25,53,0,9.5,none,0,0.0,2016.0,True,True,,216.7,0.6026769343601027,,,,,0,
2016,CAB0148,Intra-Asia,carrier,2009,7,23,4190.0,6,None,545.4,340.8,58.8,1,25,59,0,11.1,none,0,0.0,2017.0,True,True,,204.59999999999997,0.624862486248625,12.100000000000023,-24.200000000000003,6.0,0.0,0,
2017,CAB0148,Intra-Asia,carrier,2009,8,23,4190.0,6,None,545.4,373.3,45.3,1,25,60,0,12.7,none,0,0.0,2018.0,True,True,,172.09999999999997,0.6844517785111845,32.5,-13.5,1.0,0.0,0,
2018,CAB0148,Intra-Asia,carrier,2009,9,23,4190.0,6,None,545.4,423.4,32.9,1,25,62,0,14.3,none,0,0.0,2019.0,True,True,,122.0,0.7763109644297763,50.099999999999966,-12.399999999999999,2.0,0.0,0,
2019,CAB0148,Intra-Asia,carrier,2009,10,23,4190.0,6,None,545.4,511.0,50.3,1,25,64,0,15.9,none,0,0.0,2020.0,True,True,,34.39999999999998,0.9369270260359369,87.60000000000002,17.4,2.0,0.0,0,
2020,CAB0148,Intra-Asia,carrier,2009,11,23,4190.0,6,None,545.4,501.3,28.3,1,25,66,0,17.5,none,0,1.0,2021.0,True,True,,44.099999999999966,0.9191419141914192,-9.699999999999989,-21.999999999999996,2.0,0.0,0,
2021,CAB0148,Intra-Asia,carrier,2009,12,23,4190.0,6,None,545.4,529.7,64.7,1,25,69,0,19.0,fishing_anchor,1,0.0,2022.0,True,True,,15.699999999999932,0.9712137880454713,28.400000000000034,36.400000000000006,3.0,0.0,0,
2022,CAB0148,Intra-Asia,carrier,2009,13,23,4190.0,6,None,545.4,545.4,41.0,1,25,70,0,20.6,none,0,0.0,2023.0,True,True,,0.0,1.0,15.699999999999932,-23.700000000000003,1.0,1.0,1,1.0
2023,CAB0148,Intra-Asia,carrier,2009,14,23,4190.0,6,None,545.4,545.4,50.6,1,25,70,0,22.2,none,0,0.0,2024.0,True,True,,0.0,1.0,0.0,9.600000000000001,0.0,0.0,1,2.0
2024,CAB0148,Intra-Asia,carrier,2009,15,23,4190.0,6,None,545.4,545.4,63.4,1,25,75,0,23.8,none,0,0.0,2025.0,True,True,,0.0,1.0,0.0,12.799999999999997,5.0,0.0,1,3.0
2025,CAB0148,Intra-Asia,carrier,2009,16,23,4190.0,6,None,545.4,545.4,75.9,1,25,77,0,25.4,none,0,0.0,2026.0,True,True,,0.0,1.0,0.0,12.500000000000007,2.0,0.0,0,4.0
2015,CAB0149,Indian-Ocean,hyperscaler,2001,14,4,10493.0,3,Suez,49.1,49.1,75.5,0,25,31,1,85.7,none,0,1.0,2016.0,True,True,,0.0,1.0,,,,,0,
2016,CAB0149,Indian-Ocean,hyperscaler,2001,15,4,10493.0,3,Suez,49.1,49.1,60.4,0,25,33,1,87.3,fishing_anchor,1,0.0,2017.0,True,True,,0.0,1.0,0.0,-15.100000000000001,2.0,0.0,0,
2017,CAB0149,Indian-Ocean,hyperscaler,2001,16,4,10493.0,3,Suez,49.1,49.1,95.2,0,25,33,1,88.9,none,0,0.0,2018.0,True,True,,0.0,1.0,0.0,34.800000000000004,0.0,1.0,1,1.0
2018,CAB0149,Indian-Ocean,hyperscaler,2001,17,4,10493.0,3,Suez,49.1,49.1,67.2,0,25,35,1,90.5,none,0,1.0,2019.0,True,True,,0.0,1.0,0.0,-28.0,2.0,0.0,1,2.0
2019,CAB0149,Indian-Ocean,hyperscaler,2001,18,4,10493.0,3,Suez,49.1,49.1,100.0,0,25,35,1,92.1,fishing_anchor,1,1.0,2020.0,True,True,,0.0,1.0,0.0,32.8,0.0,0.0,1,3.0
2020,CAB0149,Indian-Ocean,hyperscaler,2001,19,4,10493.0,3,Suez,49.1,49.1,94.9,0,25,36,1,93.7,fishing_anchor,1,1.0,2021.0,True,True,,0.0,1.0,0.0,-5.099999999999994,1.0,1.0,1,1.0
2021,CAB0149,Indian-Ocean,hyperscaler,2001,20,4,10493.0,3,Suez,49.1,49.1,81.2,0,25,39,1,95.2,fishing_anchor,1,1.0,2022.0,True,True,,0.0,1.0,0.0,-13.700000000000003,3.0,1.0,2,1.0
2022,CAB0149,Indian-Ocean,hyperscaler,2001,21,4,10493.0,3,Suez,49.1,49.1,100.0,0,25,39,1,96.8,fishing_anchor,1,1.0,2023.0,True,True,,0.0,1.0,0.0,18.799999999999997,0.0,1.0,3,1.0
2023,CAB0149,Indian-Ocean,hyperscaler,2001,22,4,10493.0,3,Suez,49.1,49.1,65.5,0,25,40,0,78.6,natural_hazard,1,0.0,2024.0,True,True,,0.0,1.0,0.0,-34.5,1.0,1.0,3,1.0
2024,CAB0149,Indian-Ocean,hyperscaler,2001,23,4,10493.0,3,Suez,49.1,49.1,55.1,0,25,41,0,80.2,none,0,0.0,2025.0,True,True,,0.0,1.0,0.0,-10.399999999999999,1.0,1.0,3,1.0
2025,CAB0149,Indian-Ocean,hyperscaler,2001,24,4,10493.0,3,Suez,49.1,49.1,62.1,0,25,44,0,81.7,none,0,1.0,2026.0,True,True,,0.0,1.0,0.0,7.0,3.0,0.0,2,2.0
2015,CAB0150,Trans-Atlantic,carrier,2013,2,27,7476.0,6,None,794.6,293.9,36.0,0,25,33,1,38.9,none,0,0.0,2016.0,True,True,,500.70000000000005,0.3698716335263025,,,,,0,
2016,CAB0150,Trans-Atlantic,carrier,2013,3,27,7476.0,6,None,794.6,293.3,42.5,0,25,37,1,40.5,none,0,0.0,2017.0,True,True,,501.3,0.36911653662219984,-0.5999999999999659,6.5,4.0,0.0,0,
2017,CAB0150,Trans-Atlantic,carrier,2013,4,27,7476.0,6,None,794.6,395.9,62.3,0,25,37,1,42.1,none,0,1.0,2018.0,True,True,,398.70000000000005,0.49823810722376033,102.59999999999997,19.799999999999997,0.0,0.0,0,
2018,CAB0150,Trans-Atlantic,carrier,2013,5,27,7476.0,6,None,794.6,432.4,37.1,0,25,40,0,23.8,fishing_anchor,1,0.0,2019.0,True,True,,362.20000000000005,0.5441731688900076,36.5,-25.199999999999996,3.0,0.0,0,
2019,CAB0150,Trans-Atlantic,carrier,2013,6,27,7476.0,6,None,794.6,517.9,45.8,0,25,45,0,25.4,none,0,0.0,2020.0,True,True,,276.70000000000005,0.6517744777246413,85.5,8.699999999999996,5.0,1.0,1,1.0
2020,CAB0150,Trans-Atlantic,carrier,2013,7,27,7476.0,6,None,794.6,531.5,58.2,0,25,48,0,27.0,none,0,0.0,2021.0,True,True,,263.1,0.6688900075509691,13.600000000000023,12.400000000000006,3.0,0.0,1,2.0
2021,CAB0150,Trans-Atlantic,carrier,2013,8,27,7476.0,6,None,794.6,553.8,59.2,0,25,50,0,28.6,none,0,0.0,2022.0,True,True,,240.80000000000007,0.6969544424867857,22.299999999999955,1.0,2.0,0.0,1,3.0
2022,CAB0150,Trans-Atlantic,carrier,2013,9,27,7476.0,6,None,794.6,616.3,82.8,0,25,51,0,30.2,none,0,0.0,2023.0,True,True,,178.30000000000007,0.7756103699974829,62.5,23.599999999999994,1.0,0.0,0,4.0
2023,CAB0150,Trans-Atlantic,carrier,2013,10,27,7476.0,6,None,794.6,642.1,78.3,0,25,54,0,31.7,none,0,0.0,2024.0,True,True,,152.5,0.8080795368738988,25.800000000000068,-4.5,3.0,0.0,0,5.0
2024,CAB0150,Trans-Atlantic,carrier,2013,11,27,7476.0,6,None,794.6,733.5,53.5,0,25,58,0,33.3,none,0,0.0,2025.0,True,True,,61.10000000000002,0.9231059652655423,91.39999999999998,-24.799999999999997,4.0,0.0,0,6.0
2025,CAB0150,Trans-Atlantic,carrier,2013,12,27,7476.0,6,None,794.6,759.4,44.0,0,25,62,0,34.9,none,0,0.0,2026.0,True,True,,35.200000000000045,0.9557009816259753,25.899999999999977,-9.5,4.0,0.0,0,7.0
2015,CAB0151,Indian-Ocean,government,2006,9,14,9685.0,5,None,272.0,209.1,53.8,0,25,31,1,50.0,fishing_anchor,1,0.0,2016.0,True,True,,62.900000000000006,0.7687499999999999,,,,,0,
2016,CAB0151,Indian-Ocean,government,2006,10,14,9685.0,5,None,272.0,248.2,72.9,0,25,33,1,51.6,none,0,0.0,2017.0,True,True,,23.80000000000001,0.9125,39.099999999999994,19.10000000000001,2.0,1.0,1,1.0
2017,CAB0151,Indian-Ocean,government,2006,11,14,9685.0,5,None,272.0,260.5,64.2,0,25,33,1,53.2,none,0,1.0,2018.0,True,True,,11.5,0.9577205882352942,12.300000000000011,-8.700000000000003,0.0,0.0,1,2.0
2018,CAB0151,Indian-Ocean,government,2006,12,14,9685.0,5,None,272.0,257.9,73.9,0,25,35,1,54.8,fishing_anchor,1,0.0,2019.0,True,True,,14.100000000000023,0.9481617647058823,-2.6000000000000227,9.700000000000003,2.0,0.0,1,3.0
2019,CAB0151,Indian-Ocean,government,2006,13,14,9685.0,5,None,272.0,272.0,42.3,0,25,35,1,56.3,none,0,1.0,2020.0,True,True,,0.0,1.0,14.100000000000023,-31.60000000000001,0.0,1.0,1,1.0
2020,CAB0151,Indian-Ocean,government,2006,14,14,9685.0,5,None,272.0,272.0,88.2,0,25,36,1,57.9,fishing_anchor,1,0.0,2021.0,True,True,,0.0,1.0,0.0,45.900000000000006,1.0,0.0,1,2.0
2021,CAB0151,Indian-Ocean,government,2006,15,14,9685.0,5,None,272.0,272.0,52.2,0,25,39,1,59.5,none,0,0.0,2022.0,True,True,,0.0,1.0,0.0,-36.0,3.0,1.0,2,1.0
2022,CAB0151,Indian-Ocean,government,2006,16,14,9685.0,5,None,272.0,272.0,53.8,0,25,39,1,61.1,none,0,0.0,2023.0,True,True,,0.0,1.0,0.0,1.5999999999999943,0.0,0.0,1,2.0
2023,CAB0151,Indian-Ocean,government,2006,17,14,9685.0,5,None,272.0,272.0,72.9,0,25,40,0,42.9,none,0,1.0,2024.0,True,True,,0.0,1.0,0.0,19.10000000000001,1.0,0.0,1,3.0
2024,CAB0151,Indian-Ocean,government,2006,18,14,9685.0,5,None,272.0,272.0,91.6,0,25,41,0,44.4,fishing_anchor,1,1.0,2025.0,True,True,,0.0,1.0,0.0,18.69999999999999,1.0,0.0,0,4.0
2025,CAB0151,Indian-Ocean,government,2006,19,14,9685.0,5,None,272.0,272.0,66.1,0,25,44,0,46.0,fishing_anchor,1,0.0,2026.0,True,True,,0.0,1.0,0.0,-25.5,3.0,1.0,1,1.0
2015,CAB0152,Intra-Asia,consortium,1998,17,14,2231.0,4,Malacca,112.0,112.0,78.1,0,25,53,0,70.6,suspected_external,1,1.0,2016.0,True,True,,0.0,1.0,,,,,0,
2016,CAB0152,Intra-Asia,consortium,1998,18,14,2231.0,4,Malacca,112.0,112.0,63.7,0,25,59,0,72.2,natural_hazard,1,1.0,2017.0,True,True,,0.0,1.0,0.0,-14.399999999999991,6.0,1.0,1,1.0
2017,CAB0152,Intra-Asia,consortium,1998,19,14,2231.0,4,Malacca,112.0,112.0,100.0,0,25,60,0,73.8,fishing_anchor,1,1.0,2018.0,True,True,,0.0,1.0,0.0,36.3,1.0,1.0,2,1.0
2018,CAB0152,Intra-Asia,consortium,1998,20,14,2231.0,4,Malacca,112.0,112.0,66.5,0,25,62,0,75.4,fishing_anchor,1,0.0,2019.0,True,True,,0.0,1.0,0.0,-33.5,2.0,1.0,3,1.0
2019,CAB0152,Intra-Asia,consortium,1998,21,14,2231.0,4,Malacca,112.0,112.0,95.2,0,25,64,0,77.0,none,0,1.0,2020.0,True,True,,0.0,1.0,0.0,28.700000000000003,2.0,1.0,3,1.0
2020,CAB0152,Intra-Asia,consortium,1998,22,14,2231.0,4,Malacca,112.0,112.0,81.8,0,25,66,0,78.6,natural_hazard,1,0.0,2021.0,True,True,,0.0,1.0,0.0,-13.400000000000006,2.0,0.0,2,2.0
2021,CAB0152,Intra-Asia,consortium,1998,23,14,2231.0,4,Malacca,112.0,112.0,69.5,0,25,69,0,80.2,none,0,1.0,2022.0,True,True,,0.0,1.0,0.0,-12.299999999999997,3.0,1.0,2,1.0
2022,CAB0152,Intra-Asia,consortium,1998,24,14,2231.0,4,Malacca,112.0,112.0,58.8,0,25,70,0,81.7,equipment,1,1.0,2023.0,True,True,,0.0,1.0,0.0,-10.700000000000003,1.0,0.0,1,2.0
2015,CAB0153,Intra-Pacific-Islands,consortium,2000,15,4,3034.0,7,None,43.4,43.4,53.8,1,25,28,1,43.7,none,0,0.0,2016.0,True,True,,0.0,1.0,,,,,0,
2016,CAB0153,Intra-Pacific-Islands,consortium,2000,16,4,3034.0,7,None,43.4,43.4,63.5,1,25,29,1,45.2,none,0,1.0,2017.0,True,True,,0.0,1.0,0.0,9.700000000000003,1.0,0.0,0,
2017,CAB0153,Intra-Pacific-Islands,consortium,2000,17,4,3034.0,7,None,43.4,43.4,68.9,1,25,29,1,46.8,fishing_anchor,1,1.0,2018.0,True,True,,0.0,1.0,0.0,5.400000000000006,0.0,0.0,0,
2018,CAB0153,Intra-Pacific-Islands,consortium,2000,18,4,3034.0,7,None,43.4,43.4,69.3,1,25,30,1,48.4,fishing_anchor,1,1.0,2019.0,True,True,,0.0,1.0,0.0,0.3999999999999915,1.0,1.0,1,1.0
2019,CAB0153,Intra-Pacific-Islands,consortium,2000,19,4,3034.0,7,None,43.4,43.4,57.6,1,25,35,1,50.0,suspected_external,1,0.0,2020.0,True,True,,0.0,1.0,0.0,-11.699999999999996,5.0,1.0,2,1.0
2020,CAB0153,Intra-Pacific-Islands,consortium,2000,20,4,3034.0,7,None,43.4,43.4,88.5,1,25,40,0,31.7,none,0,0.0,2021.0,True,True,,0.0,1.0,0.0,30.9,5.0,1.0,3,1.0
2021,CAB0153,Intra-Pacific-Islands,consortium,2000,21,4,3034.0,7,None,43.4,43.4,73.6,1,25,41,0,33.3,none,0,0.0,2022.0,True,True,,0.0,1.0,0.0,-14.900000000000006,1.0,0.0,2,2.0
2022,CAB0153,Intra-Pacific-Islands,consortium,2000,22,4,3034.0,7,None,43.4,43.4,94.7,1,25,43,0,34.9,none,0,0.0,2023.0,True,True,,0.0,1.0,0.0,21.10000000000001,2.0,0.0,1,3.0
2023,CAB0153,Intra-Pacific-Islands,consortium,2000,23,4,3034.0,7,None,43.4,43.4,66.6,1,25,45,0,36.5,none,0,0.0,2024.0,True,True,,0.0,1.0,0.0,-28.10000000000001,2.0,0.0,0,4.0
2024,CAB0153,Intra-Pacific-Islands,consortium,2000,24,4,3034.0,7,None,43.4,43.4,74.6,1,25,48,0,38.1,none,0,0.0,2025.0,True,True,,0.0,1.0,0.0,8.0,3.0,0.0,0,5.0
2025,CAB0153,Intra-Pacific-Islands,consortium,2000,25,4,3034.0,7,None,43.4,43.4,60.7,1,25,50,0,39.7,none,0,0.0,2026.0,True,True,,0.0,1.0,0.0,-13.899999999999991,2.0,0.0,0,6.0
2015,CAB0154,Intra-Asia,consortium,2003,12,4,4924.0,4,Luzon-Strait,60.6,58.0,53.6,0,25,53,0,62.7,none,0,1.0,2016.0,True,True,,2.6000000000000014,0.957095709570957,,,,,0,
2016,CAB0154,Intra-Asia,consortium,2003,13,4,4924.0,4,Luzon-Strait,60.6,60.6,57.3,0,25,59,0,64.3,fishing_anchor,1,0.0,2017.0,True,True,,0.0,1.0,2.6000000000000014,3.6999999999999957,6.0,0.0,0,
2017,CAB0154,Intra-Asia,consortium,2003,14,4,4924.0,4,Luzon-Strait,60.6,60.6,74.1,0,25,60,0,65.9,none,0,0.0,2018.0,True,True,,0.0,1.0,0.0,16.799999999999997,1.0,1.0,1,1.0
2018,CAB0154,Intra-Asia,consortium,2003,15,4,4924.0,4,Luzon-Strait,60.6,60.6,37.8,0,25,62,0,67.5,none,0,0.0,2019.0,True,True,,0.0,1.0,0.0,-36.3,2.0,0.0,1,2.0
2019,CAB0154,Intra-Asia,consortium,2003,16,4,4924.0,4,Luzon-Strait,60.6,60.6,78.8,0,25,64,0,69.0,none,0,0.0,2020.0,True,True,,0.0,1.0,0.0,41.0,2.0,0.0,1,3.0
2020,CAB0154,Intra-Asia,consortium,2003,17,4,4924.0,4,Luzon-Strait,60.6,60.6,68.6,0,25,66,0,70.6,none,0,0.0,2021.0,True,True,,0.0,1.0,0.0,-10.200000000000003,2.0,0.0,0,4.0
2021,CAB0154,Intra-Asia,consortium,2003,18,4,4924.0,4,Luzon-Strait,60.6,60.6,51.9,0,25,69,0,72.2,none,0,1.0,2022.0,True,True,,0.0,1.0,0.0,-16.699999999999996,3.0,0.0,0,5.0
2022,CAB0154,Intra-Asia,consortium,2003,19,4,4924.0,4,Luzon-Strait,60.6,60.6,100.0,0,25,70,0,73.8,fishing_anchor,1,1.0,2023.0,True,True,,0.0,1.0,0.0,48.1,1.0,0.0,0,6.0
2023,CAB0154,Intra-Asia,consortium,2003,20,4,4924.0,4,Luzon-Strait,60.6,60.6,88.3,0,25,70,0,75.4,equipment,1,0.0,2024.0,True,True,,0.0,1.0,0.0,-11.700000000000003,0.0,1.0,1,1.0
2024,CAB0154,Intra-Asia,consortium,2003,21,4,4924.0,4,Luzon-Strait,60.6,60.6,100.0,0,25,75,0,77.0,none,0,0.0,2025.0,True,True,,0.0,1.0,0.0,11.700000000000003,5.0,1.0,2,1.0
2025,CAB0154,Intra-Asia,consortium,2003,22,4,4924.0,4,Luzon-Strait,60.6,60.6,74.0,0,25,77,0,78.6,none,0,0.0,2026.0,True,True,,0.0,1.0,0.0,-26.0,2.0,0.0,2,2.0
2015,CAB0155,Indian-Ocean,carrier,1999,16,10,9410.0,4,Suez,94.3,94.3,73.1,0,25,31,1,88.9,none,0,0.0,2016.0,True,True,,0.0,1.0,,,,,0,
2016,CAB0155,Indian-Ocean,carrier,1999,17,10,9410.0,4,Suez,94.3,94.3,79.2,0,25,33,1,90.5,none,0,0.0,2017.0,True,True,,0.0,1.0,0.0,6.1000000000000085,2.0,0.0,0,
2017,CAB0155,Indian-Ocean,carrier,1999,18,10,9410.0,4,Suez,94.3,94.3,54.8,0,25,33,1,92.1,none,0,0.0,2018.0,True,True,,0.0,1.0,0.0,-24.400000000000006,0.0,0.0,0,
2018,CAB0155,Indian-Ocean,carrier,1999,19,10,9410.0,4,Suez,94.3,94.3,75.8,0,25,35,1,93.7,none,0,1.0,2019.0,True,True,,0.0,1.0,0.0,21.0,2.0,0.0,0,
2019,CAB0155,Indian-Ocean,carrier,1999,20,10,9410.0,4,Suez,94.3,94.3,100.0,0,25,35,1,95.2,fishing_anchor,1,0.0,2020.0,True,True,,0.0,1.0,0.0,24.200000000000003,0.0,0.0,0,
2020,CAB0155,Indian-Ocean,carrier,1999,21,10,9410.0,4,Suez,94.3,94.3,91.0,0,25,36,1,96.8,none,0,0.0,2021.0,True,True,,0.0,1.0,0.0,-9.0,1.0,1.0,1,1.0
2021,CAB0155,Indian-Ocean,carrier,1999,22,10,9410.0,4,Suez,94.3,94.3,64.3,0,25,39,1,98.4,none,0,1.0,2022.0,True,True,,0.0,1.0,0.0,-26.700000000000003,3.0,0.0,1,2.0
2022,CAB0155,Indian-Ocean,carrier,1999,23,10,9410.0,4,Suez,94.3,94.3,64.5,0,25,39,1,100.0,fishing_anchor,1,0.0,2023.0,True,True,,0.0,1.0,0.0,0.20000000000000284,0.0,0.0,1,3.0
2023,CAB0155,Indian-Ocean,carrier,1999,24,10,9410.0,4,Suez,94.3,94.3,56.2,0,25,40,0,81.7,none,0,0.0,2024.0,True,True,,0.0,1.0,0.0,-8.299999999999997,1.0,1.0,1,1.0
2024,CAB0155,Indian-Ocean,carrier,1999,25,10,9410.0,4,Suez,94.3,94.3,81.9,0,25,41,0,83.3,none,0,1.0,2025.0,True,True,,0.0,1.0,0.0,25.700000000000003,1.0,0.0,1,2.0
2015,CAB0156,Trans-Pacific,government,2007,8,5,11577.0,4,None,104.3,81.7,65.6,1,25,35,1,32.5,none,0,0.0,2016.0,True,True,,22.599999999999994,0.7833173537871525,,,,,0,
2016,CAB0156,Trans-Pacific,government,2007,9,5,11577.0,4,None,104.3,72.4,94.8,1,25,37,1,34.1,none,0,0.0,2017.0,True,True,,31.89999999999999,0.6941514860977949,-9.299999999999997,29.200000000000003,2.0,0.0,0,
2017,CAB0156,Trans-Pacific,government,2007,10,5,11577.0,4,None,104.3,84.8,43.5,1,25,38,1,35.7,none,0,0.0,2018.0,True,True,,19.5,0.8130393096836049,12.399999999999991,-51.3,1.0,0.0,0,
2018,CAB0156,Trans-Pacific,government,2007,11,5,11577.0,4,None,104.3,88.3,70.5,1,25,39,1,37.3,none,0,0.0,2019.0,True,True,,16.0,0.8465963566634708,3.5,27.0,1.0,0.0,0,
2019,CAB0156,Trans-Pacific,government,2007,12,5,11577.0,4,None,104.3,94.1,77.6,1,25,41,0,19.0,none,0,0.0,2020.0,True,True,,10.200000000000003,0.9022051773729626,5.799999999999997,7.099999999999994,2.0,0.0,0,
2020,CAB0156,Trans-Pacific,government,2007,13,5,11577.0,4,None,104.3,104.3,51.0,1,25,42,0,20.6,none,0,0.0,2021.0,True,True,,0.0,1.0,10.200000000000003,-26.599999999999994,1.0,0.0,0,
2021,CAB0156,Trans-Pacific,government,2007,14,5,11577.0,4,None,104.3,104.3,61.8,1,25,43,0,22.2,none,0,0.0,2022.0,True,True,,0.0,1.0,0.0,10.799999999999997,1.0,0.0,0,
2022,CAB0156,Trans-Pacific,government,2007,15,5,11577.0,4,None,104.3,104.3,46.2,1,25,45,0,23.8,none,0,0.0,2023.0,True,True,,0.0,1.0,0.0,-15.599999999999994,2.0,0.0,0,
2023,CAB0156,Trans-Pacific,government,2007,16,5,11577.0,4,None,104.3,104.3,65.7,1,25,47,0,25.4,none,0,0.0,2024.0,True,True,,0.0,1.0,0.0,19.5,2.0,0.0,0,
2024,CAB0156,Trans-Pacific,government,2007,17,5,11577.0,4,None,104.3,104.3,67.2,1,25,49,0,27.0,none,0,0.0,2025.0,True,True,,0.0,1.0,0.0,1.5,2.0,0.0,0,
2025,CAB0156,Trans-Pacific,government,2007,18,5,11577.0,4,None,104.3,104.3,95.1,1,25,50,0,28.6,none,0,0.0,2026.0,True,True,,0.0,1.0,0.0,27.89999999999999,1.0,0.0,0,
2015,CAB0157,Intra-Europe,consortium,2000,15,5,2429.0,4,None,54.3,54.3,55.0,1,25,41,0,23.8,fishing_anchor,1,0.0,2016.0,True,True,,0.0,1.0,,,,,0,
2016,CAB0157,Intra-Europe,consortium,2000,16,5,2429.0,4,None,54.3,54.3,47.1,1,25,42,0,25.4,none,0,0.0,2017.0,True,True,,0.0,1.0,0.0,-7.899999999999999,1.0,1.0,1,1.0
2017,CAB0157,Intra-Europe,consortium,2000,17,5,2429.0,4,None,54.3,54.3,59.3,1,25,44,0,27.0,none,0,1.0,2018.0,True,True,,0.0,1.0,0.0,12.199999999999996,2.0,0.0,1,2.0
2018,CAB0157,Intra-Europe,consortium,2000,18,5,2429.0,4,None,54.3,54.3,100.0,1,25,45,0,28.6,fishing_anchor,1,0.0,2019.0,True,True,,0.0,1.0,0.0,40.7,1.0,0.0,1,3.0
2019,CAB0157,Intra-Europe,consortium,2000,19,5,2429.0,4,None,54.3,54.3,93.8,1,25,47,0,30.2,none,0,1.0,2020.0,True,True,,0.0,1.0,0.0,-6.200000000000003,2.0,1.0,1,1.0
2020,CAB0157,Intra-Europe,consortium,2000,20,5,2429.0,4,None,54.3,54.3,82.7,1,25,49,0,31.7,equipment,1,0.0,2021.0,True,True,,0.0,1.0,0.0,-11.099999999999994,2.0,0.0,1,2.0
2021,CAB0157,Intra-Europe,consortium,2000,21,5,2429.0,4,None,54.3,54.3,70.4,1,25,49,0,33.3,none,0,1.0,2022.0,True,True,,0.0,1.0,0.0,-12.299999999999997,0.0,1.0,2,1.0
2022,CAB0157,Intra-Europe,consortium,2000,22,5,2429.0,4,None,54.3,54.3,100.0,1,25,52,0,34.9,fishing_anchor,1,0.0,2023.0,True,True,,0.0,1.0,0.0,29.599999999999994,3.0,0.0,1,2.0
2023,CAB0157,Intra-Europe,consortium,2000,23,5,2429.0,4,None,54.3,54.3,100.0,1,25,53,0,36.5,none,0,0.0,2024.0,True,True,,0.0,1.0,0.0,0.0,1.0,1.0,2,1.0
2024,CAB0157,Intra-Europe,consortium,2000,24,5,2429.0,4,None,54.3,54.3,100.0,1,25,53,0,38.1,none,0,0.0,2025.0,True,True,,0.0,1.0,0.0,0.0,0.0,0.0,1,2.0
2015,CAB0158,EMEA-Asia,hyperscaler,2002,13,8,15647.0,5,None,109.7,109.7,100.0,1,25,27,1,40.5,none,0,1.0,2016.0,True,True,,0.0,1.0,,,,,0,
2016,CAB0158,EMEA-Asia,hyperscaler,2002,14,8,15647.0,5,None,109.7,109.7,61.1,1,25,29,1,42.1,fishing_anchor,1,1.0,2017.0,True,True,,0.0,1.0,0.0,-38.9,2.0,0.0,0,
2017,CAB0158,EMEA-Asia,hyperscaler,2002,15,8,15647.0,5,None,109.7,109.7,100.0,1,25,32,1,43.7,fishing_anchor,1,0.0,2018.0,True,True,,0.0,1.0,0.0,38.9,3.0,1.0,1,1.0
2018,CAB0158,EMEA-Asia,hyperscaler,2002,16,8,15647.0,5,None,109.7,109.7,56.4,1,25,34,1,45.2,none,0,1.0,2019.0,True,True,,0.0,1.0,0.0,-43.6,2.0,1.0,2,1.0
2019,CAB0158,EMEA-Asia,hyperscaler,2002,17,8,15647.0,5,None,109.7,109.7,83.6,1,25,37,1,46.8,natural_hazard,1,0.0,2020.0,True,True,,0.0,1.0,0.0,27.199999999999996,3.0,0.0,2,2.0
2020,CAB0158,EMEA-Asia,hyperscaler,2002,18,8,15647.0,5,None,109.7,109.7,48.4,1,25,40,0,28.6,none,0,1.0,2021.0,True,True,,0.0,1.0,0.0,-35.199999999999996,3.0,1.0,2,1.0
2021,CAB0158,EMEA-Asia,hyperscaler,2002,19,8,15647.0,5,None,109.7,109.7,87.2,1,25,44,0,30.2,fishing_anchor,1,0.0,2022.0,True,True,,0.0,1.0,0.0,38.800000000000004,4.0,0.0,1,2.0
2022,CAB0158,EMEA-Asia,hyperscaler,2002,20,8,15647.0,5,None,109.7,109.7,100.0,1,25,45,0,31.7,none,0,1.0,2023.0,True,True,,0.0,1.0,0.0,12.799999999999997,1.0,1.0,2,1.0
2023,CAB0158,EMEA-Asia,hyperscaler,2002,21,8,15647.0,5,None,109.7,109.7,77.2,1,25,47,0,33.3,suspected_external,1,0.0,2024.0,True,True,,0.0,1.0,0.0,-22.799999999999997,2.0,0.0,1,2.0
2024,CAB0158,EMEA-Asia,hyperscaler,2002,22,8,15647.0,5,None,109.7,109.7,86.4,1,25,48,0,34.9,none,0,0.0,2025.0,True,True,,0.0,1.0,0.0,9.200000000000003,1.0,1.0,2,1.0
2025,CAB0158,EMEA-Asia,hyperscaler,2002,23,8,15647.0,5,None,109.7,109.7,77.6,1,25,47,0,36.5,none,0,0.0,2026.0,True,True,,0.0,1.0,0.0,-8.800000000000011,-1.0,0.0,1,2.0
2015,CAB0159,Intra-Pacific-Islands,consortium,1999,16,3,3754.0,5,None,28.3,28.3,95.2,0,25,28,1,61.1,none,0,1.0,2016.0,True,True,,0.0,1.0,,,,,0,
2016,CAB0159,Intra-Pacific-Islands,consortium,1999,17,3,3754.0,5,None,28.3,28.3,89.4,0,25,29,1,62.7,fishing_anchor,1,0.0,2017.0,True,True,,0.0,1.0,0.0,-5.799999999999997,1.0,0.0,0,
2017,CAB0159,Intra-Pacific-Islands,consortium,1999,18,3,3754.0,5,None,28.3,28.3,99.6,0,25,29,1,64.3,none,0,0.0,2018.0,True,True,,0.0,1.0,0.0,10.199999999999989,0.0,1.0,1,1.0
2018,CAB0159,Intra-Pacific-Islands,consortium,1999,19,3,3754.0,5,None,28.3,28.3,68.3,0,25,30,1,65.9,none,0,0.0,2019.0,True,True,,0.0,1.0,0.0,-31.299999999999997,1.0,0.0,1,2.0
2019,CAB0159,Intra-Pacific-Islands,consortium,1999,20,3,3754.0,5,None,28.3,28.3,100.0,0,25,35,1,67.5,none,0,0.0,2020.0,True,True,,0.0,1.0,0.0,31.700000000000003,5.0,0.0,1,3.0
2020,CAB0159,Intra-Pacific-Islands,consortium,1999,21,3,3754.0,5,None,28.3,28.3,65.5,0,25,40,0,49.2,none,0,0.0,2021.0,True,True,,0.0,1.0,0.0,-34.5,5.0,0.0,0,4.0
2021,CAB0159,Intra-Pacific-Islands,consortium,1999,22,3,3754.0,5,None,28.3,28.3,81.9,0,25,41,0,50.8,none,0,0.0,2022.0,True,True,,0.0,1.0,0.0,16.400000000000006,1.0,0.0,0,5.0
2022,CAB0159,Intra-Pacific-Islands,consortium,1999,23,3,3754.0,5,None,28.3,28.3,62.2,0,25,43,0,52.4,none,0,0.0,2023.0,True,True,,0.0,1.0,0.0,-19.700000000000003,2.0,0.0,0,6.0
2023,CAB0159,Intra-Pacific-Islands,consortium,1999,24,3,3754.0,5,None,28.3,28.3,100.0,0,25,45,0,54.0,none,0,1.0,2024.0,True,True,,0.0,1.0,0.0,37.8,2.0,0.0,0,7.0
2024,CAB0159,Intra-Pacific-Islands,consortium,1999,25,3,3754.0,5,None,28.3,28.3,100.0,0,25,48,0,55.6,equipment,1,1.0,2025.0,True,True,,0.0,1.0,0.0,0.0,3.0,0.0,0,8.0
2015,CAB0160,Intra-Asia,hyperscaler,2008,7,5,3829.0,8,None,111.4,78.7,55.7,0,25,53,0,27.0,none,0,0.0,2016.0,True,True,,32.7,0.7064631956912029,,,,,0,
2016,CAB0160,Intra-Asia,hyperscaler,2008,8,5,3829.0,8,None,111.4,88.2,54.6,0,25,59,0,28.6,none,0,0.0,2017.0,True,True,,23.200000000000003,0.7917414721723519,9.5,-1.1000000000000014,6.0,0.0,0,
2017,CAB0160,Intra-Asia,hyperscaler,2008,9,5,3829.0,8,None,111.4,91.8,65.1,0,25,60,0,30.2,none,0,0.0,2018.0,True,True,,19.60000000000001,0.8240574506283662,3.5999999999999943,10.499999999999993,1.0,0.0,0,
2018,CAB0160,Intra-Asia,hyperscaler,2008,10,5,3829.0,8,None,111.4,87.9,57.4,0,25,62,0,31.7,none,0,0.0,2019.0,True,True,,23.5,0.7890484739676841,-3.8999999999999915,-7.699999999999996,2.0,0.0,0,
2019,CAB0160,Intra-Asia,hyperscaler,2008,11,5,3829.0,8,None,111.4,107.6,49.1,0,25,64,0,33.3,none,0,0.0,2020.0,True,True,,3.8000000000000114,0.9658886894075402,19.69999999999999,-8.299999999999997,2.0,0.0,0,
2020,CAB0160,Intra-Asia,hyperscaler,2008,12,5,3829.0,8,None,111.4,111.4,100.0,0,25,66,0,34.9,none,0,0.0,2021.0,True,True,,0.0,1.0,3.8000000000000114,50.9,2.0,0.0,0,
2021,CAB0160,Intra-Asia,hyperscaler,2008,13,5,3829.0,8,None,111.4,111.4,54.7,0,25,69,0,36.5,none,0,0.0,2022.0,True,True,,0.0,1.0,0.0,-45.3,3.0,0.0,0,
2022,CAB0160,Intra-Asia,hyperscaler,2008,14,5,3829.0,8,None,111.4,111.4,79.3,0,25,70,0,38.1,none,0,0.0,2023.0,True,True,,0.0,1.0,0.0,24.599999999999994,1.0,0.0,0,
2023,CAB0160,Intra-Asia,hyperscaler,2008,15,5,3829.0,8,None,111.4,111.4,73.9,0,25,70,0,39.7,none,0,0.0,2024.0,True,True,,0.0,1.0,0.0,-5.3999999999999915,0.0,0.0,0,
2024,CAB0160,Intra-Asia,hyperscaler,2008,16,5,3829.0,8,None,111.4,111.4,89.6,0,25,75,0,41.3,none,0,0.0,2025.0,True,True,,0.0,1.0,0.0,15.699999999999989,5.0,0.0,0,
2025,CAB0160,Intra-Asia,hyperscaler,2008,17,5,3829.0,8,None,111.4,111.4,69.6,0,25,77,0,42.9,none,0,0.0,2026.0,True,True,,0.0,1.0,0.0,-20.0,2.0,0.0,0,
2016,CAB0162,Intra-Pacific-Islands,government,2016,0,7,845.0,4,None,236.0,77.4,27.8,1,25,29,1,19.8,none,0,0.0,2017.0,True,True,,158.6,0.3279661016949153,,,,,0,
2017,CAB0162,Intra-Pacific-Islands,government,2016,1,7,845.0,4,None,236.0,84.1,27.2,1,25,29,1,21.4,none,0,0.0,2018.0,True,True,,151.9,0.3563559322033898,6.699999999999989,-0.6000000000000014,0.0,0.0,0,
2018,CAB0162,Intra-Pacific-Islands,government,2016,2,7,845.0,4,None,236.0,62.5,15.2,1,25,30,1,23.0,none,0,0.0,2019.0,True,True,,173.5,0.2648305084745763,-21.599999999999994,-12.0,1.0,0.0,0,
2019,CAB0162,Intra-Pacific-Islands,government,2016,3,7,845.0,4,None,236.0,106.2,51.2,1,25,35,1,24.6,none,0,0.0,2020.0,True,True,,129.8,0.45,43.7,36.0,5.0,0.0,0,
2020,CAB0162,Intra-Pacific-Islands,government,2016,4,7,845.0,4,None,236.0,107.6,21.9,1,25,40,0,6.3,none,0,0.0,2021.0,True,True,,128.4,0.4559322033898305,1.3999999999999915,-29.300000000000004,5.0,0.0,0,
2021,CAB0162,Intra-Pacific-Islands,government,2016,5,7,845.0,4,None,236.0,113.5,39.8,1,25,41,0,7.9,none,0,0.0,2022.0,True,True,,122.5,0.4809322033898305,5.900000000000006,17.9,1.0,0.0,0,
2022,CAB0162,Intra-Pacific-Islands,government,2016,6,7,845.0,4,None,236.0,123.4,20.9,1,25,43,0,9.5,none,0,0.0,2023.0,True,True,,112.6,0.5228813559322034,9.900000000000006,-18.9,2.0,0.0,0,
2023,CAB0162,Intra-Pacific-Islands,government,2016,7,7,845.0,4,None,236.0,143.9,79.0,1,25,45,0,11.1,none,0,0.0,2024.0,True,True,,92.1,0.6097457627118644,20.5,58.1,2.0,0.0,0,
2024,CAB0162,Intra-Pacific-Islands,government,2016,8,7,845.0,4,None,236.0,173.2,81.4,1,25,48,0,12.7,none,0,0.0,2025.0,True,True,,62.80000000000001,0.7338983050847457,29.299999999999983,2.4000000000000057,3.0,0.0,0,
2025,CAB0162,Intra-Pacific-Islands,government,2016,9,7,845.0,4,None,236.0,176.1,72.1,1,25,50,0,14.3,none,0,0.0,2026.0,True,True,,59.900000000000006,0.746186440677966,2.9000000000000057,-9.300000000000011,2.0,0.0,0,
2025,CAB0163,Intra-Pacific-Islands,government,2025,0,25,191.0,5,None,1164.3,167.9,8.6,0,25,50,0,15.9,none,0,0.0,2026.0,True,True,,996.4,0.14420681954822642,,,,,0,
2015,CAB0164,Trans-Pacific,consortium,2008,7,7,14668.0,4,None,156.0,102.3,51.1,0,25,35,1,46.8,none,0,0.0,2016.0,True,True,,53.7,0.6557692307692308,,,,,0,
2016,CAB0164,Trans-Pacific,consortium,2008,8,7,14668.0,4,None,156.0,120.3,29.2,0,25,37,1,48.4,none,0,1.0,2017.0,True,True,,35.7,0.7711538461538462,18.0,-21.900000000000002,2.0,0.0,0,
2017,CAB0164,Trans-Pacific,consortium,2008,9,7,14668.0,4,None,156.0,115.8,98.1,0,25,38,1,50.0,suspected_external,1,1.0,2018.0,True,True,,40.2,0.7423076923076923,-4.5,68.89999999999999,1.0,0.0,0,
2018,CAB0164,Trans-Pacific,consortium,2008,10,7,14668.0,4,None,156.0,134.2,67.9,0,25,39,1,51.6,fishing_anchor,1,0.0,2019.0,True,True,,21.80000000000001,0.8602564102564102,18.39999999999999,-30.19999999999999,1.0,1.0,1,1.0
2019,CAB0164,Trans-Pacific,consortium,2008,11,7,14668.0,4,None,156.0,141.0,85.9,0,25,41,0,33.3,none,0,1.0,2020.0,True,True,,15.0,0.9038461538461539,6.800000000000011,18.0,2.0,1.0,2,1.0
2020,CAB0164,Trans-Pacific,consortium,2008,12,7,14668.0,4,None,156.0,148.6,71.3,0,25,42,0,34.9,fishing_anchor,1,0.0,2021.0,True,True,,7.400000000000006,0.9525641025641025,7.599999999999994,-14.600000000000009,1.0,0.0,2,2.0
2021,CAB0164,Trans-Pacific,consortium,2008,13,7,14668.0,4,None,156.0,149.2,41.0,0,25,43,0,36.5,none,0,0.0,2022.0,True,True,,6.800000000000011,0.9564102564102563,0.5999999999999943,-30.299999999999997,1.0,1.0,2,1.0
2022,CAB0164,Trans-Pacific,consortium,2008,14,7,14668.0,4,None,156.0,156.0,72.3,0,25,45,0,38.1,none,0,0.0,2023.0,True,True,,0.0,1.0,6.800000000000011,31.299999999999997,2.0,0.0,1,2.0
2023,CAB0164,Trans-Pacific,consortium,2008,15,7,14668.0,4,None,156.0,156.0,68.8,0,25,47,0,39.7,none,0,1.0,2024.0,True,True,,0.0,1.0,0.0,-3.5,2.0,0.0,1,3.0
2024,CAB0164,Trans-Pacific,consortium,2008,16,7,14668.0,4,None,156.0,156.0,81.3,0,25,49,0,41.3,natural_hazard,1,0.0,2025.0,True,True,,0.0,1.0,0.0,12.5,2.0,0.0,0,4.0
2025,CAB0164,Trans-Pacific,consortium,2008,17,7,14668.0,4,None,156.0,156.0,54.1,0,25,50,0,42.9,none,0,1.0,2026.0,True,True,,0.0,1.0,0.0,-27.199999999999996,1.0,1.0,1,1.0
2015,CAB0165,Intra-Asia,consortium,2012,3,4,2886.0,7,None,112.0,44.1,41.6,1,25,53,0,4.8,none,0,0.0,2016.0,True,True,,67.9,0.39375,,,,,0,
2016,CAB0165,Intra-Asia,consortium,2012,4,4,2886.0,7,None,112.0,61.2,81.4,1,25,59,0,6.3,none,0,0.0,2017.0,True,True,,50.8,0.5464285714285715,17.1,39.800000000000004,6.0,0.0,0,
2017,CAB0165,Intra-Asia,consortium,2012,5,4,2886.0,7,None,112.0,61.6,12.8,1,25,60,0,7.9,none,0,0.0,2018.0,True,True,,50.4,0.55,0.3999999999999986,-68.60000000000001,1.0,0.0,0,
2018,CAB0165,Intra-Asia,consortium,2012,6,4,2886.0,7,None,112.0,63.6,65.4,1,25,62,0,9.5,none,0,0.0,2019.0,True,True,,48.4,0.5678571428571428,2.0,52.60000000000001,2.0,0.0,0,
2019,CAB0165,Intra-Asia,consortium,2012,7,4,2886.0,7,None,112.0,81.9,46.0,1,25,64,0,11.1,none,0,0.0,2020.0,True,True,,30.099999999999994,0.7312500000000001,18.300000000000004,-19.400000000000006,2.0,0.0,0,
2020,CAB0165,Intra-Asia,consortium,2012,8,4,2886.0,7,None,112.0,74.6,51.2,1,25,66,0,12.7,none,0,0.0,2021.0,True,True,,37.400000000000006,0.6660714285714285,-7.300000000000011,5.200000000000003,2.0,0.0,0,
2021,CAB0165,Intra-Asia,consortium,2012,9,4,2886.0,7,None,112.0,81.6,28.7,1,25,69,0,14.3,none,0,0.0,2022.0,True,True,,30.400000000000006,0.7285714285714285,7.0,-22.500000000000004,3.0,0.0,0,
2022,CAB0165,Intra-Asia,consortium,2012,10,4,2886.0,7,None,112.0,100.1,62.8,1,25,70,0,15.9,none,0,1.0,2023.0,True,True,,11.900000000000006,0.8937499999999999,18.5,34.099999999999994,1.0,0.0,0,
2023,CAB0165,Intra-Asia,consortium,2012,11,4,2886.0,7,None,112.0,109.1,42.8,1,25,70,0,17.5,equipment,1,0.0,2024.0,True,True,,2.9000000000000057,0.9741071428571428,9.0,-20.0,0.0,0.0,0,
2024,CAB0165,Intra-Asia,consortium,2012,12,4,2886.0,7,None,112.0,109.4,85.7,1,25,75,0,19.0,none,0,0.0,2025.0,True,True,,2.5999999999999943,0.9767857142857144,0.30000000000001137,42.900000000000006,5.0,1.0,1,1.0
2025,CAB0165,Intra-Asia,consortium,2012,13,4,2886.0,7,None,112.0,112.0,39.3,1,25,77,0,20.6,none,0,0.0,2026.0,True,True,,0.0,1.0,2.5999999999999943,-46.400000000000006,2.0,0.0,1,2.0
2023,CAB0166,Intra-Europe,consortium,2023,0,11,2164.0,4,None,480.9,90.9,71.4,0,25,53,0,15.9,none,0,0.0,2024.0,True,True,,390.0,0.1890205864004991,,,,,0,
2024,CAB0166,Intra-Europe,consortium,2023,1,11,2164.0,4,None,480.9,151.3,68.4,0,25,53,0,17.5,none,0,0.0,2025.0,True,True,,329.59999999999997,0.3146184237887295,60.400000000000006,-3.0,0.0,0.0,0,
2025,CAB0166,Intra-Europe,consortium,2023,2,11,2164.0,4,None,480.9,160.6,69.3,0,25,58,0,19.0,none,0,0.0,2026.0,True,True,,320.29999999999995,0.3339571636514868,9.299999999999983,0.8999999999999915,5.0,0.0,0,
2015,CAB0167,Africa-Coastal,consortium,1998,17,3,10859.0,5,None,24.0,24.0,100.0,0,25,36,1,62.7,none,0,0.0,2016.0,True,True,,0.0,1.0,,,,,0,
2016,CAB0167,Africa-Coastal,consortium,1998,18,3,10859.0,5,None,24.0,24.0,76.9,0,25,37,1,64.3,none,0,0.0,2017.0,True,True,,0.0,1.0,0.0,-23.099999999999994,1.0,0.0,0,
2017,CAB0167,Africa-Coastal,consortium,1998,19,3,10859.0,5,None,24.0,24.0,96.4,0,25,40,0,46.0,none,0,0.0,2018.0,True,True,,0.0,1.0,0.0,19.5,3.0,0.0,0,
2018,CAB0167,Africa-Coastal,consortium,1998,20,3,10859.0,5,None,24.0,24.0,56.8,0,25,40,0,47.6,none,0,0.0,2019.0,True,True,,0.0,1.0,0.0,-39.60000000000001,0.0,0.0,0,
2019,CAB0167,Africa-Coastal,consortium,1998,21,3,10859.0,5,None,24.0,24.0,86.4,0,25,42,0,49.2,none,0,0.0,2020.0,True,True,,0.0,1.0,0.0,29.60000000000001,2.0,0.0,0,
2020,CAB0167,Africa-Coastal,consortium,1998,22,3,10859.0,5,None,24.0,24.0,49.7,0,25,43,0,50.8,none,0,0.0,2021.0,True,True,,0.0,1.0,0.0,-36.7,1.0,0.0,0,
2021,CAB0167,Africa-Coastal,consortium,1998,23,3,10859.0,5,None,24.0,24.0,89.1,0,25,44,0,52.4,none,0,0.0,2022.0,True,True,,0.0,1.0,0.0,39.39999999999999,1.0,0.0,0,
2022,CAB0167,Africa-Coastal,consortium,1998,24,3,10859.0,5,None,24.0,24.0,85.8,0,25,45,0,54.0,none,0,0.0,2023.0,True,True,,0.0,1.0,0.0,-3.299999999999997,1.0,0.0,0,
2023,CAB0167,Africa-Coastal,consortium,1998,25,3,10859.0,5,None,24.0,24.0,100.0,0,25,47,0,55.6,none,0,0.0,2024.0,True,True,,0.0,1.0,0.0,14.200000000000003,2.0,0.0,0,
2024,CAB0167,Africa-Coastal,consortium,1998,26,3,10859.0,5,None,24.0,24.0,95.1,0,25,49,0,57.1,none,0,0.0,2025.0,True,True,,0.0,1.0,0.0,-4.900000000000006,2.0,0.0,0,
2025,CAB0167,Africa-Coastal,consortium,1998,27,3,10859.0,5,None,24.0,24.0,100.0,0,25,52,0,58.7,none,0,0.0,2026.0,True,True,,0.0,1.0,0.0,4.900000000000006,3.0,0.0,0,
2019,CAB0168,Intra-Pacific-Islands,carrier,2019,0,21,2572.0,6,None,798.0,255.7,1.0,0,25,35,1,35.7,none,0,0.0,2020.0,True,True,,542.3,0.3204260651629073,,,,,0,
2020,CAB0168,Intra-Pacific-Islands,carrier,2019,1,21,2572.0,6,None,798.0,233.0,50.6,0,25,40,0,17.5,none,0,0.0,2021.0,True,True,,565.0,0.29197994987468673,-22.69999999999999,49.6,5.0,0.0,0,
2021,CAB0168,Intra-Pacific-Islands,carrier,2019,2,21,2572.0,6,None,798.0,280.1,63.3,0,25,41,0,19.0,none,0,0.0,2022.0,True,True,,517.9,0.3510025062656642,47.10000000000002,12.699999999999996,1.0,0.0,0,
2022,CAB0168,Intra-Pacific-Islands,carrier,2019,3,21,2572.0,6,None,798.0,306.2,28.6,0,25,43,0,20.6,none,0,0.0,2023.0,True,True,,491.8,0.3837092731829574,26.099999999999966,-34.699999999999996,2.0,0.0,0,
2023,CAB0168,Intra-Pacific-Islands,carrier,2019,4,21,2572.0,6,None,798.0,454.7,34.1,0,25,45,0,22.2,none,0,1.0,2024.0,True,True,,343.3,0.5697994987468672,148.5,5.5,2.0,0.0,0,
2024,CAB0168,Intra-Pacific-Islands,carrier,2019,5,21,2572.0,6,None,798.0,409.8,22.6,0,25,48,0,23.8,natural_hazard,1,0.0,2025.0,True,True,,388.2,0.5135338345864662,-44.89999999999998,-11.5,3.0,0.0,0,
2025,CAB0168,Intra-Pacific-Islands,carrier,2019,6,21,2572.0,6,None,798.0,532.2,100.0,0,25,50,0,25.4,none,0,1.0,2026.0,True,True,,265.79999999999995,0.6669172932330828,122.40000000000003,77.4,2.0,1.0,1,1.0
2015,CAB0169,Indian-Ocean,government,2004,11,6,4630.0,5,None,99.4,94.4,59.0,1,25,31,1,37.3,none,0,0.0,2016.0,True,True,,5.0,0.9496981891348089,,,,,0,
2016,CAB0169,Indian-Ocean,government,2004,12,6,4630.0,5,None,99.4,94.2,65.3,1,25,33,1,38.9,none,0,0.0,2017.0,True,True,,5.200000000000003,0.9476861167002012,-0.20000000000000284,6.299999999999997,2.0,0.0,0,
2017,CAB0169,Indian-Ocean,government,2004,13,6,4630.0,5,None,99.4,96.3,35.5,1,25,33,1,40.5,none,0,0.0,2018.0,True,True,,3.1000000000000085,0.9688128772635815,2.0999999999999943,-29.799999999999997,0.0,0.0,0,
2018,CAB0169,Indian-Ocean,government,2004,14,6,4630.0,5,None,99.4,99.4,88.5,1,25,35,1,42.1,none,0,1.0,2019.0,True,True,,0.0,1.0,3.1000000000000085,53.0,2.0,0.0,0,
2019,CAB0169,Indian-Ocean,government,2004,15,6,4630.0,5,None,99.4,99.4,58.7,1,25,35,1,43.7,fishing_anchor,1,0.0,2020.0,True,True,,0.0,1.0,0.0,-29.799999999999997,0.0,0.0,0,
2020,CAB0169,Indian-Ocean,government,2004,16,6,4630.0,5,None,99.4,99.4,74.9,1,25,36,1,45.2,none,0,0.0,2021.0,True,True,,0.0,1.0,0.0,16.200000000000003,1.0,1.0,1,1.0
2021,CAB0169,Indian-Ocean,government,2004,17,6,4630.0,5,None,99.4,99.4,53.3,1,25,39,1,46.8,none,0,0.0,2022.0,True,True,,0.0,1.0,0.0,-21.60000000000001,3.0,0.0,1,2.0
2022,CAB0169,Indian-Ocean,government,2004,18,6,4630.0,5,None,99.4,99.4,86.9,1,25,39,1,48.4,none,0,0.0,2023.0,True,True,,0.0,1.0,0.0,33.60000000000001,0.0,0.0,1,3.0
2023,CAB0169,Indian-Ocean,government,2004,19,6,4630.0,5,None,99.4,99.4,86.8,1,25,40,0,30.2,none,0,0.0,2024.0,True,True,,0.0,1.0,0.0,-0.10000000000000853,1.0,0.0,0,4.0
2024,CAB0169,Indian-Ocean,government,2004,20,6,4630.0,5,None,99.4,99.4,81.5,1,25,41,0,31.7,none,0,0.0,2025.0,True,True,,0.0,1.0,0.0,-5.299999999999997,1.0,0.0,0,5.0
2025,CAB0169,Indian-Ocean,government,2004,21,6,4630.0,5,None,99.4,99.4,100.0,1,25,44,0,33.3,none,0,0.0,2026.0,True,True,,0.0,1.0,0.0,18.5,3.0,0.0,0,6.0
2015,CAB0170,Trans-Atlantic,consortium,2015,0,4,6489.0,3,None,129.1,25.5,31.6,0,25,33,1,35.7,none,0,0.0,2016.0,True,True,,103.6,0.19752130131680867,,,,,0,
2016,CAB0170,Trans-Atlantic,consortium,2015,1,4,6489.0,3,None,129.1,39.4,17.2,0,25,37,1,37.3,none,0,0.0,2017.0,True,True,,89.69999999999999,0.30518977536793185,13.899999999999999,-14.400000000000002,4.0,0.0,0,
2017,CAB0170,Trans-Atlantic,consortium,2015,2,4,6489.0,3,None,129.1,50.9,13.4,0,25,37,1,38.9,none,0,0.0,2018.0,True,True,,78.19999999999999,0.39426800929512007,11.5,-3.799999999999999,0.0,0.0,0,
2018,CAB0170,Trans-Atlantic,consortium,2015,3,4,6489.0,3,None,129.1,48.2,32.2,0,25,40,0,20.6,none,0,0.0,2019.0,True,True,,80.89999999999999,0.3733539891556933,-2.6999999999999957,18.800000000000004,3.0,0.0,0,
2019,CAB0170,Trans-Atlantic,consortium,2015,4,4,6489.0,3,None,129.1,58.2,64.8,0,25,45,0,22.2,none,0,0.0,2020.0,True,True,,70.89999999999999,0.4508133230054222,10.0,32.599999999999994,5.0,0.0,0,
2020,CAB0170,Trans-Atlantic,consortium,2015,5,4,6489.0,3,None,129.1,63.6,41.6,0,25,48,0,23.8,none,0,0.0,2021.0,True,True,,65.5,0.49264136328427577,5.399999999999999,-23.199999999999996,3.0,0.0,0,
2021,CAB0170,Trans-Atlantic,consortium,2015,6,4,6489.0,3,None,129.1,73.7,53.7,0,25,50,0,25.4,none,0,0.0,2022.0,True,True,,55.39999999999999,0.570875290472502,10.100000000000001,12.100000000000001,2.0,0.0,0,
2022,CAB0170,Trans-Atlantic,consortium,2015,7,4,6489.0,3,None,129.1,87.1,26.5,0,25,51,0,27.0,none,0,0.0,2023.0,True,True,,42.0,0.6746707978311386,13.399999999999991,-27.200000000000003,1.0,0.0,0,
2023,CAB0170,Trans-Atlantic,consortium,2015,8,4,6489.0,3,None,129.1,105.4,69.5,0,25,54,0,28.6,none,0,0.0,2024.0,True,True,,23.69999999999999,0.8164213787761426,18.30000000000001,43.0,3.0,0.0,0,
2024,CAB0170,Trans-Atlantic,consortium,2015,9,4,6489.0,3,None,129.1,103.2,28.3,0,25,58,0,30.2,none,0,0.0,2025.0,True,True,,25.89999999999999,0.7993803253292022,-2.200000000000003,-41.2,4.0,0.0,0,
2025,CAB0170,Trans-Atlantic,consortium,2015,10,4,6489.0,3,None,129.1,113.0,58.7,0,25,62,0,31.7,none,0,0.0,2026.0,True,True,,16.099999999999994,0.8752904725019365,9.799999999999997,30.400000000000002,4.0,0.0,0,
2024,CAB0171,Trans-Atlantic,consortium,2024,0,48,6800.0,9,None,2166.9,528.6,12.5,1,25,58,0,0.0,none,0,1.0,2025.0,True,True,,1638.3000000000002,0.24394295998892426,,,,,0,
2025,CAB0171,Trans-Atlantic,consortium,2024,1,48,6800.0,9,None,2166.9,622.9,27.5,1,25,62,0,1.6,fishing_anchor,1,0.0,2026.0,True,True,,1544.0,0.2874613503161198,94.29999999999995,15.0,4.0,0.0,0,
2018,CAB0172,EMEA-Asia,carrier,2018,0,7,8219.0,3,None,256.0,72.1,27.1,0,25,34,1,35.7,none,0,0.0,2019.0,True,True,,183.9,0.281640625,,,,,0,
2019,CAB0172,EMEA-Asia,carrier,2018,1,7,8219.0,3,None,256.0,68.0,24.9,0,25,37,1,37.3,none,0,1.0,2020.0,True,True,,188.0,0.265625,-4.099999999999994,-2.200000000000003,3.0,0.0,0,
2020,CAB0172,EMEA-Asia,carrier,2018,2,7,8219.0,3,None,256.0,106.8,58.3,0,25,40,0,19.0,fishing_anchor,1,0.0,2021.0,True,True,,149.2,0.4171875,38.8,33.4,3.0,0.0,0,
2021,CAB0172,EMEA-Asia,carrier,2018,3,7,8219.0,3,None,256.0,116.7,10.3,0,25,44,0,20.6,none,0,0.0,2022.0,True,True,,139.3,0.455859375,9.900000000000006,-48.0,4.0,1.0,1,1.0
2022,CAB0172,EMEA-Asia,carrier,2018,4,7,8219.0,3,None,256.0,128.0,63.5,0,25,45,0,22.2,none,0,0.0,2023.0,True,True,,128.0,0.5,11.299999999999997,53.2,1.0,0.0,1,2.0
2023,CAB0172,EMEA-Asia,carrier,2018,5,7,8219.0,3,None,256.0,152.6,51.4,0,25,47,0,23.8,none,0,0.0,2024.0,True,True,,103.4,0.59609375,24.599999999999994,-12.100000000000001,2.0,0.0,1,3.0
2024,CAB0172,EMEA-Asia,carrier,2018,6,7,8219.0,3,None,256.0,169.0,34.8,0,25,48,0,25.4,none,0,1.0,2025.0,True,True,,87.0,0.66015625,16.400000000000006,-16.6,1.0,0.0,0,4.0
2025,CAB0172,EMEA-Asia,carrier,2018,7,7,8219.0,3,None,256.0,178.5,31.0,0,25,47,0,27.0,natural_hazard,1,0.0,2026.0,True,True,,77.5,0.697265625,9.5,-3.799999999999997,-1.0,0.0,0,5.0
2015,CAB0173,Trans-Pacific,consortium,2009,6,5,11018.0,7,None,118.6,67.9,51.5,0,25,35,1,45.2,fishing_anchor,1,0.0,2016.0,True,True,,50.69999999999999,0.5725126475548061,,,,,0,
2016,CAB0173,Trans-Pacific,consortium,2009,7,5,11018.0,7,None,118.6,77.2,53.5,0,25,37,1,46.8,none,0,0.0,2017.0,True,True,,41.39999999999999,0.6509274873524452,9.299999999999997,2.0,2.0,1.0,1,1.0
2017,CAB0173,Trans-Pacific,consortium,2009,8,5,11018.0,7,None,118.6,96.5,83.0,0,25,38,1,48.4,none,0,0.0,2018.0,True,True,,22.099999999999994,0.8136593591905565,19.299999999999997,29.5,1.0,0.0,1,2.0
2018,CAB0173,Trans-Pacific,consortium,2009,9,5,11018.0,7,None,118.6,100.2,69.0,0,25,39,1,50.0,none,0,0.0,2019.0,True,True,,18.39999999999999,0.8448566610455313,3.700000000000003,-14.0,1.0,0.0,1,3.0
2019,CAB0173,Trans-Pacific,consortium,2009,10,5,11018.0,7,None,118.6,95.6,49.7,0,25,41,0,31.7,none,0,0.0,2020.0,True,True,,23.0,0.806070826306914,-4.6000000000000085,-19.299999999999997,2.0,0.0,0,4.0
2020,CAB0173,Trans-Pacific,consortium,2009,11,5,11018.0,7,None,118.6,118.6,64.8,0,25,42,0,33.3,none,0,1.0,2021.0,True,True,,0.0,1.0,23.0,15.099999999999994,1.0,0.0,0,5.0
2021,CAB0173,Trans-Pacific,consortium,2009,12,5,11018.0,7,None,118.6,106.9,60.9,0,25,43,0,34.9,suspected_external,1,0.0,2022.0,True,True,,11.699999999999989,0.9013490725126476,-11.699999999999989,-3.8999999999999986,1.0,0.0,0,6.0
2022,CAB0173,Trans-Pacific,consortium,2009,13,5,11018.0,7,None,118.6,118.6,60.7,0,25,45,0,36.5,none,0,1.0,2023.0,True,True,,0.0,1.0,11.699999999999989,-0.19999999999999574,2.0,1.0,1,1.0
2023,CAB0173,Trans-Pacific,consortium,2009,14,5,11018.0,7,None,118.6,118.6,42.0,0,25,47,0,38.1,fishing_anchor,1,1.0,2024.0,True,True,,0.0,1.0,0.0,-18.700000000000003,2.0,0.0,1,2.0
2024,CAB0173,Trans-Pacific,consortium,2009,15,5,11018.0,7,None,118.6,118.6,90.1,0,25,49,0,39.7,fishing_anchor,1,0.0,2025.0,True,True,,0.0,1.0,0.0,48.099999999999994,2.0,1.0,2,1.0
2025,CAB0173,Trans-Pacific,consortium,2009,16,5,11018.0,7,None,118.6,118.6,88.9,0,25,50,0,41.3,none,0,1.0,2026.0,True,True,,0.0,1.0,0.0,-1.1999999999999886,1.0,1.0,2,1.0
2020,CAB0174,Trans-Pacific,hyperscaler,2020,0,11,14421.0,5,None,433.7,128.7,29.8,1,25,42,0,0.0,fishing_anchor,1,0.0,2021.0,True,True,,305.0,0.29674890477288446,,,,,0,
2021,CAB0174,Trans-Pacific,hyperscaler,2020,1,11,14421.0,5,None,433.7,117.8,47.2,1,25,43,0,1.6,none,0,0.0,2022.0,True,True,,315.9,0.27161632464837443,-10.899999999999991,17.400000000000002,1.0,1.0,1,1.0
2022,CAB0174,Trans-Pacific,hyperscaler,2020,2,11,14421.0,5,None,433.7,152.4,84.8,1,25,45,0,3.2,none,0,0.0,2023.0,True,True,,281.29999999999995,0.35139497348397514,34.60000000000001,37.599999999999994,2.0,0.0,1,2.0
2023,CAB0174,Trans-Pacific,hyperscaler,2020,3,11,14421.0,5,None,433.7,186.4,29.8,1,25,47,0,4.8,none,0,1.0,2024.0,True,True,,247.29999999999998,0.4297901775420798,34.0,-55.0,2.0,0.0,1,3.0
2024,CAB0174,Trans-Pacific,hyperscaler,2020,4,11,14421.0,5,None,433.7,201.8,43.6,1,25,49,0,6.3,fishing_anchor,1,0.0,2025.0,True,True,,231.89999999999998,0.4652985934978096,15.400000000000006,13.8,2.0,0.0,0,4.0
2025,CAB0174,Trans-Pacific,hyperscaler,2020,5,11,14421.0,5,None,433.7,202.4,61.5,1,25,50,0,7.9,none,0,0.0,2026.0,True,True,,231.29999999999998,0.4666820382753055,0.5999999999999943,17.9,1.0,1.0,1,1.0
2015,CAB0175,Intra-Europe,consortium,2011,4,6,2749.0,4,None,159.4,95.6,27.2,1,25,41,0,6.3,none,0,0.0,2016.0,True,True,,63.80000000000001,0.5997490589711417,,,,,0,
2016,CAB0175,Intra-Europe,consortium,2011,5,6,2749.0,4,None,159.4,84.2,44.9,1,25,42,0,7.9,none,0,0.0,2017.0,True,True,,75.2,0.5282308657465495,-11.399999999999991,17.7,1.0,0.0,0,
2017,CAB0175,Intra-Europe,consortium,2011,6,6,2749.0,4,None,159.4,95.9,54.0,1,25,44,0,9.5,none,0,0.0,2018.0,True,True,,63.5,0.6016311166875784,11.700000000000003,9.100000000000001,2.0,0.0,0,
2018,CAB0175,Intra-Europe,consortium,2011,7,6,2749.0,4,None,159.4,101.8,49.2,1,25,45,0,11.1,none,0,0.0,2019.0,True,True,,57.60000000000001,0.6386449184441656,5.8999999999999915,-4.799999999999997,1.0,0.0,0,
2019,CAB0175,Intra-Europe,consortium,2011,8,6,2749.0,4,None,159.4,122.7,58.5,1,25,47,0,12.7,none,0,0.0,2020.0,True,True,,36.7,0.7697616060225847,20.900000000000006,9.299999999999997,2.0,0.0,0,
2020,CAB0175,Intra-Europe,consortium,2011,9,6,2749.0,4,None,159.4,127.7,72.8,1,25,49,0,14.3,none,0,0.0,2021.0,True,True,,31.700000000000003,0.801129234629862,5.0,14.299999999999997,2.0,0.0,0,
2021,CAB0175,Intra-Europe,consortium,2011,10,6,2749.0,4,None,159.4,142.9,39.3,1,25,49,0,15.9,none,0,0.0,2022.0,True,True,,16.5,0.8964868255959849,15.200000000000003,-33.5,0.0,0.0,0,
2022,CAB0175,Intra-Europe,consortium,2011,11,6,2749.0,4,None,159.4,142.9,69.1,1,25,52,0,17.5,none,0,0.0,2023.0,True,True,,16.5,0.8964868255959849,0.0,29.799999999999997,3.0,0.0,0,
2023,CAB0175,Intra-Europe,consortium,2011,12,6,2749.0,4,None,159.4,154.2,63.5,1,25,53,0,19.0,none,0,0.0,2024.0,True,True,,5.200000000000017,0.9673776662484315,11.299999999999983,-5.599999999999994,1.0,0.0,0,
2024,CAB0175,Intra-Europe,consortium,2011,13,6,2749.0,4,None,159.4,159.4,80.9,1,25,53,0,20.6,none,0,0.0,2025.0,True,True,,0.0,1.0,5.200000000000017,17.400000000000006,0.0,0.0,0,
2025,CAB0175,Intra-Europe,consortium,2011,14,6,2749.0,4,None,159.4,159.4,69.5,1,25,58,0,22.2,none,0,0.0,2026.0,True,True,,0.0,1.0,0.0,-11.400000000000006,5.0,0.0,0,
2015,CAB0176,Trans-Pacific,consortium,2014,1,7,11224.0,2,None,216.0,60.5,30.8,1,25,35,1,33.3,natural_hazard,1,0.0,2016.0,True,True,,155.5,0.2800925925925926,,,,,0,
2016,CAB0176,Trans-Pacific,consortium,2014,2,7,11224.0,2,None,216.0,88.1,18.5,1,25,37,1,34.9,none,0,0.0,2017.0,True,True,,127.9,0.4078703703703703,27.599999999999994,-12.3,2.0,1.0,1,1.0
2017,CAB0176,Trans-Pacific,consortium,2014,3,7,11224.0,2,None,216.0,99.4,44.3,1,25,38,1,36.5,none,0,0.0,2018.0,True,True,,116.6,0.4601851851851852,11.300000000000011,25.799999999999997,1.0,0.0,1,2.0
2018,CAB0176,Trans-Pacific,consortium,2014,4,7,11224.0,2,None,216.0,125.1,66.1,1,25,39,1,38.1,none,0,1.0,2019.0,True,True,,90.9,0.5791666666666666,25.69999999999999,21.799999999999997,1.0,0.0,1,3.0
2019,CAB0176,Trans-Pacific,consortium,2014,5,7,11224.0,2,None,216.0,103.2,26.2,1,25,41,0,19.8,equipment,1,0.0,2020.0,True,True,,112.8,0.4777777777777778,-21.89999999999999,-39.89999999999999,2.0,0.0,0,4.0
2020,CAB0176,Trans-Pacific,consortium,2014,6,7,11224.0,2,None,216.0,127.7,33.8,1,25,42,0,21.4,none,0,0.0,2021.0,True,True,,88.3,0.5912037037037037,24.5,7.599999999999998,1.0,1.0,1,1.0
2021,CAB0176,Trans-Pacific,consortium,2014,7,7,11224.0,2,None,216.0,140.0,30.4,1,25,43,0,23.0,none,0,0.0,2022.0,True,True,,76.0,0.6481481481481481,12.299999999999997,-3.3999999999999986,1.0,0.0,1,2.0
2022,CAB0176,Trans-Pacific,consortium,2014,8,7,11224.0,2,None,216.0,160.0,47.0,1,25,45,0,24.6,none,0,0.0,2023.0,True,True,,56.0,0.7407407407407407,20.0,16.6,2.0,0.0,1,3.0
2023,CAB0176,Trans-Pacific,consortium,2014,9,7,11224.0,2,None,216.0,163.4,43.5,1,25,47,0,26.2,none,0,0.0,2024.0,True,True,,52.599999999999994,0.7564814814814815,3.4000000000000057,-3.5,2.0,0.0,0,4.0
2024,CAB0176,Trans-Pacific,consortium,2014,10,7,11224.0,2,None,216.0,184.4,80.1,1,25,49,0,27.8,none,0,0.0,2025.0,True,True,,31.599999999999994,0.8537037037037037,21.0,36.599999999999994,2.0,0.0,0,5.0
2025,CAB0176,Trans-Pacific,consortium,2014,11,7,11224.0,2,None,216.0,211.0,41.0,1,25,50,0,29.4,none,0,0.0,2026.0,True,True,,5.0,0.9768518518518519,26.599999999999994,-39.099999999999994,1.0,0.0,0,6.0
2015,CAB0177,Intra-Asia,hyperscaler,2007,8,14,2944.0,4,Taiwan-Strait,292.0,200.0,58.8,0,25,53,0,56.3,none,0,1.0,2016.0,True,True,,92.0,0.684931506849315,,,,,0,
2016,CAB0177,Intra-Asia,hyperscaler,2007,9,14,2944.0,4,Taiwan-Strait,292.0,232.1,73.3,0,25,59,0,57.9,suspected_external,1,0.0,2017.0,True,True,,59.900000000000006,0.7948630136986301,32.099999999999994,14.5,6.0,0.0,0,
2017,CAB0177,Intra-Asia,hyperscaler,2007,10,14,2944.0,4,Taiwan-Strait,292.0,226.8,46.6,0,25,60,0,59.5,none,0,0.0,2018.0,True,True,,65.19999999999999,0.7767123287671234,-5.299999999999983,-26.699999999999996,1.0,1.0,1,1.0
2018,CAB0177,Intra-Asia,hyperscaler,2007,11,14,2944.0,4,Taiwan-Strait,292.0,281.4,62.4,0,25,62,0,61.1,none,0,0.0,2019.0,True,True,,10.600000000000023,0.9636986301369862,54.599999999999966,15.799999999999997,2.0,0.0,1,2.0
2019,CAB0177,Intra-Asia,hyperscaler,2007,12,14,2944.0,4,Taiwan-Strait,292.0,285.2,55.3,0,25,64,0,62.7,none,0,0.0,2020.0,True,True,,6.800000000000011,0.9767123287671232,3.8000000000000114,-7.100000000000001,2.0,0.0,1,3.0
2020,CAB0177,Intra-Asia,hyperscaler,2007,13,14,2944.0,4,Taiwan-Strait,292.0,278.0,100.0,0,25,66,0,64.3,none,0,0.0,2021.0,True,True,,14.0,0.952054794520548,-7.199999999999989,44.7,2.0,0.0,0,4.0
2021,CAB0177,Intra-Asia,hyperscaler,2007,14,14,2944.0,4,Taiwan-Strait,292.0,292.0,60.3,0,25,69,0,65.9,none,0,0.0,2022.0,True,True,,0.0,1.0,14.0,-39.7,3.0,0.0,0,5.0
2022,CAB0177,Intra-Asia,hyperscaler,2007,15,14,2944.0,4,Taiwan-Strait,292.0,292.0,100.0,0,25,70,0,67.5,none,0,0.0,2023.0,True,True,,0.0,1.0,0.0,39.7,1.0,0.0,0,6.0
2023,CAB0177,Intra-Asia,hyperscaler,2007,16,14,2944.0,4,Taiwan-Strait,292.0,292.0,87.8,0,25,70,0,69.0,none,0,0.0,2024.0,True,True,,0.0,1.0,0.0,-12.200000000000003,0.0,0.0,0,7.0
2024,CAB0177,Intra-Asia,hyperscaler,2007,17,14,2944.0,4,Taiwan-Strait,292.0,292.0,46.6,0,25,75,0,70.6,none,0,0.0,2025.0,True,True,,0.0,1.0,0.0,-41.199999999999996,5.0,0.0,0,8.0
2025,CAB0177,Intra-Asia,hyperscaler,2007,18,14,2944.0,4,Taiwan-Strait,292.0,292.0,65.1,0,25,77,0,72.2,none,0,0.0,2026.0,True,True,,0.0,1.0,0.0,18.499999999999993,2.0,0.0,0,9.0
2023,CAB0178,Intra-Pacific-Islands,carrier,2023,0,23,851.0,4,None,1005.4,260.1,43.0,1,25,45,0,0.0,none,0,0.0,2024.0,True,True,,745.3,0.25870300377959027,,,,,0,
2024,CAB0178,Intra-Pacific-Islands,carrier,2023,1,23,851.0,4,None,1005.4,410.9,70.0,1,25,48,0,1.6,none,0,0.0,2025.0,True,True,,594.5,0.40869305748955637,150.79999999999995,27.0,3.0,0.0,0,
2025,CAB0178,Intra-Pacific-Islands,carrier,2023,2,23,851.0,4,None,1005.4,444.8,69.3,1,25,50,0,3.2,none,0,0.0,2026.0,True,True,,560.5999999999999,0.4424109807041974,33.900000000000034,-0.7000000000000028,2.0,0.0,0,
2015,CAB0179,Americas,carrier,2009,6,5,7686.0,7,None,118.6,65.4,30.9,1,25,28,1,29.4,fishing_anchor,1,0.0,2016.0,True,True,,53.19999999999999,0.5514333895446881,,,,,0,
2016,CAB0179,Americas,carrier,2009,7,5,7686.0,7,None,118.6,75.6,30.5,1,25,29,1,31.0,none,0,0.0,2017.0,True,True,,43.0,0.6374367622259697,10.199999999999989,-0.3999999999999986,1.0,1.0,1,1.0
2017,CAB0179,Americas,carrier,2009,8,5,7686.0,7,None,118.6,96.2,63.7,1,25,29,1,32.5,none,0,1.0,2018.0,True,True,,22.39999999999999,0.8111298482293424,20.60000000000001,33.2,0.0,0.0,1,2.0
2018,CAB0179,Americas,carrier,2009,9,5,7686.0,7,None,118.6,89.3,39.6,1,25,31,1,34.1,fishing_anchor,1,0.0,2019.0,True,True,,29.299999999999997,0.7529510961214165,-6.900000000000006,-24.1,2.0,0.0,1,3.0
2019,CAB0179,Americas,carrier,2009,10,5,7686.0,7,None,118.6,110.3,32.9,1,25,32,1,35.7,none,0,0.0,2020.0,True,True,,8.299999999999997,0.9300168634064081,21.0,-6.700000000000003,1.0,1.0,1,1.0
2020,CAB0179,Americas,carrier,2009,11,5,7686.0,7,None,118.6,104.9,39.0,1,25,33,1,37.3,none,0,0.0,2021.0,True,True,,13.699999999999989,0.8844856661045533,-5.3999999999999915,6.100000000000001,1.0,0.0,1,2.0
2021,CAB0179,Americas,carrier,2009,12,5,7686.0,7,None,118.6,118.1,95.4,1,25,37,1,38.9,none,0,0.0,2022.0,True,True,,0.5,0.9957841483979764,13.199999999999989,56.400000000000006,4.0,0.0,1,3.0
2022,CAB0179,Americas,carrier,2009,13,5,7686.0,7,None,118.6,118.6,41.7,1,25,37,1,40.5,none,0,0.0,2023.0,True,True,,0.0,1.0,0.5,-53.7,0.0,0.0,0,4.0
2023,CAB0179,Americas,carrier,2009,14,5,7686.0,7,None,118.6,118.6,69.8,1,25,37,1,42.1,none,0,1.0,2024.0,True,True,,0.0,1.0,0.0,28.099999999999994,0.0,0.0,0,5.0
2024,CAB0179,Americas,carrier,2009,15,5,7686.0,7,None,118.6,118.6,70.0,1,25,39,1,43.7,fishing_anchor,1,0.0,2025.0,True,True,,0.0,1.0,0.0,0.20000000000000284,2.0,0.0,0,6.0
2025,CAB0179,Americas,carrier,2009,16,5,7686.0,7,None,118.6,118.6,90.4,1,25,39,1,45.2,none,0,0.0,2026.0,True,True,,0.0,1.0,0.0,20.400000000000006,0.0,1.0,1,1.0
2015,CAB0180,EMEA-Asia,hyperscaler,2003,12,12,17190.0,8,Malacca,181.7,166.8,77.2,0,25,27,1,82.5,fishing_anchor,1,1.0,2016.0,True,True,,14.899999999999977,0.9179966978536049,,,,,0,
2016,CAB0180,EMEA-Asia,hyperscaler,2003,13,12,17190.0,8,Malacca,181.7,173.3,76.0,0,25,29,1,84.1,equipment,1,1.0,2017.0,True,True,,8.399999999999977,0.9537699504678042,6.5,-1.2000000000000028,2.0,1.0,1,1.0
2017,CAB0180,EMEA-Asia,hyperscaler,2003,14,12,17190.0,8,Malacca,181.7,181.6,53.0,0,25,32,1,85.7,fishing_anchor,1,0.0,2018.0,True,True,,0.09999999999999432,0.9994496422674739,8.299999999999983,-23.0,3.0,1.0,2,1.0
2018,CAB0180,EMEA-Asia,hyperscaler,2003,15,12,17190.0,8,Malacca,181.7,181.7,72.3,0,25,34,1,87.3,none,0,1.0,2019.0,True,True,,0.0,1.0,0.09999999999999432,19.299999999999997,2.0,1.0,3,1.0
2019,CAB0180,EMEA-Asia,hyperscaler,2003,16,12,17190.0,8,Malacca,181.7,181.7,64.8,0,25,37,1,88.9,suspected_external,1,1.0,2020.0,True,True,,0.0,1.0,0.0,-7.5,3.0,0.0,2,2.0
2020,CAB0180,EMEA-Asia,hyperscaler,2003,17,12,17190.0,8,Malacca,181.7,181.7,69.3,0,25,40,0,70.6,fishing_anchor,1,0.0,2021.0,True,True,,0.0,1.0,0.0,4.5,3.0,1.0,2,1.0
2021,CAB0180,EMEA-Asia,hyperscaler,2003,18,12,17190.0,8,Malacca,181.7,181.7,45.1,0,25,44,0,72.2,none,0,1.0,2022.0,True,True,,0.0,1.0,0.0,-24.199999999999996,4.0,1.0,2,1.0
2022,CAB0180,EMEA-Asia,hyperscaler,2003,19,12,17190.0,8,Malacca,181.7,181.7,100.0,0,25,45,0,73.8,suspected_external,1,1.0,2023.0,True,True,,0.0,1.0,0.0,54.9,1.0,0.0,2,2.0
2023,CAB0180,EMEA-Asia,hyperscaler,2003,20,12,17190.0,8,Malacca,181.7,181.7,87.6,0,25,47,0,75.4,fishing_anchor,1,1.0,2024.0,True,True,,0.0,1.0,0.0,-12.400000000000006,2.0,1.0,2,1.0
2024,CAB0180,EMEA-Asia,hyperscaler,2003,21,12,17190.0,8,Malacca,181.7,181.7,53.2,0,25,48,0,77.0,fishing_anchor,1,0.0,2025.0,True,True,,0.0,1.0,0.0,-34.39999999999999,1.0,1.0,2,1.0
2025,CAB0180,EMEA-Asia,hyperscaler,2003,22,12,17190.0,8,Malacca,181.7,181.7,88.3,0,25,47,0,78.6,none,0,1.0,2026.0,True,True,,0.0,1.0,0.0,35.099999999999994,-1.0,1.0,3,1.0
2023,CAB0181,Trans-Pacific,hyperscaler,2023,0,17,10976.0,4,None,743.1,164.7,23.8,0,25,47,0,15.9,natural_hazard,1,0.0,2024.0,True,True,,578.4000000000001,0.22163907953169154,,,,,0,
2024,CAB0181,Trans-Pacific,hyperscaler,2023,1,17,10976.0,4,None,743.1,240.0,9.7,0,25,49,0,17.5,none,0,1.0,2025.0,True,True,,503.1,0.3229713362939039,75.30000000000001,-14.100000000000001,2.0,1.0,1,1.0
2025,CAB0181,Trans-Pacific,hyperscaler,2023,2,17,10976.0,4,None,743.1,242.9,13.4,0,25,50,0,19.0,fishing_anchor,1,1.0,2026.0,True,True,,500.20000000000005,0.32687390660745524,2.9000000000000057,3.700000000000001,1.0,0.0,1,2.0
2015,CAB0182,EMEA-Asia,carrier,1999,16,2,17701.0,7,Hormuz,18.9,18.9,92.7,0,25,27,1,88.9,none,0,1.0,2016.0,True,True,,0.0,1.0,,,,,0,
2016,CAB0182,EMEA-Asia,carrier,1999,17,2,17701.0,7,Hormuz,18.9,18.9,100.0,0,25,29,1,90.5,fishing_anchor,1,1.0,2017.0,True,True,,0.0,1.0,0.0,7.299999999999997,2.0,0.0,0,
2017,CAB0182,EMEA-Asia,carrier,1999,18,2,17701.0,7,Hormuz,18.9,18.9,63.0,0,25,32,1,92.1,fishing_anchor,1,0.0,2018.0,True,True,,0.0,1.0,0.0,-37.0,3.0,1.0,1,1.0
2018,CAB0182,EMEA-Asia,carrier,1999,19,2,17701.0,7,Hormuz,18.9,18.9,100.0,0,25,34,1,93.7,none,0,1.0,2019.0,True,True,,0.0,1.0,0.0,37.0,2.0,1.0,2,1.0
2019,CAB0182,EMEA-Asia,carrier,1999,20,2,17701.0,7,Hormuz,18.9,18.9,75.0,0,25,37,1,95.2,equipment,1,0.0,2020.0,True,True,,0.0,1.0,0.0,-25.0,3.0,0.0,2,2.0
2020,CAB0182,EMEA-Asia,carrier,1999,21,2,17701.0,7,Hormuz,18.9,18.9,100.0,0,25,40,0,77.0,none,0,1.0,2021.0,True,True,,0.0,1.0,0.0,25.0,3.0,1.0,2,1.0
2021,CAB0182,EMEA-Asia,carrier,1999,22,2,17701.0,7,Hormuz,18.9,18.9,96.0,0,25,44,0,78.6,fishing_anchor,1,0.0,2022.0,True,True,,0.0,1.0,0.0,-4.0,4.0,0.0,1,2.0
2022,CAB0182,EMEA-Asia,carrier,1999,23,2,17701.0,7,Hormuz,18.9,18.9,92.0,0,25,45,0,80.2,none,0,1.0,2023.0,True,True,,0.0,1.0,0.0,-4.0,1.0,1.0,2,1.0
2023,CAB0182,EMEA-Asia,carrier,1999,24,2,17701.0,7,Hormuz,18.9,18.9,100.0,0,25,47,0,81.7,fishing_anchor,1,1.0,2024.0,True,True,,0.0,1.0,0.0,8.0,2.0,0.0,1,2.0
2024,CAB0182,EMEA-Asia,carrier,1999,25,2,17701.0,7,Hormuz,18.9,18.9,86.3,0,25,48,0,83.3,natural_hazard,1,1.0,2025.0,True,True,,0.0,1.0,0.0,-13.700000000000003,1.0,1.0,2,1.0
2025,CAB0182,EMEA-Asia,carrier,1999,26,2,17701.0,7,Hormuz,18.9,18.9,100.0,0,25,47,0,84.9,fishing_anchor,1,0.0,2026.0,True,True,,0.0,1.0,0.0,13.700000000000003,-1.0,1.0,2,1.0
2019,CAB0183,EMEA-Asia,consortium,2019,0,48,12923.0,6,Suez,1824.0,652.9,64.3,0,25,37,1,63.5,none,0,0.0,2020.0,True,True,,1171.1,0.35794956140350875,,,,,0,
2020,CAB0183,EMEA-Asia,consortium,2019,1,48,12923.0,6,Suez,1824.0,523.3,65.3,0,25,40,0,45.2,none,0,0.0,2021.0,True,True,,1300.7,0.2868969298245614,-129.60000000000002,1.0,3.0,0.0,0,
2021,CAB0183,EMEA-Asia,consortium,2019,2,48,12923.0,6,Suez,1824.0,578.4,59.6,0,25,44,0,46.8,none,0,0.0,2022.0,True,True,,1245.6,0.3171052631578947,55.10000000000002,-5.699999999999996,4.0,0.0,0,
2022,CAB0183,EMEA-Asia,consortium,2019,3,48,12923.0,6,Suez,1824.0,652.2,50.6,0,25,45,0,48.4,none,0,1.0,2023.0,True,True,,1171.8,0.3575657894736842,73.80000000000007,-9.0,1.0,0.0,0,
2023,CAB0183,EMEA-Asia,consortium,2019,4,48,12923.0,6,Suez,1824.0,919.4,40.5,0,25,47,0,50.0,equipment,1,0.0,2024.0,True,True,,904.6,0.5040570175438597,267.19999999999993,-10.100000000000001,2.0,0.0,0,
2024,CAB0183,EMEA-Asia,consortium,2019,5,48,12923.0,6,Suez,1824.0,930.9,56.1,0,25,48,0,51.6,none,0,0.0,2025.0,True,True,,893.1,0.5103618421052631,11.5,15.600000000000001,1.0,1.0,1,1.0
2025,CAB0183,EMEA-Asia,consortium,2019,6,48,12923.0,6,Suez,1824.0,1012.9,70.9,0,25,47,0,53.2,none,0,0.0,2026.0,True,True,,811.1,0.5553179824561404,82.0,14.800000000000004,-1.0,0.0,1,2.0
2022,CAB0184,Intra-Europe,consortium,2022,0,8,1892.0,6,None,338.3,87.5,54.3,0,25,52,0,15.9,none,0,0.0,2023.0,True,True,,250.8,0.25864617203665385,,,,,0,
2023,CAB0184,Intra-Europe,consortium,2022,1,8,1892.0,6,None,338.3,98.7,55.0,0,25,53,0,17.5,none,0,0.0,2024.0,True,True,,239.60000000000002,0.29175288205734556,11.200000000000003,0.7000000000000028,1.0,0.0,0,
2024,CAB0184,Intra-Europe,consortium,2022,2,8,1892.0,6,None,338.3,117.4,59.8,0,25,53,0,19.0,none,0,0.0,2025.0,True,True,,220.9,0.3470292639668933,18.700000000000003,4.799999999999997,0.0,0.0,0,
2025,CAB0184,Intra-Europe,consortium,2022,3,8,1892.0,6,None,338.3,126.6,57.2,0,25,58,0,20.6,none,0,0.0,2026.0,True,True,,211.70000000000002,0.37422406148389004,9.199999999999989,-2.5999999999999943,5.0,0.0,0,
2019,CAB0185,EMEA-Asia,hyperscaler,2019,0,8,8064.0,5,Malacca,304.0,87.6,24.5,1,25,37,1,47.6,none,0,0.0,2020.0,True,True,,216.4,0.2881578947368421,,,,,0,
2020,CAB0185,EMEA-Asia,hyperscaler,2019,1,8,8064.0,5,Malacca,304.0,111.7,63.6,1,25,40,0,29.4,none,0,0.0,2021.0,True,True,,192.3,0.3674342105263158,24.10000000000001,39.1,3.0,0.0,0,
2021,CAB0185,EMEA-Asia,hyperscaler,2019,2,8,8064.0,5,Malacca,304.0,132.9,59.5,1,25,44,0,31.0,none,0,0.0,2022.0,True,True,,171.1,0.43717105263157896,21.200000000000003,-4.100000000000001,4.0,0.0,0,
2022,CAB0185,EMEA-Asia,hyperscaler,2019,3,8,8064.0,5,Malacca,304.0,159.6,38.1,1,25,45,0,32.5,none,0,0.0,2023.0,True,True,,144.4,0.525,26.69999999999999,-21.4,1.0,0.0,0,
2023,CAB0185,EMEA-Asia,hyperscaler,2019,4,8,8064.0,5,Malacca,304.0,136.3,28.6,1,25,47,0,34.1,none,0,0.0,2024.0,True,True,,167.7,0.44835526315789476,-23.299999999999983,-9.5,2.0,0.0,0,
2024,CAB0185,EMEA-Asia,hyperscaler,2019,5,8,8064.0,5,Malacca,304.0,178.2,79.7,1,25,48,0,35.7,none,0,0.0,2025.0,True,True,,125.80000000000001,0.5861842105263158,41.89999999999998,51.1,1.0,0.0,0,
2025,CAB0185,EMEA-Asia,hyperscaler,2019,6,8,8064.0,5,Malacca,304.0,181.7,33.6,1,25,47,0,37.3,none,0,0.0,2026.0,True,True,,122.30000000000001,0.5976973684210526,3.5,-46.1,-1.0,0.0,0,
2015,CAB0186,Intra-Europe,government,2011,4,6,1537.0,3,None,159.4,89.6,47.2,1,25,41,0,6.3,none,0,0.0,2016.0,True,True,,69.80000000000001,0.562107904642409,,,,,0,
2016,CAB0186,Intra-Europe,government,2011,5,6,1537.0,3,None,159.4,79.4,47.7,1,25,42,0,7.9,none,0,0.0,2017.0,True,True,,80.0,0.4981179422835634,-10.199999999999989,0.5,1.0,0.0,0,
2017,CAB0186,Intra-Europe,government,2011,6,6,1537.0,3,None,159.4,101.2,31.2,1,25,44,0,9.5,none,0,0.0,2018.0,True,True,,58.2,0.6348808030112923,21.799999999999997,-16.500000000000004,2.0,0.0,0,
2018,CAB0186,Intra-Europe,government,2011,7,6,1537.0,3,None,159.4,121.8,41.0,1,25,45,0,11.1,none,0,0.0,2019.0,True,True,,37.60000000000001,0.7641154328732748,20.599999999999994,9.8,1.0,0.0,0,
2019,CAB0186,Intra-Europe,government,2011,8,6,1537.0,3,None,159.4,119.9,55.2,1,25,47,0,12.7,none,0,0.0,2020.0,True,True,,39.5,0.7521957340025094,-1.8999999999999915,14.200000000000003,2.0,0.0,0,
2020,CAB0186,Intra-Europe,government,2011,9,6,1537.0,3,None,159.4,122.0,80.7,1,25,49,0,14.3,none,0,0.0,2021.0,True,True,,37.400000000000006,0.7653701380175658,2.0999999999999943,25.5,2.0,0.0,0,
2021,CAB0186,Intra-Europe,government,2011,10,6,1537.0,3,None,159.4,132.2,29.4,1,25,49,0,15.9,none,0,0.0,2022.0,True,True,,27.200000000000017,0.8293601003764114,10.199999999999989,-51.300000000000004,0.0,0.0,0,
2022,CAB0186,Intra-Europe,government,2011,11,6,1537.0,3,None,159.4,134.3,37.0,1,25,52,0,17.5,none,0,0.0,2023.0,True,True,,25.099999999999994,0.842534504391468,2.1000000000000227,7.600000000000001,3.0,0.0,0,
2023,CAB0186,Intra-Europe,government,2011,12,6,1537.0,3,None,159.4,145.9,36.9,1,25,53,0,19.0,none,0,0.0,2024.0,True,True,,13.5,0.9153074027603513,11.599999999999994,-0.10000000000000142,1.0,0.0,0,
2024,CAB0186,Intra-Europe,government,2011,13,6,1537.0,3,None,159.4,159.4,40.7,1,25,53,0,20.6,none,0,0.0,2025.0,True,True,,0.0,1.0,13.5,3.8000000000000043,0.0,0.0,0,
2025,CAB0186,Intra-Europe,government,2011,14,6,1537.0,3,None,159.4,159.4,87.8,1,25,58,0,22.2,none,0,0.0,2026.0,True,True,,0.0,1.0,0.0,47.099999999999994,5.0,0.0,0,
2015,CAB0187,Trans-Pacific,hyperscaler,2014,1,14,13086.0,5,None,432.0,153.7,54.1,1,25,35,1,21.4,none,0,0.0,2016.0,True,True,,278.3,0.355787037037037,,,,,0,
2016,CAB0187,Trans-Pacific,hyperscaler,2014,2,14,13086.0,5,None,432.0,149.1,89.4,1,25,37,1,23.0,none,0,1.0,2017.0,True,True,,282.9,0.3451388888888889,-4.599999999999994,35.300000000000004,2.0,0.0,0,
2017,CAB0187,Trans-Pacific,hyperscaler,2014,3,14,13086.0,5,None,432.0,212.2,26.7,1,25,38,1,24.6,equipment,1,0.0,2018.0,True,True,,219.8,0.4912037037037037,63.099999999999994,-62.7,1.0,0.0,0,
2018,CAB0187,Trans-Pacific,hyperscaler,2014,4,14,13086.0,5,None,432.0,212.2,52.8,1,25,39,1,26.2,none,0,0.0,2019.0,True,True,,219.8,0.4912037037037037,0.0,26.099999999999998,1.0,1.0,1,1.0
2019,CAB0187,Trans-Pacific,hyperscaler,2014,5,14,13086.0,5,None,432.0,258.2,61.4,1,25,41,0,7.9,none,0,0.0,2020.0,True,True,,173.8,0.5976851851851852,46.0,8.600000000000001,2.0,0.0,1,2.0
2020,CAB0187,Trans-Pacific,hyperscaler,2014,6,14,13086.0,5,None,432.0,269.6,56.8,1,25,42,0,9.5,none,0,0.0,2021.0,True,True,,162.39999999999998,0.6240740740740741,11.400000000000034,-4.600000000000001,1.0,0.0,1,3.0
2021,CAB0187,Trans-Pacific,hyperscaler,2014,7,14,13086.0,5,None,432.0,298.5,39.0,1,25,43,0,11.1,none,0,0.0,2022.0,True,True,,133.5,0.6909722222222222,28.899999999999977,-17.799999999999997,1.0,0.0,0,4.0
2022,CAB0187,Trans-Pacific,hyperscaler,2014,8,14,13086.0,5,None,432.0,324.4,77.8,1,25,45,0,12.7,none,0,0.0,2023.0,True,True,,107.60000000000002,0.7509259259259259,25.899999999999977,38.8,2.0,0.0,0,5.0
2023,CAB0187,Trans-Pacific,hyperscaler,2014,9,14,13086.0,5,None,432.0,319.9,58.0,1,25,47,0,14.3,none,0,0.0,2024.0,True,True,,112.10000000000002,0.7405092592592593,-4.5,-19.799999999999997,2.0,0.0,0,6.0
2024,CAB0187,Trans-Pacific,hyperscaler,2014,10,14,13086.0,5,None,432.0,365.3,60.5,1,25,49,0,15.9,none,0,0.0,2025.0,True,True,,66.69999999999999,0.8456018518518519,45.400000000000034,2.5,2.0,0.0,0,7.0
2025,CAB0187,Trans-Pacific,hyperscaler,2014,11,14,13086.0,5,None,432.0,417.3,68.5,1,25,50,0,17.5,none,0,0.0,2026.0,True,True,,14.699999999999989,0.9659722222222222,52.0,8.0,1.0,0.0,0,8.0
2015,CAB0188,Africa-Coastal,hyperscaler,2007,8,22,10594.0,2,None,458.9,318.6,75.3,1,25,36,1,44.4,none,0,0.0,2016.0,True,True,,140.29999999999995,0.694268903900632,,,,,0,
2016,CAB0188,Africa-Coastal,hyperscaler,2007,9,22,10594.0,2,None,458.9,376.2,80.3,1,25,37,1,46.0,none,0,0.0,2017.0,True,True,,82.69999999999999,0.8197864458487688,57.599999999999966,5.0,1.0,0.0,0,
2017,CAB0188,Africa-Coastal,hyperscaler,2007,10,22,10594.0,2,None,458.9,342.8,37.6,1,25,40,0,27.8,none,0,0.0,2018.0,True,True,,116.09999999999997,0.7470037045107867,-33.39999999999998,-42.699999999999996,3.0,0.0,0,
2018,CAB0188,Africa-Coastal,hyperscaler,2007,11,22,10594.0,2,None,458.9,382.9,42.8,1,25,40,0,29.4,none,0,0.0,2019.0,True,True,,76.0,0.8343865765962083,40.099999999999966,5.199999999999996,0.0,0.0,0,
2019,CAB0188,Africa-Coastal,hyperscaler,2007,12,22,10594.0,2,None,458.9,458.9,80.9,1,25,42,0,31.0,none,0,0.0,2020.0,True,True,,0.0,1.0,76.0,38.10000000000001,2.0,0.0,0,
2020,CAB0188,Africa-Coastal,hyperscaler,2007,13,22,10594.0,2,None,458.9,434.3,56.6,1,25,43,0,32.5,none,0,0.0,2021.0,True,True,,24.599999999999966,0.9463935497929833,-24.599999999999966,-24.300000000000004,1.0,0.0,0,
2021,CAB0188,Africa-Coastal,hyperscaler,2007,14,22,10594.0,2,None,458.9,458.9,100.0,1,25,44,0,34.1,none,0,0.0,2022.0,True,True,,0.0,1.0,24.599999999999966,43.4,1.0,0.0,0,
2022,CAB0188,Africa-Coastal,hyperscaler,2007,15,22,10594.0,2,None,458.9,458.9,61.7,1,25,45,0,35.7,none,0,0.0,2023.0,True,True,,0.0,1.0,0.0,-38.3,1.0,0.0,0,
2023,CAB0188,Africa-Coastal,hyperscaler,2007,16,22,10594.0,2,None,458.9,458.9,77.2,1,25,47,0,37.3,none,0,0.0,2024.0,True,True,,0.0,1.0,0.0,15.5,2.0,0.0,0,
2024,CAB0188,Africa-Coastal,hyperscaler,2007,17,22,10594.0,2,None,458.9,458.9,100.0,1,25,49,0,38.9,none,0,0.0,2025.0,True,True,,0.0,1.0,0.0,22.799999999999997,2.0,0.0,0,
2025,CAB0188,Africa-Coastal,hyperscaler,2007,18,22,10594.0,2,None,458.9,458.9,55.7,1,25,52,0,40.5,none,0,0.0,2026.0,True,True,,0.0,1.0,0.0,-44.3,3.0,0.0,0,
2019,CAB0189,Intra-Pacific-Islands,consortium,2019,0,8,2875.0,2,None,304.0,96.5,60.3,1,25,35,1,31.7,none,0,0.0,2020.0,True,True,,207.5,0.31743421052631576,,,,,0,
2020,CAB0189,Intra-Pacific-Islands,consortium,2019,1,8,2875.0,2,None,304.0,95.8,16.4,1,25,40,0,13.5,none,0,0.0,2021.0,True,True,,208.2,0.31513157894736843,-0.7000000000000028,-43.9,5.0,0.0,0,
2021,CAB0189,Intra-Pacific-Islands,consortium,2019,2,8,2875.0,2,None,304.0,69.0,52.6,1,25,41,0,15.1,none,0,1.0,2022.0,True,True,,235.0,0.22697368421052633,-26.799999999999997,36.2,1.0,0.0,0,
2022,CAB0189,Intra-Pacific-Islands,consortium,2019,3,8,2875.0,2,None,304.0,145.8,32.7,1,25,43,0,16.7,natural_hazard,1,0.0,2023.0,True,True,,158.2,0.47960526315789476,76.80000000000001,-19.9,2.0,0.0,0,
2023,CAB0189,Intra-Pacific-Islands,consortium,2019,4,8,2875.0,2,None,304.0,159.2,70.3,1,25,45,0,18.3,none,0,1.0,2024.0,True,True,,144.8,0.5236842105263158,13.399999999999977,37.599999999999994,2.0,1.0,1,1.0
2024,CAB0189,Intra-Pacific-Islands,consortium,2019,5,8,2875.0,2,None,304.0,150.0,49.2,1,25,48,0,19.8,fishing_anchor,1,1.0,2025.0,True,True,,154.0,0.4934210526315789,-9.199999999999989,-21.099999999999994,3.0,0.0,1,2.0
2025,CAB0189,Intra-Pacific-Islands,consortium,2019,6,8,2875.0,2,None,304.0,192.3,75.4,1,25,50,0,21.4,fishing_anchor,1,0.0,2026.0,True,True,,111.69999999999999,0.6325657894736842,42.30000000000001,26.200000000000003,2.0,1.0,2,1.0
2019,CAB0190,Africa-Coastal,consortium,2019,0,10,10526.0,4,None,380.0,132.5,24.8,0,25,42,0,15.9,none,0,0.0,2020.0,True,True,,247.5,0.34868421052631576,,,,,0,
2020,CAB0190,Africa-Coastal,consortium,2019,1,10,10526.0,4,None,380.0,103.8,23.7,0,25,43,0,17.5,none,0,1.0,2021.0,True,True,,276.2,0.2731578947368421,-28.700000000000003,-1.1000000000000014,1.0,0.0,0,
2021,CAB0190,Africa-Coastal,consortium,2019,2,10,10526.0,4,None,380.0,131.1,45.9,0,25,44,0,19.0,fishing_anchor,1,0.0,2022.0,True,True,,248.9,0.345,27.299999999999997,22.2,1.0,0.0,0,
2022,CAB0190,Africa-Coastal,consortium,2019,3,10,10526.0,4,None,380.0,176.7,75.5,0,25,45,0,20.6,none,0,0.0,2023.0,True,True,,203.3,0.46499999999999997,45.599999999999994,29.6,1.0,1.0,1,1.0
2023,CAB0190,Africa-Coastal,consortium,2019,4,10,10526.0,4,None,380.0,184.8,46.7,0,25,47,0,22.2,none,0,0.0,2024.0,True,True,,195.2,0.48631578947368426,8.100000000000023,-28.799999999999997,2.0,0.0,1,2.0
2024,CAB0190,Africa-Coastal,consortium,2019,5,10,10526.0,4,None,380.0,173.7,65.0,0,25,49,0,23.8,none,0,0.0,2025.0,True,True,,206.3,0.4571052631578947,-11.100000000000023,18.299999999999997,2.0,0.0,1,3.0
2025,CAB0190,Africa-Coastal,consortium,2019,6,10,10526.0,4,None,380.0,249.8,35.7,0,25,52,0,25.4,none,0,0.0,2026.0,True,True,,130.2,0.6573684210526316,76.10000000000002,-29.299999999999997,3.0,0.0,0,4.0
2024,CAB0191,Intra-Asia,consortium,2024,0,9,6384.0,4,None,406.3,118.7,33.2,1,25,75,0,0.0,none,0,0.0,2025.0,True,True,,287.6,0.2921486586266306,,,,,0,
2025,CAB0191,Intra-Asia,consortium,2024,1,9,6384.0,4,None,406.3,139.6,36.3,1,25,77,0,1.6,none,0,0.0,2026.0,True,True,,266.70000000000005,0.3435884814176716,20.89999999999999,3.0999999999999943,2.0,0.0,0,
2015,CAB0192,Trans-Atlantic,carrier,2001,14,5,7245.0,4,None,61.4,61.4,93.9,1,25,33,1,42.1,none,0,0.0,2016.0,True,True,,0.0,1.0,,,,,0,
2016,CAB0192,Trans-Atlantic,carrier,2001,15,5,7245.0,4,None,61.4,61.4,100.0,1,25,37,1,43.7,none,0,0.0,2017.0,True,True,,0.0,1.0,0.0,6.099999999999994,4.0,0.0,0,
2017,CAB0192,Trans-Atlantic,carrier,2001,16,5,7245.0,4,None,61.4,61.4,51.3,1,25,37,1,45.2,none,0,0.0,2018.0,True,True,,0.0,1.0,0.0,-48.7,0.0,0.0,0,
2018,CAB0192,Trans-Atlantic,carrier,2001,17,5,7245.0,4,None,61.4,61.4,85.6,1,25,40,0,27.0,none,0,0.0,2019.0,True,True,,0.0,1.0,0.0,34.3,3.0,0.0,0,
2019,CAB0192,Trans-Atlantic,carrier,2001,18,5,7245.0,4,None,61.4,61.4,100.0,1,25,45,0,28.6,none,0,0.0,2020.0,True,True,,0.0,1.0,0.0,14.400000000000006,5.0,0.0,0,
2020,CAB0192,Trans-Atlantic,carrier,2001,19,5,7245.0,4,None,61.4,61.4,79.2,1,25,48,0,30.2,none,0,0.0,2021.0,True,True,,0.0,1.0,0.0,-20.799999999999997,3.0,0.0,0,
2021,CAB0192,Trans-Atlantic,carrier,2001,20,5,7245.0,4,None,61.4,61.4,100.0,1,25,50,0,31.7,none,0,0.0,2022.0,True,True,,0.0,1.0,0.0,20.799999999999997,2.0,0.0,0,
2022,CAB0192,Trans-Atlantic,carrier,2001,21,5,7245.0,4,None,61.4,61.4,71.6,1,25,51,0,33.3,none,0,0.0,2023.0,True,True,,0.0,1.0,0.0,-28.400000000000006,1.0,0.0,0,
2023,CAB0192,Trans-Atlantic,carrier,2001,22,5,7245.0,4,None,61.4,61.4,57.7,1,25,54,0,34.9,none,0,0.0,2024.0,True,True,,0.0,1.0,0.0,-13.899999999999991,3.0,0.0,0,
2024,CAB0192,Trans-Atlantic,carrier,2001,23,5,7245.0,4,None,61.4,61.4,67.0,1,25,58,0,36.5,none,0,0.0,2025.0,True,True,,0.0,1.0,0.0,9.299999999999997,4.0,0.0,0,
2025,CAB0192,Trans-Atlantic,carrier,2001,24,5,7245.0,4,None,61.4,61.4,100.0,1,25,62,0,38.1,none,0,0.0,2026.0,True,True,,0.0,1.0,0.0,33.0,4.0,0.0,0,
2025,CAB0193,Intra-Europe,carrier,2025,0,18,1167.0,5,None,838.3,189.7,73.0,0,25,58,0,15.9,none,0,0.0,2026.0,True,True,,648.5999999999999,0.2262913038291781,,,,,0,
2015,CAB0194,Intra-Pacific-Islands,carrier,2009,6,7,506.0,4,None,166.0,98.1,19.2,1,25,28,1,29.4,none,0,0.0,2016.0,True,True,,67.9,0.5909638554216867,,,,,0,
2016,CAB0194,Intra-Pacific-Islands,carrier,2009,7,7,506.0,4,None,166.0,115.2,45.1,1,25,29,1,31.0,none,0,1.0,2017.0,True,True,,50.8,0.6939759036144578,17.10000000000001,25.900000000000002,1.0,0.0,0,
2017,CAB0194,Intra-Pacific-Islands,carrier,2009,8,7,506.0,4,None,166.0,126.9,63.2,1,25,29,1,32.5,fishing_anchor,1,0.0,2018.0,True,True,,39.099999999999994,0.7644578313253012,11.700000000000003,18.1,0.0,0.0,0,
2018,CAB0194,Intra-Pacific-Islands,carrier,2009,9,7,506.0,4,None,166.0,125.7,80.6,1,25,30,1,34.1,none,0,0.0,2019.0,True,True,,40.3,0.7572289156626506,-1.2000000000000028,17.39999999999999,1.0,1.0,1,1.0
2019,CAB0194,Intra-Pacific-Islands,carrier,2009,10,7,506.0,4,None,166.0,146.5,35.7,1,25,35,1,35.7,none,0,0.0,2020.0,True,True,,19.5,0.8825301204819277,20.799999999999997,-44.89999999999999,5.0,0.0,1,2.0
2020,CAB0194,Intra-Pacific-Islands,carrier,2009,11,7,506.0,4,None,166.0,153.8,50.2,1,25,40,0,17.5,none,0,0.0,2021.0,True,True,,12.199999999999989,0.9265060240963856,7.300000000000011,14.5,5.0,0.0,1,3.0
2021,CAB0194,Intra-Pacific-Islands,carrier,2009,12,7,506.0,4,None,166.0,166.0,67.8,1,25,41,0,19.0,none,0,0.0,2022.0,True,True,,0.0,1.0,12.199999999999989,17.599999999999994,1.0,0.0,0,4.0
2022,CAB0194,Intra-Pacific-Islands,carrier,2009,13,7,506.0,4,None,166.0,166.0,69.7,1,25,43,0,20.6,none,0,0.0,2023.0,True,True,,0.0,1.0,0.0,1.9000000000000057,2.0,0.0,0,5.0
2023,CAB0194,Intra-Pacific-Islands,carrier,2009,14,7,506.0,4,None,166.0,166.0,52.0,1,25,45,0,22.2,none,0,0.0,2024.0,True,True,,0.0,1.0,0.0,-17.700000000000003,2.0,0.0,0,6.0
2024,CAB0194,Intra-Pacific-Islands,carrier,2009,15,7,506.0,4,None,166.0,166.0,100.0,1,25,48,0,23.8,none,0,1.0,2025.0,True,True,,0.0,1.0,0.0,48.0,3.0,0.0,0,7.0
2025,CAB0194,Intra-Pacific-Islands,carrier,2009,16,7,506.0,4,None,166.0,166.0,73.2,1,25,50,0,25.4,fishing_anchor,1,0.0,2026.0,True,True,,0.0,1.0,0.0,-26.799999999999997,2.0,0.0,0,8.0
2015,CAB0195,Indian-Ocean,consortium,2001,14,8,10027.0,4,Bab-el-Mandeb,98.3,98.3,78.9,0,25,31,1,85.7,none,0,1.0,2016.0,True,True,,0.0,1.0,,,,,0,
2016,CAB0195,Indian-Ocean,consortium,2001,15,8,10027.0,4,Bab-el-Mandeb,98.3,98.3,86.5,0,25,33,1,87.3,natural_hazard,1,1.0,2017.0,True,True,,0.0,1.0,0.0,7.599999999999994,2.0,0.0,0,
2017,CAB0195,Indian-Ocean,consortium,2001,16,8,10027.0,4,Bab-el-Mandeb,98.3,98.3,100.0,0,25,33,1,88.9,fishing_anchor,1,0.0,2018.0,True,True,,0.0,1.0,0.0,13.5,0.0,1.0,1,1.0
2018,CAB0195,Indian-Ocean,consortium,2001,17,8,10027.0,4,Bab-el-Mandeb,98.3,98.3,93.7,0,25,35,1,90.5,none,0,1.0,2019.0,True,True,,0.0,1.0,0.0,-6.299999999999997,2.0,1.0,2,1.0
2019,CAB0195,Indian-Ocean,consortium,2001,18,8,10027.0,4,Bab-el-Mandeb,98.3,98.3,52.8,0,25,35,1,92.1,fishing_anchor,1,1.0,2020.0,True,True,,0.0,1.0,0.0,-40.900000000000006,0.0,0.0,2,2.0
2020,CAB0195,Indian-Ocean,consortium,2001,19,8,10027.0,4,Bab-el-Mandeb,98.3,98.3,100.0,0,25,36,1,93.7,fishing_anchor,1,0.0,2021.0,True,True,,0.0,1.0,0.0,47.2,1.0,1.0,2,1.0
2021,CAB0195,Indian-Ocean,consortium,2001,20,8,10027.0,4,Bab-el-Mandeb,98.3,98.3,65.8,0,25,39,1,95.2,none,0,0.0,2022.0,True,True,,0.0,1.0,0.0,-34.2,3.0,1.0,2,1.0
2022,CAB0195,Indian-Ocean,consortium,2001,21,8,10027.0,4,Bab-el-Mandeb,98.3,98.3,100.0,0,25,39,1,96.8,none,0,1.0,2023.0,True,True,,0.0,1.0,0.0,34.2,0.0,0.0,2,2.0
2023,CAB0195,Indian-Ocean,consortium,2001,22,8,10027.0,4,Bab-el-Mandeb,98.3,98.3,99.2,0,25,40,0,78.6,suspected_external,1,0.0,2024.0,True,True,,0.0,1.0,0.0,-0.7999999999999972,1.0,0.0,1,3.0
2024,CAB0195,Indian-Ocean,consortium,2001,23,8,10027.0,4,Bab-el-Mandeb,98.3,98.3,77.5,0,25,41,0,80.2,none,0,0.0,2025.0,True,True,,0.0,1.0,0.0,-21.700000000000003,1.0,1.0,1,1.0
2025,CAB0195,Indian-Ocean,consortium,2001,24,8,10027.0,4,Bab-el-Mandeb,98.3,98.3,88.5,0,25,44,0,81.7,none,0,1.0,2026.0,True,True,,0.0,1.0,0.0,11.0,3.0,0.0,1,2.0
2015,CAB0196,Trans-Atlantic,carrier,2001,14,8,6219.0,3,None,98.3,98.3,40.5,0,25,33,1,57.9,none,0,0.0,2016.0,True,True,,0.0,1.0,,,,,0,
2016,CAB0196,Trans-Atlantic,carrier,2001,15,8,6219.0,3,None,98.3,98.3,81.6,0,25,37,1,59.5,none,0,0.0,2017.0,True,True,,0.0,1.0,0.0,41.099999999999994,4.0,0.0,0,
2017,CAB0196,Trans-Atlantic,carrier,2001,16,8,6219.0,3,None,98.3,98.3,68.4,0,25,37,1,61.1,none,0,0.0,2018.0,True,True,,0.0,1.0,0.0,-13.199999999999989,0.0,0.0,0,
2018,CAB0196,Trans-Atlantic,carrier,2001,17,8,6219.0,3,None,98.3,98.3,46.9,0,25,40,0,42.9,none,0,0.0,2019.0,True,True,,0.0,1.0,0.0,-21.500000000000007,3.0,0.0,0,
2019,CAB0196,Trans-Atlantic,carrier,2001,18,8,6219.0,3,None,98.3,98.3,57.8,0,25,45,0,44.4,none,0,1.0,2020.0,True,True,,0.0,1.0,0.0,10.899999999999999,5.0,0.0,0,
2020,CAB0196,Trans-Atlantic,carrier,2001,19,8,6219.0,3,None,98.3,98.3,100.0,0,25,48,0,46.0,fishing_anchor,1,1.0,2021.0,True,True,,0.0,1.0,0.0,42.2,3.0,0.0,0,
2021,CAB0196,Trans-Atlantic,carrier,2001,20,8,6219.0,3,None,98.3,98.3,77.3,0,25,50,0,47.6,suspected_external,1,0.0,2022.0,True,True,,0.0,1.0,0.0,-22.700000000000003,2.0,1.0,1,1.0
2022,CAB0196,Trans-Atlantic,carrier,2001,21,8,6219.0,3,None,98.3,98.3,90.9,0,25,51,0,49.2,none,0,0.0,2023.0,True,True,,0.0,1.0,0.0,13.600000000000009,1.0,1.0,2,1.0
2023,CAB0196,Trans-Atlantic,carrier,2001,22,8,6219.0,3,None,98.3,98.3,100.0,0,25,54,0,50.8,none,0,0.0,2024.0,True,True,,0.0,1.0,0.0,9.099999999999994,3.0,0.0,2,2.0
2024,CAB0196,Trans-Atlantic,carrier,2001,23,8,6219.0,3,None,98.3,98.3,100.0,0,25,58,0,52.4,none,0,0.0,2025.0,True,True,,0.0,1.0,0.0,0.0,4.0,0.0,1,3.0
2025,CAB0196,Trans-Atlantic,carrier,2001,24,8,6219.0,3,None,98.3,98.3,100.0,0,25,62,0,54.0,none,0,0.0,2026.0,True,True,,0.0,1.0,0.0,0.0,4.0,0.0,0,4.0
2024,CAB0197,Trans-Atlantic,consortium,2024,0,9,5720.0,3,None,406.3,113.2,53.3,1,25,58,0,0.0,fishing_anchor,1,0.0,2025.0,True,True,,293.1,0.27861186315530395,,,,,0,
2025,CAB0197,Trans-Atlantic,consortium,2024,1,9,5720.0,3,None,406.3,101.4,67.7,1,25,62,0,1.6,none,0,0.0,2026.0,True,True,,304.9,0.24956928378045778,-11.799999999999997,14.400000000000006,4.0,1.0,1,1.0
2015,CAB0198,Trans-Atlantic,hyperscaler,2010,5,24,7324.0,6,None,603.4,273.8,82.3,0,25,33,1,43.7,natural_hazard,1,0.0,2016.0,True,True,,329.59999999999997,0.4537620152469341,,,,,0,
2016,CAB0198,Trans-Atlantic,hyperscaler,2010,6,24,7324.0,6,None,603.4,389.2,14.5,0,25,37,1,45.2,none,0,0.0,2017.0,True,True,,214.2,0.6450116009280743,115.39999999999998,-67.8,4.0,1.0,1,1.0
2017,CAB0198,Trans-Atlantic,hyperscaler,2010,7,24,7324.0,6,None,603.4,374.1,41.9,0,25,37,1,46.8,none,0,0.0,2018.0,True,True,,229.29999999999995,0.6199867417964866,-15.099999999999966,27.4,0.0,0.0,1,2.0
2018,CAB0198,Trans-Atlantic,hyperscaler,2010,8,24,7324.0,6,None,603.4,444.4,37.2,0,25,40,0,28.6,none,0,0.0,2019.0,True,True,,159.0,0.7364932051706994,70.29999999999995,-4.699999999999996,3.0,0.0,1,3.0
2019,CAB0198,Trans-Atlantic,hyperscaler,2010,9,24,7324.0,6,None,603.4,487.3,57.2,0,25,45,0,30.2,none,0,1.0,2020.0,True,True,,116.09999999999997,0.8075903215114353,42.900000000000034,20.0,5.0,0.0,0,4.0
2020,CAB0198,Trans-Atlantic,hyperscaler,2010,10,24,7324.0,6,None,603.4,514.8,49.1,0,25,48,0,31.7,natural_hazard,1,0.0,2021.0,True,True,,88.60000000000002,0.8531653960888299,27.499999999999943,-8.100000000000001,3.0,0.0,0,5.0
2021,CAB0198,Trans-Atlantic,hyperscaler,2010,11,24,7324.0,6,None,603.4,568.2,38.4,0,25,50,0,33.3,none,0,0.0,2022.0,True,True,,35.19999999999993,0.9416639045409348,53.40000000000009,-10.700000000000003,2.0,1.0,1,1.0
2022,CAB0198,Trans-Atlantic,hyperscaler,2010,12,24,7324.0,6,None,603.4,585.2,52.5,0,25,51,0,34.9,none,0,1.0,2023.0,True,True,,18.199999999999932,0.9698375870069607,17.0,14.100000000000001,1.0,0.0,1,2.0
2023,CAB0198,Trans-Atlantic,hyperscaler,2010,13,24,7324.0,6,None,603.4,603.4,100.0,0,25,54,0,36.5,fishing_anchor,1,0.0,2024.0,True,True,,0.0,1.0,18.199999999999932,47.5,3.0,0.0,1,3.0
2024,CAB0198,Trans-Atlantic,hyperscaler,2010,14,24,7324.0,6,None,603.4,603.4,85.7,0,25,58,0,38.1,none,0,0.0,2025.0,True,True,,0.0,1.0,0.0,-14.299999999999997,4.0,1.0,1,1.0
2025,CAB0198,Trans-Atlantic,hyperscaler,2010,15,24,7324.0,6,None,603.4,603.4,56.0,0,25,62,0,39.7,none,0,0.0,2026.0,True,True,,0.0,1.0,0.0,-29.700000000000003,4.0,0.0,1,2.0
2015,CAB0199,Trans-Atlantic,consortium,2006,9,7,5687.0,4,None,136.0,102.7,97.6,0,25,33,1,50.0,none,0,0.0,2016.0,True,True,,33.3,0.7551470588235294,,,,,0,
2016,CAB0199,Trans-Atlantic,consortium,2006,10,7,5687.0,4,None,136.0,109.9,75.1,0,25,37,1,51.6,none,0,0.0,2017.0,True,True,,26.099999999999994,0.8080882352941177,7.200000000000003,-22.5,4.0,0.0,0,
2017,CAB0199,Trans-Atlantic,consortium,2006,11,7,5687.0,4,None,136.0,120.9,28.9,0,25,37,1,53.2,none,0,0.0,2018.0,True,True,,15.099999999999994,0.8889705882352942,11.0,-46.199999999999996,0.0,0.0,0,
2018,CAB0199,Trans-Atlantic,consortium,2006,12,7,5687.0,4,None,136.0,122.0,100.0,0,25,40,0,34.9,none,0,0.0,2019.0,True,True,,14.0,0.8970588235294118,1.0999999999999943,71.1,3.0,0.0,0,
2019,CAB0199,Trans-Atlantic,consortium,2006,13,7,5687.0,4,None,136.0,136.0,67.6,0,25,45,0,36.5,none,0,0.0,2020.0,True,True,,0.0,1.0,14.0,-32.400000000000006,5.0,0.0,0,
2020,CAB0199,Trans-Atlantic,consortium,2006,14,7,5687.0,4,None,136.0,136.0,43.3,0,25,48,0,38.1,none,0,0.0,2021.0,True,True,,0.0,1.0,0.0,-24.299999999999997,3.0,0.0,0,
2021,CAB0199,Trans-Atlantic,consortium,2006,15,7,5687.0,4,None,136.0,136.0,59.6,0,25,50,0,39.7,none,0,0.0,2022.0,True,True,,0.0,1.0,0.0,16.300000000000004,2.0,0.0,0,
2022,CAB0199,Trans-Atlantic,consortium,2006,16,7,5687.0,4,None,136.0,136.0,75.6,0,25,51,0,41.3,none,0,0.0,2023.0,True,True,,0.0,1.0,0.0,15.999999999999993,1.0,0.0,0,
2023,CAB0199,Trans-Atlantic,consortium,2006,17,7,5687.0,4,None,136.0,136.0,62.0,0,25,54,0,42.9,none,0,0.0,2024.0,True,True,,0.0,1.0,0.0,-13.599999999999994,3.0,0.0,0,
2024,CAB0199,Trans-Atlantic,consortium,2006,18,7,5687.0,4,None,136.0,136.0,100.0,0,25,58,0,44.4,none,0,0.0,2025.0,True,True,,0.0,1.0,0.0,38.0,4.0,0.0,0,
2025,CAB0199,Trans-Atlantic,consortium,2006,19,7,5687.0,4,None,136.0,136.0,57.5,0,25,62,0,46.0,none,0,1.0,2026.0,True,True,,0.0,1.0,0.0,-42.5,4.0,0.0,0,
2015,CAB0200,EMEA-Asia,carrier,2013,2,6,11299.0,3,None,176.6,59.3,82.2,1,25,27,1,23.0,none,0,1.0,2016.0,True,True,,117.3,0.3357870894677237,,,,,0,
2016,CAB0200,EMEA-Asia,carrier,2013,3,6,11299.0,3,None,176.6,74.7,46.1,1,25,29,1,24.6,fishing_anchor,1,0.0,2017.0,True,True,,101.89999999999999,0.4229898074745187,15.400000000000006,-36.1,2.0,0.0,0,
2017,CAB0200,EMEA-Asia,carrier,2013,4,6,11299.0,3,None,176.6,102.0,37.7,1,25,32,1,26.2,none,0,0.0,2018.0,True,True,,74.6,0.5775764439411099,27.299999999999997,-8.399999999999999,3.0,1.0,1,1.0
2018,CAB0200,EMEA-Asia,carrier,2013,5,6,11299.0,3,None,176.6,89.5,86.5,1,25,34,1,27.8,none,0,0.0,2019.0,True,True,,87.1,0.5067950169875425,-12.5,48.8,2.0,0.0,1,2.0
2019,CAB0200,EMEA-Asia,carrier,2013,6,6,11299.0,3,None,176.6,101.0,41.8,1,25,37,1,29.4,none,0,0.0,2020.0,True,True,,75.6,0.5719139297848245,11.5,-44.7,3.0,0.0,1,3.0
2020,CAB0200,EMEA-Asia,carrier,2013,7,6,11299.0,3,None,176.6,125.8,53.3,1,25,40,0,11.1,none,0,0.0,2021.0,True,True,,50.8,0.7123442808607021,24.799999999999997,11.5,3.0,0.0,0,4.0
2021,CAB0200,EMEA-Asia,carrier,2013,8,6,11299.0,3,None,176.6,135.3,65.1,1,25,44,0,12.7,none,0,0.0,2022.0,True,True,,41.29999999999998,0.7661381653454135,9.500000000000014,11.799999999999997,4.0,0.0,0,5.0
2022,CAB0200,EMEA-Asia,carrier,2013,9,6,11299.0,3,None,176.6,146.0,100.0,1,25,45,0,14.3,none,0,1.0,2023.0,True,True,,30.599999999999994,0.8267270668176671,10.699999999999989,34.900000000000006,1.0,0.0,0,6.0
2023,CAB0200,EMEA-Asia,carrier,2013,10,6,11299.0,3,None,176.6,147.7,97.9,1,25,47,0,15.9,fishing_anchor,1,0.0,2024.0,True,True,,28.900000000000006,0.8363533408833522,1.6999999999999886,-2.0999999999999943,2.0,0.0,0,7.0
2024,CAB0200,EMEA-Asia,carrier,2013,11,6,11299.0,3,None,176.6,169.9,63.1,1,25,48,0,17.5,none,0,0.0,2025.0,True,True,,6.699999999999989,0.9620611551528879,22.200000000000017,-34.800000000000004,1.0,1.0,1,1.0
2025,CAB0200,EMEA-Asia,carrier,2013,12,6,11299.0,3,None,176.6,172.4,33.9,1,25,47,0,19.0,none,0,0.0,2026.0,True,True,,4.199999999999989,0.9762174405436014,2.5,-29.200000000000003,-1.0,0.0,1,2.0
2023,CAB0201,Indian-Ocean,carrier,2023,0,17,4013.0,5,Bab-el-Mandeb,743.1,137.4,50.2,1,25,40,0,27.8,none,0,0.0,2024.0,True,True,,605.7,0.18490109002826,,,,,0,
2024,CAB0201,Indian-Ocean,carrier,2023,1,17,4013.0,5,Bab-el-Mandeb,743.1,248.2,39.1,1,25,41,0,29.4,none,0,0.0,2025.0,True,True,,494.90000000000003,0.3340061902839456,110.79999999999998,-11.100000000000001,1.0,0.0,0,
2025,CAB0201,Indian-Ocean,carrier,2023,2,17,4013.0,5,Bab-el-Mandeb,743.1,236.0,26.3,1,25,44,0,31.0,none,0,0.0,2026.0,True,True,,507.1,0.3175884806890055,-12.199999999999989,-12.8,3.0,0.0,0,
2015,CAB0202,Intra-Asia,hyperscaler,2008,7,3,5120.0,6,None,66.9,43.5,50.3,1,25,53,0,11.1,none,0,0.0,2016.0,True,True,,23.400000000000006,0.6502242152466368,,,,,0,
2016,CAB0202,Intra-Asia,hyperscaler,2008,8,3,5120.0,6,None,66.9,47.4,42.5,1,25,59,0,12.7,none,0,0.0,2017.0,True,True,,19.500000000000007,0.7085201793721972,3.8999999999999986,-7.799999999999997,6.0,0.0,0,
2017,CAB0202,Intra-Asia,hyperscaler,2008,9,3,5120.0,6,None,66.9,56.3,31.8,1,25,60,0,14.3,none,0,0.0,2018.0,True,True,,10.600000000000009,0.8415545590433482,8.899999999999999,-10.7,1.0,0.0,0,
2018,CAB0202,Intra-Asia,hyperscaler,2008,10,3,5120.0,6,None,66.9,63.9,57.3,1,25,62,0,15.9,none,0,0.0,2019.0,True,True,,3.000000000000007,0.9551569506726456,7.600000000000001,25.499999999999996,2.0,0.0,0,
2019,CAB0202,Intra-Asia,hyperscaler,2008,11,3,5120.0,6,None,66.9,57.4,40.4,1,25,64,0,17.5,none,0,1.0,2020.0,True,True,,9.500000000000007,0.8579970104633781,-6.5,-16.9,2.0,0.0,0,
2020,CAB0202,Intra-Asia,hyperscaler,2008,12,3,5120.0,6,None,66.9,66.9,96.9,1,25,66,0,19.0,natural_hazard,1,0.0,2021.0,True,True,,0.0,1.0,9.500000000000007,56.50000000000001,2.0,0.0,0,
2021,CAB0202,Intra-Asia,hyperscaler,2008,13,3,5120.0,6,None,66.9,66.9,37.7,1,25,69,0,20.6,none,0,0.0,2022.0,True,True,,0.0,1.0,0.0,-59.2,3.0,1.0,1,1.0
2022,CAB0202,Intra-Asia,hyperscaler,2008,14,3,5120.0,6,None,66.9,66.9,73.4,1,25,70,0,22.2,none,0,0.0,2023.0,True,True,,0.0,1.0,0.0,35.7,1.0,0.0,1,2.0
2023,CAB0202,Intra-Asia,hyperscaler,2008,15,3,5120.0,6,None,66.9,66.9,61.5,1,25,70,0,23.8,none,0,0.0,2024.0,True,True,,0.0,1.0,0.0,-11.900000000000006,0.0,0.0,1,3.0
2024,CAB0202,Intra-Asia,hyperscaler,2008,16,3,5120.0,6,None,66.9,66.9,100.0,1,25,75,0,25.4,none,0,0.0,2025.0,True,True,,0.0,1.0,0.0,38.5,5.0,0.0,0,4.0
2025,CAB0202,Intra-Asia,hyperscaler,2008,17,3,5120.0,6,None,66.9,66.9,61.1,1,25,77,0,27.0,none,0,0.0,2026.0,True,True,,0.0,1.0,0.0,-38.9,2.0,0.0,0,5.0
2015,CAB0203,Africa-Coastal,hyperscaler,2001,14,16,11761.0,3,None,196.6,196.6,59.4,1,25,36,1,42.1,fishing_anchor,1,1.0,2016.0,True,True,,0.0,1.0,,,,,0,
2016,CAB0203,Africa-Coastal,hyperscaler,2001,15,16,11761.0,3,None,196.6,196.6,60.9,1,25,37,1,43.7,fishing_anchor,1,0.0,2017.0,True,True,,0.0,1.0,0.0,1.5,1.0,1.0,1,1.0
2017,CAB0203,Africa-Coastal,hyperscaler,2001,16,16,11761.0,3,None,196.6,196.6,71.8,1,25,40,0,25.4,none,0,0.0,2018.0,True,True,,0.0,1.0,0.0,10.899999999999999,3.0,1.0,2,1.0
2018,CAB0203,Africa-Coastal,hyperscaler,2001,17,16,11761.0,3,None,196.6,196.6,79.7,1,25,40,0,27.0,none,0,0.0,2019.0,True,True,,0.0,1.0,0.0,7.900000000000006,0.0,0.0,2,2.0
2019,CAB0203,Africa-Coastal,hyperscaler,2001,18,16,11761.0,3,None,196.6,196.6,62.3,1,25,42,0,28.6,none,0,1.0,2020.0,True,True,,0.0,1.0,0.0,-17.400000000000006,2.0,0.0,1,3.0
2020,CAB0203,Africa-Coastal,hyperscaler,2001,19,16,11761.0,3,None,196.6,196.6,97.5,1,25,43,0,30.2,fishing_anchor,1,1.0,2021.0,True,True,,0.0,1.0,0.0,35.2,1.0,0.0,0,4.0
2021,CAB0203,Africa-Coastal,hyperscaler,2001,20,16,11761.0,3,None,196.6,196.6,64.3,1,25,44,0,31.7,fishing_anchor,1,1.0,2022.0,True,True,,0.0,1.0,0.0,-33.2,1.0,1.0,1,1.0
2022,CAB0203,Africa-Coastal,hyperscaler,2001,21,16,11761.0,3,None,196.6,196.6,98.2,1,25,45,0,33.3,equipment,1,0.0,2023.0,True,True,,0.0,1.0,0.0,33.900000000000006,1.0,1.0,2,1.0
2023,CAB0203,Africa-Coastal,hyperscaler,2001,22,16,11761.0,3,None,196.6,196.6,100.0,1,25,47,0,34.9,none,0,0.0,2024.0,True,True,,0.0,1.0,0.0,1.7999999999999972,2.0,1.0,3,1.0
2024,CAB0203,Africa-Coastal,hyperscaler,2001,23,16,11761.0,3,None,196.6,196.6,83.1,1,25,49,0,36.5,none,0,0.0,2025.0,True,True,,0.0,1.0,0.0,-16.900000000000006,2.0,0.0,2,2.0
2025,CAB0203,Africa-Coastal,hyperscaler,2001,24,16,11761.0,3,None,196.6,196.6,67.1,1,25,52,0,38.1,none,0,1.0,2026.0,True,True,,0.0,1.0,0.0,-16.0,3.0,0.0,1,3.0
2020,CAB0204,Intra-Asia,consortium,2020,0,8,2240.0,2,Luzon-Strait,315.4,76.1,27.9,1,25,66,0,39.7,fishing_anchor,1,1.0,2021.0,True,True,,239.29999999999998,0.24128091312618896,,,,,0,
2021,CAB0204,Intra-Asia,consortium,2020,1,8,2240.0,2,Luzon-Strait,315.4,87.9,66.5,1,25,69,0,41.3,fishing_anchor,1,0.0,2022.0,True,True,,227.49999999999997,0.27869372225745087,11.800000000000011,38.6,3.0,1.0,1,1.0
2022,CAB0204,Intra-Asia,consortium,2020,2,8,2240.0,2,Luzon-Strait,315.4,132.2,82.4,1,25,70,0,42.9,none,0,1.0,2023.0,True,True,,183.2,0.41915028535193405,44.29999999999998,15.900000000000006,1.0,1.0,2,1.0
2023,CAB0204,Intra-Asia,consortium,2020,3,8,2240.0,2,Luzon-Strait,315.4,131.5,10.0,1,25,70,0,44.4,natural_hazard,1,0.0,2024.0,True,True,,183.89999999999998,0.41693088142041856,-0.6999999999999886,-72.4,0.0,0.0,2,2.0
2024,CAB0204,Intra-Asia,consortium,2020,4,8,2240.0,2,Luzon-Strait,315.4,163.3,34.5,1,25,75,0,46.0,none,0,1.0,2025.0,True,True,,152.09999999999997,0.5177552314521243,31.80000000000001,24.5,5.0,1.0,2,1.0
2025,CAB0204,Intra-Asia,consortium,2020,5,8,2240.0,2,Luzon-Strait,315.4,196.6,60.4,1,25,77,0,47.6,fishing_anchor,1,0.0,2026.0,True,True,,118.79999999999998,0.6233354470513633,33.29999999999998,25.9,2.0,0.0,1,2.0
2015,CAB0205,Indian-Ocean,consortium,2007,8,7,7556.0,6,Suez,146.0,114.7,56.1,0,25,31,1,76.2,natural_hazard,1,0.0,2016.0,True,True,,31.299999999999997,0.7856164383561643,,,,,0,
2016,CAB0205,Indian-Ocean,consortium,2007,9,7,7556.0,6,Suez,146.0,122.7,75.6,0,25,33,1,77.8,none,0,1.0,2017.0,True,True,,23.299999999999997,0.8404109589041097,8.0,19.499999999999993,2.0,1.0,1,1.0
2017,CAB0205,Indian-Ocean,consortium,2007,10,7,7556.0,6,Suez,146.0,129.0,22.8,0,25,33,1,79.4,fishing_anchor,1,1.0,2018.0,True,True,,17.0,0.8835616438356164,6.299999999999997,-52.8,0.0,0.0,1,2.0
2018,CAB0205,Indian-Ocean,consortium,2007,11,7,7556.0,6,Suez,146.0,130.2,54.2,0,25,35,1,81.0,natural_hazard,1,0.0,2019.0,True,True,,15.800000000000011,0.8917808219178082,1.1999999999999886,31.400000000000002,2.0,1.0,2,1.0
2019,CAB0205,Indian-Ocean,consortium,2007,12,7,7556.0,6,Suez,146.0,135.8,85.8,0,25,35,1,82.5,none,0,0.0,2020.0,True,True,,10.199999999999989,0.93013698630137,5.600000000000023,31.599999999999994,0.0,1.0,2,1.0
2020,CAB0205,Indian-Ocean,consortium,2007,13,7,7556.0,6,Suez,146.0,144.3,73.1,0,25,36,1,84.1,none,0,0.0,2021.0,True,True,,1.6999999999999886,0.9883561643835618,8.5,-12.700000000000003,1.0,0.0,2,2.0
2021,CAB0205,Indian-Ocean,consortium,2007,14,7,7556.0,6,Suez,146.0,146.0,94.4,0,25,39,1,85.7,none,0,0.0,2022.0,True,True,,0.0,1.0,1.6999999999999886,21.30000000000001,3.0,0.0,1,3.0
2022,CAB0205,Indian-Ocean,consortium,2007,15,7,7556.0,6,Suez,146.0,146.0,66.4,0,25,39,1,87.3,none,0,0.0,2023.0,True,True,,0.0,1.0,0.0,-28.0,0.0,0.0,0,4.0
2023,CAB0205,Indian-Ocean,consortium,2007,16,7,7556.0,6,Suez,146.0,146.0,55.7,0,25,40,0,69.0,none,0,0.0,2024.0,True,True,,0.0,1.0,0.0,-10.700000000000003,1.0,0.0,0,5.0
2024,CAB0205,Indian-Ocean,consortium,2007,17,7,7556.0,6,Suez,146.0,146.0,68.1,0,25,41,0,70.6,none,0,0.0,2025.0,True,True,,0.0,1.0,0.0,12.399999999999991,1.0,0.0,0,6.0
2025,CAB0205,Indian-Ocean,consortium,2007,18,7,7556.0,6,Suez,146.0,146.0,42.5,0,25,44,0,72.2,none,0,0.0,2026.0,True,True,,0.0,1.0,0.0,-25.599999999999994,3.0,0.0,0,7.0
2016,CAB0206,Trans-Atlantic,carrier,2016,0,4,5927.0,6,None,134.9,33.1,54.6,0,25,37,1,35.7,none,0,0.0,2017.0,True,True,,101.80000000000001,0.2453669384729429,,,,,0,
2017,CAB0206,Trans-Atlantic,carrier,2016,1,4,5927.0,6,None,134.9,62.9,46.4,0,25,37,1,37.3,none,0,0.0,2018.0,True,True,,72.0,0.4662713120830244,29.799999999999997,-8.200000000000003,0.0,0.0,0,
2018,CAB0206,Trans-Atlantic,carrier,2016,2,4,5927.0,6,None,134.9,41.2,35.6,0,25,40,0,19.0,none,0,1.0,2019.0,True,True,,93.7,0.30541141586360265,-21.699999999999996,-10.799999999999997,3.0,0.0,0,
2019,CAB0206,Trans-Atlantic,carrier,2016,3,4,5927.0,6,None,134.9,54.2,37.6,0,25,45,0,20.6,fishing_anchor,1,0.0,2020.0,True,True,,80.7,0.4017790956263899,13.0,2.0,5.0,0.0,0,
2020,CAB0206,Trans-Atlantic,carrier,2016,4,4,5927.0,6,None,134.9,66.4,66.4,0,25,48,0,22.2,none,0,0.0,2021.0,True,True,,68.5,0.4922164566345441,12.200000000000003,28.800000000000004,3.0,1.0,1,1.0
2021,CAB0206,Trans-Atlantic,carrier,2016,5,4,5927.0,6,None,134.9,74.4,42.8,0,25,50,0,23.8,none,0,0.0,2022.0,True,True,,60.5,0.5515196441808747,8.0,-23.60000000000001,2.0,0.0,1,2.0
2022,CAB0206,Trans-Atlantic,carrier,2016,6,4,5927.0,6,None,134.9,79.6,47.1,0,25,51,0,25.4,none,0,0.0,2023.0,True,True,,55.30000000000001,0.5900667160859896,5.199999999999989,4.300000000000004,1.0,0.0,1,3.0
2023,CAB0206,Trans-Atlantic,carrier,2016,7,4,5927.0,6,None,134.9,84.9,67.1,0,25,54,0,27.0,none,0,0.0,2024.0,True,True,,50.0,0.6293550778354337,5.300000000000011,19.999999999999993,3.0,0.0,0,4.0
2024,CAB0206,Trans-Atlantic,carrier,2016,8,4,5927.0,6,None,134.9,111.8,91.4,0,25,58,0,28.6,none,0,0.0,2025.0,True,True,,23.10000000000001,0.8287620459599703,26.89999999999999,24.30000000000001,4.0,0.0,0,5.0
2025,CAB0206,Trans-Atlantic,carrier,2016,9,4,5927.0,6,None,134.9,107.6,84.9,0,25,62,0,30.2,none,0,0.0,2026.0,True,True,,27.30000000000001,0.7976278724981467,-4.200000000000003,-6.5,4.0,0.0,0,6.0
2015,CAB0207,Americas,consortium,2000,15,16,2194.0,8,Panama,173.7,173.7,90.2,1,25,28,1,71.4,none,0,1.0,2016.0,True,True,,0.0,1.0,,,,,0,
2016,CAB0207,Americas,consortium,2000,16,16,2194.0,8,Panama,173.7,173.7,60.3,1,25,29,1,73.0,fishing_anchor,1,0.0,2017.0,True,True,,0.0,1.0,0.0,-29.900000000000006,1.0,0.0,0,
2017,CAB0207,Americas,consortium,2000,17,16,2194.0,8,Panama,173.7,173.7,100.0,1,25,29,1,74.6,none,0,0.0,2018.0,True,True,,0.0,1.0,0.0,39.7,0.0,1.0,1,1.0
2018,CAB0207,Americas,consortium,2000,18,16,2194.0,8,Panama,173.7,173.7,54.0,1,25,31,1,76.2,none,0,1.0,2019.0,True,True,,0.0,1.0,0.0,-46.0,2.0,0.0,1,2.0
2019,CAB0207,Americas,consortium,2000,19,16,2194.0,8,Panama,173.7,173.7,51.0,1,25,32,1,77.8,fishing_anchor,1,0.0,2020.0,True,True,,0.0,1.0,0.0,-3.0,1.0,0.0,1,3.0
2020,CAB0207,Americas,consortium,2000,20,16,2194.0,8,Panama,173.7,173.7,58.8,1,25,33,1,79.4,none,0,1.0,2021.0,True,True,,0.0,1.0,0.0,7.799999999999997,1.0,1.0,1,1.0
2021,CAB0207,Americas,consortium,2000,21,16,2194.0,8,Panama,173.7,173.7,100.0,1,25,37,1,81.0,fishing_anchor,1,1.0,2022.0,True,True,,0.0,1.0,0.0,41.2,4.0,0.0,1,2.0
2022,CAB0207,Americas,consortium,2000,22,16,2194.0,8,Panama,173.7,173.7,100.0,1,25,37,1,82.5,natural_hazard,1,0.0,2023.0,True,True,,0.0,1.0,0.0,0.0,0.0,1.0,2,1.0
2023,CAB0207,Americas,consortium,2000,23,16,2194.0,8,Panama,173.7,173.7,100.0,1,25,37,1,84.1,none,0,0.0,2024.0,True,True,,0.0,1.0,0.0,0.0,0.0,1.0,2,1.0
2024,CAB0207,Americas,consortium,2000,24,16,2194.0,8,Panama,173.7,173.7,94.0,1,25,39,1,85.7,none,0,1.0,2025.0,True,True,,0.0,1.0,0.0,-6.0,2.0,0.0,2,2.0
2025,CAB0207,Americas,consortium,2000,25,16,2194.0,8,Panama,173.7,173.7,91.4,1,25,39,1,87.3,fishing_anchor,1,1.0,2026.0,True,True,,0.0,1.0,0.0,-2.5999999999999943,0.0,0.0,1,3.0
2016,CAB0208,Americas,consortium,2016,0,19,2781.0,4,None,640.6,198.4,22.8,1,25,29,1,19.8,none,0,0.0,2017.0,True,True,,442.20000000000005,0.3097096472057446,,,,,0,
2017,CAB0208,Americas,consortium,2016,1,19,2781.0,4,None,640.6,179.8,18.6,1,25,29,1,21.4,none,0,0.0,2018.0,True,True,,460.8,0.28067436778020605,-18.599999999999994,-4.199999999999999,0.0,0.0,0,
2018,CAB0208,Americas,consortium,2016,2,19,2781.0,4,None,640.6,212.9,39.1,1,25,31,1,23.0,none,0,0.0,2019.0,True,True,,427.70000000000005,0.33234467686543867,33.099999999999994,20.5,2.0,0.0,0,
2019,CAB0208,Americas,consortium,2016,3,19,2781.0,4,None,640.6,258.4,35.3,1,25,32,1,24.6,none,0,1.0,2020.0,True,True,,382.20000000000005,0.40337183890103023,45.49999999999997,-3.8000000000000043,1.0,0.0,0,
2020,CAB0208,Americas,consortium,2016,4,19,2781.0,4,None,640.6,286.4,60.4,1,25,33,1,26.2,fishing_anchor,1,0.0,2021.0,True,True,,354.20000000000005,0.44708086169216354,28.0,25.1,1.0,0.0,0,
2021,CAB0208,Americas,consortium,2016,5,19,2781.0,4,None,640.6,284.0,26.5,1,25,37,1,27.8,none,0,0.0,2022.0,True,True,,356.6,0.44333437402435216,-2.3999999999999773,-33.9,4.0,1.0,1,1.0
2022,CAB0208,Americas,consortium,2016,6,19,2781.0,4,None,640.6,372.4,28.0,1,25,37,1,29.4,none,0,0.0,2023.0,True,True,,268.20000000000005,0.581330003122073,88.39999999999998,1.5,0.0,0.0,1,2.0
2023,CAB0208,Americas,consortium,2016,7,19,2781.0,4,None,640.6,413.5,92.9,1,25,37,1,31.0,none,0,0.0,2024.0,True,True,,227.10000000000002,0.6454886044333438,41.10000000000002,64.9,0.0,0.0,1,3.0
2024,CAB0208,Americas,consortium,2016,8,19,2781.0,4,None,640.6,474.5,28.9,1,25,39,1,32.5,none,0,0.0,2025.0,True,True,,166.10000000000002,0.7407118326568841,61.0,-64.0,2.0,0.0,0,4.0
2025,CAB0208,Americas,consortium,2016,9,19,2781.0,4,None,640.6,482.1,65.6,1,25,39,1,34.1,none,0,0.0,2026.0,True,True,,158.5,0.7525757102716204,7.600000000000023,36.699999999999996,0.0,0.0,0,5.0
2019,CAB0209,Africa-Coastal,consortium,2019,0,8,14104.0,6,None,304.0,48.7,11.2,0,25,42,0,15.9,none,0,0.0,2020.0,True,True,,255.3,0.16019736842105264,,,,,0,
2020,CAB0209,Africa-Coastal,consortium,2019,1,8,14104.0,6,None,304.0,95.8,71.5,0,25,43,0,17.5,none,0,0.0,2021.0,True,True,,208.2,0.31513157894736843,47.099999999999994,60.3,1.0,0.0,0,
2021,CAB0209,Africa-Coastal,consortium,2019,2,8,14104.0,6,None,304.0,130.0,41.5,0,25,44,0,19.0,none,0,0.0,2022.0,True,True,,174.0,0.4276315789473684,34.2,-30.0,1.0,0.0,0,
2022,CAB0209,Africa-Coastal,consortium,2019,3,8,14104.0,6,None,304.0,155.9,64.0,0,25,45,0,20.6,none,0,0.0,2023.0,True,True,,148.1,0.5128289473684211,25.900000000000006,22.5,1.0,0.0,0,
2023,CAB0209,Africa-Coastal,consortium,2019,4,8,14104.0,6,None,304.0,112.2,55.1,0,25,47,0,22.2,none,0,0.0,2024.0,True,True,,191.8,0.36907894736842106,-43.7,-8.899999999999999,2.0,0.0,0,
2024,CAB0209,Africa-Coastal,consortium,2019,5,8,14104.0,6,None,304.0,167.7,65.6,0,25,49,0,23.8,none,0,0.0,2025.0,True,True,,136.3,0.5516447368421052,55.499999999999986,10.499999999999993,2.0,0.0,0,
2025,CAB0209,Africa-Coastal,consortium,2019,6,8,14104.0,6,None,304.0,190.9,35.7,0,25,52,0,25.4,none,0,0.0,2026.0,True,True,,113.1,0.6279605263157895,23.200000000000017,-29.89999999999999,3.0,0.0,0,
2015,CAB0210,Trans-Atlantic,hyperscaler,2004,11,4,6847.0,5,None,66.3,55.9,49.4,1,25,33,1,37.3,fishing_anchor,1,0.0,2016.0,True,True,,10.399999999999999,0.8431372549019608,,,,,0,
2016,CAB0210,Trans-Atlantic,hyperscaler,2004,12,4,6847.0,5,None,66.3,64.3,100.0,1,25,37,1,38.9,none,0,1.0,2017.0,True,True,,2.0,0.9698340874811463,8.399999999999999,50.6,4.0,1.0,1,1.0
2017,CAB0210,Trans-Atlantic,hyperscaler,2004,13,4,6847.0,5,None,66.3,66.3,70.6,1,25,37,1,40.5,fishing_anchor,1,0.0,2018.0,True,True,,0.0,1.0,2.0,-29.400000000000006,0.0,0.0,1,2.0
2018,CAB0210,Trans-Atlantic,hyperscaler,2004,14,4,6847.0,5,None,66.3,66.3,56.4,1,25,40,0,22.2,none,0,0.0,2019.0,True,True,,0.0,1.0,0.0,-14.199999999999996,3.0,1.0,2,1.0
2019,CAB0210,Trans-Atlantic,hyperscaler,2004,15,4,6847.0,5,None,66.3,66.3,54.7,1,25,45,0,23.8,none,0,0.0,2020.0,True,True,,0.0,1.0,0.0,-1.6999999999999957,5.0,0.0,1,2.0
2020,CAB0210,Trans-Atlantic,hyperscaler,2004,16,4,6847.0,5,None,66.3,66.3,47.4,1,25,48,0,25.4,none,0,0.0,2021.0,True,True,,0.0,1.0,0.0,-7.300000000000004,3.0,0.0,1,3.0
2021,CAB0210,Trans-Atlantic,hyperscaler,2004,17,4,6847.0,5,None,66.3,66.3,91.3,1,25,50,0,27.0,none,0,0.0,2022.0,True,True,,0.0,1.0,0.0,43.9,2.0,0.0,0,4.0
2022,CAB0210,Trans-Atlantic,hyperscaler,2004,18,4,6847.0,5,None,66.3,66.3,47.0,1,25,51,0,28.6,none,0,0.0,2023.0,True,True,,0.0,1.0,0.0,-44.3,1.0,0.0,0,5.0
2023,CAB0210,Trans-Atlantic,hyperscaler,2004,19,4,6847.0,5,None,66.3,66.3,46.8,1,25,54,0,30.2,none,0,1.0,2024.0,True,True,,0.0,1.0,0.0,-0.20000000000000284,3.0,0.0,0,6.0
2024,CAB0210,Trans-Atlantic,hyperscaler,2004,20,4,6847.0,5,None,66.3,66.3,97.6,1,25,58,0,31.7,fishing_anchor,1,0.0,2025.0,True,True,,0.0,1.0,0.0,50.8,4.0,0.0,0,7.0
2025,CAB0210,Trans-Atlantic,hyperscaler,2004,21,4,6847.0,5,None,66.3,66.3,100.0,1,25,62,0,33.3,none,0,0.0,2026.0,True,True,,0.0,1.0,0.0,2.4000000000000057,4.0,1.0,1,1.0
2021,CAB0211,EMEA-Asia,hyperscaler,2021,0,8,14185.0,6,Hormuz,326.9,93.2,4.4,1,25,44,0,27.8,none,0,0.0,2022.0,True,True,,233.7,0.2851024778219639,,,,,0,
2022,CAB0211,EMEA-Asia,hyperscaler,2021,1,8,14185.0,6,Hormuz,326.9,91.9,73.0,1,25,45,0,29.4,none,0,0.0,2023.0,True,True,,234.99999999999997,0.2811257265218722,-1.2999999999999972,68.6,1.0,0.0,0,
2023,CAB0211,EMEA-Asia,hyperscaler,2021,2,8,14185.0,6,Hormuz,326.9,88.5,70.4,1,25,47,0,31.0,none,0,0.0,2024.0,True,True,,238.39999999999998,0.2707249923524014,-3.4000000000000057,-2.5999999999999943,2.0,0.0,0,
2024,CAB0211,EMEA-Asia,hyperscaler,2021,3,8,14185.0,6,Hormuz,326.9,126.9,57.4,1,25,48,0,32.5,none,0,0.0,2025.0,True,True,,199.99999999999997,0.38819210767818907,38.400000000000006,-13.000000000000007,1.0,0.0,0,
2025,CAB0211,EMEA-Asia,hyperscaler,2021,4,8,14185.0,6,Hormuz,326.9,149.7,31.3,1,25,47,0,34.1,none,0,1.0,2026.0,True,True,,177.2,0.4579382074028755,22.799999999999983,-26.099999999999998,-1.0,0.0,0,
2015,CAB0212,Intra-Europe,carrier,2014,1,9,2376.0,7,None,277.7,86.0,41.4,1,25,41,0,1.6,none,0,0.0,2016.0,True,True,,191.7,0.3096867122794383,,,,,0,
2016,CAB0212,Intra-Europe,carrier,2014,2,9,2376.0,7,None,277.7,104.2,21.5,1,25,42,0,3.2,none,0,0.0,2017.0,True,True,,173.5,0.37522506301764497,18.200000000000003,-19.9,1.0,0.0,0,
2017,CAB0212,Intra-Europe,carrier,2014,3,9,2376.0,7,None,277.7,143.6,32.6,1,25,44,0,4.8,none,0,0.0,2018.0,True,True,,134.1,0.5171047893410154,39.39999999999999,11.100000000000001,2.0,0.0,0,
2018,CAB0212,Intra-Europe,carrier,2014,4,9,2376.0,7,None,277.7,153.0,55.6,1,25,45,0,6.3,none,0,0.0,2019.0,True,True,,124.69999999999999,0.5509542671948146,9.400000000000006,23.0,1.0,0.0,0,
2019,CAB0212,Intra-Europe,carrier,2014,5,9,2376.0,7,None,277.7,170.1,50.2,1,25,47,0,7.9,none,0,0.0,2020.0,True,True,,107.6,0.6125315088224703,17.099999999999994,-5.399999999999999,2.0,0.0,0,
2020,CAB0212,Intra-Europe,carrier,2014,6,9,2376.0,7,None,277.7,172.8,34.0,1,25,49,0,9.5,none,0,0.0,2021.0,True,True,,104.89999999999998,0.6222542311847318,2.700000000000017,-16.200000000000003,2.0,0.0,0,
2021,CAB0212,Intra-Europe,carrier,2014,7,9,2376.0,7,None,277.7,187.1,23.4,1,25,49,0,11.1,none,0,0.0,2022.0,True,True,,90.6,0.6737486496218942,14.299999999999983,-10.600000000000001,0.0,0.0,0,
2022,CAB0212,Intra-Europe,carrier,2014,8,9,2376.0,7,None,277.7,205.1,80.2,1,25,52,0,12.7,none,0,0.0,2023.0,True,True,,72.6,0.7385667987036371,18.0,56.800000000000004,3.0,0.0,0,
2023,CAB0212,Intra-Europe,carrier,2014,9,9,2376.0,7,None,277.7,228.7,68.5,1,25,53,0,14.3,none,0,0.0,2024.0,True,True,,49.0,0.8235505941663666,23.599999999999994,-11.700000000000003,1.0,0.0,0,
2024,CAB0212,Intra-Europe,carrier,2014,10,9,2376.0,7,None,277.7,241.3,86.0,1,25,53,0,15.9,none,0,0.0,2025.0,True,True,,36.39999999999998,0.8689232985235866,12.600000000000023,17.5,0.0,0.0,0,
2025,CAB0212,Intra-Europe,carrier,2014,11,9,2376.0,7,None,277.7,265.2,38.1,1,25,58,0,17.5,none,0,0.0,2026.0,True,True,,12.5,0.9549873964710118,23.899999999999977,-47.9,5.0,0.0,0,
2015,CAB0213,Trans-Pacific,government,2004,11,19,13864.0,3,None,314.9,277.6,40.9,0,25,35,1,53.2,none,0,0.0,2016.0,True,True,,37.299999999999955,0.8815496983169261,,,,,0,
2016,CAB0213,Trans-Pacific,government,2004,12,19,13864.0,3,None,314.9,308.7,76.4,0,25,37,1,54.8,none,0,0.0,2017.0,True,True,,6.199999999999989,0.9803112099079073,31.099999999999966,35.50000000000001,2.0,0.0,0,
2017,CAB0213,Trans-Pacific,government,2004,13,19,13864.0,3,None,314.9,314.9,66.6,0,25,38,1,56.3,none,0,0.0,2018.0,True,True,,0.0,1.0,6.199999999999989,-9.800000000000011,1.0,0.0,0,
2018,CAB0213,Trans-Pacific,government,2004,14,19,13864.0,3,None,314.9,314.9,89.0,0,25,39,1,57.9,none,0,0.0,2019.0,True,True,,0.0,1.0,0.0,22.400000000000006,1.0,0.0,0,
2019,CAB0213,Trans-Pacific,government,2004,15,19,13864.0,3,None,314.9,314.9,62.3,0,25,41,0,39.7,none,0,0.0,2020.0,True,True,,0.0,1.0,0.0,-26.700000000000003,2.0,0.0,0,
2020,CAB0213,Trans-Pacific,government,2004,16,19,13864.0,3,None,314.9,314.9,100.0,0,25,42,0,41.3,none,0,0.0,2021.0,True,True,,0.0,1.0,0.0,37.7,1.0,0.0,0,
2021,CAB0213,Trans-Pacific,government,2004,17,19,13864.0,3,None,314.9,314.9,55.0,0,25,43,0,42.9,none,0,0.0,2022.0,True,True,,0.0,1.0,0.0,-45.0,1.0,0.0,0,
2022,CAB0213,Trans-Pacific,government,2004,18,19,13864.0,3,None,314.9,314.9,65.0,0,25,45,0,44.4,none,0,0.0,2023.0,True,True,,0.0,1.0,0.0,10.0,2.0,0.0,0,
2023,CAB0213,Trans-Pacific,government,2004,19,19,13864.0,3,None,314.9,314.9,77.8,0,25,47,0,46.0,none,0,1.0,2024.0,True,True,,0.0,1.0,0.0,12.799999999999997,2.0,0.0,0,
2024,CAB0213,Trans-Pacific,government,2004,20,19,13864.0,3,None,314.9,314.9,96.3,0,25,49,0,47.6,fishing_anchor,1,0.0,2025.0,True,True,,0.0,1.0,0.0,18.5,2.0,0.0,0,
2025,CAB0213,Trans-Pacific,government,2004,21,19,13864.0,3,None,314.9,314.9,90.9,0,25,50,0,49.2,none,0,0.0,2026.0,True,True,,0.0,1.0,0.0,-5.3999999999999915,1.0,1.0,1,1.0
2015,CAB0214,Intra-Pacific-Islands,hyperscaler,2004,11,29,1615.0,4,None,480.6,428.9,47.3,1,25,28,1,37.3,none,0,1.0,2016.0,True,True,,51.700000000000045,0.8924261339991676,,,,,0,
2016,CAB0214,Intra-Pacific-Islands,hyperscaler,2004,12,29,1615.0,4,None,480.6,440.6,48.7,1,25,29,1,38.9,fishing_anchor,1,1.0,2017.0,True,True,,40.0,0.9167707032875573,11.700000000000045,1.4000000000000057,1.0,0.0,0,
2017,CAB0214,Intra-Pacific-Islands,hyperscaler,2004,13,29,1615.0,4,None,480.6,470.7,100.0,1,25,29,1,40.5,natural_hazard,1,0.0,2018.0,True,True,,9.900000000000034,0.9794007490636704,30.099999999999966,51.3,0.0,1.0,1,1.0
2018,CAB0214,Intra-Pacific-Islands,hyperscaler,2004,14,29,1615.0,4,None,480.6,480.6,76.0,1,25,30,1,42.1,none,0,0.0,2019.0,True,True,,0.0,1.0,9.900000000000034,-24.0,1.0,1.0,2,1.0
2019,CAB0214,Intra-Pacific-Islands,hyperscaler,2004,15,29,1615.0,4,None,480.6,480.6,38.2,1,25,35,1,43.7,none,0,0.0,2020.0,True,True,,0.0,1.0,0.0,-37.8,5.0,0.0,2,2.0
2020,CAB0214,Intra-Pacific-Islands,hyperscaler,2004,16,29,1615.0,4,None,480.6,480.6,71.6,1,25,40,0,25.4,none,0,0.0,2021.0,True,True,,0.0,1.0,0.0,33.39999999999999,5.0,0.0,1,3.0
2021,CAB0214,Intra-Pacific-Islands,hyperscaler,2004,17,29,1615.0,4,None,480.6,480.6,86.8,1,25,41,0,27.0,none,0,0.0,2022.0,True,True,,0.0,1.0,0.0,15.200000000000003,1.0,0.0,0,4.0
2022,CAB0214,Intra-Pacific-Islands,hyperscaler,2004,18,29,1615.0,4,None,480.6,480.6,83.3,1,25,43,0,28.6,none,0,0.0,2023.0,True,True,,0.0,1.0,0.0,-3.5,2.0,0.0,0,5.0
2023,CAB0214,Intra-Pacific-Islands,hyperscaler,2004,19,29,1615.0,4,None,480.6,480.6,75.5,1,25,45,0,30.2,none,0,0.0,2024.0,True,True,,0.0,1.0,0.0,-7.799999999999997,2.0,0.0,0,6.0
2024,CAB0214,Intra-Pacific-Islands,hyperscaler,2004,20,29,1615.0,4,None,480.6,480.6,100.0,1,25,48,0,31.7,none,0,0.0,2025.0,True,True,,0.0,1.0,0.0,24.5,3.0,0.0,0,7.0
2025,CAB0214,Intra-Pacific-Islands,hyperscaler,2004,21,29,1615.0,4,None,480.6,480.6,83.9,1,25,50,0,33.3,none,0,0.0,2026.0,True,True,,0.0,1.0,0.0,-16.099999999999994,2.0,0.0,0,8.0
2015,CAB0215,Intra-Pacific-Islands,consortium,2007,8,5,2636.0,2,None,104.3,69.5,47.4,1,25,28,1,44.4,none,0,0.0,2016.0,True,True,,34.8,0.666347075743049,,,,,0,
2016,CAB0215,Intra-Pacific-Islands,consortium,2007,9,5,2636.0,2,None,104.3,85.2,56.6,1,25,29,1,46.0,none,0,0.0,2017.0,True,True,,19.099999999999994,0.8168744007670182,15.700000000000003,9.200000000000003,1.0,0.0,0,
2017,CAB0215,Intra-Pacific-Islands,consortium,2007,10,5,2636.0,2,None,104.3,92.2,75.1,1,25,29,1,47.6,none,0,0.0,2018.0,True,True,,12.099999999999994,0.8839884947267498,7.0,18.499999999999993,0.0,0.0,0,
2018,CAB0215,Intra-Pacific-Islands,consortium,2007,11,5,2636.0,2,None,104.3,95.6,82.5,1,25,30,1,49.2,none,0,0.0,2019.0,True,True,,8.700000000000003,0.9165867689357622,3.3999999999999915,7.400000000000006,1.0,0.0,0,
2019,CAB0215,Intra-Pacific-Islands,consortium,2007,12,5,2636.0,2,None,104.3,98.2,46.8,1,25,35,1,50.8,none,0,0.0,2020.0,True,True,,6.099999999999994,0.9415148609779482,2.6000000000000085,-35.7,5.0,0.0,0,
2020,CAB0215,Intra-Pacific-Islands,consortium,2007,13,5,2636.0,2,None,104.3,104.3,78.5,1,25,40,0,32.5,none,0,0.0,2021.0,True,True,,0.0,1.0,6.099999999999994,31.700000000000003,5.0,0.0,0,
2021,CAB0215,Intra-Pacific-Islands,consortium,2007,14,5,2636.0,2,None,104.3,104.3,71.9,1,25,41,0,34.1,none,0,0.0,2022.0,True,True,,0.0,1.0,0.0,-6.599999999999994,1.0,0.0,0,
2022,CAB0215,Intra-Pacific-Islands,consortium,2007,15,5,2636.0,2,None,104.3,104.3,48.5,1,25,43,0,35.7,none,0,0.0,2023.0,True,True,,0.0,1.0,0.0,-23.400000000000006,2.0,0.0,0,
2023,CAB0215,Intra-Pacific-Islands,consortium,2007,16,5,2636.0,2,None,104.3,104.3,43.2,1,25,45,0,37.3,none,0,0.0,2024.0,True,True,,0.0,1.0,0.0,-5.299999999999997,2.0,0.0,0,
2024,CAB0215,Intra-Pacific-Islands,consortium,2007,17,5,2636.0,2,None,104.3,104.3,47.3,1,25,48,0,38.9,none,0,0.0,2025.0,True,True,,0.0,1.0,0.0,4.099999999999994,3.0,0.0,0,
2025,CAB0215,Intra-Pacific-Islands,consortium,2007,18,5,2636.0,2,None,104.3,104.3,71.6,1,25,50,0,40.5,none,0,0.0,2026.0,True,True,,0.0,1.0,0.0,24.299999999999997,2.0,0.0,0,
2025,CAB0216,Trans-Atlantic,consortium,2025,0,25,7065.0,5,None,1164.3,314.7,56.6,1,25,62,0,0.0,none,0,0.0,2026.0,True,True,,849.5999999999999,0.270291162071631,,,,,0,
2015,CAB0217,Indian-Ocean,carrier,2011,4,12,5251.0,4,None,318.9,161.9,46.5,1,25,31,1,26.2,none,0,0.0,2016.0,True,True,,156.99999999999997,0.5076826591407966,,,,,0,
2016,CAB0217,Indian-Ocean,carrier,2011,5,12,5251.0,4,None,318.9,167.1,19.9,1,25,33,1,27.8,none,0,0.0,2017.0,True,True,,151.79999999999998,0.5239887111947319,5.199999999999989,-26.6,2.0,0.0,0,
2017,CAB0217,Indian-Ocean,carrier,2011,6,12,5251.0,4,None,318.9,190.0,66.6,1,25,33,1,29.4,none,0,0.0,2018.0,True,True,,128.89999999999998,0.5957980558168705,22.900000000000006,46.699999999999996,0.0,0.0,0,
2018,CAB0217,Indian-Ocean,carrier,2011,7,12,5251.0,4,None,318.9,185.4,32.9,1,25,35,1,31.0,none,0,1.0,2019.0,True,True,,133.49999999999997,0.58137347130762,-4.599999999999994,-33.699999999999996,2.0,0.0,0,
2019,CAB0217,Indian-Ocean,carrier,2011,8,12,5251.0,4,None,318.9,237.7,35.4,1,25,35,1,32.5,fishing_anchor,1,0.0,2020.0,True,True,,81.19999999999999,0.7453747256193164,52.29999999999998,2.5,0.0,0.0,0,
2020,CAB0217,Indian-Ocean,carrier,2011,9,12,5251.0,4,None,318.9,242.6,75.5,1,25,36,1,34.1,none,0,0.0,2021.0,True,True,,76.29999999999998,0.7607400439009094,4.900000000000006,40.1,1.0,1.0,1,1.0
2021,CAB0217,Indian-Ocean,carrier,2011,10,12,5251.0,4,None,318.9,248.7,60.4,1,25,39,1,35.7,none,0,0.0,2022.0,True,True,,70.19999999999999,0.7798682972718721,6.099999999999994,-15.100000000000001,3.0,0.0,1,2.0
2022,CAB0217,Indian-Ocean,carrier,2011,11,12,5251.0,4,None,318.9,315.8,45.1,1,25,39,1,37.3,none,0,0.0,2023.0,True,True,,3.099999999999966,0.9902790843524617,67.10000000000002,-15.299999999999997,0.0,0.0,1,3.0
2023,CAB0217,Indian-Ocean,carrier,2011,12,12,5251.0,4,None,318.9,314.7,95.6,1,25,40,0,19.0,none,0,0.0,2024.0,True,True,,4.199999999999989,0.9868297271872061,-1.1000000000000227,50.49999999999999,1.0,0.0,0,4.0
2024,CAB0217,Indian-Ocean,carrier,2011,13,12,5251.0,4,None,318.9,318.9,73.8,1,25,41,0,20.6,none,0,0.0,2025.0,True,True,,0.0,1.0,4.199999999999989,-21.799999999999997,1.0,0.0,0,5.0
2025,CAB0217,Indian-Ocean,carrier,2011,14,12,5251.0,4,None,318.9,318.9,33.7,1,25,44,0,22.2,none,0,0.0,2026.0,True,True,,0.0,1.0,0.0,-40.099999999999994,3.0,0.0,0,6.0
2024,CAB0218,Intra-Europe,hyperscaler,2024,0,6,1898.0,8,None,270.9,60.4,31.2,1,25,53,0,0.0,none,0,1.0,2025.0,True,True,,210.49999999999997,0.2229605020302695,,,,,0,
2025,CAB0218,Intra-Europe,hyperscaler,2024,1,6,1898.0,8,None,270.9,111.5,43.9,1,25,58,0,1.6,fishing_anchor,1,0.0,2026.0,True,True,,159.39999999999998,0.41159099298634183,51.1,12.7,5.0,0.0,0,
2015,CAB0219,Indian-Ocean,consortium,1998,17,3,10198.0,6,Suez,24.0,24.0,54.8,1,25,31,1,74.6,none,0,1.0,2016.0,True,True,,0.0,1.0,,,,,0,
2016,CAB0219,Indian-Ocean,consortium,1998,18,3,10198.0,6,Suez,24.0,24.0,78.9,1,25,33,1,76.2,fishing_anchor,1,1.0,2017.0,True,True,,0.0,1.0,0.0,24.10000000000001,2.0,0.0,0,
2017,CAB0219,Indian-Ocean,consortium,1998,19,3,10198.0,6,Suez,24.0,24.0,72.0,1,25,33,1,77.8,fishing_anchor,1,0.0,2018.0,True,True,,0.0,1.0,0.0,-6.900000000000006,0.0,1.0,1,1.0
2018,CAB0219,Indian-Ocean,consortium,1998,20,3,10198.0,6,Suez,24.0,24.0,92.6,1,25,35,1,79.4,none,0,0.0,2019.0,True,True,,0.0,1.0,0.0,20.599999999999994,2.0,1.0,2,1.0
2019,CAB0219,Indian-Ocean,consortium,1998,21,3,10198.0,6,Suez,24.0,24.0,76.3,1,25,35,1,81.0,none,0,0.0,2020.0,True,True,,0.0,1.0,0.0,-16.299999999999997,0.0,0.0,2,2.0
2020,CAB0219,Indian-Ocean,consortium,1998,22,3,10198.0,6,Suez,24.0,24.0,75.4,1,25,36,1,82.5,none,0,1.0,2021.0,True,True,,0.0,1.0,0.0,-0.8999999999999915,1.0,0.0,1,3.0
2021,CAB0219,Indian-Ocean,consortium,1998,23,3,10198.0,6,Suez,24.0,24.0,77.1,1,25,39,1,84.1,fishing_anchor,1,0.0,2022.0,True,True,,0.0,1.0,0.0,1.6999999999999886,3.0,0.0,0,4.0
2022,CAB0219,Indian-Ocean,consortium,1998,24,3,10198.0,6,Suez,24.0,24.0,76.5,1,25,39,1,85.7,none,0,0.0,2023.0,True,True,,0.0,1.0,0.0,-0.5999999999999943,0.0,1.0,1,1.0
2021,CAB0220,Trans-Atlantic,consortium,2021,0,11,5750.0,4,None,449.4,117.2,46.9,0,25,50,0,15.9,none,0,0.0,2022.0,True,True,,332.2,0.26079216733422345,,,,,0,
2022,CAB0220,Trans-Atlantic,consortium,2021,1,11,5750.0,4,None,449.4,145.7,34.0,0,25,51,0,17.5,none,0,0.0,2023.0,True,True,,303.7,0.32421005785491763,28.499999999999986,-12.899999999999999,1.0,0.0,0,
2023,CAB0220,Trans-Atlantic,consortium,2021,2,11,5750.0,4,None,449.4,159.8,58.7,0,25,54,0,19.0,none,0,0.0,2024.0,True,True,,289.59999999999997,0.3555852247441033,14.100000000000023,24.700000000000003,3.0,0.0,0,
2024,CAB0220,Trans-Atlantic,consortium,2021,3,11,5750.0,4,None,449.4,209.1,19.8,0,25,58,0,20.6,none,0,0.0,2025.0,True,True,,240.29999999999998,0.46528704939919896,49.29999999999998,-38.900000000000006,4.0,0.0,0,
2025,CAB0220,Trans-Atlantic,consortium,2021,4,11,5750.0,4,None,449.4,240.7,65.2,0,25,62,0,22.2,none,0,0.0,2026.0,True,True,,208.7,0.5356030262572319,31.599999999999994,45.400000000000006,4.0,0.0,0,
2015,CAB0221,Intra-Asia,consortium,2014,1,7,5834.0,9,None,216.0,74.3,30.8,0,25,53,0,17.5,none,0,0.0,2016.0,True,True,,141.7,0.34398148148148144,,,,,0,
2016,CAB0221,Intra-Asia,consortium,2014,2,7,5834.0,9,None,216.0,74.7,28.1,0,25,59,0,19.0,none,0,0.0,2017.0,True,True,,141.3,0.3458333333333333,0.4000000000000057,-2.6999999999999993,6.0,0.0,0,
2017,CAB0221,Intra-Asia,consortium,2014,3,7,5834.0,9,None,216.0,97.5,8.1,0,25,60,0,20.6,none,0,0.0,2018.0,True,True,,118.5,0.4513888888888889,22.799999999999997,-20.0,1.0,0.0,0,
2018,CAB0221,Intra-Asia,consortium,2014,4,7,5834.0,9,None,216.0,99.3,68.5,0,25,62,0,22.2,none,0,0.0,2019.0,True,True,,116.7,0.4597222222222222,1.7999999999999972,60.4,2.0,0.0,0,
2019,CAB0221,Intra-Asia,consortium,2014,5,7,5834.0,9,None,216.0,123.8,20.7,0,25,64,0,23.8,none,0,0.0,2020.0,True,True,,92.2,0.5731481481481482,24.5,-47.8,2.0,0.0,0,
2020,CAB0221,Intra-Asia,consortium,2014,6,7,5834.0,9,None,216.0,135.8,74.7,0,25,66,0,25.4,none,0,0.0,2021.0,True,True,,80.19999999999999,0.6287037037037038,12.000000000000014,54.0,2.0,0.0,0,
2021,CAB0221,Intra-Asia,consortium,2014,7,7,5834.0,9,None,216.0,151.0,47.1,0,25,69,0,27.0,none,0,0.0,2022.0,True,True,,65.0,0.6990740740740741,15.199999999999989,-27.6,3.0,0.0,0,
2022,CAB0221,Intra-Asia,consortium,2014,8,7,5834.0,9,None,216.0,163.1,39.4,0,25,70,0,28.6,none,0,0.0,2023.0,True,True,,52.900000000000006,0.7550925925925925,12.099999999999994,-7.700000000000003,1.0,0.0,0,
2023,CAB0221,Intra-Asia,consortium,2014,9,7,5834.0,9,None,216.0,168.3,37.2,0,25,70,0,30.2,none,0,0.0,2024.0,True,True,,47.69999999999999,0.7791666666666667,5.200000000000017,-2.1999999999999957,0.0,0.0,0,
2024,CAB0221,Intra-Asia,consortium,2014,10,7,5834.0,9,None,216.0,195.1,73.1,0,25,75,0,31.7,none,0,0.0,2025.0,True,True,,20.900000000000006,0.9032407407407407,26.799999999999983,35.89999999999999,5.0,0.0,0,
2025,CAB0221,Intra-Asia,consortium,2014,11,7,5834.0,9,None,216.0,189.0,53.7,0,25,77,0,33.3,none,0,0.0,2026.0,True,True,,27.0,0.875,-6.099999999999994,-19.39999999999999,2.0,0.0,0,
2015,CAB0222,Trans-Pacific,government,2004,11,9,12908.0,5,None,149.1,149.1,56.1,1,25,35,1,37.3,none,0,0.0,2016.0,True,True,,0.0,1.0,,,,,0,
2016,CAB0222,Trans-Pacific,government,2004,12,9,12908.0,5,None,149.1,141.4,54.1,1,25,37,1,38.9,none,0,0.0,2017.0,True,True,,7.699999999999989,0.9483568075117371,-7.699999999999989,-2.0,2.0,0.0,0,
2017,CAB0222,Trans-Pacific,government,2004,13,9,12908.0,5,None,149.1,149.1,38.2,1,25,38,1,40.5,none,0,0.0,2018.0,True,True,,0.0,1.0,7.699999999999989,-15.899999999999999,1.0,0.0,0,
2018,CAB0222,Trans-Pacific,government,2004,14,9,12908.0,5,None,149.1,149.1,45.2,1,25,39,1,42.1,none,0,0.0,2019.0,True,True,,0.0,1.0,0.0,7.0,1.0,0.0,0,
2019,CAB0222,Trans-Pacific,government,2004,15,9,12908.0,5,None,149.1,149.1,87.8,1,25,41,0,23.8,none,0,0.0,2020.0,True,True,,0.0,1.0,0.0,42.599999999999994,2.0,0.0,0,
2020,CAB0222,Trans-Pacific,government,2004,16,9,12908.0,5,None,149.1,149.1,95.0,1,25,42,0,25.4,none,0,0.0,2021.0,True,True,,0.0,1.0,0.0,7.200000000000003,1.0,0.0,0,
2021,CAB0222,Trans-Pacific,government,2004,17,9,12908.0,5,None,149.1,149.1,59.0,1,25,43,0,27.0,none,0,0.0,2022.0,True,True,,0.0,1.0,0.0,-36.0,1.0,0.0,0,
2022,CAB0222,Trans-Pacific,government,2004,18,9,12908.0,5,None,149.1,149.1,78.1,1,25,45,0,28.6,none,0,0.0,2023.0,True,True,,0.0,1.0,0.0,19.099999999999994,2.0,0.0,0,
2023,CAB0222,Trans-Pacific,government,2004,19,9,12908.0,5,None,149.1,149.1,100.0,1,25,47,0,30.2,none,0,0.0,2024.0,True,True,,0.0,1.0,0.0,21.900000000000006,2.0,0.0,0,
2024,CAB0222,Trans-Pacific,government,2004,20,9,12908.0,5,None,149.1,149.1,100.0,1,25,49,0,31.7,none,0,0.0,2025.0,True,True,,0.0,1.0,0.0,0.0,2.0,0.0,0,
2025,CAB0222,Trans-Pacific,government,2004,21,9,12908.0,5,None,149.1,149.1,81.2,1,25,50,0,33.3,none,0,0.0,2026.0,True,True,,0.0,1.0,0.0,-18.799999999999997,1.0,0.0,0,
2015,CAB0223,Intra-Asia,government,2001,14,2,5761.0,6,Luzon-Strait,24.6,24.6,100.0,0,25,53,0,65.9,none,0,0.0,2016.0,True,True,,0.0,1.0,,,,,0,
2016,CAB0223,Intra-Asia,government,2001,15,2,5761.0,6,Luzon-Strait,24.6,24.6,89.6,0,25,59,0,67.5,none,0,0.0,2017.0,True,True,,0.0,1.0,0.0,-10.400000000000006,6.0,0.0,0,
2017,CAB0223,Intra-Asia,government,2001,16,2,5761.0,6,Luzon-Strait,24.6,24.6,55.9,0,25,60,0,69.0,none,0,1.0,2018.0,True,True,,0.0,1.0,0.0,-33.699999999999996,1.0,0.0,0,
2018,CAB0223,Intra-Asia,government,2001,17,2,5761.0,6,Luzon-Strait,24.6,24.6,65.8,0,25,62,0,70.6,natural_hazard,1,0.0,2019.0,True,True,,0.0,1.0,0.0,9.899999999999999,2.0,0.0,0,
2019,CAB0223,Intra-Asia,government,2001,18,2,5761.0,6,Luzon-Strait,24.6,24.6,86.0,0,25,64,0,72.2,none,0,0.0,2020.0,True,True,,0.0,1.0,0.0,20.200000000000003,2.0,1.0,1,1.0
2020,CAB0223,Intra-Asia,government,2001,19,2,5761.0,6,Luzon-Strait,24.6,24.6,80.8,0,25,66,0,73.8,none,0,0.0,2021.0,True,True,,0.0,1.0,0.0,-5.200000000000003,2.0,0.0,1,2.0
2021,CAB0223,Intra-Asia,government,2001,20,2,5761.0,6,Luzon-Strait,24.6,24.6,70.0,0,25,69,0,75.4,none,0,0.0,2022.0,True,True,,0.0,1.0,0.0,-10.799999999999997,3.0,0.0,1,3.0
2022,CAB0223,Intra-Asia,government,2001,21,2,5761.0,6,Luzon-Strait,24.6,24.6,95.4,0,25,70,0,77.0,none,0,0.0,2023.0,True,True,,0.0,1.0,0.0,25.400000000000006,1.0,0.0,0,4.0
2023,CAB0223,Intra-Asia,government,2001,22,2,5761.0,6,Luzon-Strait,24.6,24.6,56.1,0,25,70,0,78.6,none,0,0.0,2024.0,True,True,,0.0,1.0,0.0,-39.300000000000004,0.0,0.0,0,5.0
2024,CAB0223,Intra-Asia,government,2001,23,2,5761.0,6,Luzon-Strait,24.6,24.6,81.5,0,25,75,0,80.2,none,0,0.0,2025.0,True,True,,0.0,1.0,0.0,25.4,5.0,0.0,0,6.0
2025,CAB0223,Intra-Asia,government,2001,24,2,5761.0,6,Luzon-Strait,24.6,24.6,57.6,0,25,77,0,81.7,none,0,0.0,2026.0,True,True,,0.0,1.0,0.0,-23.9,2.0,0.0,0,7.0
2015,CAB0224,Trans-Atlantic,consortium,2008,7,7,7196.0,7,None,156.0,109.6,96.4,1,25,33,1,31.0,none,0,0.0,2016.0,True,True,,46.400000000000006,0.7025641025641025,,,,,0,
2016,CAB0224,Trans-Atlantic,consortium,2008,8,7,7196.0,7,None,156.0,126.4,57.8,1,25,37,1,32.5,none,0,0.0,2017.0,True,True,,29.599999999999994,0.8102564102564103,16.80000000000001,-38.60000000000001,4.0,0.0,0,
2017,CAB0224,Trans-Atlantic,consortium,2008,9,7,7196.0,7,None,156.0,125.0,66.1,1,25,37,1,34.1,none,0,0.0,2018.0,True,True,,31.0,0.8012820512820513,-1.4000000000000057,8.299999999999997,0.0,0.0,0,
2018,CAB0224,Trans-Atlantic,consortium,2008,10,7,7196.0,7,None,156.0,131.3,77.1,1,25,40,0,15.9,none,0,0.0,2019.0,True,True,,24.69999999999999,0.8416666666666668,6.300000000000011,11.0,3.0,0.0,0,
2019,CAB0224,Trans-Atlantic,consortium,2008,11,7,7196.0,7,None,156.0,153.8,56.6,1,25,45,0,17.5,none,0,0.0,2020.0,True,True,,2.1999999999999886,0.985897435897436,22.5,-20.499999999999993,5.0,0.0,0,
2020,CAB0224,Trans-Atlantic,consortium,2008,12,7,7196.0,7,None,156.0,147.2,38.2,1,25,48,0,19.0,none,0,1.0,2021.0,True,True,,8.800000000000011,0.9435897435897436,-6.600000000000023,-18.4,3.0,0.0,0,
2021,CAB0224,Trans-Atlantic,consortium,2008,13,7,7196.0,7,None,156.0,156.0,66.4,1,25,50,0,20.6,fishing_anchor,1,0.0,2022.0,True,True,,0.0,1.0,8.800000000000011,28.200000000000003,2.0,0.0,0,
2022,CAB0224,Trans-Atlantic,consortium,2008,14,7,7196.0,7,None,156.0,156.0,44.0,1,25,51,0,22.2,none,0,0.0,2023.0,True,True,,0.0,1.0,0.0,-22.400000000000006,1.0,1.0,1,1.0
2023,CAB0224,Trans-Atlantic,consortium,2008,15,7,7196.0,7,None,156.0,156.0,55.4,1,25,54,0,23.8,none,0,0.0,2024.0,True,True,,0.0,1.0,0.0,11.399999999999999,3.0,0.0,1,2.0
2024,CAB0224,Trans-Atlantic,consortium,2008,16,7,7196.0,7,None,156.0,156.0,65.7,1,25,58,0,25.4,none,0,0.0,2025.0,True,True,,0.0,1.0,0.0,10.300000000000004,4.0,0.0,1,3.0
2025,CAB0224,Trans-Atlantic,consortium,2008,17,7,7196.0,7,None,156.0,156.0,85.3,1,25,62,0,27.0,none,0,1.0,2026.0,True,True,,0.0,1.0,0.0,19.599999999999994,4.0,0.0,0,4.0
2015,CAB0225,Intra-Europe,government,2005,10,30,775.0,3,None,540.0,471.3,78.4,1,25,41,0,15.9,none,0,1.0,2016.0,True,True,,68.69999999999999,0.8727777777777778,,,,,0,
2016,CAB0225,Intra-Europe,government,2005,11,30,775.0,3,None,540.0,452.7,78.5,1,25,42,0,17.5,fishing_anchor,1,0.0,2017.0,True,True,,87.30000000000001,0.8383333333333333,-18.600000000000023,0.09999999999999432,1.0,0.0,0,
2017,CAB0225,Intra-Europe,government,2005,12,30,775.0,3,None,540.0,516.2,51.6,1,25,44,0,19.0,none,0,0.0,2018.0,True,True,,23.799999999999955,0.955925925925926,63.50000000000006,-26.9,2.0,1.0,1,1.0
2018,CAB0225,Intra-Europe,government,2005,13,30,775.0,3,None,540.0,540.0,69.5,1,25,45,0,20.6,none,0,0.0,2019.0,True,True,,0.0,1.0,23.799999999999955,17.9,1.0,0.0,1,2.0
2019,CAB0225,Intra-Europe,government,2005,14,30,775.0,3,None,540.0,540.0,49.5,1,25,47,0,22.2,none,0,0.0,2020.0,True,True,,0.0,1.0,0.0,-20.0,2.0,0.0,1,3.0
2020,CAB0225,Intra-Europe,government,2005,15,30,775.0,3,None,540.0,540.0,69.6,1,25,49,0,23.8,none,0,0.0,2021.0,True,True,,0.0,1.0,0.0,20.099999999999994,2.0,0.0,0,4.0
2021,CAB0225,Intra-Europe,government,2005,16,30,775.0,3,None,540.0,540.0,66.4,1,25,49,0,25.4,none,0,1.0,2022.0,True,True,,0.0,1.0,0.0,-3.1999999999999886,0.0,0.0,0,5.0
2022,CAB0225,Intra-Europe,government,2005,17,30,775.0,3,None,540.0,540.0,100.0,1,25,52,0,27.0,fishing_anchor,1,0.0,2023.0,True,True,,0.0,1.0,0.0,33.599999999999994,3.0,0.0,0,6.0
2023,CAB0225,Intra-Europe,government,2005,18,30,775.0,3,None,540.0,540.0,42.3,1,25,53,0,28.6,none,0,0.0,2024.0,True,True,,0.0,1.0,0.0,-57.7,1.0,1.0,1,1.0
2024,CAB0225,Intra-Europe,government,2005,19,30,775.0,3,None,540.0,540.0,100.0,1,25,53,0,30.2,none,0,0.0,2025.0,True,True,,0.0,1.0,0.0,57.7,0.0,0.0,1,2.0
2025,CAB0225,Intra-Europe,government,2005,20,30,775.0,3,None,540.0,540.0,97.5,1,25,58,0,31.7,none,0,0.0,2026.0,True,True,,0.0,1.0,0.0,-2.5,5.0,0.0,1,3.0
2015,CAB0226,Intra-Asia,consortium,2015,0,14,3487.0,4,None,452.0,116.1,82.1,0,25,53,0,15.9,none,0,0.0,2016.0,True,True,,335.9,0.256858407079646,,,,,0,
2016,CAB0226,Intra-Asia,consortium,2015,1,14,3487.0,4,None,452.0,142.4,3.7,0,25,59,0,17.5,none,0,0.0,2017.0,True,True,,309.6,0.31504424778761064,26.30000000000001,-78.39999999999999,6.0,0.0,0,
2017,CAB0226,Intra-Asia,consortium,2015,2,14,3487.0,4,None,452.0,149.9,72.6,0,25,60,0,19.0,none,0,0.0,2018.0,True,True,,302.1,0.33163716814159294,7.5,68.89999999999999,1.0,0.0,0,
2018,CAB0226,Intra-Asia,consortium,2015,3,14,3487.0,4,None,452.0,178.7,34.9,0,25,62,0,20.6,none,0,0.0,2019.0,True,True,,273.3,0.3953539823008849,28.799999999999983,-37.699999999999996,2.0,0.0,0,
2019,CAB0226,Intra-Asia,consortium,2015,4,14,3487.0,4,None,452.0,220.4,64.0,0,25,64,0,22.2,none,0,0.0,2020.0,True,True,,231.6,0.48761061946902656,41.70000000000002,29.1,2.0,0.0,0,
2020,CAB0226,Intra-Asia,consortium,2015,5,14,3487.0,4,None,452.0,243.6,25.4,0,25,66,0,23.8,none,0,0.0,2021.0,True,True,,208.4,0.5389380530973451,23.19999999999999,-38.6,2.0,0.0,0,
2021,CAB0226,Intra-Asia,consortium,2015,6,14,3487.0,4,None,452.0,271.6,47.1,0,25,69,0,25.4,none,0,0.0,2022.0,True,True,,180.39999999999998,0.6008849557522125,28.00000000000003,21.700000000000003,3.0,0.0,0,
2022,CAB0226,Intra-Asia,consortium,2015,7,14,3487.0,4,None,452.0,286.2,28.5,0,25,70,0,27.0,none,0,0.0,2023.0,True,True,,165.8,0.6331858407079646,14.599999999999966,-18.6,1.0,0.0,0,
2023,CAB0226,Intra-Asia,consortium,2015,8,14,3487.0,4,None,452.0,337.1,61.7,0,25,70,0,28.6,none,0,0.0,2024.0,True,True,,114.89999999999998,0.7457964601769912,50.900000000000034,33.2,0.0,0.0,0,
2024,CAB0226,Intra-Asia,consortium,2015,9,14,3487.0,4,None,452.0,304.2,92.1,0,25,75,0,30.2,none,0,0.0,2025.0,True,True,,147.8,0.673008849557522,-32.900000000000034,30.39999999999999,5.0,0.0,0,
2025,CAB0226,Intra-Asia,consortium,2015,10,14,3487.0,4,None,452.0,374.9,50.9,0,25,77,0,31.7,none,0,0.0,2026.0,True,True,,77.10000000000002,0.8294247787610619,70.69999999999999,-41.199999999999996,2.0,0.0,0,
2015,CAB0227,Intra-Asia,consortium,2012,3,39,1735.0,3,Luzon-Strait,1092.0,432.5,40.6,1,25,53,0,32.5,none,0,0.0,2016.0,True,True,,659.5,0.39606227106227104,,,,,0,
2016,CAB0227,Intra-Asia,consortium,2012,4,39,1735.0,3,Luzon-Strait,1092.0,474.3,90.0,1,25,59,0,34.1,none,0,0.0,2017.0,True,True,,617.7,0.43434065934065935,41.80000000000001,49.4,6.0,0.0,0,
2017,CAB0227,Intra-Asia,consortium,2012,5,39,1735.0,3,Luzon-Strait,1092.0,647.3,23.7,1,25,60,0,35.7,none,0,0.0,2018.0,True,True,,444.70000000000005,0.5927655677655678,172.99999999999994,-66.3,1.0,0.0,0,
2018,CAB0227,Intra-Asia,consortium,2012,6,39,1735.0,3,Luzon-Strait,1092.0,547.2,28.8,1,25,62,0,37.3,none,0,0.0,2019.0,True,True,,544.8,0.5010989010989011,-100.09999999999991,5.100000000000001,2.0,0.0,0,
2019,CAB0227,Intra-Asia,consortium,2012,7,39,1735.0,3,Luzon-Strait,1092.0,772.8,53.0,1,25,64,0,38.9,none,0,0.0,2020.0,True,True,,319.20000000000005,0.7076923076923076,225.5999999999999,24.2,2.0,0.0,0,
2020,CAB0227,Intra-Asia,consortium,2012,8,39,1735.0,3,Luzon-Strait,1092.0,782.9,76.2,1,25,66,0,40.5,none,0,0.0,2021.0,True,True,,309.1,0.716941391941392,10.100000000000023,23.200000000000003,2.0,0.0,0,
2021,CAB0227,Intra-Asia,consortium,2012,9,39,1735.0,3,Luzon-Strait,1092.0,849.6,24.3,1,25,69,0,42.1,none,0,0.0,2022.0,True,True,,242.39999999999998,0.778021978021978,66.70000000000005,-51.900000000000006,3.0,0.0,0,
2022,CAB0227,Intra-Asia,consortium,2012,10,39,1735.0,3,Luzon-Strait,1092.0,950.6,37.0,1,25,70,0,43.7,none,0,1.0,2023.0,True,True,,141.39999999999998,0.8705128205128205,101.0,12.7,1.0,0.0,0,
2023,CAB0227,Intra-Asia,consortium,2012,11,39,1735.0,3,Luzon-Strait,1092.0,1009.0,45.4,1,25,70,0,45.2,fishing_anchor,1,0.0,2024.0,True,True,,83.0,0.923992673992674,58.39999999999998,8.399999999999999,0.0,0.0,0,
2024,CAB0227,Intra-Asia,consortium,2012,12,39,1735.0,3,Luzon-Strait,1092.0,1092.0,77.2,1,25,75,0,46.8,none,0,0.0,2025.0,True,True,,0.0,1.0,83.0,31.800000000000004,5.0,1.0,1,1.0
2025,CAB0227,Intra-Asia,consortium,2012,13,39,1735.0,3,Luzon-Strait,1092.0,1031.9,40.4,1,25,77,0,48.4,none,0,0.0,2026.0,True,True,,60.09999999999991,0.94496336996337,-60.09999999999991,-36.800000000000004,2.0,0.0,1,2.0
2015,CAB0228,Africa-Coastal,hyperscaler,2001,14,2,12306.0,6,None,24.6,24.6,72.7,0,25,36,1,57.9,none,0,0.0,2016.0,True,True,,0.0,1.0,,,,,0,
2016,CAB0228,Africa-Coastal,hyperscaler,2001,15,2,12306.0,6,None,24.6,24.6,100.0,0,25,37,1,59.5,none,0,1.0,2017.0,True,True,,0.0,1.0,0.0,27.299999999999997,1.0,0.0,0,
2017,CAB0228,Africa-Coastal,hyperscaler,2001,16,2,12306.0,6,None,24.6,24.6,61.1,0,25,40,0,41.3,equipment,1,0.0,2018.0,True,True,,0.0,1.0,0.0,-38.9,3.0,0.0,0,
2018,CAB0228,Africa-Coastal,hyperscaler,2001,17,2,12306.0,6,None,24.6,24.6,77.3,0,25,40,0,42.9,none,0,0.0,2019.0,True,True,,0.0,1.0,0.0,16.199999999999996,0.0,1.0,1,1.0
2019,CAB0228,Africa-Coastal,hyperscaler,2001,18,2,12306.0,6,None,24.6,24.6,62.3,0,25,42,0,44.4,none,0,0.0,2020.0,True,True,,0.0,1.0,0.0,-15.0,2.0,0.0,1,2.0
2020,CAB0228,Africa-Coastal,hyperscaler,2001,19,2,12306.0,6,None,24.6,24.6,51.3,0,25,43,0,46.0,none,0,0.0,2021.0,True,True,,0.0,1.0,0.0,-11.0,1.0,0.0,1,3.0
2021,CAB0228,Africa-Coastal,hyperscaler,2001,20,2,12306.0,6,None,24.6,24.6,51.9,0,25,44,0,47.6,none,0,0.0,2022.0,True,True,,0.0,1.0,0.0,0.6000000000000014,1.0,0.0,0,4.0
2022,CAB0228,Africa-Coastal,hyperscaler,2001,21,2,12306.0,6,None,24.6,24.6,99.6,0,25,45,0,49.2,none,0,0.0,2023.0,True,True,,0.0,1.0,0.0,47.699999999999996,1.0,0.0,0,5.0
2023,CAB0228,Africa-Coastal,hyperscaler,2001,22,2,12306.0,6,None,24.6,24.6,100.0,0,25,47,0,50.8,none,0,1.0,2024.0,True,True,,0.0,1.0,0.0,0.4000000000000057,2.0,0.0,0,6.0
2024,CAB0228,Africa-Coastal,hyperscaler,2001,23,2,12306.0,6,None,24.6,24.6,67.3,0,25,49,0,52.4,fishing_anchor,1,0.0,2025.0,True,True,,0.0,1.0,0.0,-32.7,2.0,0.0,0,7.0
2025,CAB0228,Africa-Coastal,hyperscaler,2001,24,2,12306.0,6,None,24.6,24.6,83.0,0,25,52,0,54.0,none,0,0.0,2026.0,True,True,,0.0,1.0,0.0,15.700000000000003,3.0,1.0,1,1.0
2015,CAB0229,EMEA-Asia,consortium,2014,1,4,18652.0,4,Suez,123.4,53.2,64.9,1,25,27,1,49.2,fishing_anchor,1,1.0,2016.0,True,True,,70.2,0.43111831442463533,,,,,0,
2016,CAB0229,EMEA-Asia,consortium,2014,2,4,18652.0,4,Suez,123.4,57.6,41.0,1,25,29,1,50.8,fishing_anchor,1,0.0,2017.0,True,True,,65.80000000000001,0.46677471636953,4.399999999999999,-23.900000000000006,2.0,1.0,1,1.0
2017,CAB0229,EMEA-Asia,consortium,2014,3,4,18652.0,4,Suez,123.4,47.5,24.5,1,25,32,1,52.4,none,0,0.0,2018.0,True,True,,75.9,0.38492706645056723,-10.100000000000001,-16.5,3.0,1.0,2,1.0
2018,CAB0229,EMEA-Asia,consortium,2014,4,4,18652.0,4,Suez,123.4,62.8,96.2,1,25,34,1,54.0,none,0,0.0,2019.0,True,True,,60.60000000000001,0.5089141004862237,15.299999999999997,71.7,2.0,0.0,2,2.0
2019,CAB0229,EMEA-Asia,consortium,2014,5,4,18652.0,4,Suez,123.4,60.3,50.2,1,25,37,1,55.6,none,0,1.0,2020.0,True,True,,63.10000000000001,0.48865478119935163,-2.5,-46.0,3.0,0.0,1,3.0
2020,CAB0229,EMEA-Asia,consortium,2014,6,4,18652.0,4,Suez,123.4,70.1,80.7,1,25,40,0,37.3,natural_hazard,1,1.0,2021.0,True,True,,53.30000000000001,0.5680713128038897,9.799999999999997,30.5,3.0,0.0,0,4.0
2021,CAB0229,EMEA-Asia,consortium,2014,7,4,18652.0,4,Suez,123.4,75.1,84.1,1,25,44,0,38.9,fishing_anchor,1,0.0,2022.0,True,True,,48.30000000000001,0.6085899513776336,5.0,3.3999999999999915,4.0,1.0,1,1.0
2022,CAB0229,EMEA-Asia,consortium,2014,8,4,18652.0,4,Suez,123.4,86.9,70.1,1,25,45,0,40.5,none,0,1.0,2023.0,True,True,,36.5,0.7042139384116693,11.800000000000011,-14.0,1.0,1.0,2,1.0
2023,CAB0229,EMEA-Asia,consortium,2014,9,4,18652.0,4,Suez,123.4,91.8,97.4,1,25,47,0,42.1,fishing_anchor,1,0.0,2024.0,True,True,,31.60000000000001,0.7439222042139384,4.8999999999999915,27.30000000000001,2.0,0.0,2,2.0
2024,CAB0229,EMEA-Asia,consortium,2014,10,4,18652.0,4,Suez,123.4,99.1,52.3,1,25,48,0,43.7,none,0,0.0,2025.0,True,True,,24.30000000000001,0.8030794165316044,7.299999999999997,-45.10000000000001,1.0,1.0,2,1.0
2025,CAB0229,EMEA-Asia,consortium,2014,11,4,18652.0,4,Suez,123.4,120.6,49.9,1,25,47,0,45.2,none,0,1.0,2026.0,True,True,,2.8000000000000114,0.9773095623987033,21.5,-2.3999999999999986,-1.0,0.0,1,2.0
2020,CAB0230,Intra-Pacific-Islands,carrier,2020,0,8,2573.0,5,None,315.4,70.4,25.2,1,25,40,0,0.0,none,0,0.0,2021.0,True,True,,244.99999999999997,0.22320862396956248,,,,,0,
2021,CAB0230,Intra-Pacific-Islands,carrier,2020,1,8,2573.0,5,None,315.4,105.6,54.2,1,25,41,0,1.6,none,0,0.0,2022.0,True,True,,209.79999999999998,0.3348129359543437,35.19999999999999,29.000000000000004,1.0,0.0,0,
2022,CAB0230,Intra-Pacific-Islands,carrier,2020,2,8,2573.0,5,None,315.4,130.7,20.8,1,25,43,0,3.2,none,0,0.0,2023.0,True,True,,184.7,0.4143944197844008,25.099999999999994,-33.400000000000006,2.0,0.0,0,
2023,CAB0230,Intra-Pacific-Islands,carrier,2020,3,8,2573.0,5,None,315.4,135.1,63.2,1,25,45,0,4.8,none,0,0.0,2024.0,True,True,,180.29999999999998,0.42834495878249845,4.400000000000006,42.400000000000006,2.0,0.0,0,
2024,CAB0230,Intra-Pacific-Islands,carrier,2020,4,8,2573.0,5,None,315.4,144.4,80.3,1,25,48,0,6.3,none,0,0.0,2025.0,True,True,,170.99999999999997,0.45783132530120485,9.300000000000011,17.099999999999994,3.0,0.0,0,
2025,CAB0230,Intra-Pacific-Islands,carrier,2020,5,8,2573.0,5,None,315.4,154.7,56.8,1,25,50,0,7.9,none,0,0.0,2026.0,True,True,,160.7,0.4904882688649334,10.299999999999983,-23.5,2.0,0.0,0,
2015,CAB0231,Americas,consortium,2008,7,22,5466.0,4,None,490.3,316.1,49.4,0,25,28,1,46.8,fishing_anchor,1,0.0,2016.0,True,True,,174.2,0.644707322047726,,,,,0,
2016,CAB0231,Americas,consortium,2008,8,22,5466.0,4,None,490.3,363.4,52.0,0,25,29,1,48.4,none,0,1.0,2017.0,True,True,,126.90000000000003,0.7411788700795431,47.299999999999955,2.6000000000000014,1.0,1.0,1,1.0
2017,CAB0231,Americas,consortium,2008,9,22,5466.0,4,None,490.3,356.7,40.4,0,25,29,1,50.0,natural_hazard,1,0.0,2018.0,True,True,,133.60000000000002,0.7275137670813787,-6.699999999999989,-11.600000000000001,0.0,0.0,1,2.0
2018,CAB0231,Americas,consortium,2008,10,22,5466.0,4,None,490.3,421.3,39.7,0,25,31,1,51.6,none,0,0.0,2019.0,True,True,,69.0,0.8592698347950235,64.60000000000002,-0.6999999999999957,2.0,1.0,2,1.0
2019,CAB0231,Americas,consortium,2008,11,22,5466.0,4,None,490.3,471.7,67.7,0,25,32,1,53.2,none,0,0.0,2020.0,True,True,,18.600000000000023,0.9620640424230062,50.39999999999998,28.0,1.0,0.0,1,2.0
2020,CAB0231,Americas,consortium,2008,12,22,5466.0,4,None,490.3,490.3,43.2,0,25,33,1,54.8,none,0,0.0,2021.0,True,True,,0.0,1.0,18.600000000000023,-24.5,1.0,0.0,1,3.0
2021,CAB0231,Americas,consortium,2008,13,22,5466.0,4,None,490.3,465.1,31.2,0,25,37,1,56.3,none,0,0.0,2022.0,True,True,,25.19999999999999,0.9486028961860086,-25.19999999999999,-12.000000000000004,4.0,0.0,0,4.0
2022,CAB0231,Americas,consortium,2008,14,22,5466.0,4,None,490.3,490.3,85.6,0,25,37,1,57.9,none,0,1.0,2023.0,True,True,,0.0,1.0,25.19999999999999,54.39999999999999,0.0,0.0,0,5.0
2023,CAB0231,Americas,consortium,2008,15,22,5466.0,4,None,490.3,490.3,52.8,0,25,37,1,59.5,suspected_external,1,1.0,2024.0,True,True,,0.0,1.0,0.0,-32.8,0.0,0.0,0,6.0
2024,CAB0231,Americas,consortium,2008,16,22,5466.0,4,None,490.3,490.3,97.5,0,25,39,1,61.1,fishing_anchor,1,0.0,2025.0,True,True,,0.0,1.0,0.0,44.7,2.0,1.0,1,1.0
2025,CAB0231,Americas,consortium,2008,17,22,5466.0,4,None,490.3,490.3,73.4,0,25,39,1,62.7,none,0,1.0,2026.0,True,True,,0.0,1.0,0.0,-24.099999999999994,0.0,1.0,2,1.0
2015,CAB0232,Indian-Ocean,consortium,2011,4,12,5487.0,7,None,318.9,161.6,28.8,1,25,31,1,26.2,none,0,1.0,2016.0,True,True,,157.29999999999998,0.5067419253684541,,,,,0,
2016,CAB0232,Indian-Ocean,consortium,2011,5,12,5487.0,7,None,318.9,169.7,49.0,1,25,33,1,27.8,fishing_anchor,1,0.0,2017.0,True,True,,149.2,0.5321417372216996,8.099999999999994,20.2,2.0,0.0,0,
2017,CAB0232,Indian-Ocean,consortium,2011,6,12,5487.0,7,None,318.9,173.1,55.2,1,25,33,1,29.4,none,0,0.0,2018.0,True,True,,145.79999999999998,0.5428033866415805,3.4000000000000057,6.200000000000003,0.0,1.0,1,1.0
2018,CAB0232,Indian-Ocean,consortium,2011,7,12,5487.0,7,None,318.9,208.6,57.4,1,25,35,1,31.0,none,0,1.0,2019.0,True,True,,110.29999999999998,0.654123549702101,35.5,2.1999999999999957,2.0,0.0,1,2.0
2019,CAB0232,Indian-Ocean,consortium,2011,8,12,5487.0,7,None,318.9,241.3,29.0,1,25,35,1,32.5,fishing_anchor,1,0.0,2020.0,True,True,,77.59999999999997,0.7566635308874257,32.70000000000002,-28.4,0.0,0.0,1,3.0
2020,CAB0232,Indian-Ocean,consortium,2011,9,12,5487.0,7,None,318.9,239.1,79.4,1,25,36,1,34.1,none,0,0.0,2021.0,True,True,,79.79999999999998,0.7497648165569144,-2.200000000000017,50.400000000000006,1.0,1.0,1,1.0
2021,CAB0232,Indian-Ocean,consortium,2011,10,12,5487.0,7,None,318.9,255.3,85.4,1,25,39,1,35.7,none,0,0.0,2022.0,True,True,,63.599999999999966,0.8005644402634056,16.200000000000017,6.0,3.0,0.0,1,2.0
2022,CAB0232,Indian-Ocean,consortium,2011,11,12,5487.0,7,None,318.9,296.7,90.3,1,25,39,1,37.3,none,0,0.0,2023.0,True,True,,22.19999999999999,0.9303857008466604,41.39999999999998,4.8999999999999915,0.0,0.0,1,3.0
2023,CAB0232,Indian-Ocean,consortium,2011,12,12,5487.0,7,None,318.9,318.9,43.6,1,25,40,0,19.0,none,0,1.0,2024.0,True,True,,0.0,1.0,22.19999999999999,-46.699999999999996,1.0,0.0,0,4.0
2024,CAB0232,Indian-Ocean,consortium,2011,13,12,5487.0,7,None,318.9,310.3,76.5,1,25,41,0,20.6,fishing_anchor,1,1.0,2025.0,True,True,,8.599999999999966,0.9730322985261839,-8.599999999999966,32.9,1.0,0.0,0,5.0
2025,CAB0232,Indian-Ocean,consortium,2011,14,12,5487.0,7,None,318.9,318.9,48.7,1,25,44,0,22.2,suspected_external,1,0.0,2026.0,True,True,,0.0,1.0,8.599999999999966,-27.799999999999997,3.0,1.0,1,1.0
2015,CAB0233,Trans-Pacific,hyperscaler,2004,11,6,10577.0,4,None,99.4,89.8,63.8,1,25,35,1,37.3,none,0,0.0,2016.0,True,True,,9.600000000000009,0.9034205231388329,,,,,0,
2016,CAB0233,Trans-Pacific,hyperscaler,2004,12,6,10577.0,4,None,99.4,93.3,83.4,1,25,37,1,38.9,none,0,0.0,2017.0,True,True,,6.1000000000000085,0.9386317907444667,3.5,19.60000000000001,2.0,0.0,0,
2017,CAB0233,Trans-Pacific,hyperscaler,2004,13,6,10577.0,4,None,99.4,99.4,90.1,1,25,38,1,40.5,none,0,1.0,2018.0,True,True,,0.0,1.0,6.1000000000000085,6.699999999999989,1.0,0.0,0,
2018,CAB0233,Trans-Pacific,hyperscaler,2004,14,6,10577.0,4,None,99.4,99.4,60.2,1,25,39,1,42.1,fishing_anchor,1,0.0,2019.0,True,True,,0.0,1.0,0.0,-29.89999999999999,1.0,0.0,0,
2019,CAB0233,Trans-Pacific,hyperscaler,2004,15,6,10577.0,4,None,99.4,99.4,53.5,1,25,41,0,23.8,none,0,0.0,2020.0,True,True,,0.0,1.0,0.0,-6.700000000000003,2.0,1.0,1,1.0
2020,CAB0233,Trans-Pacific,hyperscaler,2004,16,6,10577.0,4,None,99.4,99.4,75.6,1,25,42,0,25.4,none,0,0.0,2021.0,True,True,,0.0,1.0,0.0,22.099999999999994,1.0,0.0,1,2.0
2021,CAB0233,Trans-Pacific,hyperscaler,2004,17,6,10577.0,4,None,99.4,99.4,86.5,1,25,43,0,27.0,none,0,0.0,2022.0,True,True,,0.0,1.0,0.0,10.900000000000006,1.0,0.0,1,3.0
2022,CAB0233,Trans-Pacific,hyperscaler,2004,18,6,10577.0,4,None,99.4,99.4,48.3,1,25,45,0,28.6,none,0,0.0,2023.0,True,True,,0.0,1.0,0.0,-38.2,2.0,0.0,0,4.0
2023,CAB0233,Trans-Pacific,hyperscaler,2004,19,6,10577.0,4,None,99.4,99.4,86.6,1,25,47,0,30.2,none,0,0.0,2024.0,True,True,,0.0,1.0,0.0,38.3,2.0,0.0,0,5.0
2024,CAB0233,Trans-Pacific,hyperscaler,2004,20,6,10577.0,4,None,99.4,99.4,84.8,1,25,49,0,31.7,none,0,0.0,2025.0,True,True,,0.0,1.0,0.0,-1.7999999999999972,2.0,0.0,0,6.0
2025,CAB0233,Trans-Pacific,hyperscaler,2004,21,6,10577.0,4,None,99.4,99.4,100.0,1,25,50,0,33.3,none,0,0.0,2026.0,True,True,,0.0,1.0,0.0,15.200000000000003,1.0,0.0,0,7.0
2015,CAB0234,Trans-Atlantic,carrier,2014,1,7,5200.0,6,None,216.0,42.7,84.6,0,25,33,1,37.3,none,0,0.0,2016.0,True,True,,173.3,0.19768518518518519,,,,,0,
2016,CAB0234,Trans-Atlantic,carrier,2014,2,7,5200.0,6,None,216.0,84.8,36.3,0,25,37,1,38.9,none,0,0.0,2017.0,True,True,,131.2,0.3925925925925926,42.099999999999994,-48.3,4.0,0.0,0,
2017,CAB0234,Trans-Atlantic,carrier,2014,3,7,5200.0,6,None,216.0,98.2,33.3,0,25,37,1,40.5,none,0,0.0,2018.0,True,True,,117.8,0.45462962962962966,13.400000000000006,-3.0,0.0,0.0,0,
2018,CAB0234,Trans-Atlantic,carrier,2014,4,7,5200.0,6,None,216.0,107.1,42.1,0,25,40,0,22.2,none,0,0.0,2019.0,True,True,,108.9,0.4958333333333333,8.899999999999991,8.800000000000004,3.0,0.0,0,
2019,CAB0234,Trans-Atlantic,carrier,2014,5,7,5200.0,6,None,216.0,113.1,45.9,0,25,45,0,23.8,none,0,0.0,2020.0,True,True,,102.9,0.5236111111111111,6.0,3.799999999999997,5.0,0.0,0,
2020,CAB0234,Trans-Atlantic,carrier,2014,6,7,5200.0,6,None,216.0,142.3,40.0,0,25,48,0,25.4,none,0,0.0,2021.0,True,True,,73.69999999999999,0.6587962962962963,29.200000000000017,-5.899999999999999,3.0,0.0,0,
2021,CAB0234,Trans-Atlantic,carrier,2014,7,7,5200.0,6,None,216.0,148.6,48.7,0,25,50,0,27.0,none,0,0.0,2022.0,True,True,,67.4,0.6879629629629629,6.299999999999983,8.700000000000003,2.0,0.0,0,
2022,CAB0234,Trans-Atlantic,carrier,2014,8,7,5200.0,6,None,216.0,148.2,61.6,0,25,51,0,28.6,none,0,0.0,2023.0,True,True,,67.80000000000001,0.686111111111111,-0.4000000000000057,12.899999999999999,1.0,0.0,0,
2023,CAB0234,Trans-Atlantic,carrier,2014,9,7,5200.0,6,None,216.0,174.5,33.2,0,25,54,0,30.2,none,0,0.0,2024.0,True,True,,41.5,0.8078703703703703,26.30000000000001,-28.4,3.0,0.0,0,
2024,CAB0234,Trans-Atlantic,carrier,2014,10,7,5200.0,6,None,216.0,196.7,46.8,0,25,58,0,31.7,none,0,0.0,2025.0,True,True,,19.30000000000001,0.9106481481481481,22.19999999999999,13.599999999999994,4.0,0.0,0,
2025,CAB0234,Trans-Atlantic,carrier,2014,11,7,5200.0,6,None,216.0,191.1,58.1,0,25,62,0,33.3,none,0,0.0,2026.0,True,True,,24.900000000000006,0.8847222222222222,-5.599999999999994,11.300000000000004,4.0,0.0,0,
2015,CAB0235,Intra-Pacific-Islands,consortium,2005,10,13,266.0,2,None,234.0,207.6,69.2,0,25,28,1,63.5,none,0,0.0,2016.0,True,True,,26.400000000000006,0.8871794871794871,,,,,0,
2016,CAB0235,Intra-Pacific-Islands,consortium,2005,11,13,266.0,2,None,234.0,234.0,50.2,0,25,29,1,65.1,none,0,0.0,2017.0,True,True,,0.0,1.0,26.400000000000006,-19.0,1.0,0.0,0,
2017,CAB0235,Intra-Pacific-Islands,consortium,2005,12,13,266.0,2,None,234.0,216.6,49.2,0,25,29,1,66.7,none,0,0.0,2018.0,True,True,,17.400000000000006,0.9256410256410256,-17.400000000000006,-1.0,0.0,0.0,0,
2018,CAB0235,Intra-Pacific-Islands,consortium,2005,13,13,266.0,2,None,234.0,230.7,36.5,0,25,30,1,68.3,none,0,0.0,2019.0,True,True,,3.3000000000000114,0.9858974358974358,14.099999999999994,-12.700000000000003,1.0,0.0,0,
2019,CAB0235,Intra-Pacific-Islands,consortium,2005,14,13,266.0,2,None,234.0,234.0,31.7,0,25,35,1,69.8,none,0,0.0,2020.0,True,True,,0.0,1.0,3.3000000000000114,-4.800000000000001,5.0,0.0,0,
2020,CAB0235,Intra-Pacific-Islands,consortium,2005,15,13,266.0,2,None,234.0,234.0,43.3,0,25,40,0,51.6,none,0,0.0,2021.0,True,True,,0.0,1.0,0.0,11.599999999999998,5.0,0.0,0,
2021,CAB0235,Intra-Pacific-Islands,consortium,2005,16,13,266.0,2,None,234.0,234.0,67.4,0,25,41,0,53.2,none,0,0.0,2022.0,True,True,,0.0,1.0,0.0,24.10000000000001,1.0,0.0,0,
2022,CAB0235,Intra-Pacific-Islands,consortium,2005,17,13,266.0,2,None,234.0,234.0,83.5,0,25,43,0,54.8,none,0,0.0,2023.0,True,True,,0.0,1.0,0.0,16.099999999999994,2.0,0.0,0,
2023,CAB0235,Intra-Pacific-Islands,consortium,2005,18,13,266.0,2,None,234.0,234.0,87.8,0,25,45,0,56.3,none,0,0.0,2024.0,True,True,,0.0,1.0,0.0,4.299999999999997,2.0,0.0,0,
2024,CAB0235,Intra-Pacific-Islands,consortium,2005,19,13,266.0,2,None,234.0,234.0,100.0,0,25,48,0,57.9,none,0,0.0,2025.0,True,True,,0.0,1.0,0.0,12.200000000000003,3.0,0.0,0,
2025,CAB0235,Intra-Pacific-Islands,consortium,2005,20,13,266.0,2,None,234.0,234.0,70.8,0,25,50,0,59.5,none,0,0.0,2026.0,True,True,,0.0,1.0,0.0,-29.200000000000003,2.0,0.0,0,
2023,CAB0236,Trans-Atlantic,consortium,2023,0,5,5892.0,6,None,218.6,46.9,24.3,0,25,54,0,15.9,none,0,0.0,2024.0,True,True,,171.7,0.21454711802378773,,,,,0,
2024,CAB0236,Trans-Atlantic,consortium,2023,1,5,5892.0,6,None,218.6,62.1,26.6,0,25,58,0,17.5,none,0,0.0,2025.0,True,True,,156.5,0.28408051235132664,15.200000000000003,2.3000000000000007,4.0,0.0,0,
2025,CAB0236,Trans-Atlantic,consortium,2023,2,5,5892.0,6,None,218.6,77.1,31.0,0,25,62,0,19.0,none,0,0.0,2026.0,True,True,,141.5,0.3526989935956084,14.999999999999993,4.399999999999999,4.0,0.0,0,
2020,CAB0237,Trans-Atlantic,consortium,2020,0,33,5519.0,8,None,1301.1,164.5,34.6,1,25,48,0,0.0,none,0,0.0,2021.0,True,True,,1136.6,0.12643148105449237,,,,,0,
2021,CAB0237,Trans-Atlantic,consortium,2020,1,33,5519.0,8,None,1301.1,486.2,49.0,1,25,50,0,1.6,none,0,0.0,2022.0,True,True,,814.8999999999999,0.373683806010299,321.7,14.399999999999999,2.0,0.0,0,
2022,CAB0237,Trans-Atlantic,consortium,2020,2,33,5519.0,8,None,1301.1,657.3,32.6,1,25,51,0,3.2,none,0,0.0,2023.0,True,True,,643.8,0.5051879179156099,171.09999999999997,-16.4,1.0,0.0,0,
2023,CAB0237,Trans-Atlantic,consortium,2020,3,33,5519.0,8,None,1301.1,560.0,31.6,1,25,54,0,4.8,none,0,1.0,2024.0,True,True,,741.0999999999999,0.43040504188763357,-97.29999999999995,-1.0,3.0,0.0,0,
2024,CAB0237,Trans-Atlantic,consortium,2020,4,33,5519.0,8,None,1301.1,579.9,16.3,1,25,58,0,6.3,fishing_anchor,1,1.0,2025.0,True,True,,721.1999999999999,0.4456997924832834,19.899999999999977,-15.3,4.0,0.0,0,
2025,CAB0237,Trans-Atlantic,consortium,2020,5,33,5519.0,8,None,1301.1,704.6,55.1,1,25,62,0,7.9,fishing_anchor,1,0.0,2026.0,True,True,,596.4999999999999,0.5415417723464762,124.70000000000005,38.8,4.0,1.0,1,1.0
2015,CAB0238,Africa-Coastal,consortium,2005,10,3,10096.0,6,None,54.0,46.6,55.3,0,25,36,1,51.6,none,0,0.0,2016.0,True,True,,7.399999999999999,0.862962962962963,,,,,0,
2016,CAB0238,Africa-Coastal,consortium,2005,11,3,10096.0,6,None,54.0,49.2,79.1,0,25,37,1,53.2,none,0,1.0,2017.0,True,True,,4.799999999999997,0.9111111111111112,2.6000000000000014,23.799999999999997,1.0,0.0,0,
2017,CAB0238,Africa-Coastal,consortium,2005,12,3,10096.0,6,None,54.0,48.7,50.7,0,25,40,0,34.9,fishing_anchor,1,0.0,2018.0,True,True,,5.299999999999997,0.9018518518518519,-0.5,-28.39999999999999,3.0,0.0,0,
2018,CAB0238,Africa-Coastal,consortium,2005,13,3,10096.0,6,None,54.0,54.0,39.6,0,25,40,0,36.5,none,0,1.0,2019.0,True,True,,0.0,1.0,5.299999999999997,-11.100000000000001,0.0,1.0,1,1.0
2019,CAB0238,Africa-Coastal,consortium,2005,14,3,10096.0,6,None,54.0,54.0,32.4,0,25,42,0,38.1,fishing_anchor,1,0.0,2020.0,True,True,,0.0,1.0,0.0,-7.200000000000003,2.0,0.0,1,2.0
2020,CAB0238,Africa-Coastal,consortium,2005,15,3,10096.0,6,None,54.0,54.0,56.4,0,25,43,0,39.7,none,0,0.0,2021.0,True,True,,0.0,1.0,0.0,24.0,1.0,1.0,2,1.0
2021,CAB0238,Africa-Coastal,consortium,2005,16,3,10096.0,6,None,54.0,54.0,100.0,0,25,44,0,41.3,none,0,0.0,2022.0,True,True,,0.0,1.0,0.0,43.6,1.0,0.0,1,2.0
2022,CAB0238,Africa-Coastal,consortium,2005,17,3,10096.0,6,None,54.0,54.0,100.0,0,25,45,0,42.9,none,0,0.0,2023.0,True,True,,0.0,1.0,0.0,0.0,1.0,0.0,1,3.0
2023,CAB0238,Africa-Coastal,consortium,2005,18,3,10096.0,6,None,54.0,54.0,40.1,0,25,47,0,44.4,none,0,0.0,2024.0,True,True,,0.0,1.0,0.0,-59.9,2.0,0.0,0,4.0
2024,CAB0238,Africa-Coastal,consortium,2005,19,3,10096.0,6,None,54.0,54.0,85.5,0,25,49,0,46.0,none,0,0.0,2025.0,True,True,,0.0,1.0,0.0,45.4,2.0,0.0,0,5.0
2025,CAB0238,Africa-Coastal,consortium,2005,20,3,10096.0,6,None,54.0,54.0,100.0,0,25,52,0,47.6,none,0,0.0,2026.0,True,True,,0.0,1.0,0.0,14.5,3.0,0.0,0,6.0
2015,CAB0239,Intra-Asia,carrier,2010,5,4,2524.0,3,Malacca,100.6,49.3,93.3,1,25,53,0,35.7,fishing_anchor,1,1.0,2016.0,True,True,,51.3,0.4900596421471173,,,,,0,
2016,CAB0239,Intra-Asia,carrier,2010,6,4,2524.0,3,Malacca,100.6,62.6,50.2,1,25,59,0,37.3,fishing_anchor,1,1.0,2017.0,True,True,,37.99999999999999,0.6222664015904573,13.300000000000004,-43.099999999999994,6.0,1.0,1,1.0
2017,CAB0239,Intra-Asia,carrier,2010,7,4,2524.0,3,Malacca,100.6,60.8,37.1,1,25,60,0,38.9,fishing_anchor,1,0.0,2018.0,True,True,,39.8,0.6043737574552684,-1.8000000000000043,-13.100000000000001,1.0,1.0,2,1.0
2018,CAB0239,Intra-Asia,carrier,2010,8,4,2524.0,3,Malacca,100.6,81.8,28.2,1,25,62,0,40.5,none,0,1.0,2019.0,True,True,,18.799999999999997,0.8131212723658052,21.0,-8.900000000000002,2.0,1.0,3,1.0
2019,CAB0239,Intra-Asia,carrier,2010,9,4,2524.0,3,Malacca,100.6,86.3,43.4,1,25,64,0,42.1,fishing_anchor,1,0.0,2020.0,True,True,,14.299999999999997,0.8578528827037774,4.5,15.2,2.0,0.0,2,2.0
2020,CAB0239,Intra-Asia,carrier,2010,10,4,2524.0,3,Malacca,100.6,96.9,48.3,1,25,66,0,43.7,none,0,1.0,2021.0,True,True,,3.6999999999999886,0.9632206759443341,10.600000000000009,4.899999999999999,2.0,1.0,2,1.0
2021,CAB0239,Intra-Asia,carrier,2010,11,4,2524.0,3,Malacca,100.6,89.5,72.8,1,25,69,0,45.2,fishing_anchor,1,0.0,2022.0,True,True,,11.099999999999994,0.8896620278330021,-7.400000000000006,24.5,3.0,0.0,1,2.0
2022,CAB0239,Intra-Asia,carrier,2010,12,4,2524.0,3,Malacca,100.6,88.4,33.6,1,25,70,0,46.8,none,0,1.0,2023.0,True,True,,12.199999999999989,0.8787276341948311,-1.0999999999999943,-39.199999999999996,1.0,1.0,2,1.0
2023,CAB0239,Intra-Asia,carrier,2010,13,4,2524.0,3,Malacca,100.6,100.6,36.8,1,25,70,0,48.4,fishing_anchor,1,0.0,2024.0,True,True,,0.0,1.0,12.199999999999989,3.1999999999999957,0.0,0.0,1,2.0
2024,CAB0239,Intra-Asia,carrier,2010,14,4,2524.0,3,Malacca,100.6,100.6,73.4,1,25,75,0,50.0,none,0,0.0,2025.0,True,True,,0.0,1.0,0.0,36.60000000000001,5.0,1.0,2,1.0
2025,CAB0239,Intra-Asia,carrier,2010,15,4,2524.0,3,Malacca,100.6,100.6,100.0,1,25,77,0,51.6,none,0,0.0,2026.0,True,True,,0.0,1.0,0.0,26.599999999999994,2.0,0.0,1,2.0
2015,CAB0240,EMEA-Asia,carrier,2001,14,2,12820.0,7,Suez,24.6,24.2,57.3,0,25,27,1,85.7,fishing_anchor,1,0.0,2016.0,True,True,,0.40000000000000213,0.9837398373983739,,,,,0,
2016,CAB0240,EMEA-Asia,carrier,2001,15,2,12820.0,7,Suez,24.6,24.6,91.0,0,25,29,1,87.3,none,0,0.0,2017.0,True,True,,0.0,1.0,0.40000000000000213,33.7,2.0,1.0,1,1.0
2017,CAB0240,EMEA-Asia,carrier,2001,16,2,12820.0,7,Suez,24.6,24.6,100.0,0,25,32,1,88.9,none,0,0.0,2018.0,True,True,,0.0,1.0,0.0,9.0,3.0,0.0,1,2.0
2018,CAB0240,EMEA-Asia,carrier,2001,17,2,12820.0,7,Suez,24.6,24.6,59.1,0,25,34,1,90.5,none,0,1.0,2019.0,True,True,,0.0,1.0,0.0,-40.9,2.0,0.0,1,3.0
2019,CAB0240,EMEA-Asia,carrier,2001,18,2,12820.0,7,Suez,24.6,24.6,70.3,0,25,37,1,92.1,fishing_anchor,1,0.0,2020.0,True,True,,0.0,1.0,0.0,11.199999999999996,3.0,0.0,0,4.0
2020,CAB0240,EMEA-Asia,carrier,2001,19,2,12820.0,7,Suez,24.6,24.6,81.3,0,25,40,0,73.8,none,0,1.0,2021.0,True,True,,0.0,1.0,0.0,11.0,3.0,1.0,1,1.0
2021,CAB0240,EMEA-Asia,carrier,2001,20,2,12820.0,7,Suez,24.6,24.6,100.0,0,25,44,0,75.4,fishing_anchor,1,0.0,2022.0,True,True,,0.0,1.0,0.0,18.700000000000003,4.0,0.0,1,2.0
2022,CAB0240,EMEA-Asia,carrier,2001,21,2,12820.0,7,Suez,24.6,24.6,62.3,0,25,45,0,77.0,none,0,0.0,2023.0,True,True,,0.0,1.0,0.0,-37.7,1.0,1.0,2,1.0
2023,CAB0240,EMEA-Asia,carrier,2001,22,2,12820.0,7,Suez,24.6,24.6,100.0,0,25,47,0,78.6,none,0,1.0,2024.0,True,True,,0.0,1.0,0.0,37.7,2.0,0.0,1,2.0
2024,CAB0240,EMEA-Asia,carrier,2001,23,2,12820.0,7,Suez,24.6,24.6,100.0,0,25,48,0,80.2,fishing_anchor,1,0.0,2025.0,True,True,,0.0,1.0,0.0,0.0,1.0,0.0,1,3.0
2025,CAB0240,EMEA-Asia,carrier,2001,24,2,12820.0,7,Suez,24.6,24.6,76.0,0,25,47,0,81.7,none,0,0.0,2026.0,True,True,,0.0,1.0,0.0,-24.0,-1.0,1.0,1,1.0
2015,CAB0241,Americas,carrier,2008,7,5,6875.0,4,None,111.4,73.2,25.9,1,25,28,1,31.0,fishing_anchor,1,0.0,2016.0,True,True,,38.2,0.6570915619389587,,,,,0,
2016,CAB0241,Americas,carrier,2008,8,5,6875.0,4,None,111.4,76.3,62.1,1,25,29,1,32.5,none,0,0.0,2017.0,True,True,,35.10000000000001,0.6849192100538599,3.0999999999999943,36.2,1.0,1.0,1,1.0
2017,CAB0241,Americas,carrier,2008,9,5,6875.0,4,None,111.4,87.5,22.2,1,25,29,1,34.1,none,0,0.0,2018.0,True,True,,23.900000000000006,0.7854578096947935,11.200000000000003,-39.900000000000006,0.0,0.0,1,2.0
2018,CAB0241,Americas,carrier,2008,10,5,6875.0,4,None,111.4,89.6,37.6,1,25,31,1,35.7,none,0,0.0,2019.0,True,True,,21.80000000000001,0.8043087971274685,2.0999999999999943,15.400000000000002,2.0,0.0,1,3.0
2019,CAB0241,Americas,carrier,2008,11,5,6875.0,4,None,111.4,99.5,48.1,1,25,32,1,37.3,none,0,0.0,2020.0,True,True,,11.900000000000006,0.893177737881508,9.900000000000006,10.5,1.0,0.0,0,4.0
2020,CAB0241,Americas,carrier,2008,12,5,6875.0,4,None,111.4,107.9,68.4,1,25,33,1,38.9,none,0,1.0,2021.0,True,True,,3.5,0.9685816876122083,8.400000000000006,20.300000000000004,1.0,0.0,0,5.0
2021,CAB0241,Americas,carrier,2008,13,5,6875.0,4,None,111.4,111.4,40.9,1,25,37,1,40.5,fishing_anchor,1,0.0,2022.0,True,True,,0.0,1.0,3.5,-27.500000000000007,4.0,0.0,0,6.0
2022,CAB0241,Americas,carrier,2008,14,5,6875.0,4,None,111.4,111.4,38.1,1,25,37,1,42.1,none,0,0.0,2023.0,True,True,,0.0,1.0,0.0,-2.799999999999997,0.0,1.0,1,1.0
2023,CAB0241,Americas,carrier,2008,15,5,6875.0,4,None,111.4,111.4,100.0,1,25,37,1,43.7,none,0,0.0,2024.0,True,True,,0.0,1.0,0.0,61.9,0.0,0.0,1,2.0
2024,CAB0241,Americas,carrier,2008,16,5,6875.0,4,None,111.4,111.4,77.5,1,25,39,1,45.2,none,0,1.0,2025.0,True,True,,0.0,1.0,0.0,-22.5,2.0,0.0,1,3.0
2025,CAB0241,Americas,carrier,2008,17,5,6875.0,4,None,111.4,111.4,67.4,1,25,39,1,46.8,natural_hazard,1,0.0,2026.0,True,True,,0.0,1.0,0.0,-10.099999999999994,0.0,0.0,0,4.0
2015,CAB0242,Indian-Ocean,carrier,2009,6,15,10273.0,4,None,355.7,204.8,86.6,1,25,31,1,29.4,none,0,1.0,2016.0,True,True,,150.89999999999998,0.5757660950238966,,,,,0,
2016,CAB0242,Indian-Ocean,carrier,2009,7,15,10273.0,4,None,355.7,239.7,56.0,1,25,33,1,31.0,fishing_anchor,1,0.0,2017.0,True,True,,116.0,0.6738824852403711,34.89999999999998,-30.599999999999994,2.0,0.0,0,
2017,CAB0242,Indian-Ocean,carrier,2009,8,15,10273.0,4,None,355.7,270.3,94.7,1,25,33,1,32.5,none,0,0.0,2018.0,True,True,,85.39999999999998,0.7599100365476525,30.600000000000023,38.7,0.0,1.0,1,1.0
2018,CAB0242,Indian-Ocean,carrier,2009,9,15,10273.0,4,None,355.7,286.5,67.8,1,25,35,1,34.1,none,0,0.0,2019.0,True,True,,69.19999999999999,0.8054540342985662,16.19999999999999,-26.900000000000006,2.0,0.0,1,2.0
2019,CAB0242,Indian-Ocean,carrier,2009,10,15,10273.0,4,None,355.7,288.7,70.2,1,25,35,1,35.7,none,0,0.0,2020.0,True,True,,67.0,0.8116390216474557,2.1999999999999886,2.4000000000000057,0.0,0.0,1,3.0
2020,CAB0242,Indian-Ocean,carrier,2009,11,15,10273.0,4,None,355.7,342.5,78.3,1,25,36,1,37.3,none,0,0.0,2021.0,True,True,,13.199999999999989,0.962890075906663,53.80000000000001,8.099999999999994,1.0,0.0,0,4.0
2021,CAB0242,Indian-Ocean,carrier,2009,12,15,10273.0,4,None,355.7,341.6,89.2,1,25,39,1,38.9,none,0,0.0,2022.0,True,True,,14.099999999999966,0.96035985380939,-0.8999999999999773,10.900000000000006,3.0,0.0,0,5.0
2022,CAB0242,Indian-Ocean,carrier,2009,13,15,10273.0,4,None,355.7,355.7,40.2,1,25,39,1,40.5,none,0,0.0,2023.0,True,True,,0.0,1.0,14.099999999999966,-49.0,0.0,0.0,0,6.0
2023,CAB0242,Indian-Ocean,carrier,2009,14,15,10273.0,4,None,355.7,355.7,73.1,1,25,40,0,22.2,none,0,0.0,2024.0,True,True,,0.0,1.0,0.0,32.89999999999999,1.0,0.0,0,7.0
2024,CAB0242,Indian-Ocean,carrier,2009,15,15,10273.0,4,None,355.7,355.7,52.2,1,25,41,0,23.8,none,0,0.0,2025.0,True,True,,0.0,1.0,0.0,-20.89999999999999,1.0,0.0,0,8.0
2025,CAB0242,Indian-Ocean,carrier,2009,16,15,10273.0,4,None,355.7,355.7,85.7,1,25,44,0,25.4,none,0,0.0,2026.0,True,True,,0.0,1.0,0.0,33.5,3.0,0.0,0,9.0
2017,CAB0243,Intra-Europe,carrier,2017,0,10,2939.0,9,None,351.4,85.9,54.2,0,25,44,0,15.9,fishing_anchor,1,0.0,2018.0,True,True,,265.5,0.24445076835515087,,,,,0,
2018,CAB0243,Intra-Europe,carrier,2017,1,10,2939.0,9,None,351.4,108.9,17.5,0,25,45,0,17.5,none,0,1.0,2019.0,True,True,,242.49999999999997,0.3099032441661924,23.0,-36.7,1.0,1.0,1,1.0
2019,CAB0243,Intra-Europe,carrier,2017,2,10,2939.0,9,None,351.4,158.3,35.9,0,25,47,0,19.0,fishing_anchor,1,0.0,2020.0,True,True,,193.09999999999997,0.4504837791690382,49.400000000000006,18.4,2.0,0.0,1,2.0
2020,CAB0243,Intra-Europe,carrier,2017,3,10,2939.0,9,None,351.4,152.6,17.5,0,25,49,0,20.6,none,0,1.0,2021.0,True,True,,198.79999999999998,0.4342629482071713,-5.700000000000017,-18.4,2.0,1.0,2,1.0
2021,CAB0243,Intra-Europe,carrier,2017,4,10,2939.0,9,None,351.4,181.1,42.0,0,25,49,0,22.2,fishing_anchor,1,0.0,2022.0,True,True,,170.29999999999998,0.5153671030165055,28.5,24.5,0.0,0.0,1,2.0
2022,CAB0243,Intra-Europe,carrier,2017,5,10,2939.0,9,None,351.4,169.9,92.8,0,25,52,0,23.8,none,0,0.0,2023.0,True,True,,181.49999999999997,0.48349459305634607,-11.199999999999989,50.8,3.0,1.0,2,1.0
2023,CAB0243,Intra-Europe,carrier,2017,6,10,2939.0,9,None,351.4,244.1,79.7,0,25,53,0,25.4,none,0,0.0,2024.0,True,True,,107.29999999999998,0.6946499715424018,74.19999999999999,-13.099999999999994,1.0,0.0,1,2.0
2024,CAB0243,Intra-Europe,carrier,2017,7,10,2939.0,9,None,351.4,227.8,69.4,0,25,53,0,27.0,none,0,0.0,2025.0,True,True,,123.59999999999997,0.6482640865110986,-16.299999999999983,-10.299999999999997,0.0,0.0,1,3.0
2025,CAB0243,Intra-Europe,carrier,2017,8,10,2939.0,9,None,351.4,255.1,48.0,0,25,58,0,28.6,none,0,0.0,2026.0,True,True,,96.29999999999998,0.725953329538987,27.299999999999983,-21.400000000000006,5.0,0.0,0,4.0
2015,CAB0244,Trans-Pacific,carrier,2010,5,6,9341.0,7,None,150.9,95.4,54.5,1,25,35,1,27.8,none,0,0.0,2016.0,True,True,,55.5,0.6322067594433399,,,,,0,
2016,CAB0244,Trans-Pacific,carrier,2010,6,6,9341.0,7,None,150.9,88.0,54.5,1,25,37,1,29.4,none,0,0.0,2017.0,True,True,,62.900000000000006,0.583167660702452,-7.400000000000006,0.0,2.0,0.0,0,
2017,CAB0244,Trans-Pacific,carrier,2010,7,6,9341.0,7,None,150.9,102.2,30.9,1,25,38,1,31.0,none,0,1.0,2018.0,True,True,,48.7,0.6772697150430749,14.200000000000003,-23.6,1.0,0.0,0,
2018,CAB0244,Trans-Pacific,carrier,2010,8,6,9341.0,7,None,150.9,108.4,48.6,1,25,39,1,32.5,equipment,1,0.0,2019.0,True,True,,42.5,0.7183565275016567,6.200000000000003,17.700000000000003,1.0,0.0,0,
2019,CAB0244,Trans-Pacific,carrier,2010,9,6,9341.0,7,None,150.9,129.2,57.0,1,25,41,0,14.3,none,0,0.0,2020.0,True,True,,21.700000000000017,0.8561961563949635,20.799999999999983,8.399999999999999,2.0,1.0,1,1.0
2020,CAB0244,Trans-Pacific,carrier,2010,10,6,9341.0,7,None,150.9,140.7,53.3,1,25,42,0,15.9,none,0,1.0,2021.0,True,True,,10.200000000000017,0.9324055666003975,11.5,-3.700000000000003,1.0,0.0,1,2.0
2021,CAB0244,Trans-Pacific,carrier,2010,11,6,9341.0,7,None,150.9,135.6,58.1,1,25,43,0,17.5,natural_hazard,1,1.0,2022.0,True,True,,15.300000000000011,0.8986083499005963,-5.099999999999994,4.800000000000004,1.0,0.0,1,3.0
2022,CAB0244,Trans-Pacific,carrier,2010,12,6,9341.0,7,None,150.9,140.2,100.0,1,25,45,0,19.0,natural_hazard,1,0.0,2023.0,True,True,,10.700000000000017,0.9290921139827699,4.599999999999994,41.9,2.0,1.0,1,1.0
2023,CAB0244,Trans-Pacific,carrier,2010,13,6,9341.0,7,None,150.9,150.9,53.5,1,25,47,0,20.6,none,0,0.0,2024.0,True,True,,0.0,1.0,10.700000000000017,-46.5,2.0,1.0,2,1.0
2024,CAB0244,Trans-Pacific,carrier,2010,14,6,9341.0,7,None,150.9,150.9,64.4,1,25,49,0,22.2,none,0,0.0,2025.0,True,True,,0.0,1.0,0.0,10.900000000000006,2.0,0.0,2,2.0
2025,CAB0244,Trans-Pacific,carrier,2010,15,6,9341.0,7,None,150.9,150.9,53.3,1,25,50,0,23.8,none,0,1.0,2026.0,True,True,,0.0,1.0,0.0,-11.100000000000009,1.0,0.0,1,3.0
2015,CAB0245,Africa-Coastal,consortium,2015,0,14,8315.0,6,None,452.0,133.8,73.0,1,25,36,1,19.8,none,0,0.0,2016.0,True,True,,318.2,0.2960176991150443,,,,,0,
2016,CAB0245,Africa-Coastal,consortium,2015,1,14,8315.0,6,None,452.0,119.0,20.6,1,25,37,1,21.4,none,0,0.0,2017.0,True,True,,333.0,0.26327433628318586,-14.800000000000011,-52.4,1.0,0.0,0,
2017,CAB0245,Africa-Coastal,consortium,2015,2,14,8315.0,6,None,452.0,164.2,66.0,1,25,40,0,3.2,none,0,0.0,2018.0,True,True,,287.8,0.36327433628318584,45.19999999999999,45.4,3.0,0.0,0,
2018,CAB0245,Africa-Coastal,consortium,2015,3,14,8315.0,6,None,452.0,163.7,37.6,1,25,40,0,4.8,none,0,0.0,2019.0,True,True,,288.3,0.3621681415929203,-0.5,-28.4,0.0,0.0,0,
2019,CAB0245,Africa-Coastal,consortium,2015,4,14,8315.0,6,None,452.0,231.5,40.7,1,25,42,0,6.3,none,0,0.0,2020.0,True,True,,220.5,0.5121681415929203,67.80000000000001,3.1000000000000014,2.0,0.0,0,
2020,CAB0245,Africa-Coastal,consortium,2015,5,14,8315.0,6,None,452.0,225.8,37.4,1,25,43,0,7.9,none,0,0.0,2021.0,True,True,,226.2,0.4995575221238938,-5.699999999999989,-3.3000000000000043,1.0,0.0,0,
2021,CAB0245,Africa-Coastal,consortium,2015,6,14,8315.0,6,None,452.0,292.3,41.4,1,25,44,0,9.5,none,0,1.0,2022.0,True,True,,159.7,0.6466814159292036,66.5,4.0,1.0,0.0,0,
2022,CAB0245,Africa-Coastal,consortium,2015,7,14,8315.0,6,None,452.0,296.1,57.8,1,25,45,0,11.1,natural_hazard,1,0.0,2023.0,True,True,,155.89999999999998,0.6550884955752213,3.8000000000000114,16.4,1.0,0.0,0,
2023,CAB0245,Africa-Coastal,consortium,2015,8,14,8315.0,6,None,452.0,316.1,42.1,1,25,47,0,12.7,none,0,0.0,2024.0,True,True,,135.89999999999998,0.6993362831858407,20.0,-15.699999999999996,2.0,1.0,1,1.0
2024,CAB0245,Africa-Coastal,consortium,2015,9,14,8315.0,6,None,452.0,356.8,74.0,1,25,49,0,14.3,none,0,1.0,2025.0,True,True,,95.19999999999999,0.7893805309734514,40.69999999999999,31.9,2.0,0.0,1,2.0
2025,CAB0245,Africa-Coastal,consortium,2015,10,14,8315.0,6,None,452.0,400.3,32.5,1,25,52,0,15.9,fishing_anchor,1,1.0,2026.0,True,True,,51.69999999999999,0.8856194690265486,43.5,-41.5,3.0,0.0,1,3.0
2019,CAB0246,Intra-Asia,carrier,2019,0,8,4148.0,5,Taiwan-Strait,304.0,64.2,74.6,1,25,64,0,27.8,none,0,0.0,2020.0,True,True,,239.8,0.2111842105263158,,,,,0,
2020,CAB0246,Intra-Asia,carrier,2019,1,8,4148.0,5,Taiwan-Strait,304.0,118.6,22.8,1,25,66,0,29.4,none,0,0.0,2021.0,True,True,,185.4,0.3901315789473684,54.39999999999999,-51.8,2.0,0.0,0,
2021,CAB0246,Intra-Asia,carrier,2019,2,8,4148.0,5,Taiwan-Strait,304.0,125.0,65.4,1,25,69,0,31.0,none,0,0.0,2022.0,True,True,,179.0,0.41118421052631576,6.400000000000006,42.60000000000001,3.0,0.0,0,
2022,CAB0246,Intra-Asia,carrier,2019,3,8,4148.0,5,Taiwan-Strait,304.0,169.9,14.5,1,25,70,0,32.5,none,0,0.0,2023.0,True,True,,134.1,0.5588815789473685,44.900000000000006,-50.900000000000006,1.0,0.0,0,
2023,CAB0246,Intra-Asia,carrier,2019,4,8,4148.0,5,Taiwan-Strait,304.0,168.6,40.4,1,25,70,0,34.1,none,0,0.0,2024.0,True,True,,135.4,0.5546052631578947,-1.3000000000000114,25.9,0.0,0.0,0,
2024,CAB0246,Intra-Asia,carrier,2019,5,8,4148.0,5,Taiwan-Strait,304.0,142.2,27.3,1,25,75,0,35.7,none,0,0.0,2025.0,True,True,,161.8,0.4677631578947368,-26.400000000000006,-13.099999999999998,5.0,0.0,0,
2025,CAB0246,Intra-Asia,carrier,2019,6,8,4148.0,5,Taiwan-Strait,304.0,182.8,59.8,1,25,77,0,37.3,none,0,0.0,2026.0,True,True,,121.19999999999999,0.6013157894736842,40.60000000000002,32.5,2.0,0.0,0,
2015,CAB0247,Intra-Asia,consortium,2007,8,11,6643.0,4,None,229.4,177.0,64.4,1,25,53,0,12.7,none,0,0.0,2016.0,True,True,,52.400000000000006,0.7715780296425457,,,,,0,
2016,CAB0247,Intra-Asia,consortium,2007,9,11,6643.0,4,None,229.4,192.4,67.9,1,25,59,0,14.3,none,0,0.0,2017.0,True,True,,37.0,0.8387096774193549,15.400000000000006,3.5,6.0,0.0,0,
2017,CAB0247,Intra-Asia,consortium,2007,10,11,6643.0,4,None,229.4,190.9,68.2,1,25,60,0,15.9,none,0,0.0,2018.0,True,True,,38.5,0.8321708805579774,-1.5,0.29999999999999716,1.0,0.0,0,
2018,CAB0247,Intra-Asia,consortium,2007,11,11,6643.0,4,None,229.4,223.2,42.9,1,25,62,0,17.5,none,0,0.0,2019.0,True,True,,6.200000000000017,0.9729729729729729,32.29999999999998,-25.300000000000004,2.0,0.0,0,
2019,CAB0247,Intra-Asia,consortium,2007,12,11,6643.0,4,None,229.4,210.4,61.0,1,25,64,0,19.0,none,0,0.0,2020.0,True,True,,19.0,0.9171752397558849,-12.799999999999983,18.1,2.0,0.0,0,
2020,CAB0247,Intra-Asia,consortium,2007,13,11,6643.0,4,None,229.4,229.4,39.9,1,25,66,0,20.6,none,0,0.0,2021.0,True,True,,0.0,1.0,19.0,-21.1,2.0,0.0,0,
2021,CAB0247,Intra-Asia,consortium,2007,14,11,6643.0,4,None,229.4,229.4,41.9,1,25,69,0,22.2,none,0,0.0,2022.0,True,True,,0.0,1.0,0.0,2.0,3.0,0.0,0,
2022,CAB0247,Intra-Asia,consortium,2007,15,11,6643.0,4,None,229.4,229.4,76.2,1,25,70,0,23.8,none,0,0.0,2023.0,True,True,,0.0,1.0,0.0,34.300000000000004,1.0,0.0,0,
2023,CAB0247,Intra-Asia,consortium,2007,16,11,6643.0,4,None,229.4,229.4,82.4,1,25,70,0,25.4,none,0,1.0,2024.0,True,True,,0.0,1.0,0.0,6.200000000000003,0.0,0.0,0,
2024,CAB0247,Intra-Asia,consortium,2007,17,11,6643.0,4,None,229.4,229.4,100.0,1,25,75,0,27.0,fishing_anchor,1,0.0,2025.0,True,True,,0.0,1.0,0.0,17.599999999999994,5.0,0.0,0,
2025,CAB0247,Intra-Asia,consortium,2007,18,11,6643.0,4,None,229.4,229.4,100.0,1,25,77,0,28.6,none,0,1.0,2026.0,True,True,,0.0,1.0,0.0,0.0,2.0,1.0,1,1.0
2020,CAB0248,Trans-Atlantic,hyperscaler,2020,0,16,6628.0,4,None,630.9,127.9,41.5,1,25,48,0,0.0,none,0,0.0,2021.0,True,True,,503.0,0.2027262640672056,,,,,0,
2021,CAB0248,Trans-Atlantic,hyperscaler,2020,1,16,6628.0,4,None,630.9,246.2,15.5,1,25,50,0,1.6,none,0,0.0,2022.0,True,True,,384.7,0.3902361705500079,118.29999999999998,-26.0,2.0,0.0,0,
2022,CAB0248,Trans-Atlantic,hyperscaler,2020,2,16,6628.0,4,None,630.9,226.7,26.9,1,25,51,0,3.2,none,0,0.0,2023.0,True,True,,404.2,0.35932794420668884,-19.5,11.399999999999999,1.0,0.0,0,
2023,CAB0248,Trans-Atlantic,hyperscaler,2020,3,16,6628.0,4,None,630.9,301.7,34.7,1,25,54,0,4.8,none,0,0.0,2024.0,True,True,,329.2,0.4782057378348391,75.0,7.800000000000004,3.0,0.0,0,
2024,CAB0248,Trans-Atlantic,hyperscaler,2020,4,16,6628.0,4,None,630.9,334.9,39.0,1,25,58,0,6.3,none,0,0.0,2025.0,True,True,,296.0,0.5308289744809003,33.19999999999999,4.299999999999997,4.0,0.0,0,
2025,CAB0248,Trans-Atlantic,hyperscaler,2020,5,16,6628.0,4,None,630.9,360.1,47.5,1,25,62,0,7.9,none,0,0.0,2026.0,True,True,,270.79999999999995,0.5707719131399589,25.200000000000045,8.5,4.0,0.0,0,
2015,CAB0249,Intra-Pacific-Islands,carrier,2002,13,26,2539.0,2,None,356.6,352.1,74.8,1,25,28,1,52.4,none,0,0.0,2016.0,True,True,,4.5,0.9873808188446439,,,,,0,
2016,CAB0249,Intra-Pacific-Islands,carrier,2002,14,26,2539.0,2,None,356.6,356.6,69.2,1,25,29,1,54.0,none,0,0.0,2017.0,True,True,,0.0,1.0,4.5,-5.599999999999994,1.0,0.0,0,
2017,CAB0249,Intra-Pacific-Islands,carrier,2002,15,26,2539.0,2,None,356.6,356.6,100.0,1,25,29,1,55.6,none,0,0.0,2018.0,True,True,,0.0,1.0,0.0,30.799999999999997,0.0,0.0,0,
2018,CAB0249,Intra-Pacific-Islands,carrier,2002,16,26,2539.0,2,None,356.6,356.6,97.9,1,25,30,1,57.1,none,0,0.0,2019.0,True,True,,0.0,1.0,0.0,-2.0999999999999943,1.0,0.0,0,
2019,CAB0249,Intra-Pacific-Islands,carrier,2002,17,26,2539.0,2,None,356.6,356.6,93.2,1,25,35,1,58.7,none,0,0.0,2020.0,True,True,,0.0,1.0,0.0,-4.700000000000003,5.0,0.0,0,
2020,CAB0249,Intra-Pacific-Islands,carrier,2002,18,26,2539.0,2,None,356.6,356.6,100.0,1,25,40,0,40.5,none,0,1.0,2021.0,True,True,,0.0,1.0,0.0,6.799999999999997,5.0,0.0,0,
2021,CAB0249,Intra-Pacific-Islands,carrier,2002,19,26,2539.0,2,None,356.6,356.6,100.0,1,25,41,0,42.1,fishing_anchor,1,1.0,2022.0,True,True,,0.0,1.0,0.0,0.0,1.0,0.0,0,
2022,CAB0249,Intra-Pacific-Islands,carrier,2002,20,26,2539.0,2,None,356.6,356.6,98.0,1,25,43,0,43.7,fishing_anchor,1,0.0,2023.0,True,True,,0.0,1.0,0.0,-2.0,2.0,1.0,1,1.0
2023,CAB0249,Intra-Pacific-Islands,carrier,2002,21,26,2539.0,2,None,356.6,356.6,54.1,1,25,45,0,45.2,none,0,0.0,2024.0,True,True,,0.0,1.0,0.0,-43.9,2.0,1.0,2,1.0
2024,CAB0249,Intra-Pacific-Islands,carrier,2002,22,26,2539.0,2,None,356.6,356.6,61.5,1,25,48,0,46.8,none,0,0.0,2025.0,True,True,,0.0,1.0,0.0,7.399999999999999,3.0,0.0,2,2.0
2025,CAB0249,Intra-Pacific-Islands,carrier,2002,23,26,2539.0,2,None,356.6,356.6,80.9,1,25,50,0,48.4,none,0,0.0,2026.0,True,True,,0.0,1.0,0.0,19.400000000000006,2.0,0.0,1,3.0
2020,CAB0250,Intra-Europe,consortium,2020,0,5,1825.0,5,None,197.1,28.2,59.7,0,25,49,0,15.9,none,0,0.0,2021.0,True,True,,168.9,0.1430745814307458,,,,,0,
2021,CAB0250,Intra-Europe,consortium,2020,1,5,1825.0,5,None,197.1,59.3,19.7,0,25,49,0,17.5,none,0,0.0,2022.0,True,True,,137.8,0.3008625063419584,31.099999999999998,-40.0,0.0,0.0,0,
2022,CAB0250,Intra-Europe,consortium,2020,2,5,1825.0,5,None,197.1,96.9,9.7,0,25,52,0,19.0,none,0,0.0,2023.0,True,True,,100.19999999999999,0.4916286149162862,37.60000000000001,-10.0,3.0,0.0,0,
2023,CAB0250,Intra-Europe,consortium,2020,3,5,1825.0,5,None,197.1,77.8,47.7,0,25,53,0,20.6,none,0,0.0,2024.0,True,True,,119.3,0.39472349061390155,-19.10000000000001,38.0,1.0,0.0,0,
2024,CAB0250,Intra-Europe,consortium,2020,4,5,1825.0,5,None,197.1,109.6,66.8,0,25,53,0,22.2,none,0,0.0,2025.0,True,True,,87.5,0.5560629122272958,31.799999999999997,19.099999999999994,0.0,0.0,0,
2025,CAB0250,Intra-Europe,consortium,2020,5,5,1825.0,5,None,197.1,106.4,93.8,0,25,58,0,23.8,none,0,0.0,2026.0,True,True,,90.69999999999999,0.5398274987316084,-3.1999999999999886,27.0,5.0,0.0,0,
2015,CAB0251,Intra-Europe,consortium,2014,1,42,2571.0,5,None,1296.0,387.6,46.9,0,25,41,0,17.5,none,0,0.0,2016.0,True,True,,908.4,0.2990740740740741,,,,,0,
2016,CAB0251,Intra-Europe,consortium,2014,2,42,2571.0,5,None,1296.0,410.1,54.0,0,25,42,0,19.0,none,0,1.0,2017.0,True,True,,885.9,0.3164351851851852,22.5,7.100000000000001,1.0,0.0,0,
2017,CAB0251,Intra-Europe,consortium,2014,3,42,2571.0,5,None,1296.0,507.0,83.3,0,25,44,0,20.6,fishing_anchor,1,0.0,2018.0,True,True,,789.0,0.3912037037037037,96.89999999999998,29.299999999999997,2.0,0.0,0,
2018,CAB0251,Intra-Europe,consortium,2014,4,42,2571.0,5,None,1296.0,620.3,35.7,0,25,45,0,22.2,none,0,0.0,2019.0,True,True,,675.7,0.4786265432098765,113.29999999999995,-47.599999999999994,1.0,1.0,1,1.0
2019,CAB0251,Intra-Europe,consortium,2014,5,42,2571.0,5,None,1296.0,589.3,59.6,0,25,47,0,23.8,none,0,0.0,2020.0,True,True,,706.7,0.45470679012345677,-31.0,23.9,2.0,0.0,1,2.0
2020,CAB0251,Intra-Europe,consortium,2014,6,42,2571.0,5,None,1296.0,732.1,39.5,0,25,49,0,25.4,none,0,0.0,2021.0,True,True,,563.9,0.564891975308642,142.80000000000007,-20.1,2.0,0.0,1,3.0
2021,CAB0251,Intra-Europe,consortium,2014,7,42,2571.0,5,None,1296.0,838.9,61.4,0,25,49,0,27.0,none,0,0.0,2022.0,True,True,,457.1,0.6472993827160494,106.79999999999995,21.9,0.0,0.0,0,4.0
2022,CAB0251,Intra-Europe,consortium,2014,8,42,2571.0,5,None,1296.0,935.0,57.8,0,25,52,0,28.6,none,0,0.0,2023.0,True,True,,361.0,0.7214506172839507,96.10000000000002,-3.6000000000000014,3.0,0.0,0,5.0
2023,CAB0251,Intra-Europe,consortium,2014,9,42,2571.0,5,None,1296.0,910.1,57.8,0,25,53,0,30.2,none,0,0.0,2024.0,True,True,,385.9,0.7022376543209877,-24.899999999999977,0.0,1.0,0.0,0,6.0
2024,CAB0251,Intra-Europe,consortium,2014,10,42,2571.0,5,None,1296.0,1074.8,53.9,0,25,53,0,31.7,none,0,0.0,2025.0,True,True,,221.20000000000005,0.8293209876543209,164.69999999999993,-3.8999999999999986,0.0,0.0,0,7.0
2025,CAB0251,Intra-Europe,consortium,2014,11,42,2571.0,5,None,1296.0,1292.8,35.0,0,25,58,0,33.3,none,0,0.0,2026.0,True,True,,3.2000000000000455,0.9975308641975308,218.0,-18.9,5.0,0.0,0,8.0
2015,CAB0252,Africa-Coastal,carrier,2008,7,34,10369.0,6,None,757.7,487.1,53.5,0,25,36,1,46.8,none,0,0.0,2016.0,True,True,,270.6,0.6428665698825392,,,,,0,
2016,CAB0252,Africa-Coastal,carrier,2008,8,34,10369.0,6,None,757.7,609.9,47.9,0,25,37,1,48.4,none,0,0.0,2017.0,True,True,,147.80000000000007,0.8049359904975584,122.79999999999995,-5.600000000000001,1.0,0.0,0,
2017,CAB0252,Africa-Coastal,carrier,2008,9,34,10369.0,6,None,757.7,593.6,72.4,0,25,40,0,30.2,none,0,1.0,2018.0,True,True,,164.10000000000002,0.7834235185429589,-16.299999999999955,24.500000000000007,3.0,0.0,0,
2018,CAB0252,Africa-Coastal,carrier,2008,10,34,10369.0,6,None,757.7,713.1,26.1,0,25,40,0,31.7,suspected_external,1,0.0,2019.0,True,True,,44.60000000000002,0.9411376534248383,119.5,-46.300000000000004,0.0,0.0,0,
2019,CAB0252,Africa-Coastal,carrier,2008,11,34,10369.0,6,None,757.7,730.1,47.9,0,25,42,0,33.3,none,0,0.0,2020.0,True,True,,27.600000000000023,0.9635739738682856,17.0,21.799999999999997,2.0,1.0,1,1.0
2020,CAB0252,Africa-Coastal,carrier,2008,12,34,10369.0,6,None,757.7,757.7,100.0,0,25,43,0,34.9,none,0,0.0,2021.0,True,True,,0.0,1.0,27.600000000000023,52.1,1.0,0.0,1,2.0
2021,CAB0252,Africa-Coastal,carrier,2008,13,34,10369.0,6,None,757.7,726.2,55.0,0,25,44,0,36.5,none,0,1.0,2022.0,True,True,,31.5,0.9584268180018477,-31.5,-45.0,1.0,0.0,1,3.0
2022,CAB0252,Africa-Coastal,carrier,2008,14,34,10369.0,6,None,757.7,757.7,49.4,0,25,45,0,38.1,fishing_anchor,1,0.0,2023.0,True,True,,0.0,1.0,31.5,-5.600000000000001,1.0,0.0,0,4.0
2023,CAB0252,Africa-Coastal,carrier,2008,15,34,10369.0,6,None,757.7,757.7,55.5,0,25,47,0,39.7,none,0,0.0,2024.0,True,True,,0.0,1.0,0.0,6.100000000000001,2.0,1.0,1,1.0
2024,CAB0252,Africa-Coastal,carrier,2008,16,34,10369.0,6,None,757.7,757.7,68.0,0,25,49,0,41.3,none,0,0.0,2025.0,True,True,,0.0,1.0,0.0,12.5,2.0,0.0,1,2.0
2025,CAB0252,Africa-Coastal,carrier,2008,17,34,10369.0,6,None,757.7,757.7,100.0,0,25,52,0,42.9,none,0,0.0,2026.0,True,True,,0.0,1.0,0.0,32.0,3.0,0.0,1,3.0
2015,CAB0253,Trans-Pacific,consortium,2010,5,6,12489.0,9,None,150.9,84.2,23.8,1,25,35,1,27.8,none,0,0.0,2016.0,True,True,,66.7,0.5579854208084825,,,,,0,
2016,CAB0253,Trans-Pacific,consortium,2010,6,6,12489.0,9,None,150.9,91.4,82.0,1,25,37,1,29.4,none,0,0.0,2017.0,True,True,,59.5,0.6056991385023194,7.200000000000003,58.2,2.0,0.0,0,
2017,CAB0253,Trans-Pacific,consortium,2010,7,6,12489.0,9,None,150.9,87.2,25.2,1,25,38,1,31.0,none,0,1.0,2018.0,True,True,,63.7,0.5778661365142479,-4.200000000000003,-56.8,1.0,0.0,0,
2018,CAB0253,Trans-Pacific,consortium,2010,8,6,12489.0,9,None,150.9,119.1,44.5,1,25,39,1,32.5,fishing_anchor,1,0.0,2019.0,True,True,,31.80000000000001,0.7892644135188867,31.89999999999999,19.3,1.0,0.0,0,
2019,CAB0253,Trans-Pacific,consortium,2010,9,6,12489.0,9,None,150.9,121.8,52.4,1,25,41,0,14.3,none,0,0.0,2020.0,True,True,,29.10000000000001,0.8071570576540755,2.700000000000003,7.899999999999999,2.0,1.0,1,1.0
2020,CAB0253,Trans-Pacific,consortium,2010,10,6,12489.0,9,None,150.9,141.0,45.1,1,25,42,0,15.9,none,0,0.0,2021.0,True,True,,9.900000000000006,0.9343936381709741,19.200000000000003,-7.299999999999997,1.0,0.0,1,2.0
2021,CAB0253,Trans-Pacific,consortium,2010,11,6,12489.0,9,None,150.9,136.3,34.4,1,25,43,0,17.5,none,0,0.0,2022.0,True,True,,14.599999999999994,0.903247183565275,-4.699999999999989,-10.700000000000003,1.0,0.0,1,3.0
2022,CAB0253,Trans-Pacific,consortium,2010,12,6,12489.0,9,None,150.9,149.1,100.0,1,25,45,0,19.0,none,0,0.0,2023.0,True,True,,1.8000000000000114,0.9880715705765407,12.799999999999983,65.6,2.0,0.0,0,4.0
2023,CAB0253,Trans-Pacific,consortium,2010,13,6,12489.0,9,None,150.9,150.1,96.0,1,25,47,0,20.6,none,0,0.0,2024.0,True,True,,0.8000000000000114,0.9946984758117958,1.0,-4.0,2.0,0.0,0,5.0
2024,CAB0253,Trans-Pacific,consortium,2010,14,6,12489.0,9,None,150.9,150.9,60.4,1,25,49,0,22.2,none,0,0.0,2025.0,True,True,,0.0,1.0,0.8000000000000114,-35.6,2.0,0.0,0,6.0
2025,CAB0253,Trans-Pacific,consortium,2010,15,6,12489.0,9,None,150.9,150.9,65.1,1,25,50,0,23.8,none,0,0.0,2026.0,True,True,,0.0,1.0,0.0,4.699999999999996,1.0,0.0,0,7.0
2015,CAB0254,Trans-Pacific,carrier,2007,8,14,14822.0,5,None,292.0,228.3,71.8,0,25,35,1,48.4,fishing_anchor,1,0.0,2016.0,True,True,,63.69999999999999,0.7818493150684932,,,,,0,
2016,CAB0254,Trans-Pacific,carrier,2007,9,14,14822.0,5,None,292.0,254.7,59.4,0,25,37,1,50.0,none,0,0.0,2017.0,True,True,,37.30000000000001,0.8722602739726028,26.399999999999977,-12.399999999999999,2.0,1.0,1,1.0
2017,CAB0254,Trans-Pacific,carrier,2007,10,14,14822.0,5,None,292.0,231.9,50.5,0,25,38,1,51.6,none,0,0.0,2018.0,True,True,,60.099999999999994,0.7941780821917809,-22.799999999999983,-8.899999999999999,1.0,0.0,1,2.0
2018,CAB0254,Trans-Pacific,carrier,2007,11,14,14822.0,5,None,292.0,267.8,45.1,0,25,39,1,53.2,none,0,1.0,2019.0,True,True,,24.19999999999999,0.917123287671233,35.900000000000006,-5.399999999999999,1.0,0.0,1,3.0
2019,CAB0254,Trans-Pacific,carrier,2007,12,14,14822.0,5,None,292.0,273.0,78.6,0,25,41,0,34.9,fishing_anchor,1,0.0,2020.0,True,True,,19.0,0.934931506849315,5.199999999999989,33.49999999999999,2.0,0.0,0,4.0
2020,CAB0254,Trans-Pacific,carrier,2007,13,14,14822.0,5,None,292.0,292.0,57.0,0,25,42,0,36.5,none,0,0.0,2021.0,True,True,,0.0,1.0,19.0,-21.599999999999994,1.0,1.0,1,1.0
2021,CAB0254,Trans-Pacific,carrier,2007,14,14,14822.0,5,None,292.0,292.0,68.3,0,25,43,0,38.1,none,0,0.0,2022.0,True,True,,0.0,1.0,0.0,11.299999999999997,1.0,0.0,1,2.0
2022,CAB0254,Trans-Pacific,carrier,2007,15,14,14822.0,5,None,292.0,292.0,44.3,0,25,45,0,39.7,none,0,1.0,2023.0,True,True,,0.0,1.0,0.0,-24.0,2.0,0.0,1,3.0
2023,CAB0254,Trans-Pacific,carrier,2007,16,14,14822.0,5,None,292.0,292.0,100.0,0,25,47,0,41.3,fishing_anchor,1,0.0,2024.0,True,True,,0.0,1.0,0.0,55.7,2.0,0.0,0,4.0
2024,CAB0254,Trans-Pacific,carrier,2007,17,14,14822.0,5,None,292.0,292.0,100.0,0,25,49,0,42.9,none,0,0.0,2025.0,True,True,,0.0,1.0,0.0,0.0,2.0,1.0,1,1.0
2025,CAB0254,Trans-Pacific,carrier,2007,18,14,14822.0,5,None,292.0,292.0,100.0,0,25,50,0,44.4,none,0,0.0,2026.0,True,True,,0.0,1.0,0.0,0.0,1.0,0.0,1,2.0
2025,CAB0255,Intra-Europe,consortium,2025,0,12,2199.0,5,None,558.9,90.2,25.3,0,25,58,0,15.9,none,0,0.0,2026.0,True,True,,468.7,0.1613884415816783,,,,,0,
2015,CAB0256,Intra-Asia,hyperscaler,2008,7,22,3060.0,5,None,490.3,350.1,38.9,1,25,53,0,11.1,none,0,0.0,2016.0,True,True,,140.2,0.714052620844381,,,,,0,
2016,CAB0256,Intra-Asia,hyperscaler,2008,8,22,3060.0,5,None,490.3,376.3,45.3,1,25,59,0,12.7,none,0,0.0,2017.0,True,True,,114.0,0.7674892922700387,26.19999999999999,6.399999999999999,6.0,0.0,0,
2017,CAB0256,Intra-Asia,hyperscaler,2008,9,22,3060.0,5,None,490.3,417.5,28.8,1,25,60,0,14.3,none,0,0.0,2018.0,True,True,,72.80000000000001,0.8515194778706914,41.19999999999999,-16.499999999999996,1.0,0.0,0,
2018,CAB0256,Intra-Asia,hyperscaler,2008,10,22,3060.0,5,None,490.3,405.3,37.9,1,25,62,0,15.9,none,0,0.0,2019.0,True,True,,85.0,0.8266367530083623,-12.199999999999989,9.099999999999998,2.0,0.0,0,
2019,CAB0256,Intra-Asia,hyperscaler,2008,11,22,3060.0,5,None,490.3,440.3,39.3,1,25,64,0,17.5,none,0,0.0,2020.0,True,True,,50.0,0.8980216194166837,35.0,1.3999999999999986,2.0,0.0,0,
2020,CAB0256,Intra-Asia,hyperscaler,2008,12,22,3060.0,5,None,490.3,490.3,96.4,1,25,66,0,19.0,none,0,0.0,2021.0,True,True,,0.0,1.0,50.0,57.10000000000001,2.0,0.0,0,
2021,CAB0256,Intra-Asia,hyperscaler,2008,13,22,3060.0,5,None,490.3,490.3,90.2,1,25,69,0,20.6,none,0,0.0,2022.0,True,True,,0.0,1.0,0.0,-6.200000000000003,3.0,0.0,0,
2022,CAB0256,Intra-Asia,hyperscaler,2008,14,22,3060.0,5,None,490.3,490.3,72.0,1,25,70,0,22.2,none,0,1.0,2023.0,True,True,,0.0,1.0,0.0,-18.200000000000003,1.0,0.0,0,
2023,CAB0256,Intra-Asia,hyperscaler,2008,15,22,3060.0,5,None,490.3,490.3,82.4,1,25,70,0,23.8,fishing_anchor,1,0.0,2024.0,True,True,,0.0,1.0,0.0,10.400000000000006,0.0,0.0,0,
2024,CAB0256,Intra-Asia,hyperscaler,2008,16,22,3060.0,5,None,490.3,490.3,77.8,1,25,75,0,25.4,none,0,0.0,2025.0,True,True,,0.0,1.0,0.0,-4.6000000000000085,5.0,1.0,1,1.0
2025,CAB0256,Intra-Asia,hyperscaler,2008,17,22,3060.0,5,None,490.3,490.3,97.0,1,25,77,0,27.0,none,0,0.0,2026.0,True,True,,0.0,1.0,0.0,19.200000000000003,2.0,0.0,1,2.0
2017,CAB0257,EMEA-Asia,government,2017,0,20,19122.0,9,Suez,702.9,196.6,36.6,0,25,32,1,63.5,suspected_external,1,1.0,2018.0,True,True,,506.29999999999995,0.2796983923744487,,,,,0,
2018,CAB0257,EMEA-Asia,government,2017,1,20,19122.0,9,Suez,702.9,326.7,16.2,0,25,34,1,65.1,fishing_anchor,1,0.0,2019.0,True,True,,376.2,0.4647887323943662,130.1,-20.400000000000002,2.0,1.0,1,1.0
2019,CAB0257,EMEA-Asia,government,2017,2,20,19122.0,9,Suez,702.9,256.2,14.0,0,25,37,1,66.7,none,0,1.0,2020.0,True,True,,446.7,0.36448997012377293,-70.5,-2.1999999999999993,3.0,1.0,2,1.0
2020,CAB0257,EMEA-Asia,government,2017,3,20,19122.0,9,Suez,702.9,285.7,77.0,0,25,40,0,48.4,fishing_anchor,1,0.0,2021.0,True,True,,417.2,0.4064589557547304,29.5,63.0,3.0,0.0,2,2.0
2021,CAB0257,EMEA-Asia,government,2017,4,20,19122.0,9,Suez,702.9,341.6,49.0,0,25,44,0,50.0,none,0,0.0,2022.0,True,True,,361.29999999999995,0.4859866268316973,55.900000000000034,-28.0,4.0,1.0,2,1.0
2022,CAB0257,EMEA-Asia,government,2017,5,20,19122.0,9,Suez,702.9,424.3,35.2,0,25,45,0,51.6,none,0,1.0,2023.0,True,True,,278.59999999999997,0.6036420543462797,82.69999999999999,-13.799999999999997,1.0,0.0,1,2.0
2023,CAB0257,EMEA-Asia,government,2017,6,20,19122.0,9,Suez,702.9,369.9,21.7,0,25,47,0,53.2,fishing_anchor,1,1.0,2024.0,True,True,,333.0,0.5262483994878361,-54.400000000000034,-13.500000000000004,2.0,0.0,1,3.0
2024,CAB0257,EMEA-Asia,government,2017,7,20,19122.0,9,Suez,702.9,505.0,20.3,0,25,48,0,54.8,fishing_anchor,1,1.0,2025.0,True,True,,197.89999999999998,0.7184521269028311,135.10000000000002,-1.3999999999999986,1.0,1.0,1,1.0
2025,CAB0257,EMEA-Asia,government,2017,8,20,19122.0,9,Suez,702.9,436.5,49.5,0,25,47,0,56.3,fishing_anchor,1,1.0,2026.0,True,True,,266.4,0.6209987195902689,-68.5,29.2,-1.0,1.0,2,1.0
2015,CAB0258,Indian-Ocean,carrier,2010,5,4,11240.0,6,Bab-el-Mandeb,100.6,59.7,31.4,1,25,31,1,55.6,none,0,0.0,2016.0,True,True,,40.89999999999999,0.5934393638170975,,,,,0,
2016,CAB0258,Indian-Ocean,carrier,2010,6,4,11240.0,6,Bab-el-Mandeb,100.6,62.9,36.1,1,25,33,1,57.1,none,0,0.0,2017.0,True,True,,37.699999999999996,0.6252485089463221,3.1999999999999957,4.700000000000003,2.0,0.0,0,
2017,CAB0258,Indian-Ocean,carrier,2010,7,4,11240.0,6,Bab-el-Mandeb,100.6,57.4,17.8,1,25,33,1,58.7,none,0,1.0,2018.0,True,True,,43.199999999999996,0.5705765407554673,-5.5,-18.3,0.0,0.0,0,
2018,CAB0258,Indian-Ocean,carrier,2010,8,4,11240.0,6,Bab-el-Mandeb,100.6,60.4,84.5,1,25,35,1,60.3,fishing_anchor,1,0.0,2019.0,True,True,,40.199999999999996,0.6003976143141153,3.0,66.7,2.0,0.0,0,
2019,CAB0258,Indian-Ocean,carrier,2010,9,4,11240.0,6,Bab-el-Mandeb,100.6,77.4,50.9,1,25,35,1,61.9,none,0,0.0,2020.0,True,True,,23.19999999999999,0.7693836978131213,17.000000000000007,-33.6,0.0,1.0,1,1.0
2020,CAB0258,Indian-Ocean,carrier,2010,10,4,11240.0,6,Bab-el-Mandeb,100.6,90.3,60.7,1,25,36,1,63.5,none,0,0.0,2021.0,True,True,,10.299999999999997,0.8976143141153081,12.899999999999991,9.800000000000004,1.0,0.0,1,2.0
2021,CAB0258,Indian-Ocean,carrier,2010,11,4,11240.0,6,Bab-el-Mandeb,100.6,92.2,42.0,1,25,39,1,65.1,none,0,0.0,2022.0,True,True,,8.399999999999991,0.9165009940357853,1.9000000000000057,-18.700000000000003,3.0,0.0,1,3.0
2022,CAB0258,Indian-Ocean,carrier,2010,12,4,11240.0,6,Bab-el-Mandeb,100.6,91.1,91.9,1,25,39,1,66.7,none,0,0.0,2023.0,True,True,,9.5,0.9055666003976143,-1.1000000000000085,49.900000000000006,0.0,0.0,0,4.0
2023,CAB0258,Indian-Ocean,carrier,2010,13,4,11240.0,6,Bab-el-Mandeb,100.6,90.8,58.5,1,25,40,0,48.4,none,0,1.0,2024.0,True,True,,9.799999999999997,0.9025844930417495,-0.29999999999999716,-33.400000000000006,1.0,0.0,0,5.0
2024,CAB0258,Indian-Ocean,carrier,2010,14,4,11240.0,6,Bab-el-Mandeb,100.6,100.6,80.6,1,25,41,0,50.0,suspected_external,1,0.0,2025.0,True,True,,0.0,1.0,9.799999999999997,22.099999999999994,1.0,0.0,0,6.0
2025,CAB0258,Indian-Ocean,carrier,2010,15,4,11240.0,6,Bab-el-Mandeb,100.6,100.6,82.5,1,25,44,0,51.6,none,0,1.0,2026.0,True,True,,0.0,1.0,0.0,1.9000000000000057,3.0,1.0,1,1.0
2018,CAB0259,Trans-Atlantic,consortium,2018,0,5,6951.0,7,None,182.9,42.6,29.4,1,25,40,0,0.0,natural_hazard,1,0.0,2019.0,True,True,,140.3,0.23291416074357574,,,,,0,
2019,CAB0259,Trans-Atlantic,consortium,2018,1,5,6951.0,7,None,182.9,51.5,56.2,1,25,45,0,1.6,none,0,1.0,2020.0,True,True,,131.4,0.28157463094587204,8.899999999999999,26.800000000000004,5.0,1.0,1,1.0
2020,CAB0259,Trans-Atlantic,consortium,2018,2,5,6951.0,7,None,182.9,57.6,23.3,1,25,48,0,3.2,fishing_anchor,1,0.0,2021.0,True,True,,125.30000000000001,0.31492618917441223,6.100000000000001,-32.900000000000006,3.0,0.0,1,2.0
2021,CAB0259,Trans-Atlantic,consortium,2018,3,5,6951.0,7,None,182.9,89.5,28.7,1,25,50,0,4.8,none,0,0.0,2022.0,True,True,,93.4,0.48933843630399126,31.9,5.399999999999999,2.0,1.0,2,1.0
2022,CAB0259,Trans-Atlantic,consortium,2018,4,5,6951.0,7,None,182.9,85.1,34.7,1,25,51,0,6.3,none,0,0.0,2023.0,True,True,,97.80000000000001,0.4652815746309458,-4.400000000000006,6.0000000000000036,1.0,0.0,1,2.0
2023,CAB0259,Trans-Atlantic,consortium,2018,5,5,6951.0,7,None,182.9,110.1,71.8,1,25,54,0,7.9,none,0,0.0,2024.0,True,True,,72.80000000000001,0.60196828868234,25.0,37.099999999999994,3.0,0.0,1,3.0
2024,CAB0259,Trans-Atlantic,consortium,2018,6,5,6951.0,7,None,182.9,101.6,28.2,1,25,58,0,9.5,none,0,0.0,2025.0,True,True,,81.30000000000001,0.555494805904866,-8.5,-43.599999999999994,4.0,0.0,0,4.0
2025,CAB0259,Trans-Atlantic,consortium,2018,7,5,6951.0,7,None,182.9,111.3,47.1,1,25,62,0,11.1,none,0,0.0,2026.0,True,True,,71.60000000000001,0.608529250956807,9.700000000000003,18.900000000000002,4.0,0.0,0,5.0
2015,CAB0260,Africa-Coastal,government,1999,16,2,13904.0,4,None,18.9,18.9,89.4,0,25,36,1,61.1,none,0,1.0,2016.0,True,True,,0.0,1.0,,,,,0,
2016,CAB0260,Africa-Coastal,government,1999,17,2,13904.0,4,None,18.9,18.9,51.7,0,25,37,1,62.7,fishing_anchor,1,1.0,2017.0,True,True,,0.0,1.0,0.0,-37.7,1.0,0.0,0,
2017,CAB0260,Africa-Coastal,government,1999,18,2,13904.0,4,None,18.9,18.9,49.9,0,25,40,0,44.4,fishing_anchor,1,0.0,2018.0,True,True,,0.0,1.0,0.0,-1.8000000000000043,3.0,1.0,1,1.0
2018,CAB0260,Africa-Coastal,government,1999,19,2,13904.0,4,None,18.9,18.9,50.1,0,25,40,0,46.0,none,0,0.0,2019.0,True,True,,0.0,1.0,0.0,0.20000000000000284,0.0,1.0,2,1.0
2019,CAB0260,Africa-Coastal,government,1999,20,2,13904.0,4,None,18.9,18.9,100.0,0,25,42,0,47.6,none,0,0.0,2020.0,True,True,,0.0,1.0,0.0,49.9,2.0,0.0,2,2.0
2020,CAB0260,Africa-Coastal,government,1999,21,2,13904.0,4,None,18.9,18.9,56.3,0,25,43,0,49.2,none,0,1.0,2021.0,True,True,,0.0,1.0,0.0,-43.7,1.0,0.0,1,3.0
2021,CAB0260,Africa-Coastal,government,1999,22,2,13904.0,4,None,18.9,18.9,82.3,0,25,44,0,50.8,fishing_anchor,1,1.0,2022.0,True,True,,0.0,1.0,0.0,26.0,1.0,0.0,0,4.0
2022,CAB0260,Africa-Coastal,government,1999,23,2,13904.0,4,None,18.9,18.9,90.6,0,25,45,0,52.4,fishing_anchor,1,0.0,2023.0,True,True,,0.0,1.0,0.0,8.299999999999997,1.0,1.0,1,1.0
2023,CAB0260,Africa-Coastal,government,1999,24,2,13904.0,4,None,18.9,18.9,90.6,0,25,47,0,54.0,none,0,0.0,2024.0,True,True,,0.0,1.0,0.0,0.0,2.0,1.0,2,1.0
2024,CAB0260,Africa-Coastal,government,1999,25,2,13904.0,4,None,18.9,18.9,100.0,0,25,49,0,55.6,none,0,0.0,2025.0,True,True,,0.0,1.0,0.0,9.400000000000006,2.0,0.0,2,2.0
2025,CAB0260,Africa-Coastal,government,1999,26,2,13904.0,4,None,18.9,18.9,100.0,0,25,52,0,57.1,none,0,1.0,2026.0,True,True,,0.0,1.0,0.0,0.0,3.0,0.0,1,3.0
2017,CAB0261,Africa-Coastal,consortium,2017,0,20,6256.0,3,None,702.9,178.0,6.1,1,25,40,0,0.0,none,0,0.0,2018.0,True,True,,524.9,0.2532365912647603,,,,,0,
2018,CAB0261,Africa-Coastal,consortium,2017,1,20,6256.0,3,None,702.9,224.1,22.4,1,25,40,0,1.6,none,0,0.0,2019.0,True,True,,478.79999999999995,0.31882202304737517,46.099999999999994,16.299999999999997,0.0,0.0,0,
2019,CAB0261,Africa-Coastal,consortium,2017,2,20,6256.0,3,None,702.9,192.1,70.8,1,25,42,0,3.2,none,0,0.0,2020.0,True,True,,510.79999999999995,0.27329634371887895,-32.0,48.4,2.0,0.0,0,
2020,CAB0261,Africa-Coastal,consortium,2017,3,20,6256.0,3,None,702.9,272.5,55.3,1,25,43,0,4.8,none,0,0.0,2021.0,True,True,,430.4,0.3876796130317257,80.4,-15.5,1.0,0.0,0,
2021,CAB0261,Africa-Coastal,consortium,2017,4,20,6256.0,3,None,702.9,373.1,44.8,1,25,44,0,6.3,none,0,1.0,2022.0,True,True,,329.79999999999995,0.5308009674206858,100.60000000000002,-10.5,1.0,0.0,0,
2022,CAB0261,Africa-Coastal,consortium,2017,5,20,6256.0,3,None,702.9,408.1,34.1,1,25,45,0,7.9,fishing_anchor,1,0.0,2023.0,True,True,,294.79999999999995,0.5805946791862285,35.0,-10.699999999999996,1.0,0.0,0,
2023,CAB0261,Africa-Coastal,consortium,2017,6,20,6256.0,3,None,702.9,408.0,77.8,1,25,47,0,9.5,none,0,0.0,2024.0,True,True,,294.9,0.5804524114383269,-0.10000000000002274,43.699999999999996,2.0,1.0,1,1.0
2024,CAB0261,Africa-Coastal,consortium,2017,7,20,6256.0,3,None,702.9,438.9,28.8,1,25,49,0,11.1,none,0,0.0,2025.0,True,True,,264.0,0.6244131455399061,30.899999999999977,-49.0,2.0,0.0,1,2.0
2025,CAB0261,Africa-Coastal,consortium,2017,8,20,6256.0,3,None,702.9,539.5,38.6,1,25,52,0,12.7,none,0,0.0,2026.0,True,True,,163.39999999999998,0.7675344999288661,100.60000000000002,9.8,3.0,0.0,1,3.0
2015,CAB0262,Africa-Coastal,carrier,2015,0,14,3724.0,4,None,452.0,93.8,57.9,1,25,36,1,19.8,none,0,0.0,2016.0,True,True,,358.2,0.2075221238938053,,,,,0,
2016,CAB0262,Africa-Coastal,carrier,2015,1,14,3724.0,4,None,452.0,162.7,34.5,1,25,37,1,21.4,none,0,0.0,2017.0,True,True,,289.3,0.35995575221238935,68.89999999999999,-23.4,1.0,0.0,0,
2017,CAB0262,Africa-Coastal,carrier,2015,2,14,3724.0,4,None,452.0,201.8,31.4,1,25,40,0,3.2,none,0,0.0,2018.0,True,True,,250.2,0.4464601769911505,39.10000000000002,-3.1000000000000014,3.0,0.0,0,
2018,CAB0262,Africa-Coastal,carrier,2015,3,14,3724.0,4,None,452.0,223.2,59.6,1,25,40,0,4.8,none,0,0.0,2019.0,True,True,,228.8,0.49380530973451325,21.399999999999977,28.200000000000003,0.0,0.0,0,
2019,CAB0262,Africa-Coastal,carrier,2015,4,14,3724.0,4,None,452.0,202.0,66.1,1,25,42,0,6.3,none,0,0.0,2020.0,True,True,,250.0,0.4469026548672566,-21.19999999999999,6.499999999999993,2.0,0.0,0,
2020,CAB0262,Africa-Coastal,carrier,2015,5,14,3724.0,4,None,452.0,288.1,40.0,1,25,43,0,7.9,none,0,0.0,2021.0,True,True,,163.89999999999998,0.6373893805309735,86.10000000000002,-26.099999999999994,1.0,0.0,0,
2021,CAB0262,Africa-Coastal,carrier,2015,6,14,3724.0,4,None,452.0,297.0,70.1,1,25,44,0,9.5,none,0,0.0,2022.0,True,True,,155.0,0.6570796460176991,8.899999999999977,30.099999999999994,1.0,0.0,0,
2022,CAB0262,Africa-Coastal,carrier,2015,7,14,3724.0,4,None,452.0,295.4,58.8,1,25,45,0,11.1,none,0,0.0,2023.0,True,True,,156.60000000000002,0.6535398230088495,-1.6000000000000227,-11.299999999999997,1.0,0.0,0,
2023,CAB0262,Africa-Coastal,carrier,2015,8,14,3724.0,4,None,452.0,361.8,68.1,1,25,47,0,12.7,none,0,0.0,2024.0,True,True,,90.19999999999999,0.8004424778761062,66.40000000000003,9.299999999999997,2.0,0.0,0,
2024,CAB0262,Africa-Coastal,carrier,2015,9,14,3724.0,4,None,452.0,314.5,38.7,1,25,49,0,14.3,none,0,0.0,2025.0,True,True,,137.5,0.6957964601769911,-47.30000000000001,-29.39999999999999,2.0,0.0,0,
2025,CAB0262,Africa-Coastal,carrier,2015,10,14,3724.0,4,None,452.0,401.3,74.9,1,25,52,0,15.9,none,0,0.0,2026.0,True,True,,50.69999999999999,0.8878318584070797,86.80000000000001,36.2,3.0,0.0,0,
2015,CAB0263,Americas,carrier,2008,7,5,3976.0,5,None,111.4,67.6,43.8,0,25,28,1,46.8,fishing_anchor,1,0.0,2016.0,True,True,,43.80000000000001,0.6068222621184919,,,,,0,
2016,CAB0263,Americas,carrier,2008,8,5,3976.0,5,None,111.4,74.1,34.7,0,25,29,1,48.4,none,0,0.0,2017.0,True,True,,37.30000000000001,0.6651705565529622,6.5,-9.099999999999994,1.0,1.0,1,1.0
2017,CAB0263,Americas,carrier,2008,9,5,3976.0,5,None,111.4,77.1,33.5,0,25,29,1,50.0,none,0,0.0,2018.0,True,True,,34.30000000000001,0.6921005385996408,3.0,-1.2000000000000028,0.0,0.0,1,2.0
2018,CAB0263,Americas,carrier,2008,10,5,3976.0,5,None,111.4,96.2,78.2,0,25,31,1,51.6,none,0,1.0,2019.0,True,True,,15.200000000000003,0.8635547576301615,19.10000000000001,44.7,2.0,0.0,1,3.0
2019,CAB0263,Americas,carrier,2008,11,5,3976.0,5,None,111.4,109.7,83.6,0,25,32,1,53.2,fishing_anchor,1,0.0,2020.0,True,True,,1.7000000000000028,0.9847396768402155,13.5,5.3999999999999915,1.0,0.0,0,4.0
2020,CAB0263,Americas,carrier,2008,12,5,3976.0,5,None,111.4,105.1,36.7,0,25,33,1,54.8,none,0,0.0,2021.0,True,True,,6.300000000000011,0.9434470377019748,-4.6000000000000085,-46.89999999999999,1.0,1.0,1,1.0
2021,CAB0263,Americas,carrier,2008,13,5,3976.0,5,None,111.4,111.4,74.2,0,25,37,1,56.3,none,0,0.0,2022.0,True,True,,0.0,1.0,6.300000000000011,37.5,4.0,0.0,1,2.0
2022,CAB0263,Americas,carrier,2008,14,5,3976.0,5,None,111.4,111.4,64.9,0,25,37,1,57.9,none,0,1.0,2023.0,True,True,,0.0,1.0,0.0,-9.299999999999997,0.0,0.0,1,3.0
2023,CAB0263,Americas,carrier,2008,15,5,3976.0,5,None,111.4,111.4,100.0,0,25,37,1,59.5,fishing_anchor,1,1.0,2024.0,True,True,,0.0,1.0,0.0,35.099999999999994,0.0,0.0,0,4.0
2024,CAB0263,Americas,carrier,2008,16,5,3976.0,5,None,111.4,111.4,97.3,0,25,39,1,61.1,fishing_anchor,1,1.0,2025.0,True,True,,0.0,1.0,0.0,-2.700000000000003,2.0,1.0,1,1.0
2025,CAB0263,Americas,carrier,2008,17,5,3976.0,5,None,111.4,111.4,97.7,0,25,39,1,62.7,fishing_anchor,1,1.0,2026.0,True,True,,0.0,1.0,0.0,0.4000000000000057,0.0,1.0,2,1.0
2024,CAB0264,Trans-Atlantic,carrier,2024,0,6,7219.0,6,None,270.9,73.2,8.6,0,25,58,0,15.9,none,0,1.0,2025.0,True,True,,197.7,0.2702104097452935,,,,,0,
2025,CAB0264,Trans-Atlantic,carrier,2024,1,6,7219.0,6,None,270.9,90.7,31.3,0,25,62,0,17.5,fishing_anchor,1,0.0,2026.0,True,True,,180.2,0.33480989294942787,17.5,22.700000000000003,4.0,0.0,0,
2015,CAB0265,Trans-Atlantic,carrier,2000,15,10,5104.0,9,None,108.6,108.6,69.8,1,25,33,1,43.7,none,0,0.0,2016.0,True,True,,0.0,1.0,,,,,0,
2016,CAB0265,Trans-Atlantic,carrier,2000,16,10,5104.0,9,None,108.6,108.6,67.9,1,25,37,1,45.2,none,0,1.0,2017.0,True,True,,0.0,1.0,0.0,-1.8999999999999915,4.0,0.0,0,
2017,CAB0265,Trans-Atlantic,carrier,2000,17,10,5104.0,9,None,108.6,108.6,64.2,1,25,37,1,46.8,fishing_anchor,1,0.0,2018.0,True,True,,0.0,1.0,0.0,-3.700000000000003,0.0,0.0,0,
2018,CAB0265,Trans-Atlantic,carrier,2000,18,10,5104.0,9,None,108.6,108.6,45.3,1,25,40,0,28.6,none,0,0.0,2019.0,True,True,,0.0,1.0,0.0,-18.900000000000006,3.0,1.0,1,1.0
2019,CAB0265,Trans-Atlantic,carrier,2000,19,10,5104.0,9,None,108.6,108.6,89.5,1,25,45,0,30.2,none,0,0.0,2020.0,True,True,,0.0,1.0,0.0,44.2,5.0,0.0,1,2.0
2020,CAB0265,Trans-Atlantic,carrier,2000,20,10,5104.0,9,None,108.6,108.6,72.5,1,25,48,0,31.7,none,0,0.0,2021.0,True,True,,0.0,1.0,0.0,-17.0,3.0,0.0,1,3.0
2021,CAB0265,Trans-Atlantic,carrier,2000,21,10,5104.0,9,None,108.6,108.6,62.3,1,25,50,0,33.3,none,0,0.0,2022.0,True,True,,0.0,1.0,0.0,-10.200000000000003,2.0,0.0,0,4.0
2022,CAB0265,Trans-Atlantic,carrier,2000,22,10,5104.0,9,None,108.6,108.6,91.4,1,25,51,0,34.9,none,0,0.0,2023.0,True,True,,0.0,1.0,0.0,29.10000000000001,1.0,0.0,0,5.0
2023,CAB0265,Trans-Atlantic,carrier,2000,23,10,5104.0,9,None,108.6,108.6,63.6,1,25,54,0,36.5,none,0,1.0,2024.0,True,True,,0.0,1.0,0.0,-27.800000000000004,3.0,0.0,0,6.0
2024,CAB0265,Trans-Atlantic,carrier,2000,24,10,5104.0,9,None,108.6,108.6,94.6,1,25,58,0,38.1,fishing_anchor,1,0.0,2025.0,True,True,,0.0,1.0,0.0,30.999999999999993,4.0,0.0,0,7.0
2015,CAB0266,Africa-Coastal,consortium,2007,8,5,9029.0,3,None,104.3,82.1,39.0,0,25,36,1,48.4,fishing_anchor,1,0.0,2016.0,True,True,,22.200000000000003,0.7871524448705657,,,,,0,
2016,CAB0266,Africa-Coastal,consortium,2007,9,5,9029.0,3,None,104.3,75.7,74.4,0,25,37,1,50.0,none,0,0.0,2017.0,True,True,,28.599999999999994,0.7257909875359541,-6.3999999999999915,35.400000000000006,1.0,1.0,1,1.0
2017,CAB0266,Africa-Coastal,consortium,2007,10,5,9029.0,3,None,104.3,85.4,71.6,0,25,40,0,31.7,none,0,0.0,2018.0,True,True,,18.89999999999999,0.8187919463087249,9.700000000000003,-2.8000000000000114,3.0,0.0,1,2.0
2018,CAB0266,Africa-Coastal,consortium,2007,11,5,9029.0,3,None,104.3,98.4,61.0,0,25,40,0,33.3,none,0,0.0,2019.0,True,True,,5.8999999999999915,0.9434324065196549,13.0,-10.599999999999994,0.0,0.0,1,3.0
2019,CAB0266,Africa-Coastal,consortium,2007,12,5,9029.0,3,None,104.3,104.3,41.7,0,25,42,0,34.9,none,0,1.0,2020.0,True,True,,0.0,1.0,5.8999999999999915,-19.299999999999997,2.0,0.0,0,4.0
2020,CAB0266,Africa-Coastal,consortium,2007,13,5,9029.0,3,None,104.3,100.6,70.6,0,25,43,0,36.5,fishing_anchor,1,0.0,2021.0,True,True,,3.700000000000003,0.9645254074784276,-3.700000000000003,28.89999999999999,1.0,0.0,0,5.0
2021,CAB0266,Africa-Coastal,consortium,2007,14,5,9029.0,3,None,104.3,104.3,46.3,0,25,44,0,38.1,none,0,1.0,2022.0,True,True,,0.0,1.0,3.700000000000003,-24.299999999999997,1.0,1.0,1,1.0
2022,CAB0266,Africa-Coastal,consortium,2007,15,5,9029.0,3,None,104.3,104.3,52.0,0,25,45,0,39.7,natural_hazard,1,0.0,2023.0,True,True,,0.0,1.0,0.0,5.700000000000003,1.0,0.0,1,2.0
2023,CAB0266,Africa-Coastal,consortium,2007,16,5,9029.0,3,None,104.3,104.3,100.0,0,25,47,0,41.3,none,0,1.0,2024.0,True,True,,0.0,1.0,0.0,48.0,2.0,1.0,2,1.0
2024,CAB0266,Africa-Coastal,consortium,2007,17,5,9029.0,3,None,104.3,104.3,73.5,0,25,49,0,42.9,fishing_anchor,1,0.0,2025.0,True,True,,0.0,1.0,0.0,-26.5,2.0,0.0,1,2.0
2025,CAB0266,Africa-Coastal,consortium,2007,18,5,9029.0,3,None,104.3,104.3,100.0,0,25,52,0,44.4,none,0,0.0,2026.0,True,True,,0.0,1.0,0.0,26.5,3.0,1.0,2,1.0
2020,CAB0267,Intra-Pacific-Islands,carrier,2020,0,8,2327.0,8,None,315.4,47.9,41.9,0,25,40,0,15.9,none,0,0.0,2021.0,True,True,,267.5,0.1518706404565631,,,,,0,
2021,CAB0267,Intra-Pacific-Islands,carrier,2020,1,8,2327.0,8,None,315.4,112.7,48.3,0,25,41,0,17.5,none,0,0.0,2022.0,True,True,,202.7,0.3573240329740013,64.80000000000001,6.399999999999999,1.0,0.0,0,
2022,CAB0267,Intra-Pacific-Islands,carrier,2020,2,8,2327.0,8,None,315.4,97.5,49.0,0,25,43,0,19.0,none,0,0.0,2023.0,True,True,,217.89999999999998,0.30913126188966394,-15.200000000000003,0.7000000000000028,2.0,0.0,0,
2023,CAB0267,Intra-Pacific-Islands,carrier,2020,3,8,2327.0,8,None,315.4,118.1,58.4,0,25,45,0,20.6,none,0,1.0,2024.0,True,True,,197.29999999999998,0.3744451490171211,20.599999999999994,9.399999999999999,2.0,0.0,0,
2024,CAB0267,Intra-Pacific-Islands,carrier,2020,4,8,2327.0,8,None,315.4,144.4,40.9,0,25,48,0,22.2,fishing_anchor,1,0.0,2025.0,True,True,,170.99999999999997,0.45783132530120485,26.30000000000001,-17.5,3.0,0.0,0,
2025,CAB0267,Intra-Pacific-Islands,carrier,2020,5,8,2327.0,8,None,315.4,168.7,42.0,0,25,50,0,23.8,none,0,0.0,2026.0,True,True,,146.7,0.5348763474952442,24.299999999999983,1.1000000000000014,2.0,1.0,1,1.0
2015,CAB0268,Trans-Atlantic,consortium,2011,4,25,5530.0,2,None,664.3,322.9,45.7,1,25,33,1,38.1,fishing_anchor,1,0.0,2016.0,True,True,,341.4,0.4860755682673491,,,,,0,
2016,CAB0268,Trans-Atlantic,consortium,2011,5,25,5530.0,2,None,664.3,314.3,67.6,1,25,37,1,39.7,none,0,0.0,2017.0,True,True,,349.99999999999994,0.47312961011591154,-8.599999999999966,21.89999999999999,4.0,1.0,1,1.0
2017,CAB0268,Trans-Atlantic,consortium,2011,6,25,5530.0,2,None,664.3,413.7,39.9,1,25,37,1,41.3,none,0,0.0,2018.0,True,True,,250.59999999999997,0.6227608008429927,99.39999999999998,-27.699999999999996,0.0,0.0,1,2.0
2018,CAB0268,Trans-Atlantic,consortium,2011,7,25,5530.0,2,None,664.3,457.6,79.9,1,25,40,0,23.0,none,0,0.0,2019.0,True,True,,206.69999999999993,0.6888454011741684,43.900000000000034,40.00000000000001,3.0,0.0,1,3.0
2019,CAB0268,Trans-Atlantic,consortium,2011,8,25,5530.0,2,None,664.3,472.6,57.4,1,25,45,0,24.6,none,0,1.0,2020.0,True,True,,191.69999999999993,0.7114255607406293,15.0,-22.500000000000007,5.0,0.0,0,4.0
2020,CAB0268,Trans-Atlantic,consortium,2011,9,25,5530.0,2,None,664.3,471.1,39.3,1,25,48,0,26.2,natural_hazard,1,0.0,2021.0,True,True,,193.19999999999993,0.7091675447839833,-1.5,-18.1,3.0,0.0,0,5.0
2021,CAB0268,Trans-Atlantic,consortium,2011,10,25,5530.0,2,None,664.3,521.3,58.3,1,25,50,0,27.8,none,0,0.0,2022.0,True,True,,143.0,0.7847358121330724,50.19999999999993,19.0,2.0,1.0,1,1.0
2022,CAB0268,Trans-Atlantic,consortium,2011,11,25,5530.0,2,None,664.3,606.9,100.0,1,25,51,0,29.4,none,0,1.0,2023.0,True,True,,57.39999999999998,0.9135932560590095,85.60000000000002,41.7,1.0,0.0,1,2.0
2023,CAB0268,Trans-Atlantic,consortium,2011,12,25,5530.0,2,None,664.3,664.3,84.6,1,25,54,0,31.0,fishing_anchor,1,0.0,2024.0,True,True,,0.0,1.0,57.39999999999998,-15.400000000000006,3.0,0.0,1,3.0
2024,CAB0268,Trans-Atlantic,consortium,2011,13,25,5530.0,2,None,664.3,664.3,52.9,1,25,58,0,32.5,none,0,0.0,2025.0,True,True,,0.0,1.0,0.0,-31.699999999999996,4.0,1.0,1,1.0
2025,CAB0268,Trans-Atlantic,consortium,2011,14,25,5530.0,2,None,664.3,664.3,37.3,1,25,62,0,34.1,none,0,0.0,2026.0,True,True,,0.0,1.0,0.0,-15.600000000000001,4.0,0.0,1,2.0
2015,CAB0269,Trans-Atlantic,consortium,2004,11,19,6711.0,11,None,314.9,268.3,91.1,0,25,33,1,53.2,none,0,0.0,2016.0,True,True,,46.599999999999966,0.852016513178787,,,,,0,
2016,CAB0269,Trans-Atlantic,consortium,2004,12,19,6711.0,11,None,314.9,304.4,92.9,0,25,37,1,54.8,none,0,1.0,2017.0,True,True,,10.5,0.9666560812956494,36.099999999999966,1.8000000000000114,4.0,0.0,0,
2017,CAB0269,Trans-Atlantic,consortium,2004,13,19,6711.0,11,None,314.9,314.9,92.4,0,25,37,1,56.3,fishing_anchor,1,0.0,2018.0,True,True,,0.0,1.0,10.5,-0.5,0.0,0.0,0,
2018,CAB0269,Trans-Atlantic,consortium,2004,14,19,6711.0,11,None,314.9,314.9,42.3,0,25,40,0,38.1,none,0,0.0,2019.0,True,True,,0.0,1.0,0.0,-50.10000000000001,3.0,1.0,1,1.0
2019,CAB0269,Trans-Atlantic,consortium,2004,15,19,6711.0,11,None,314.9,314.9,73.0,0,25,45,0,39.7,none,0,0.0,2020.0,True,True,,0.0,1.0,0.0,30.700000000000003,5.0,0.0,1,2.0
2020,CAB0269,Trans-Atlantic,consortium,2004,16,19,6711.0,11,None,314.9,314.9,61.0,0,25,48,0,41.3,none,0,0.0,2021.0,True,True,,0.0,1.0,0.0,-12.0,3.0,0.0,1,3.0
2021,CAB0269,Trans-Atlantic,consortium,2004,17,19,6711.0,11,None,314.9,314.9,76.0,0,25,50,0,42.9,none,0,0.0,2022.0,True,True,,0.0,1.0,0.0,15.0,2.0,0.0,0,4.0
2022,CAB0269,Trans-Atlantic,consortium,2004,18,19,6711.0,11,None,314.9,314.9,53.4,0,25,51,0,44.4,none,0,1.0,2023.0,True,True,,0.0,1.0,0.0,-22.6,1.0,0.0,0,5.0
2023,CAB0269,Trans-Atlantic,consortium,2004,19,19,6711.0,11,None,314.9,314.9,80.2,0,25,54,0,46.0,fishing_anchor,1,0.0,2024.0,True,True,,0.0,1.0,0.0,26.800000000000004,3.0,0.0,0,6.0
2024,CAB0269,Trans-Atlantic,consortium,2004,20,19,6711.0,11,None,314.9,314.9,100.0,0,25,58,0,47.6,none,0,1.0,2025.0,True,True,,0.0,1.0,0.0,19.799999999999997,4.0,1.0,1,1.0
2025,CAB0269,Trans-Atlantic,consortium,2004,21,19,6711.0,11,None,314.9,314.9,70.7,0,25,62,0,49.2,natural_hazard,1,0.0,2026.0,True,True,,0.0,1.0,0.0,-29.299999999999997,4.0,0.0,1,2.0
2015,CAB0270,Americas,carrier,2004,11,19,8750.0,7,None,314.9,297.0,51.9,1,25,28,1,37.3,none,0,0.0,2016.0,True,True,,17.899999999999977,0.9431565576373453,,,,,0,
2016,CAB0270,Americas,carrier,2004,12,19,8750.0,7,None,314.9,314.9,54.3,1,25,29,1,38.9,none,0,0.0,2017.0,True,True,,0.0,1.0,17.899999999999977,2.3999999999999986,1.0,0.0,0,
2017,CAB0270,Americas,carrier,2004,13,19,8750.0,7,None,314.9,314.9,78.1,1,25,29,1,40.5,none,0,1.0,2018.0,True,True,,0.0,1.0,0.0,23.799999999999997,0.0,0.0,0,
2018,CAB0270,Americas,carrier,2004,14,19,8750.0,7,None,314.9,314.9,100.0,1,25,31,1,42.1,natural_hazard,1,0.0,2019.0,True,True,,0.0,1.0,0.0,21.900000000000006,2.0,0.0,0,
2019,CAB0270,Americas,carrier,2004,15,19,8750.0,7,None,314.9,314.9,65.4,1,25,32,1,43.7,none,0,1.0,2020.0,True,True,,0.0,1.0,0.0,-34.599999999999994,1.0,1.0,1,1.0
2020,CAB0270,Americas,carrier,2004,16,19,8750.0,7,None,314.9,314.9,83.0,1,25,33,1,45.2,fishing_anchor,1,0.0,2021.0,True,True,,0.0,1.0,0.0,17.599999999999994,1.0,0.0,1,2.0
2021,CAB0270,Americas,carrier,2004,17,19,8750.0,7,None,314.9,314.9,99.6,1,25,37,1,46.8,none,0,0.0,2022.0,True,True,,0.0,1.0,0.0,16.599999999999994,4.0,1.0,2,1.0
2022,CAB0270,Americas,carrier,2004,18,19,8750.0,7,None,314.9,314.9,67.3,1,25,37,1,48.4,none,0,0.0,2023.0,True,True,,0.0,1.0,0.0,-32.3,0.0,0.0,1,2.0
2023,CAB0270,Americas,carrier,2004,19,19,8750.0,7,None,314.9,314.9,52.4,1,25,37,1,50.0,none,0,0.0,2024.0,True,True,,0.0,1.0,0.0,-14.899999999999999,0.0,0.0,1,3.0
2024,CAB0270,Americas,carrier,2004,20,19,8750.0,7,None,314.9,314.9,81.9,1,25,39,1,51.6,none,0,0.0,2025.0,True,True,,0.0,1.0,0.0,29.500000000000007,2.0,0.0,0,4.0
2025,CAB0270,Americas,carrier,2004,21,19,8750.0,7,None,314.9,314.9,86.8,1,25,39,1,53.2,none,0,0.0,2026.0,True,True,,0.0,1.0,0.0,4.8999999999999915,0.0,0.0,0,5.0
2015,CAB0271,Intra-Asia,government,2015,0,28,6875.0,4,None,904.0,154.5,43.6,1,25,53,0,0.0,none,0,1.0,2016.0,True,True,,749.5,0.1709070796460177,,,,,0,
2016,CAB0271,Intra-Asia,government,2015,1,28,6875.0,4,None,904.0,205.7,31.9,1,25,59,0,1.6,natural_hazard,1,0.0,2017.0,True,True,,698.3,0.22754424778761062,51.19999999999999,-11.700000000000003,6.0,0.0,0,
2017,CAB0271,Intra-Asia,government,2015,2,28,6875.0,4,None,904.0,313.7,54.7,1,25,60,0,3.2,none,0,0.0,2018.0,True,True,,590.3,0.34701327433628315,108.0,22.800000000000004,1.0,1.0,1,1.0
2018,CAB0271,Intra-Asia,government,2015,3,28,6875.0,4,None,904.0,373.3,25.5,1,25,62,0,4.8,none,0,0.0,2019.0,True,True,,530.7,0.4129424778761062,59.60000000000002,-29.200000000000003,2.0,0.0,1,2.0
2019,CAB0271,Intra-Asia,government,2015,4,28,6875.0,4,None,904.0,476.9,10.9,1,25,64,0,6.3,none,0,0.0,2020.0,True,True,,427.1,0.5275442477876106,103.59999999999997,-14.6,2.0,0.0,1,3.0
2020,CAB0271,Intra-Asia,government,2015,5,28,6875.0,4,None,904.0,541.7,59.4,1,25,66,0,7.9,none,0,0.0,2021.0,True,True,,362.29999999999995,0.5992256637168142,64.80000000000007,48.5,2.0,0.0,0,4.0
2021,CAB0271,Intra-Asia,government,2015,6,28,6875.0,4,None,904.0,551.7,96.1,1,25,69,0,9.5,none,0,0.0,2022.0,True,True,,352.29999999999995,0.6102876106194691,10.0,36.699999999999996,3.0,0.0,0,5.0
2022,CAB0271,Intra-Asia,government,2015,7,28,6875.0,4,None,904.0,601.7,60.3,1,25,70,0,11.1,none,0,0.0,2023.0,True,True,,302.29999999999995,0.6655973451327434,50.0,-35.8,1.0,0.0,0,6.0
2023,CAB0271,Intra-Asia,government,2015,8,28,6875.0,4,None,904.0,679.4,55.4,1,25,70,0,12.7,none,0,0.0,2024.0,True,True,,224.60000000000002,0.7515486725663717,77.69999999999993,-4.899999999999999,0.0,0.0,0,7.0
2024,CAB0271,Intra-Asia,government,2015,9,28,6875.0,4,None,904.0,710.3,22.6,1,25,75,0,14.3,none,0,0.0,2025.0,True,True,,193.70000000000005,0.7857300884955751,30.899999999999977,-32.8,5.0,0.0,0,8.0
2025,CAB0271,Intra-Asia,government,2015,10,28,6875.0,4,None,904.0,736.9,42.7,1,25,77,0,15.9,none,0,0.0,2026.0,True,True,,167.10000000000002,0.8151548672566371,26.600000000000023,20.1,2.0,0.0,0,9.0
2015,CAB0272,Americas,hyperscaler,2003,12,12,4089.0,2,Panama,181.7,172.1,45.3,1,25,28,1,78.6,none,0,0.0,2016.0,True,True,,9.599999999999994,0.9471656576774904,,,,,0,
2016,CAB0272,Americas,hyperscaler,2003,13,12,4089.0,2,Panama,181.7,181.7,66.1,1,25,29,1,80.2,none,0,0.0,2017.0,True,True,,0.0,1.0,9.599999999999994,20.799999999999997,1.0,0.0,0,
2017,CAB0272,Americas,hyperscaler,2003,14,12,4089.0,2,Panama,181.7,181.7,95.2,1,25,29,1,81.7,none,0,1.0,2018.0,True,True,,0.0,1.0,0.0,29.10000000000001,0.0,0.0,0,
2018,CAB0272,Americas,hyperscaler,2003,15,12,4089.0,2,Panama,181.7,181.7,53.9,1,25,31,1,83.3,fishing_anchor,1,0.0,2019.0,True,True,,0.0,1.0,0.0,-41.300000000000004,2.0,0.0,0,
2019,CAB0272,Americas,hyperscaler,2003,16,12,4089.0,2,Panama,181.7,181.7,59.8,1,25,32,1,84.9,none,0,1.0,2020.0,True,True,,0.0,1.0,0.0,5.899999999999999,1.0,1.0,1,1.0
2020,CAB0272,Americas,hyperscaler,2003,17,12,4089.0,2,Panama,181.7,181.7,74.1,1,25,33,1,86.5,fishing_anchor,1,1.0,2021.0,True,True,,0.0,1.0,0.0,14.299999999999997,1.0,0.0,1,2.0
2021,CAB0272,Americas,hyperscaler,2003,18,12,4089.0,2,Panama,181.7,181.7,54.4,1,25,37,1,88.1,natural_hazard,1,0.0,2022.0,True,True,,0.0,1.0,0.0,-19.699999999999996,4.0,1.0,2,1.0
2022,CAB0272,Americas,hyperscaler,2003,19,12,4089.0,2,Panama,181.7,181.7,93.5,1,25,37,1,89.7,none,0,1.0,2023.0,True,True,,0.0,1.0,0.0,39.1,0.0,1.0,2,1.0
2023,CAB0272,Americas,hyperscaler,2003,20,12,4089.0,2,Panama,181.7,181.7,97.8,1,25,37,1,91.3,fishing_anchor,1,1.0,2024.0,True,True,,0.0,1.0,0.0,4.299999999999997,0.0,0.0,2,2.0
2024,CAB0272,Americas,hyperscaler,2003,21,12,4089.0,2,Panama,181.7,181.7,98.1,1,25,39,1,92.9,fishing_anchor,1,1.0,2025.0,True,True,,0.0,1.0,0.0,0.29999999999999716,2.0,1.0,2,1.0
2025,CAB0272,Americas,hyperscaler,2003,22,12,4089.0,2,Panama,181.7,181.7,68.5,1,25,39,1,94.4,suspected_external,1,1.0,2026.0,True,True,,0.0,1.0,0.0,-29.599999999999994,0.0,1.0,2,1.0
2020,CAB0273,Intra-Asia,carrier,2020,0,5,4232.0,4,Luzon-Strait,197.1,63.3,67.8,0,25,66,0,43.7,none,0,1.0,2021.0,True,True,,133.8,0.3211567732115677,,,,,0,
2021,CAB0273,Intra-Asia,carrier,2020,1,5,4232.0,4,Luzon-Strait,197.1,69.5,24.8,0,25,69,0,45.2,fishing_anchor,1,0.0,2022.0,True,True,,127.6,0.35261288685946224,6.200000000000003,-43.0,3.0,0.0,0,
2022,CAB0273,Intra-Asia,carrier,2020,2,5,4232.0,4,Luzon-Strait,197.1,96.5,15.9,0,25,70,0,46.8,none,0,0.0,2023.0,True,True,,100.6,0.48959918822932524,27.0,-8.9,1.0,1.0,1,1.0
2023,CAB0273,Intra-Asia,carrier,2020,3,5,4232.0,4,Luzon-Strait,197.1,81.0,51.3,0,25,70,0,48.4,none,0,0.0,2024.0,True,True,,116.1,0.4109589041095891,-15.5,35.4,0.0,0.0,1,2.0
2024,CAB0273,Intra-Asia,carrier,2020,4,5,4232.0,4,Luzon-Strait,197.1,95.0,20.8,0,25,75,0,50.0,none,0,0.0,2025.0,True,True,,102.1,0.48198883815322174,14.0,-30.499999999999996,5.0,0.0,1,3.0
2025,CAB0273,Intra-Asia,carrier,2020,5,5,4232.0,4,Luzon-Strait,197.1,112.1,75.0,0,25,77,0,51.6,none,0,0.0,2026.0,True,True,,85.0,0.5687468290208016,17.099999999999994,54.2,2.0,0.0,0,4.0
2023,CAB0274,Intra-Pacific-Islands,consortium,2023,0,23,2049.0,7,None,1005.4,309.7,21.6,0,25,45,0,15.9,none,0,0.0,2024.0,True,True,,695.7,0.30803660234732444,,,,,0,
2024,CAB0274,Intra-Pacific-Islands,consortium,2023,1,23,2049.0,7,None,1005.4,271.2,52.2,0,25,48,0,17.5,none,0,0.0,2025.0,True,True,,734.2,0.2697433857171275,-38.5,30.6,3.0,0.0,0,
2025,CAB0274,Intra-Pacific-Islands,consortium,2023,2,23,2049.0,7,None,1005.4,304.8,55.8,0,25,50,0,19.0,none,0,0.0,2026.0,True,True,,700.5999999999999,0.303162920230754,33.60000000000002,3.5999999999999943,2.0,0.0,0,
2015,CAB0275,Intra-Asia,consortium,2001,14,5,6251.0,3,None,61.4,61.4,88.9,1,25,53,0,22.2,fishing_anchor,1,0.0,2016.0,True,True,,0.0,1.0,,,,,0,
2016,CAB0275,Intra-Asia,consortium,2001,15,5,6251.0,3,None,61.4,61.4,52.7,1,25,59,0,23.8,none,0,1.0,2017.0,True,True,,0.0,1.0,0.0,-36.2,6.0,1.0,1,1.0
2017,CAB0275,Intra-Asia,consortium,2001,16,5,6251.0,3,None,61.4,61.4,73.1,1,25,60,0,25.4,fishing_anchor,1,0.0,2018.0,True,True,,0.0,1.0,0.0,20.39999999999999,1.0,0.0,1,2.0
2018,CAB0275,Intra-Asia,consortium,2001,17,5,6251.0,3,None,61.4,61.4,72.1,1,25,62,0,27.0,none,0,1.0,2019.0,True,True,,0.0,1.0,0.0,-1.0,2.0,1.0,2,1.0
2019,CAB0275,Intra-Asia,consortium,2001,18,5,6251.0,3,None,61.4,61.4,62.3,1,25,64,0,28.6,fishing_anchor,1,1.0,2020.0,True,True,,0.0,1.0,0.0,-9.799999999999997,2.0,0.0,1,2.0
2020,CAB0275,Intra-Asia,consortium,2001,19,5,6251.0,3,None,61.4,61.4,100.0,1,25,66,0,30.2,fishing_anchor,1,1.0,2021.0,True,True,,0.0,1.0,0.0,37.7,2.0,1.0,2,1.0
2021,CAB0275,Intra-Asia,consortium,2001,20,5,6251.0,3,None,61.4,61.4,69.3,1,25,69,0,31.7,fishing_anchor,1,1.0,2022.0,True,True,,0.0,1.0,0.0,-30.700000000000003,3.0,1.0,2,1.0
2022,CAB0275,Intra-Asia,consortium,2001,21,5,6251.0,3,None,61.4,61.4,88.0,1,25,70,0,33.3,fishing_anchor,1,1.0,2023.0,True,True,,0.0,1.0,0.0,18.700000000000003,1.0,1.0,3,1.0
2023,CAB0275,Intra-Asia,consortium,2001,22,5,6251.0,3,None,61.4,61.4,100.0,1,25,70,0,34.9,fishing_anchor,1,0.0,2024.0,True,True,,0.0,1.0,0.0,12.0,0.0,1.0,3,1.0
2024,CAB0275,Intra-Asia,consortium,2001,23,5,6251.0,3,None,61.4,61.4,100.0,1,25,75,0,36.5,none,0,1.0,2025.0,True,True,,0.0,1.0,0.0,0.0,5.0,1.0,3,1.0
2025,CAB0275,Intra-Asia,consortium,2001,24,5,6251.0,3,None,61.4,61.4,100.0,1,25,77,0,38.1,natural_hazard,1,0.0,2026.0,True,True,,0.0,1.0,0.0,0.0,2.0,0.0,2,2.0
2015,CAB0276,Intra-Asia,hyperscaler,1998,17,2,2804.0,4,None,16.0,16.0,47.0,1,25,53,0,27.0,none,0,0.0,2016.0,True,True,,0.0,1.0,,,,,0,
2016,CAB0276,Intra-Asia,hyperscaler,1998,18,2,2804.0,4,None,16.0,16.0,69.8,1,25,59,0,28.6,none,0,0.0,2017.0,True,True,,0.0,1.0,0.0,22.799999999999997,6.0,0.0,0,
2017,CAB0276,Intra-Asia,hyperscaler,1998,19,2,2804.0,4,None,16.0,16.0,95.7,1,25,60,0,30.2,none,0,0.0,2018.0,True,True,,0.0,1.0,0.0,25.900000000000006,1.0,0.0,0,
2018,CAB0276,Intra-Asia,hyperscaler,1998,20,2,2804.0,4,None,16.0,16.0,84.8,1,25,62,0,31.7,none,0,0.0,2019.0,True,True,,0.0,1.0,0.0,-10.900000000000006,2.0,0.0,0,
2019,CAB0276,Intra-Asia,hyperscaler,1998,21,2,2804.0,4,None,16.0,16.0,75.7,1,25,64,0,33.3,none,0,0.0,2020.0,True,True,,0.0,1.0,0.0,-9.099999999999994,2.0,0.0,0,
2020,CAB0276,Intra-Asia,hyperscaler,1998,22,2,2804.0,4,None,16.0,16.0,70.9,1,25,66,0,34.9,none,0,1.0,2021.0,True,True,,0.0,1.0,0.0,-4.799999999999997,2.0,0.0,0,
2021,CAB0276,Intra-Asia,hyperscaler,1998,23,2,2804.0,4,None,16.0,16.0,98.6,1,25,69,0,36.5,fishing_anchor,1,0.0,2022.0,True,True,,0.0,1.0,0.0,27.69999999999999,3.0,0.0,0,
2022,CAB0276,Intra-Asia,hyperscaler,1998,24,2,2804.0,4,None,16.0,16.0,100.0,1,25,70,0,38.1,none,0,1.0,2023.0,True,True,,0.0,1.0,0.0,1.4000000000000057,1.0,1.0,1,1.0
2023,CAB0276,Intra-Asia,hyperscaler,1998,25,2,2804.0,4,None,16.0,16.0,68.0,1,25,70,0,39.7,fishing_anchor,1,0.0,2024.0,True,True,,0.0,1.0,0.0,-32.0,0.0,0.0,1,2.0
2024,CAB0276,Intra-Asia,hyperscaler,1998,26,2,2804.0,4,None,16.0,16.0,54.3,1,25,75,0,41.3,none,0,0.0,2025.0,True,True,,0.0,1.0,0.0,-13.700000000000003,5.0,1.0,2,1.0
2025,CAB0276,Intra-Asia,hyperscaler,1998,27,2,2804.0,4,None,16.0,16.0,100.0,1,25,77,0,42.9,none,0,0.0,2026.0,True,True,,0.0,1.0,0.0,45.7,2.0,0.0,1,2.0
2015,CAB0277,Americas,consortium,2002,13,5,4155.0,5,Panama,68.6,68.6,49.0,0,25,28,1,84.1,fishing_anchor,1,1.0,2016.0,True,True,,0.0,1.0,,,,,0,
2016,CAB0277,Americas,consortium,2002,14,5,4155.0,5,Panama,68.6,68.6,43.8,0,25,29,1,85.7,fishing_anchor,1,0.0,2017.0,True,True,,0.0,1.0,0.0,-5.200000000000003,1.0,1.0,1,1.0
2017,CAB0277,Americas,consortium,2002,15,5,4155.0,5,Panama,68.6,68.6,90.2,0,25,29,1,87.3,none,0,1.0,2018.0,True,True,,0.0,1.0,0.0,46.400000000000006,0.0,1.0,2,1.0
2018,CAB0277,Americas,consortium,2002,16,5,4155.0,5,Panama,68.6,68.6,85.2,0,25,31,1,88.9,fishing_anchor,1,1.0,2019.0,True,True,,0.0,1.0,0.0,-5.0,2.0,0.0,2,2.0
2019,CAB0277,Americas,consortium,2002,17,5,4155.0,5,Panama,68.6,68.6,55.4,0,25,32,1,90.5,equipment,1,1.0,2020.0,True,True,,0.0,1.0,0.0,-29.800000000000004,1.0,1.0,2,1.0
2020,CAB0277,Americas,consortium,2002,18,5,4155.0,5,Panama,68.6,68.6,82.5,0,25,33,1,92.1,fishing_anchor,1,1.0,2021.0,True,True,,0.0,1.0,0.0,27.1,1.0,1.0,2,1.0
2021,CAB0277,Americas,consortium,2002,19,5,4155.0,5,Panama,68.6,68.6,64.9,0,25,37,1,93.7,fishing_anchor,1,0.0,2022.0,True,True,,0.0,1.0,0.0,-17.599999999999994,4.0,1.0,3,1.0
2022,CAB0277,Americas,consortium,2002,20,5,4155.0,5,Panama,68.6,68.6,85.5,0,25,37,1,95.2,none,0,1.0,2023.0,True,True,,0.0,1.0,0.0,20.599999999999994,0.0,1.0,3,1.0
2023,CAB0277,Americas,consortium,2002,21,5,4155.0,5,Panama,68.6,68.6,86.4,0,25,37,1,96.8,fishing_anchor,1,1.0,2024.0,True,True,,0.0,1.0,0.0,0.9000000000000057,0.0,0.0,2,2.0
2024,CAB0277,Americas,consortium,2002,22,5,4155.0,5,Panama,68.6,68.6,84.5,0,25,39,1,98.4,fishing_anchor,1,1.0,2025.0,True,True,,0.0,1.0,0.0,-1.9000000000000057,2.0,1.0,2,1.0
2025,CAB0277,Americas,consortium,2002,23,5,4155.0,5,Panama,68.6,68.6,55.1,0,25,39,1,100.0,natural_hazard,1,0.0,2026.0,True,True,,0.0,1.0,0.0,-29.4,0.0,1.0,2,1.0
2015,CAB0278,Intra-Europe,consortium,2000,15,2,487.0,5,None,21.7,21.7,54.8,0,25,41,0,39.7,none,0,0.0,2016.0,True,True,,0.0,1.0,,,,,0,
2016,CAB0278,Intra-Europe,consortium,2000,16,2,487.0,5,None,21.7,21.7,67.8,0,25,42,0,41.3,none,0,0.0,2017.0,True,True,,0.0,1.0,0.0,13.0,1.0,0.0,0,
2017,CAB0278,Intra-Europe,consortium,2000,17,2,487.0,5,None,21.7,21.7,89.7,0,25,44,0,42.9,none,0,0.0,2018.0,True,True,,0.0,1.0,0.0,21.900000000000006,2.0,0.0,0,
2018,CAB0278,Intra-Europe,consortium,2000,18,2,487.0,5,None,21.7,21.7,70.9,0,25,45,0,44.4,none,0,1.0,2019.0,True,True,,0.0,1.0,0.0,-18.799999999999997,1.0,0.0,0,
2019,CAB0278,Intra-Europe,consortium,2000,19,2,487.0,5,None,21.7,21.7,72.9,0,25,47,0,46.0,fishing_anchor,1,0.0,2020.0,True,True,,0.0,1.0,0.0,2.0,2.0,0.0,0,
2020,CAB0278,Intra-Europe,consortium,2000,20,2,487.0,5,None,21.7,21.7,92.9,0,25,49,0,47.6,none,0,0.0,2021.0,True,True,,0.0,1.0,0.0,20.0,2.0,1.0,1,1.0
2021,CAB0278,Intra-Europe,consortium,2000,21,2,487.0,5,None,21.7,21.7,100.0,0,25,49,0,49.2,none,0,0.0,2022.0,True,True,,0.0,1.0,0.0,7.099999999999994,0.0,0.0,1,2.0
2022,CAB0278,Intra-Europe,consortium,2000,22,2,487.0,5,None,21.7,21.7,58.1,0,25,52,0,50.8,none,0,0.0,2023.0,True,True,,0.0,1.0,0.0,-41.9,3.0,0.0,1,3.0
2023,CAB0278,Intra-Europe,consortium,2000,23,2,487.0,5,None,21.7,21.7,74.4,0,25,53,0,52.4,none,0,0.0,2024.0,True,True,,0.0,1.0,0.0,16.300000000000004,1.0,0.0,0,4.0
2024,CAB0278,Intra-Europe,consortium,2000,24,2,487.0,5,None,21.7,21.7,84.7,0,25,53,0,54.0,none,0,0.0,2025.0,True,True,,0.0,1.0,0.0,10.299999999999997,0.0,0.0,0,5.0
2025,CAB0278,Intra-Europe,consortium,2000,25,2,487.0,5,None,21.7,21.7,100.0,0,25,58,0,55.6,none,0,0.0,2026.0,True,True,,0.0,1.0,0.0,15.299999999999997,5.0,0.0,0,6.0
2015,CAB0280,Trans-Pacific,consortium,2007,8,14,13092.0,9,None,292.0,211.4,35.9,1,25,35,1,32.5,none,0,0.0,2016.0,True,True,,80.6,0.7239726027397261,,,,,0,
2016,CAB0280,Trans-Pacific,consortium,2007,9,14,13092.0,9,None,292.0,230.8,72.6,1,25,37,1,34.1,none,0,1.0,2017.0,True,True,,61.19999999999999,0.7904109589041096,19.400000000000006,36.699999999999996,2.0,0.0,0,
2017,CAB0280,Trans-Pacific,consortium,2007,10,14,13092.0,9,None,292.0,247.2,60.0,1,25,38,1,35.7,fishing_anchor,1,0.0,2018.0,True,True,,44.80000000000001,0.8465753424657534,16.399999999999977,-12.599999999999994,1.0,0.0,0,
2018,CAB0280,Trans-Pacific,consortium,2007,11,14,13092.0,9,None,292.0,252.7,35.1,1,25,39,1,37.3,none,0,1.0,2019.0,True,True,,39.30000000000001,0.8654109589041096,5.5,-24.9,1.0,1.0,1,1.0
2019,CAB0280,Trans-Pacific,consortium,2007,12,14,13092.0,9,None,292.0,269.4,51.0,1,25,41,0,19.0,fishing_anchor,1,0.0,2020.0,True,True,,22.600000000000023,0.9226027397260274,16.69999999999999,15.899999999999999,2.0,0.0,1,2.0
2020,CAB0280,Trans-Pacific,consortium,2007,13,14,13092.0,9,None,292.0,292.0,85.4,1,25,42,0,20.6,none,0,1.0,2021.0,True,True,,0.0,1.0,22.600000000000023,34.400000000000006,1.0,1.0,2,1.0
2021,CAB0280,Trans-Pacific,consortium,2007,14,14,13092.0,9,None,292.0,292.0,34.8,1,25,43,0,22.2,fishing_anchor,1,1.0,2022.0,True,True,,0.0,1.0,0.0,-50.60000000000001,1.0,0.0,1,2.0
2022,CAB0280,Trans-Pacific,consortium,2007,15,14,13092.0,9,None,292.0,292.0,55.7,1,25,45,0,23.8,equipment,1,1.0,2023.0,True,True,,0.0,1.0,0.0,20.900000000000006,2.0,1.0,2,1.0
2023,CAB0280,Trans-Pacific,consortium,2007,16,14,13092.0,9,None,292.0,292.0,57.1,1,25,47,0,25.4,fishing_anchor,1,0.0,2024.0,True,True,,0.0,1.0,0.0,1.3999999999999986,2.0,1.0,2,1.0
2024,CAB0280,Trans-Pacific,consortium,2007,17,14,13092.0,9,None,292.0,292.0,69.9,1,25,49,0,27.0,none,0,1.0,2025.0,True,True,,0.0,1.0,0.0,12.800000000000004,2.0,1.0,3,1.0
2025,CAB0280,Trans-Pacific,consortium,2007,18,14,13092.0,9,None,292.0,292.0,61.8,1,25,50,0,28.6,fishing_anchor,1,0.0,2026.0,True,True,,0.0,1.0,0.0,-8.100000000000009,1.0,0.0,2,2.0
2015,CAB0281,Indian-Ocean,carrier,1999,16,3,12717.0,4,None,28.3,28.3,67.6,1,25,31,1,45.2,none,0,0.0,2016.0,True,True,,0.0,1.0,,,,,0,
2016,CAB0281,Indian-Ocean,carrier,1999,17,3,12717.0,4,None,28.3,28.3,81.6,1,25,33,1,46.8,none,0,0.0,2017.0,True,True,,0.0,1.0,0.0,14.0,2.0,0.0,0,
2017,CAB0281,Indian-Ocean,carrier,1999,18,3,12717.0,4,None,28.3,28.3,100.0,1,25,33,1,48.4,none,0,0.0,2018.0,True,True,,0.0,1.0,0.0,18.400000000000006,0.0,0.0,0,
2018,CAB0281,Indian-Ocean,carrier,1999,19,3,12717.0,4,None,28.3,28.3,76.9,1,25,35,1,50.0,none,0,0.0,2019.0,True,True,,0.0,1.0,0.0,-23.099999999999994,2.0,0.0,0,
2019,CAB0281,Indian-Ocean,carrier,1999,20,3,12717.0,4,None,28.3,28.3,74.9,1,25,35,1,51.6,none,0,1.0,2020.0,True,True,,0.0,1.0,0.0,-2.0,0.0,0.0,0,
2020,CAB0281,Indian-Ocean,carrier,1999,21,3,12717.0,4,None,28.3,28.3,74.0,1,25,36,1,53.2,fishing_anchor,1,0.0,2021.0,True,True,,0.0,1.0,0.0,-0.9000000000000057,1.0,0.0,0,
2021,CAB0281,Indian-Ocean,carrier,1999,22,3,12717.0,4,None,28.3,28.3,79.8,1,25,39,1,54.8,none,0,1.0,2022.0,True,True,,0.0,1.0,0.0,5.799999999999997,3.0,1.0,1,1.0
2022,CAB0281,Indian-Ocean,carrier,1999,23,3,12717.0,4,None,28.3,28.3,52.3,1,25,39,1,56.3,natural_hazard,1,0.0,2023.0,True,True,,0.0,1.0,0.0,-27.5,0.0,0.0,1,2.0
2023,CAB0281,Indian-Ocean,carrier,1999,24,3,12717.0,4,None,28.3,28.3,69.4,1,25,40,0,38.1,none,0,0.0,2024.0,True,True,,0.0,1.0,0.0,17.10000000000001,1.0,1.0,2,1.0
2024,CAB0281,Indian-Ocean,carrier,1999,25,3,12717.0,4,None,28.3,28.3,68.5,1,25,41,0,39.7,none,0,1.0,2025.0,True,True,,0.0,1.0,0.0,-0.9000000000000057,1.0,0.0,1,2.0
2025,CAB0282,Trans-Atlantic,government,2025,0,9,5277.0,4,None,419.1,118.8,16.3,0,25,62,0,15.9,none,0,0.0,2026.0,True,True,,300.3,0.28346456692913385,,,,,0,
2015,CAB0283,Intra-Pacific-Islands,carrier,2009,6,15,3633.0,6,None,355.7,227.3,67.1,1,25,28,1,29.4,none,0,0.0,2016.0,True,True,,128.39999999999998,0.6390216474557212,,,,,0,
2016,CAB0283,Intra-Pacific-Islands,carrier,2009,7,15,3633.0,6,None,355.7,208.9,42.3,1,25,29,1,31.0,none,0,0.0,2017.0,True,True,,146.79999999999998,0.5872926623559179,-18.400000000000006,-24.799999999999997,1.0,0.0,0,
2017,CAB0283,Intra-Pacific-Islands,carrier,2009,8,15,3633.0,6,None,355.7,282.7,68.1,1,25,29,1,32.5,none,0,0.0,2018.0,True,True,,73.0,0.7947708743323025,73.79999999999998,25.799999999999997,0.0,0.0,0,
2018,CAB0283,Intra-Pacific-Islands,carrier,2009,9,15,3633.0,6,None,355.7,278.0,38.2,1,25,30,1,34.1,none,0,0.0,2019.0,True,True,,77.69999999999999,0.7815574922687658,-4.699999999999989,-29.89999999999999,1.0,0.0,0,
2019,CAB0283,Intra-Pacific-Islands,carrier,2009,10,15,3633.0,6,None,355.7,300.9,43.0,1,25,35,1,35.7,none,0,0.0,2020.0,True,True,,54.80000000000001,0.8459375878549339,22.899999999999977,4.799999999999997,5.0,0.0,0,
2020,CAB0283,Intra-Pacific-Islands,carrier,2009,11,15,3633.0,6,None,355.7,307.3,60.1,1,25,40,0,17.5,none,0,0.0,2021.0,True,True,,48.39999999999998,0.8639302783244308,6.400000000000034,17.1,5.0,0.0,0,
2021,CAB0283,Intra-Pacific-Islands,carrier,2009,12,15,3633.0,6,None,355.7,345.1,45.4,1,25,41,0,19.0,none,0,0.0,2022.0,True,True,,10.599999999999966,0.9701996064098961,37.80000000000001,-14.700000000000003,1.0,0.0,0,
2022,CAB0283,Intra-Pacific-Islands,carrier,2009,13,15,3633.0,6,None,355.7,355.7,47.3,1,25,43,0,20.6,none,0,0.0,2023.0,True,True,,0.0,1.0,10.599999999999966,1.8999999999999986,2.0,0.0,0,
2023,CAB0283,Intra-Pacific-Islands,carrier,2009,14,15,3633.0,6,None,355.7,355.7,41.5,1,25,45,0,22.2,none,0,0.0,2024.0,True,True,,0.0,1.0,0.0,-5.799999999999997,2.0,0.0,0,
2024,CAB0283,Intra-Pacific-Islands,carrier,2009,15,15,3633.0,6,None,355.7,355.7,56.5,1,25,48,0,23.8,none,0,0.0,2025.0,True,True,,0.0,1.0,0.0,15.0,3.0,0.0,0,
2025,CAB0283,Intra-Pacific-Islands,carrier,2009,16,15,3633.0,6,None,355.7,355.7,100.0,1,25,50,0,25.4,none,0,0.0,2026.0,True,True,,0.0,1.0,0.0,43.5,2.0,0.0,0,
2025,CAB0284,Indian-Ocean,consortium,2025,0,48,11564.0,2,None,2235.4,616.8,28.0,1,25,44,0,11.9,none,0,1.0,2026.0,True,True,,1618.6000000000001,0.2759237720318511,,,,,0,
2025,CAB0285,Africa-Coastal,consortium,2025,0,25,7709.0,5,None,1164.3,220.3,30.9,1,25,52,0,0.0,none,0,0.0,2026.0,True,True,,944.0,0.18921240230181227,,,,,0,
2015,CAB0287,Trans-Pacific,consortium,2007,8,14,12004.0,3,None,292.0,234.0,39.1,1,25,35,1,32.5,natural_hazard,1,1.0,2016.0,True,True,,58.0,0.8013698630136986,,,,,0,
2016,CAB0287,Trans-Pacific,consortium,2007,9,14,12004.0,3,None,292.0,220.5,32.4,1,25,37,1,34.1,fishing_anchor,1,0.0,2017.0,True,True,,71.5,0.7551369863013698,-13.5,-6.700000000000003,2.0,1.0,1,1.0
2017,CAB0287,Trans-Pacific,consortium,2007,10,14,12004.0,3,None,292.0,289.6,40.5,1,25,38,1,35.7,none,0,0.0,2018.0,True,True,,2.3999999999999773,0.9917808219178083,69.10000000000002,8.100000000000001,1.0,1.0,2,1.0
2018,CAB0287,Trans-Pacific,consortium,2007,11,14,12004.0,3,None,292.0,274.3,76.2,1,25,39,1,37.3,none,0,0.0,2019.0,True,True,,17.69999999999999,0.9393835616438356,-15.300000000000011,35.7,1.0,0.0,2,2.0
2019,CAB0287,Trans-Pacific,consortium,2007,12,14,12004.0,3,None,292.0,291.4,49.7,1,25,41,0,19.0,none,0,0.0,2020.0,True,True,,0.6000000000000227,0.997945205479452,17.099999999999966,-26.5,2.0,0.0,1,3.0
2020,CAB0287,Trans-Pacific,consortium,2007,13,14,12004.0,3,None,292.0,288.8,42.4,1,25,42,0,20.6,none,0,0.0,2021.0,True,True,,3.1999999999999886,0.989041095890411,-2.599999999999966,-7.300000000000004,1.0,0.0,0,4.0
2021,CAB0287,Trans-Pacific,consortium,2007,14,14,12004.0,3,None,292.0,292.0,68.0,1,25,43,0,22.2,none,0,0.0,2022.0,True,True,,0.0,1.0,3.1999999999999886,25.6,1.0,0.0,0,5.0
2022,CAB0287,Trans-Pacific,consortium,2007,15,14,12004.0,3,None,292.0,292.0,53.6,1,25,45,0,23.8,none,0,0.0,2023.0,True,True,,0.0,1.0,0.0,-14.399999999999999,2.0,0.0,0,6.0
2023,CAB0287,Trans-Pacific,consortium,2007,16,14,12004.0,3,None,292.0,292.0,53.0,1,25,47,0,25.4,none,0,0.0,2024.0,True,True,,0.0,1.0,0.0,-0.6000000000000014,2.0,0.0,0,7.0
2024,CAB0287,Trans-Pacific,consortium,2007,17,14,12004.0,3,None,292.0,292.0,89.7,1,25,49,0,27.0,none,0,0.0,2025.0,True,True,,0.0,1.0,0.0,36.7,2.0,0.0,0,8.0
2025,CAB0287,Trans-Pacific,consortium,2007,18,14,12004.0,3,None,292.0,292.0,76.4,1,25,50,0,28.6,none,0,0.0,2026.0,True,True,,0.0,1.0,0.0,-13.299999999999997,1.0,0.0,0,9.0
2015,CAB0289,Intra-Pacific-Islands,hyperscaler,2012,3,8,1579.0,3,None,224.0,79.1,14.3,0,25,28,1,40.5,none,0,0.0,2016.0,True,True,,144.9,0.35312499999999997,,,,,0,
2016,CAB0289,Intra-Pacific-Islands,hyperscaler,2012,4,8,1579.0,3,None,224.0,104.7,20.6,0,25,29,1,42.1,none,0,0.0,2017.0,True,True,,119.3,0.4674107142857143,25.60000000000001,6.300000000000001,1.0,0.0,0,
2017,CAB0289,Intra-Pacific-Islands,hyperscaler,2012,5,8,1579.0,3,None,224.0,138.3,21.7,0,25,29,1,43.7,none,0,0.0,2018.0,True,True,,85.69999999999999,0.6174107142857144,33.60000000000001,1.0999999999999979,0.0,0.0,0,
2018,CAB0289,Intra-Pacific-Islands,hyperscaler,2012,6,8,1579.0,3,None,224.0,126.0,50.2,0,25,30,1,45.2,none,0,0.0,2019.0,True,True,,98.0,0.5625,-12.300000000000011,28.500000000000004,1.0,0.0,0,
2019,CAB0289,Intra-Pacific-Islands,hyperscaler,2012,7,8,1579.0,3,None,224.0,146.0,45.0,0,25,35,1,46.8,none,0,0.0,2020.0,True,True,,78.0,0.6517857142857143,20.0,-5.200000000000003,5.0,0.0,0,
2020,CAB0289,Intra-Pacific-Islands,hyperscaler,2012,8,8,1579.0,3,None,224.0,166.4,36.7,0,25,40,0,28.6,none,0,0.0,2021.0,True,True,,57.599999999999994,0.7428571428571429,20.400000000000006,-8.299999999999997,5.0,0.0,0,
2021,CAB0289,Intra-Pacific-Islands,hyperscaler,2012,9,8,1579.0,3,None,224.0,177.8,33.7,0,25,41,0,30.2,none,0,0.0,2022.0,True,True,,46.19999999999999,0.7937500000000001,11.400000000000006,-3.0,1.0,0.0,0,
2022,CAB0289,Intra-Pacific-Islands,hyperscaler,2012,10,8,1579.0,3,None,224.0,195.0,46.5,0,25,43,0,31.7,none,0,1.0,2023.0,True,True,,29.0,0.8705357142857143,17.19999999999999,12.799999999999997,2.0,0.0,0,
2023,CAB0289,Intra-Pacific-Islands,hyperscaler,2012,11,8,1579.0,3,None,224.0,224.0,43.0,0,25,45,0,33.3,fishing_anchor,1,0.0,2024.0,True,True,,0.0,1.0,29.0,-3.5,2.0,0.0,0,
2024,CAB0289,Intra-Pacific-Islands,hyperscaler,2012,12,8,1579.0,3,None,224.0,224.0,33.7,0,25,48,0,34.9,none,0,0.0,2025.0,True,True,,0.0,1.0,0.0,-9.299999999999997,3.0,1.0,1,1.0
2025,CAB0289,Intra-Pacific-Islands,hyperscaler,2012,13,8,1579.0,3,None,224.0,224.0,84.4,0,25,50,0,36.5,none,0,0.0,2026.0,True,True,,0.0,1.0,0.0,50.7,2.0,0.0,1,2.0
2020,CAB0290,Africa-Coastal,carrier,2020,0,11,5740.0,6,None,433.7,119.7,13.3,0,25,43,0,15.9,none,0,0.0,2021.0,True,True,,314.0,0.275997233110445,,,,,0,
2021,CAB0290,Africa-Coastal,carrier,2020,1,11,5740.0,6,None,433.7,150.0,43.6,0,25,44,0,17.5,none,0,0.0,2022.0,True,True,,283.7,0.34586119437399127,30.299999999999997,30.3,1.0,0.0,0,
2022,CAB0290,Africa-Coastal,carrier,2020,2,11,5740.0,6,None,433.7,167.9,43.1,0,25,45,0,19.0,none,0,0.0,2023.0,True,True,,265.79999999999995,0.38713396356928753,17.900000000000006,-0.5,1.0,0.0,0,
2023,CAB0290,Africa-Coastal,carrier,2020,3,11,5740.0,6,None,433.7,183.9,35.9,0,25,47,0,20.6,none,0,0.0,2024.0,True,True,,249.79999999999998,0.4240258243025133,16.0,-7.200000000000003,2.0,0.0,0,
2024,CAB0290,Africa-Coastal,carrier,2020,4,11,5740.0,6,None,433.7,216.6,10.6,0,25,49,0,22.2,none,0,0.0,2025.0,True,True,,217.1,0.4994235646760434,32.69999999999999,-25.299999999999997,2.0,0.0,0,
2025,CAB0290,Africa-Coastal,carrier,2020,5,11,5740.0,6,None,433.7,250.6,46.5,0,25,52,0,23.8,none,0,0.0,2026.0,True,True,,183.1,0.5778187687341481,34.0,35.9,3.0,0.0,0,
2016,CAB0292,Africa-Coastal,hyperscaler,2016,0,4,3667.0,4,None,134.9,36.9,41.4,1,25,37,1,19.8,none,0,0.0,2017.0,True,True,,98.0,0.27353595255744995,,,,,0,
2017,CAB0292,Africa-Coastal,hyperscaler,2016,1,4,3667.0,4,None,134.9,31.4,45.4,1,25,40,0,1.6,none,0,0.0,2018.0,True,True,,103.5,0.23276501111934764,-5.5,4.0,3.0,0.0,0,
2018,CAB0292,Africa-Coastal,hyperscaler,2016,2,4,3667.0,4,None,134.9,46.3,71.1,1,25,40,0,3.2,none,0,0.0,2019.0,True,True,,88.60000000000001,0.3432171979243884,14.899999999999999,25.699999999999996,0.0,0.0,0,
2019,CAB0292,Africa-Coastal,hyperscaler,2016,3,4,3667.0,4,None,134.9,64.2,13.7,1,25,42,0,4.8,none,0,0.0,2020.0,True,True,,70.7,0.4759080800593032,17.900000000000006,-57.39999999999999,2.0,0.0,0,
2020,CAB0292,Africa-Coastal,hyperscaler,2016,4,4,3667.0,4,None,134.9,69.0,52.3,1,25,43,0,6.3,none,0,0.0,2021.0,True,True,,65.9,0.5114899925871015,4.799999999999997,38.599999999999994,1.0,0.0,0,
2021,CAB0292,Africa-Coastal,hyperscaler,2016,5,4,3667.0,4,None,134.9,71.8,40.7,1,25,44,0,7.9,none,0,0.0,2022.0,True,True,,63.10000000000001,0.5322461082283172,2.799999999999997,-11.599999999999994,1.0,0.0,0,
2022,CAB0292,Africa-Coastal,hyperscaler,2016,6,4,3667.0,4,None,134.9,86.5,43.8,1,25,45,0,9.5,none,0,0.0,2023.0,True,True,,48.400000000000006,0.6412157153446998,14.700000000000003,3.0999999999999943,1.0,0.0,0,
2023,CAB0292,Africa-Coastal,hyperscaler,2016,7,4,3667.0,4,None,134.9,90.5,54.7,1,25,47,0,11.1,none,0,0.0,2024.0,True,True,,44.400000000000006,0.6708673091178651,4.0,10.900000000000006,2.0,0.0,0,
2024,CAB0292,Africa-Coastal,hyperscaler,2016,8,4,3667.0,4,None,134.9,98.3,29.7,1,25,49,0,12.7,none,0,0.0,2025.0,True,True,,36.60000000000001,0.7286879169755374,7.799999999999997,-25.000000000000004,2.0,0.0,0,
2025,CAB0292,Africa-Coastal,hyperscaler,2016,9,4,3667.0,4,None,134.9,111.0,53.3,1,25,52,0,14.3,none,0,0.0,2026.0,True,True,,23.900000000000006,0.8228317272053373,12.700000000000003,23.599999999999998,3.0,0.0,0,
2019,CAB0293,Intra-Europe,government,2019,0,48,1013.0,5,None,1824.0,360.1,48.0,1,25,47,0,0.0,none,0,0.0,2020.0,True,True,,1463.9,0.1974232456140351,,,,,0,
2020,CAB0293,Intra-Europe,government,2019,1,48,1013.0,5,None,1824.0,584.1,15.9,1,25,49,0,1.6,none,0,0.0,2021.0,True,True,,1239.9,0.32023026315789477,224.0,-32.1,2.0,0.0,0,
2021,CAB0293,Intra-Europe,government,2019,2,48,1013.0,5,None,1824.0,562.4,24.8,1,25,49,0,3.2,none,0,0.0,2022.0,True,True,,1261.6,0.30833333333333335,-21.700000000000045,8.9,0.0,0.0,0,
2022,CAB0293,Intra-Europe,government,2019,3,48,1013.0,5,None,1824.0,870.2,30.4,1,25,52,0,4.8,none,0,0.0,2023.0,True,True,,953.8,0.47708333333333336,307.80000000000007,5.599999999999998,3.0,0.0,0,
2023,CAB0293,Intra-Europe,government,2019,4,48,1013.0,5,None,1824.0,774.8,27.1,1,25,53,0,6.3,none,0,0.0,2024.0,True,True,,1049.2,0.4247807017543859,-95.40000000000009,-3.299999999999997,1.0,0.0,0,
2024,CAB0293,Intra-Europe,government,2019,5,48,1013.0,5,None,1824.0,928.0,40.6,1,25,53,0,7.9,none,0,0.0,2025.0,True,True,,896.0,0.5087719298245614,153.20000000000005,13.5,0.0,0.0,0,
2025,CAB0293,Intra-Europe,government,2019,6,48,1013.0,5,None,1824.0,1092.4,69.8,1,25,58,0,9.5,none,0,0.0,2026.0,True,True,,731.5999999999999,0.5989035087719299,164.4000000000001,29.199999999999996,5.0,0.0,0,
2015,CAB0294,EMEA-Asia,hyperscaler,2001,14,5,17896.0,5,Bab-el-Mandeb,61.4,61.4,75.5,0,25,27,1,85.7,fishing_anchor,1,1.0,2016.0,True,True,,0.0,1.0,,,,,0,
2016,CAB0294,EMEA-Asia,hyperscaler,2001,15,5,17896.0,5,Bab-el-Mandeb,61.4,61.4,79.4,0,25,29,1,87.3,fishing_anchor,1,1.0,2017.0,True,True,,0.0,1.0,0.0,3.9000000000000057,2.0,1.0,1,1.0
2017,CAB0294,EMEA-Asia,hyperscaler,2001,16,5,17896.0,5,Bab-el-Mandeb,61.4,61.4,74.8,0,25,32,1,88.9,natural_hazard,1,1.0,2018.0,True,True,,0.0,1.0,0.0,-4.6000000000000085,3.0,1.0,2,1.0
2018,CAB0294,EMEA-Asia,hyperscaler,2001,17,5,17896.0,5,Bab-el-Mandeb,61.4,61.4,75.4,0,25,34,1,90.5,fishing_anchor,1,1.0,2019.0,True,True,,0.0,1.0,0.0,0.6000000000000085,2.0,1.0,3,1.0
2019,CAB0294,EMEA-Asia,hyperscaler,2001,18,5,17896.0,5,Bab-el-Mandeb,61.4,61.4,81.2,0,25,37,1,92.1,natural_hazard,1,1.0,2020.0,True,True,,0.0,1.0,0.0,5.799999999999997,3.0,1.0,3,1.0
2020,CAB0294,EMEA-Asia,hyperscaler,2001,19,5,17896.0,5,Bab-el-Mandeb,61.4,61.4,92.7,0,25,40,0,73.8,natural_hazard,1,1.0,2021.0,True,True,,0.0,1.0,0.0,11.5,3.0,1.0,3,1.0
2021,CAB0294,EMEA-Asia,hyperscaler,2001,20,5,17896.0,5,Bab-el-Mandeb,61.4,61.4,67.9,0,25,44,0,75.4,fishing_anchor,1,1.0,2022.0,True,True,,0.0,1.0,0.0,-24.799999999999997,4.0,1.0,3,1.0
2022,CAB0294,EMEA-Asia,hyperscaler,2001,21,5,17896.0,5,Bab-el-Mandeb,61.4,61.4,53.5,0,25,45,0,77.0,fishing_anchor,1,1.0,2023.0,True,True,,0.0,1.0,0.0,-14.400000000000006,1.0,1.0,3,1.0
2023,CAB0294,EMEA-Asia,hyperscaler,2001,22,5,17896.0,5,Bab-el-Mandeb,61.4,61.4,100.0,0,25,47,0,78.6,fishing_anchor,1,1.0,2024.0,True,True,,0.0,1.0,0.0,46.5,2.0,1.0,3,1.0
2024,CAB0294,EMEA-Asia,hyperscaler,2001,23,5,17896.0,5,Bab-el-Mandeb,61.4,61.4,90.6,0,25,48,0,80.2,fishing_anchor,1,1.0,2025.0,True,True,,0.0,1.0,0.0,-9.400000000000006,1.0,1.0,3,1.0
2025,CAB0294,EMEA-Asia,hyperscaler,2001,24,5,17896.0,5,Bab-el-Mandeb,61.4,61.4,94.4,0,25,47,0,81.7,natural_hazard,1,0.0,2026.0,True,True,,0.0,1.0,0.0,3.8000000000000114,-1.0,1.0,3,1.0
2015,CAB0295,Trans-Pacific,carrier,2003,12,28,10145.0,8,None,424.0,378.2,99.1,1,25,35,1,38.9,none,0,0.0,2016.0,True,True,,45.80000000000001,0.8919811320754717,,,,,0,
2016,CAB0295,Trans-Pacific,carrier,2003,13,28,10145.0,8,None,424.0,424.0,92.2,1,25,37,1,40.5,none,0,0.0,2017.0,True,True,,0.0,1.0,45.80000000000001,-6.8999999999999915,2.0,0.0,0,
2017,CAB0295,Trans-Pacific,carrier,2003,14,28,10145.0,8,None,424.0,424.0,54.4,1,25,38,1,42.1,none,0,1.0,2018.0,True,True,,0.0,1.0,0.0,-37.800000000000004,1.0,0.0,0,
2018,CAB0295,Trans-Pacific,carrier,2003,15,28,10145.0,8,None,424.0,424.0,78.3,1,25,39,1,43.7,fishing_anchor,1,0.0,2019.0,True,True,,0.0,1.0,0.0,23.9,1.0,0.0,0,
2019,CAB0295,Trans-Pacific,carrier,2003,16,28,10145.0,8,None,424.0,424.0,44.9,1,25,41,0,25.4,none,0,0.0,2020.0,True,True,,0.0,1.0,0.0,-33.4,2.0,1.0,1,1.0
2020,CAB0295,Trans-Pacific,carrier,2003,17,28,10145.0,8,None,424.0,424.0,71.5,1,25,42,0,27.0,none,0,1.0,2021.0,True,True,,0.0,1.0,0.0,26.6,1.0,0.0,1,2.0
2021,CAB0295,Trans-Pacific,carrier,2003,18,28,10145.0,8,None,424.0,424.0,56.1,1,25,43,0,28.6,fishing_anchor,1,0.0,2022.0,True,True,,0.0,1.0,0.0,-15.399999999999999,1.0,0.0,1,3.0
2022,CAB0295,Trans-Pacific,carrier,2003,19,28,10145.0,8,None,424.0,424.0,42.9,1,25,45,0,30.2,none,0,0.0,2023.0,True,True,,0.0,1.0,0.0,-13.200000000000003,2.0,1.0,1,1.0
2023,CAB0295,Trans-Pacific,carrier,2003,20,28,10145.0,8,None,424.0,424.0,64.7,1,25,47,0,31.7,none,0,1.0,2024.0,True,True,,0.0,1.0,0.0,21.800000000000004,2.0,0.0,1,2.0
2024,CAB0295,Trans-Pacific,carrier,2003,21,28,10145.0,8,None,424.0,424.0,95.9,1,25,49,0,33.3,fishing_anchor,1,0.0,2025.0,True,True,,0.0,1.0,0.0,31.200000000000003,2.0,0.0,1,3.0
2025,CAB0295,Trans-Pacific,carrier,2003,22,28,10145.0,8,None,424.0,424.0,97.6,1,25,50,0,34.9,none,0,0.0,2026.0,True,True,,0.0,1.0,0.0,1.6999999999999886,1.0,1.0,1,1.0
2015,CAB0296,Indian-Ocean,hyperscaler,2005,10,13,8916.0,7,None,234.0,184.1,56.8,0,25,31,1,51.6,fishing_anchor,1,0.0,2016.0,True,True,,49.900000000000006,0.7867521367521367,,,,,0,
2016,CAB0296,Indian-Ocean,hyperscaler,2005,11,13,8916.0,7,None,234.0,214.4,92.2,0,25,33,1,53.2,none,0,0.0,2017.0,True,True,,19.599999999999994,0.9162393162393163,30.30000000000001,35.400000000000006,2.0,1.0,1,1.0
2017,CAB0296,Indian-Ocean,hyperscaler,2005,12,13,8916.0,7,None,234.0,227.0,88.6,0,25,33,1,54.8,none,0,1.0,2018.0,True,True,,7.0,0.9700854700854701,12.599999999999994,-3.6000000000000085,0.0,0.0,1,2.0
2018,CAB0296,Indian-Ocean,hyperscaler,2005,13,13,8916.0,7,None,234.0,225.2,66.6,0,25,35,1,56.3,natural_hazard,1,0.0,2019.0,True,True,,8.800000000000011,0.9623931623931623,-1.8000000000000114,-22.0,2.0,0.0,1,3.0
2019,CAB0296,Indian-Ocean,hyperscaler,2005,14,13,8916.0,7,None,234.0,234.0,42.4,0,25,35,1,57.9,none,0,0.0,2020.0,True,True,,0.0,1.0,8.800000000000011,-24.199999999999996,0.0,1.0,1,1.0
2020,CAB0296,Indian-Ocean,hyperscaler,2005,15,13,8916.0,7,None,234.0,234.0,48.1,0,25,36,1,59.5,none,0,0.0,2021.0,True,True,,0.0,1.0,0.0,5.700000000000003,1.0,0.0,1,2.0
2021,CAB0296,Indian-Ocean,hyperscaler,2005,16,13,8916.0,7,None,234.0,234.0,75.2,0,25,39,1,61.1,none,0,0.0,2022.0,True,True,,0.0,1.0,0.0,27.1,3.0,0.0,1,3.0
2022,CAB0296,Indian-Ocean,hyperscaler,2005,17,13,8916.0,7,None,234.0,234.0,100.0,0,25,39,1,62.7,none,0,0.0,2023.0,True,True,,0.0,1.0,0.0,24.799999999999997,0.0,0.0,0,4.0
2023,CAB0296,Indian-Ocean,hyperscaler,2005,18,13,8916.0,7,None,234.0,234.0,67.8,0,25,40,0,44.4,none,0,0.0,2024.0,True,True,,0.0,1.0,0.0,-32.2,1.0,0.0,0,5.0
2024,CAB0296,Indian-Ocean,hyperscaler,2005,19,13,8916.0,7,None,234.0,234.0,69.1,0,25,41,0,46.0,none,0,1.0,2025.0,True,True,,0.0,1.0,0.0,1.2999999999999972,1.0,0.0,0,6.0
2025,CAB0296,Indian-Ocean,hyperscaler,2005,20,13,8916.0,7,None,234.0,234.0,62.8,0,25,44,0,47.6,fishing_anchor,1,0.0,2026.0,True,True,,0.0,1.0,0.0,-6.299999999999997,3.0,0.0,0,7.0
2019,CAB0297,Intra-Europe,consortium,2019,0,10,741.0,6,None,380.0,103.4,25.3,1,25,47,0,0.0,none,0,0.0,2020.0,True,True,,276.6,0.27210526315789474,,,,,0,
2020,CAB0297,Intra-Europe,consortium,2019,1,10,741.0,6,None,380.0,108.1,7.8,1,25,49,0,1.6,none,0,0.0,2021.0,True,True,,271.9,0.2844736842105263,4.699999999999989,-17.5,2.0,0.0,0,
2021,CAB0297,Intra-Europe,consortium,2019,2,10,741.0,6,None,380.0,126.1,92.0,1,25,49,0,3.2,none,0,0.0,2022.0,True,True,,253.9,0.3318421052631579,18.0,84.2,0.0,0.0,0,
2022,CAB0297,Intra-Europe,consortium,2019,3,10,741.0,6,None,380.0,177.2,61.5,1,25,52,0,4.8,none,0,0.0,2023.0,True,True,,202.8,0.4663157894736842,51.099999999999994,-30.5,3.0,0.0,0,
2023,CAB0297,Intra-Europe,consortium,2019,4,10,741.0,6,None,380.0,220.9,64.5,1,25,53,0,6.3,none,0,0.0,2024.0,True,True,,159.1,0.5813157894736842,43.70000000000002,3.0,1.0,0.0,0,
2024,CAB0297,Intra-Europe,consortium,2019,5,10,741.0,6,None,380.0,232.5,60.6,1,25,53,0,7.9,none,0,0.0,2025.0,True,True,,147.5,0.6118421052631579,11.599999999999994,-3.8999999999999986,0.0,0.0,0,
2025,CAB0297,Intra-Europe,consortium,2019,6,10,741.0,6,None,380.0,208.1,64.1,1,25,58,0,9.5,none,0,0.0,2026.0,True,True,,171.9,0.5476315789473684,-24.400000000000006,3.499999999999993,5.0,0.0,0,
2015,CAB0298,Africa-Coastal,hyperscaler,2002,13,4,11243.0,5,None,54.9,54.9,61.1,0,25,36,1,56.3,fishing_anchor,1,1.0,2016.0,True,True,,0.0,1.0,,,,,0,
2016,CAB0298,Africa-Coastal,hyperscaler,2002,14,4,11243.0,5,None,54.9,54.9,100.0,0,25,37,1,57.9,fishing_anchor,1,0.0,2017.0,True,True,,0.0,1.0,0.0,38.9,1.0,1.0,1,1.0
2017,CAB0298,Africa-Coastal,hyperscaler,2002,15,4,11243.0,5,None,54.9,54.9,87.1,0,25,40,0,39.7,none,0,0.0,2018.0,True,True,,0.0,1.0,0.0,-12.900000000000006,3.0,1.0,2,1.0
2018,CAB0298,Africa-Coastal,hyperscaler,2002,16,4,11243.0,5,None,54.9,54.9,80.3,0,25,40,0,41.3,none,0,0.0,2019.0,True,True,,0.0,1.0,0.0,-6.799999999999997,0.0,0.0,2,2.0
2019,CAB0298,Africa-Coastal,hyperscaler,2002,17,4,11243.0,5,None,54.9,54.9,46.2,0,25,42,0,42.9,none,0,0.0,2020.0,True,True,,0.0,1.0,0.0,-34.099999999999994,2.0,0.0,1,3.0
2020,CAB0298,Africa-Coastal,hyperscaler,2002,18,4,11243.0,5,None,54.9,54.9,77.8,0,25,43,0,44.4,none,0,0.0,2021.0,True,True,,0.0,1.0,0.0,31.599999999999994,1.0,0.0,0,4.0
2021,CAB0298,Africa-Coastal,hyperscaler,2002,19,4,11243.0,5,None,54.9,54.9,70.1,0,25,44,0,46.0,none,0,0.0,2022.0,True,True,,0.0,1.0,0.0,-7.700000000000003,1.0,0.0,0,5.0
2022,CAB0298,Africa-Coastal,hyperscaler,2002,20,4,11243.0,5,None,54.9,54.9,61.3,0,25,45,0,47.6,none,0,0.0,2023.0,True,True,,0.0,1.0,0.0,-8.799999999999997,1.0,0.0,0,6.0
2023,CAB0298,Africa-Coastal,hyperscaler,2002,21,4,11243.0,5,None,54.9,54.9,100.0,0,25,47,0,49.2,none,0,0.0,2024.0,True,True,,0.0,1.0,0.0,38.7,2.0,0.0,0,7.0
2024,CAB0298,Africa-Coastal,hyperscaler,2002,22,4,11243.0,5,None,54.9,54.9,93.2,0,25,49,0,50.8,none,0,1.0,2025.0,True,True,,0.0,1.0,0.0,-6.799999999999997,2.0,0.0,0,8.0
2025,CAB0298,Africa-Coastal,hyperscaler,2002,23,4,11243.0,5,None,54.9,54.9,86.8,0,25,52,0,52.4,fishing_anchor,1,0.0,2026.0,True,True,,0.0,1.0,0.0,-6.400000000000006,3.0,0.0,0,9.0
2017,CAB0299,EMEA-Asia,government,2017,0,10,12414.0,2,None,351.4,76.7,42.0,1,25,32,1,31.7,none,0,0.0,2018.0,True,True,,274.7,0.21826977803073422,,,,,0,
2018,CAB0299,EMEA-Asia,government,2017,1,10,12414.0,2,None,351.4,127.2,15.6,1,25,34,1,33.3,none,0,0.0,2019.0,True,True,,224.2,0.3619806488332385,50.5,-26.4,2.0,0.0,0,
2019,CAB0299,EMEA-Asia,government,2017,2,10,12414.0,2,None,351.4,102.4,12.9,1,25,37,1,34.9,none,0,0.0,2020.0,True,True,,248.99999999999997,0.29140580535002847,-24.799999999999997,-2.6999999999999993,3.0,0.0,0,
2020,CAB0299,EMEA-Asia,government,2017,3,10,12414.0,2,None,351.4,155.3,31.9,1,25,40,0,16.7,none,0,1.0,2021.0,True,True,,196.09999999999997,0.4419464997154241,52.900000000000006,19.0,3.0,0.0,0,
2021,CAB0299,EMEA-Asia,government,2017,4,10,12414.0,2,None,351.4,140.7,80.5,1,25,44,0,18.3,fishing_anchor,1,1.0,2022.0,True,True,,210.7,0.40039840637450197,-14.600000000000023,48.6,4.0,0.0,0,
2022,CAB0299,EMEA-Asia,government,2017,5,10,12414.0,2,None,351.4,143.5,40.2,1,25,45,0,19.8,fishing_anchor,1,0.0,2023.0,True,True,,207.89999999999998,0.40836653386454186,2.8000000000000114,-40.3,1.0,1.0,1,1.0
2023,CAB0299,EMEA-Asia,government,2017,6,10,12414.0,2,None,351.4,215.5,67.7,1,25,47,0,21.4,none,0,0.0,2024.0,True,True,,135.89999999999998,0.6132612407512806,72.0,27.5,2.0,1.0,2,1.0
2024,CAB0299,EMEA-Asia,government,2017,7,10,12414.0,2,None,351.4,242.1,54.7,1,25,48,0,23.0,none,0,0.0,2025.0,True,True,,109.29999999999998,0.688958451906659,26.599999999999994,-13.0,1.0,0.0,2,2.0
2025,CAB0299,EMEA-Asia,government,2017,8,10,12414.0,2,None,351.4,253.2,58.5,1,25,47,0,24.6,none,0,1.0,2026.0,True,True,,98.19999999999999,0.7205463858850313,11.099999999999994,3.799999999999997,-1.0,0.0,1,3.0
2018,CAB0300,Intra-Europe,consortium,2018,0,5,1637.0,2,None,182.9,43.9,38.4,1,25,45,0,11.9,none,0,0.0,2019.0,True,True,,139.0,0.2400218698742482,,,,,0,
2019,CAB0300,Intra-Europe,consortium,2018,1,5,1637.0,2,None,182.9,66.4,57.1,1,25,47,0,13.5,none,0,0.0,2020.0,True,True,,116.5,0.36303991252050305,22.500000000000007,18.700000000000003,2.0,0.0,0,
2020,CAB0300,Intra-Europe,consortium,2018,2,5,1637.0,2,None,182.9,70.7,41.6,1,25,49,0,15.1,none,0,0.0,2021.0,True,True,,112.2,0.38655002733734284,4.299999999999997,-15.5,2.0,0.0,0,
2021,CAB0300,Intra-Europe,consortium,2018,3,5,1637.0,2,None,182.9,73.3,59.5,1,25,49,0,16.7,none,0,0.0,2022.0,True,True,,109.60000000000001,0.40076544559868776,2.5999999999999943,17.9,0.0,0.0,0,
2022,CAB0300,Intra-Europe,consortium,2018,4,5,1637.0,2,None,182.9,91.3,40.3,1,25,52,0,18.3,none,0,0.0,2023.0,True,True,,91.60000000000001,0.4991798797156916,18.0,-19.200000000000003,3.0,0.0,0,
2023,CAB0300,Intra-Europe,consortium,2018,5,5,1637.0,2,None,182.9,109.4,35.4,1,25,53,0,19.8,none,0,0.0,2024.0,True,True,,73.5,0.598141060688901,18.10000000000001,-4.899999999999999,1.0,0.0,0,
2024,CAB0300,Intra-Europe,consortium,2018,6,5,1637.0,2,None,182.9,109.7,32.0,1,25,53,0,21.4,none,0,0.0,2025.0,True,True,,73.2,0.5997813012575177,0.29999999999999716,-3.3999999999999986,0.0,0.0,0,
2025,CAB0300,Intra-Europe,consortium,2018,7,5,1637.0,2,None,182.9,122.7,49.6,1,25,58,0,23.0,none,0,0.0,2026.0,True,True,,60.2,0.6708583925642427,13.0,17.6,5.0,0.0,0,
2015,CAB0301,Intra-Europe,consortium,2001,14,4,309.0,6,None,49.1,49.1,74.4,0,25,41,0,38.1,none,0,1.0,2016.0,True,True,,0.0,1.0,,,,,0,
2016,CAB0301,Intra-Europe,consortium,2001,15,4,309.0,6,None,49.1,49.1,69.3,0,25,42,0,39.7,fishing_anchor,1,0.0,2017.0,True,True,,0.0,1.0,0.0,-5.1000000000000085,1.0,0.0,0,
2017,CAB0301,Intra-Europe,consortium,2001,16,4,309.0,6,None,49.1,49.1,51.6,0,25,44,0,41.3,none,0,0.0,2018.0,True,True,,0.0,1.0,0.0,-17.699999999999996,2.0,1.0,1,1.0
2018,CAB0301,Intra-Europe,consortium,2001,17,4,309.0,6,None,49.1,49.1,74.3,0,25,45,0,42.9,none,0,0.0,2019.0,True,True,,0.0,1.0,0.0,22.699999999999996,1.0,0.0,1,2.0
2019,CAB0301,Intra-Europe,consortium,2001,18,4,309.0,6,None,49.1,49.1,76.0,0,25,47,0,44.4,none,0,0.0,2020.0,True,True,,0.0,1.0,0.0,1.7000000000000028,2.0,0.0,1,3.0
2020,CAB0301,Intra-Europe,consortium,2001,19,4,309.0,6,None,49.1,49.1,77.6,0,25,49,0,46.0,none,0,0.0,2021.0,True,True,,0.0,1.0,0.0,1.5999999999999943,2.0,0.0,0,4.0
2021,CAB0301,Intra-Europe,consortium,2001,20,4,309.0,6,None,49.1,49.1,70.7,0,25,49,0,47.6,none,0,0.0,2022.0,True,True,,0.0,1.0,0.0,-6.8999999999999915,0.0,0.0,0,5.0
2022,CAB0301,Intra-Europe,consortium,2001,21,4,309.0,6,None,49.1,49.1,100.0,0,25,52,0,49.2,none,0,1.0,2023.0,True,True,,0.0,1.0,0.0,29.299999999999997,3.0,0.0,0,6.0
2023,CAB0301,Intra-Europe,consortium,2001,22,4,309.0,6,None,49.1,49.1,99.0,0,25,53,0,50.8,fishing_anchor,1,0.0,2024.0,True,True,,0.0,1.0,0.0,-1.0,1.0,0.0,0,7.0
2024,CAB0301,Intra-Europe,consortium,2001,23,4,309.0,6,None,49.1,49.1,82.8,0,25,53,0,52.4,none,0,0.0,2025.0,True,True,,0.0,1.0,0.0,-16.200000000000003,0.0,1.0,1,1.0
2025,CAB0301,Intra-Europe,consortium,2001,24,4,309.0,6,None,49.1,49.1,100.0,0,25,58,0,54.0,none,0,0.0,2026.0,True,True,,0.0,1.0,0.0,17.200000000000003,5.0,0.0,1,2.0
2015,CAB0302,Intra-Asia,carrier,2000,15,16,4495.0,6,None,173.7,173.7,100.0,1,25,53,0,23.8,fishing_anchor,1,1.0,2016.0,True,True,,0.0,1.0,,,,,0,
2016,CAB0302,Intra-Asia,carrier,2000,16,16,4495.0,6,None,173.7,173.7,69.5,1,25,59,0,25.4,fishing_anchor,1,0.0,2017.0,True,True,,0.0,1.0,0.0,-30.5,6.0,1.0,1,1.0
2017,CAB0302,Intra-Asia,carrier,2000,17,16,4495.0,6,None,173.7,173.7,96.6,1,25,60,0,27.0,none,0,1.0,2018.0,True,True,,0.0,1.0,0.0,27.099999999999994,1.0,1.0,2,1.0
2018,CAB0302,Intra-Asia,carrier,2000,18,16,4495.0,6,None,173.7,173.7,68.0,1,25,62,0,28.6,fishing_anchor,1,0.0,2019.0,True,True,,0.0,1.0,0.0,-28.599999999999994,2.0,0.0,2,2.0
2019,CAB0302,Intra-Asia,carrier,2000,19,16,4495.0,6,None,173.7,173.7,52.1,1,25,64,0,30.2,none,0,0.0,2020.0,True,True,,0.0,1.0,0.0,-15.899999999999999,2.0,1.0,2,1.0
2020,CAB0302,Intra-Asia,carrier,2000,20,16,4495.0,6,None,173.7,173.7,67.2,1,25,66,0,31.7,none,0,0.0,2021.0,True,True,,0.0,1.0,0.0,15.100000000000001,2.0,0.0,1,2.0
2021,CAB0302,Intra-Asia,carrier,2000,21,16,4495.0,6,None,173.7,173.7,87.3,1,25,69,0,33.3,none,0,1.0,2022.0,True,True,,0.0,1.0,0.0,20.099999999999994,3.0,0.0,1,3.0
2022,CAB0302,Intra-Asia,carrier,2000,22,16,4495.0,6,None,173.7,173.7,98.0,1,25,70,0,34.9,fishing_anchor,1,0.0,2023.0,True,True,,0.0,1.0,0.0,10.700000000000003,1.0,0.0,0,4.0
2023,CAB0302,Intra-Asia,carrier,2000,23,16,4495.0,6,None,173.7,173.7,100.0,1,25,70,0,36.5,none,0,0.0,2024.0,True,True,,0.0,1.0,0.0,2.0,0.0,1.0,1,1.0
2024,CAB0302,Intra-Asia,carrier,2000,24,16,4495.0,6,None,173.7,173.7,80.9,1,25,75,0,38.1,none,0,0.0,2025.0,True,True,,0.0,1.0,0.0,-19.099999999999994,5.0,0.0,1,2.0
2025,CAB0302,Intra-Asia,carrier,2000,25,16,4495.0,6,None,173.7,173.7,100.0,1,25,77,0,39.7,none,0,0.0,2026.0,True,True,,0.0,1.0,0.0,19.099999999999994,2.0,0.0,1,3.0
2024,CAB0303,Trans-Pacific,carrier,2024,0,18,13579.0,5,None,812.6,163.6,41.5,0,25,49,0,15.9,none,0,1.0,2025.0,True,True,,649.0,0.20132906719173024,,,,,0,
2025,CAB0303,Trans-Pacific,carrier,2024,1,18,13579.0,5,None,812.6,260.7,45.5,0,25,50,0,17.5,equipment,1,0.0,2026.0,True,True,,551.9000000000001,0.32082205267044056,97.1,4.0,1.0,0.0,0,
2023,CAB0304,Trans-Atlantic,hyperscaler,2023,0,23,7457.0,4,None,1005.4,248.6,18.9,0,25,54,0,15.9,none,0,0.0,2024.0,True,True,,756.8,0.24726477024070023,,,,,0,
2024,CAB0304,Trans-Atlantic,hyperscaler,2023,1,23,7457.0,4,None,1005.4,328.0,56.2,0,25,58,0,17.5,none,0,0.0,2025.0,True,True,,677.4,0.32623831310921025,79.4,37.300000000000004,4.0,0.0,0,
2025,CAB0304,Trans-Atlantic,hyperscaler,2023,2,23,7457.0,4,None,1005.4,431.8,61.3,0,25,62,0,19.0,none,0,0.0,2026.0,True,True,,573.5999999999999,0.4294808036602348,103.80000000000001,5.099999999999994,4.0,0.0,0,
2015,CAB0305,Africa-Coastal,consortium,2010,5,12,5931.0,9,None,301.7,166.0,27.4,0,25,36,1,43.7,fishing_anchor,1,0.0,2016.0,True,True,,135.7,0.5502154458070931,,,,,0,
2016,CAB0305,Africa-Coastal,consortium,2010,6,12,5931.0,9,None,301.7,193.9,86.8,0,25,37,1,45.2,none,0,0.0,2017.0,True,True,,107.79999999999998,0.6426914153132252,27.900000000000006,59.4,1.0,1.0,1,1.0
2017,CAB0305,Africa-Coastal,consortium,2010,7,12,5931.0,9,None,301.7,221.8,31.4,0,25,40,0,27.0,none,0,0.0,2018.0,True,True,,79.89999999999998,0.7351673848193571,27.900000000000006,-55.4,3.0,0.0,1,2.0
2018,CAB0305,Africa-Coastal,consortium,2010,8,12,5931.0,9,None,301.7,219.2,31.9,0,25,40,0,28.6,none,0,0.0,2019.0,True,True,,82.5,0.7265495525356314,-2.6000000000000227,0.5,0.0,0.0,1,3.0
2019,CAB0305,Africa-Coastal,consortium,2010,9,12,5931.0,9,None,301.7,248.8,40.2,0,25,42,0,30.2,none,0,1.0,2020.0,True,True,,52.89999999999998,0.8246602585349686,29.600000000000023,8.300000000000004,2.0,0.0,0,4.0
2020,CAB0305,Africa-Coastal,consortium,2010,10,12,5931.0,9,None,301.7,246.3,39.2,0,25,43,0,31.7,fishing_anchor,1,0.0,2021.0,True,True,,55.39999999999998,0.8163738813390786,-2.5,-1.0,1.0,0.0,0,5.0
2021,CAB0305,Africa-Coastal,consortium,2010,11,12,5931.0,9,None,301.7,262.5,85.9,0,25,44,0,33.3,none,0,1.0,2022.0,True,True,,39.19999999999999,0.8700696055684455,16.19999999999999,46.7,1.0,1.0,1,1.0
2022,CAB0305,Africa-Coastal,consortium,2010,12,12,5931.0,9,None,301.7,281.5,48.0,0,25,45,0,34.9,fishing_anchor,1,1.0,2023.0,True,True,,20.19999999999999,0.9330460722572091,19.0,-37.900000000000006,1.0,0.0,1,2.0
2023,CAB0305,Africa-Coastal,consortium,2010,13,12,5931.0,9,None,301.7,285.0,45.7,0,25,47,0,36.5,fishing_anchor,1,1.0,2024.0,True,True,,16.69999999999999,0.9446470003314551,3.5,-2.299999999999997,2.0,1.0,2,1.0
2024,CAB0305,Africa-Coastal,consortium,2010,14,12,5931.0,9,None,301.7,301.7,100.0,0,25,49,0,38.1,fishing_anchor,1,0.0,2025.0,True,True,,0.0,1.0,16.69999999999999,54.3,2.0,1.0,2,1.0
2025,CAB0305,Africa-Coastal,consortium,2010,15,12,5931.0,9,None,301.7,301.7,68.0,0,25,52,0,39.7,none,0,0.0,2026.0,True,True,,0.0,1.0,0.0,-32.0,3.0,1.0,3,1.0
2015,CAB0306,Intra-Europe,carrier,2013,2,40,2410.0,6,None,1177.1,467.3,54.7,1,25,41,0,3.2,none,0,0.0,2016.0,True,True,,709.8,0.3969926089542095,,,,,0,
2016,CAB0306,Intra-Europe,carrier,2013,3,40,2410.0,6,None,1177.1,610.0,50.0,1,25,42,0,4.8,none,0,0.0,2017.0,True,True,,567.0999999999999,0.5182227508283069,142.7,-4.700000000000003,1.0,0.0,0,
2017,CAB0306,Intra-Europe,carrier,2013,4,40,2410.0,6,None,1177.1,575.4,75.9,1,25,44,0,6.3,none,0,0.0,2018.0,True,True,,601.6999999999999,0.4888284767649308,-34.60000000000002,25.900000000000006,2.0,0.0,0,
2018,CAB0306,Intra-Europe,carrier,2013,5,40,2410.0,6,None,1177.1,690.6,78.3,1,25,45,0,7.9,none,0,0.0,2019.0,True,True,,486.4999999999999,0.5866961175770963,115.20000000000005,2.3999999999999915,1.0,0.0,0,
2019,CAB0306,Intra-Europe,carrier,2013,6,40,2410.0,6,None,1177.1,756.7,54.2,1,25,47,0,9.5,none,0,0.0,2020.0,True,True,,420.39999999999986,0.642851074675049,66.10000000000002,-24.099999999999994,2.0,0.0,0,
2020,CAB0306,Intra-Europe,carrier,2013,7,40,2410.0,6,None,1177.1,807.3,52.8,1,25,49,0,11.1,none,0,0.0,2021.0,True,True,,369.79999999999995,0.6858380766290035,50.59999999999991,-1.4000000000000057,2.0,0.0,0,
2021,CAB0306,Intra-Europe,carrier,2013,8,40,2410.0,6,None,1177.1,929.1,38.9,1,25,49,0,12.7,none,0,0.0,2022.0,True,True,,247.9999999999999,0.7893127176960327,121.80000000000007,-13.899999999999999,0.0,0.0,0,
2022,CAB0306,Intra-Europe,carrier,2013,9,40,2410.0,6,None,1177.1,878.6,100.0,1,25,52,0,14.3,none,0,0.0,2023.0,True,True,,298.4999999999999,0.7464106702913942,-50.5,61.1,3.0,0.0,0,
2023,CAB0306,Intra-Europe,carrier,2013,10,40,2410.0,6,None,1177.1,1035.8,75.9,1,25,53,0,15.9,none,0,0.0,2024.0,True,True,,141.29999999999995,0.8799592218163282,157.19999999999993,-24.099999999999994,1.0,0.0,0,
2024,CAB0306,Intra-Europe,carrier,2013,11,40,2410.0,6,None,1177.1,1110.0,67.4,1,25,53,0,17.5,none,0,0.0,2025.0,True,True,,67.09999999999991,0.9429954974088863,74.20000000000005,-8.5,0.0,0.0,0,
2025,CAB0306,Intra-Europe,carrier,2013,12,40,2410.0,6,None,1177.1,1177.1,48.1,1,25,58,0,19.0,none,0,0.0,2026.0,True,True,,0.0,1.0,67.09999999999991,-19.300000000000004,5.0,0.0,0,
2015,CAB0307,Americas,hyperscaler,2014,1,7,6252.0,4,None,216.0,76.2,62.6,0,25,28,1,37.3,none,0,0.0,2016.0,True,True,,139.8,0.3527777777777778,,,,,0,
2016,CAB0307,Americas,hyperscaler,2014,2,7,6252.0,4,None,216.0,78.1,75.0,0,25,29,1,38.9,none,0,0.0,2017.0,True,True,,137.9,0.36157407407407405,1.8999999999999915,12.399999999999999,1.0,0.0,0,
2017,CAB0307,Americas,hyperscaler,2014,3,7,6252.0,4,None,216.0,97.9,34.9,0,25,29,1,40.5,none,0,0.0,2018.0,True,True,,118.1,0.4532407407407408,19.80000000000001,-40.1,0.0,0.0,0,
2018,CAB0307,Americas,hyperscaler,2014,4,7,6252.0,4,None,216.0,126.1,31.6,0,25,31,1,42.1,none,0,0.0,2019.0,True,True,,89.9,0.5837962962962963,28.19999999999999,-3.299999999999997,2.0,0.0,0,
2019,CAB0307,Americas,hyperscaler,2014,5,7,6252.0,4,None,216.0,108.9,71.6,0,25,32,1,43.7,none,0,0.0,2020.0,True,True,,107.1,0.5041666666666667,-17.19999999999999,39.99999999999999,1.0,0.0,0,
2020,CAB0307,Americas,hyperscaler,2014,6,7,6252.0,4,None,216.0,130.5,66.5,0,25,33,1,45.2,none,0,1.0,2021.0,True,True,,85.5,0.6041666666666666,21.599999999999994,-5.099999999999994,1.0,0.0,0,
2021,CAB0307,Americas,hyperscaler,2014,7,7,6252.0,4,None,216.0,118.2,62.1,0,25,37,1,46.8,fishing_anchor,1,0.0,2022.0,True,True,,97.8,0.5472222222222223,-12.299999999999997,-4.399999999999999,4.0,0.0,0,
2022,CAB0307,Americas,hyperscaler,2014,8,7,6252.0,4,None,216.0,173.1,53.4,0,25,37,1,48.4,none,0,1.0,2023.0,True,True,,42.900000000000006,0.8013888888888888,54.89999999999999,-8.700000000000003,0.0,1.0,1,1.0
2023,CAB0307,Americas,hyperscaler,2014,9,7,6252.0,4,None,216.0,181.4,58.4,0,25,37,1,50.0,fishing_anchor,1,0.0,2024.0,True,True,,34.599999999999994,0.8398148148148148,8.300000000000011,5.0,0.0,0.0,1,2.0
2024,CAB0307,Americas,hyperscaler,2014,10,7,6252.0,4,None,216.0,189.4,51.8,0,25,39,1,51.6,none,0,0.0,2025.0,True,True,,26.599999999999994,0.8768518518518519,8.0,-6.600000000000001,2.0,1.0,2,1.0
2025,CAB0307,Americas,hyperscaler,2014,11,7,6252.0,4,None,216.0,190.1,100.0,0,25,39,1,53.2,none,0,0.0,2026.0,True,True,,25.900000000000006,0.8800925925925925,0.6999999999999886,48.2,0.0,0.0,1,2.0
2024,CAB0308,Trans-Atlantic,carrier,2024,0,48,5687.0,4,None,2166.9,446.6,44.0,0,25,58,0,15.9,none,0,0.0,2025.0,True,True,,1720.3000000000002,0.20610088144353686,,,,,0,
2025,CAB0308,Trans-Atlantic,carrier,2024,1,48,5687.0,4,None,2166.9,850.8,15.5,0,25,62,0,17.5,none,0,1.0,2026.0,True,True,,1316.1000000000001,0.39263463934653187,404.19999999999993,-28.5,4.0,0.0,0,
2015,CAB0309,EMEA-Asia,consortium,2014,1,7,16635.0,6,Hormuz,216.0,55.6,50.8,0,25,27,1,65.1,none,0,0.0,2016.0,True,True,,160.4,0.2574074074074074,,,,,0,
2016,CAB0309,EMEA-Asia,consortium,2014,2,7,16635.0,6,Hormuz,216.0,68.4,44.5,0,25,29,1,66.7,none,0,0.0,2017.0,True,True,,147.6,0.3166666666666667,12.800000000000004,-6.299999999999997,2.0,0.0,0,
2017,CAB0309,EMEA-Asia,consortium,2014,3,7,16635.0,6,Hormuz,216.0,99.9,11.5,0,25,32,1,68.3,none,0,0.0,2018.0,True,True,,116.1,0.4625,31.5,-33.0,3.0,0.0,0,
2018,CAB0309,EMEA-Asia,consortium,2014,4,7,16635.0,6,Hormuz,216.0,97.0,23.4,0,25,34,1,69.8,none,0,1.0,2019.0,True,True,,119.0,0.44907407407407407,-2.9000000000000057,11.899999999999999,2.0,0.0,0,
2019,CAB0309,EMEA-Asia,consortium,2014,5,7,16635.0,6,Hormuz,216.0,112.5,53.3,0,25,37,1,71.4,fishing_anchor,1,0.0,2020.0,True,True,,103.5,0.5208333333333334,15.5,29.9,3.0,0.0,0,
2020,CAB0309,EMEA-Asia,consortium,2014,6,7,16635.0,6,Hormuz,216.0,115.6,34.4,0,25,40,0,53.2,none,0,0.0,2021.0,True,True,,100.4,0.5351851851851852,3.0999999999999943,-18.9,3.0,1.0,1,1.0
2021,CAB0309,EMEA-Asia,consortium,2014,7,7,16635.0,6,Hormuz,216.0,160.4,24.9,0,25,44,0,54.8,none,0,0.0,2022.0,True,True,,55.599999999999994,0.7425925925925926,44.80000000000001,-9.5,4.0,0.0,1,2.0
2022,CAB0309,EMEA-Asia,consortium,2014,8,7,16635.0,6,Hormuz,216.0,137.5,51.0,0,25,45,0,56.3,none,0,0.0,2023.0,True,True,,78.5,0.6365740740740741,-22.900000000000006,26.1,1.0,0.0,1,3.0
2023,CAB0309,EMEA-Asia,consortium,2014,9,7,16635.0,6,Hormuz,216.0,161.5,83.8,0,25,47,0,57.9,none,0,0.0,2024.0,True,True,,54.5,0.7476851851851852,24.0,32.8,2.0,0.0,0,4.0
2024,CAB0309,EMEA-Asia,consortium,2014,10,7,16635.0,6,Hormuz,216.0,184.9,82.3,0,25,48,0,59.5,none,0,0.0,2025.0,True,True,,31.099999999999994,0.8560185185185185,23.400000000000006,-1.5,1.0,0.0,0,5.0
2025,CAB0309,EMEA-Asia,consortium,2014,11,7,16635.0,6,Hormuz,216.0,211.1,63.5,0,25,47,0,61.1,none,0,0.0,2026.0,True,True,,4.900000000000006,0.9773148148148147,26.19999999999999,-18.799999999999997,-1.0,0.0,0,6.0
2020,CAB0310,Americas,carrier,2020,0,22,5575.0,6,None,867.4,168.0,24.0,1,25,33,1,19.8,none,0,0.0,2021.0,True,True,,699.4,0.1936822688494351,,,,,0,
2021,CAB0310,Americas,carrier,2020,1,22,5575.0,6,None,867.4,298.5,31.6,1,25,37,1,21.4,none,0,1.0,2022.0,True,True,,568.9,0.3441318884021213,130.5,7.600000000000001,4.0,0.0,0,
2022,CAB0310,Americas,carrier,2020,2,22,5575.0,6,None,867.4,292.4,83.0,1,25,37,1,23.0,fishing_anchor,1,0.0,2023.0,True,True,,575.0,0.33709937744985013,-6.100000000000023,51.4,0.0,0.0,0,
2023,CAB0310,Americas,carrier,2020,3,22,5575.0,6,None,867.4,307.6,57.3,1,25,37,1,24.6,none,0,1.0,2024.0,True,True,,559.8,0.3546230112981324,15.200000000000045,-25.700000000000003,0.0,1.0,1,1.0
2024,CAB0310,Americas,carrier,2020,4,22,5575.0,6,None,867.4,394.3,46.1,1,25,39,1,26.2,fishing_anchor,1,0.0,2025.0,True,True,,473.09999999999997,0.45457689647221583,86.69999999999999,-11.199999999999996,2.0,0.0,1,2.0
2025,CAB0310,Americas,carrier,2020,5,22,5575.0,6,None,867.4,528.8,39.7,1,25,39,1,27.8,none,0,0.0,2026.0,True,True,,338.6,0.6096379986165552,134.49999999999994,-6.399999999999999,0.0,1.0,2,1.0
2015,CAB0311,Trans-Atlantic,carrier,2008,7,7,7196.0,5,None,156.0,90.2,70.1,0,25,33,1,46.8,none,0,1.0,2016.0,True,True,,65.8,0.5782051282051283,,,,,0,
2016,CAB0311,Trans-Atlantic,carrier,2008,8,7,7196.0,5,None,156.0,99.5,23.7,0,25,37,1,48.4,natural_hazard,1,1.0,2017.0,True,True,,56.5,0.6378205128205128,9.299999999999997,-46.39999999999999,4.0,0.0,0,
2017,CAB0311,Trans-Atlantic,carrier,2008,9,7,7196.0,5,None,156.0,120.8,77.1,0,25,37,1,50.0,fishing_anchor,1,0.0,2018.0,True,True,,35.2,0.7743589743589744,21.299999999999997,53.39999999999999,0.0,1.0,1,1.0
2018,CAB0311,Trans-Atlantic,carrier,2008,10,7,7196.0,5,None,156.0,132.7,52.8,0,25,40,0,31.7,none,0,0.0,2019.0,True,True,,23.30000000000001,0.8506410256410256,11.899999999999991,-24.299999999999997,3.0,1.0,2,1.0
2019,CAB0311,Trans-Atlantic,carrier,2008,11,7,7196.0,5,None,156.0,130.4,76.3,0,25,45,0,33.3,none,0,0.0,2020.0,True,True,,25.599999999999994,0.8358974358974359,-2.299999999999983,23.5,5.0,0.0,2,2.0
2020,CAB0311,Trans-Atlantic,carrier,2008,12,7,7196.0,5,None,156.0,130.8,66.1,0,25,48,0,34.9,none,0,1.0,2021.0,True,True,,25.19999999999999,0.8384615384615385,0.4000000000000057,-10.200000000000003,3.0,0.0,1,3.0
2021,CAB0311,Trans-Atlantic,carrier,2008,13,7,7196.0,5,None,156.0,155.6,46.6,0,25,50,0,36.5,fishing_anchor,1,1.0,2022.0,True,True,,0.4000000000000057,0.9974358974358974,24.799999999999983,-19.499999999999993,2.0,0.0,0,4.0
2022,CAB0311,Trans-Atlantic,carrier,2008,14,7,7196.0,5,None,156.0,156.0,48.8,0,25,51,0,38.1,fishing_anchor,1,1.0,2023.0,True,True,,0.0,1.0,0.4000000000000057,2.1999999999999957,1.0,1.0,1,1.0
2023,CAB0311,Trans-Atlantic,carrier,2008,15,7,7196.0,5,None,156.0,156.0,60.5,0,25,54,0,39.7,fishing_anchor,1,0.0,2024.0,True,True,,0.0,1.0,0.0,11.700000000000003,3.0,1.0,2,1.0
2024,CAB0311,Trans-Atlantic,carrier,2008,16,7,7196.0,5,None,156.0,156.0,54.7,0,25,58,0,41.3,none,0,0.0,2025.0,True,True,,0.0,1.0,0.0,-5.799999999999997,4.0,1.0,3,1.0
2025,CAB0311,Trans-Atlantic,carrier,2008,17,7,7196.0,5,None,156.0,156.0,69.2,0,25,62,0,42.9,none,0,0.0,2026.0,True,True,,0.0,1.0,0.0,14.5,4.0,0.0,2,2.0
2022,CAB0312,Intra-Europe,hyperscaler,2022,0,48,2490.0,6,None,2029.7,425.8,12.9,0,25,52,0,15.9,none,0,1.0,2023.0,True,True,,1603.9,0.2097846972458984,,,,,0,
2023,CAB0312,Intra-Europe,hyperscaler,2022,1,48,2490.0,6,None,2029.7,634.6,24.5,0,25,53,0,17.5,fishing_anchor,1,1.0,2024.0,True,True,,1395.1,0.3126570429127457,208.8,11.6,1.0,0.0,0,
2024,CAB0312,Intra-Europe,hyperscaler,2022,2,48,2490.0,6,None,2029.7,670.6,49.9,0,25,53,0,19.0,natural_hazard,1,0.0,2025.0,True,True,,1359.1,0.330393654234616,36.0,25.4,0.0,1.0,1,1.0
2025,CAB0312,Intra-Europe,hyperscaler,2022,3,48,2490.0,6,None,2029.7,710.1,44.3,0,25,58,0,20.6,none,0,1.0,2026.0,True,True,,1319.6,0.34985465832389023,39.5,-5.600000000000001,5.0,1.0,2,1.0
2021,CAB0313,Indian-Ocean,carrier,2021,0,22,11310.0,5,None,898.9,243.7,52.8,1,25,39,1,19.8,none,0,0.0,2022.0,True,True,,655.2,0.2711091333852486,,,,,0,
2022,CAB0313,Indian-Ocean,carrier,2021,1,22,11310.0,5,None,898.9,283.3,65.9,1,25,39,1,21.4,none,0,0.0,2023.0,True,True,,615.5999999999999,0.3151629769718545,39.60000000000002,13.100000000000009,0.0,0.0,0,
2023,CAB0313,Indian-Ocean,carrier,2021,2,22,11310.0,5,None,898.9,297.0,67.4,1,25,40,0,3.2,none,0,0.0,2024.0,True,True,,601.9,0.3304038268995439,13.699999999999989,1.5,1.0,0.0,0,
2024,CAB0313,Indian-Ocean,carrier,2021,3,22,11310.0,5,None,898.9,460.7,38.0,1,25,41,0,4.8,none,0,0.0,2025.0,True,True,,438.2,0.5125152964734676,163.7,-29.400000000000006,1.0,0.0,0,
2025,CAB0313,Indian-Ocean,carrier,2021,4,22,11310.0,5,None,898.9,359.8,35.8,1,25,44,0,6.3,none,0,0.0,2026.0,True,True,,539.0999999999999,0.400266992991434,-100.89999999999998,-2.200000000000003,3.0,0.0,0,
2015,CAB0314,Africa-Coastal,consortium,2001,14,25,6052.0,5,None,307.1,307.1,57.1,0,25,36,1,57.9,none,0,0.0,2016.0,True,True,,0.0,1.0,,,,,0,
2016,CAB0314,Africa-Coastal,consortium,2001,15,25,6052.0,5,None,307.1,307.1,58.5,0,25,37,1,59.5,none,0,0.0,2017.0,True,True,,0.0,1.0,0.0,1.3999999999999986,1.0,0.0,0,
2017,CAB0314,Africa-Coastal,consortium,2001,16,25,6052.0,5,None,307.1,307.1,100.0,0,25,40,0,41.3,none,0,1.0,2018.0,True,True,,0.0,1.0,0.0,41.5,3.0,0.0,0,
2018,CAB0314,Africa-Coastal,consortium,2001,17,25,6052.0,5,None,307.1,307.1,79.5,0,25,40,0,42.9,fishing_anchor,1,0.0,2019.0,True,True,,0.0,1.0,0.0,-20.5,0.0,0.0,0,
2019,CAB0314,Africa-Coastal,consortium,2001,18,25,6052.0,5,None,307.1,307.1,100.0,0,25,42,0,44.4,none,0,1.0,2020.0,True,True,,0.0,1.0,0.0,20.5,2.0,1.0,1,1.0
2020,CAB0314,Africa-Coastal,consortium,2001,19,25,6052.0,5,None,307.1,307.1,85.1,0,25,43,0,46.0,equipment,1,0.0,2021.0,True,True,,0.0,1.0,0.0,-14.900000000000006,1.0,0.0,1,2.0
2021,CAB0314,Africa-Coastal,consortium,2001,20,25,6052.0,5,None,307.1,307.1,94.9,0,25,44,0,47.6,none,0,0.0,2022.0,True,True,,0.0,1.0,0.0,9.800000000000011,1.0,1.0,2,1.0
2022,CAB0314,Africa-Coastal,consortium,2001,21,25,6052.0,5,None,307.1,307.1,76.5,0,25,45,0,49.2,none,0,0.0,2023.0,True,True,,0.0,1.0,0.0,-18.400000000000006,1.0,0.0,1,2.0
2023,CAB0314,Africa-Coastal,consortium,2001,22,25,6052.0,5,None,307.1,307.1,60.1,0,25,47,0,50.8,none,0,0.0,2024.0,True,True,,0.0,1.0,0.0,-16.4,2.0,0.0,1,3.0
2024,CAB0314,Africa-Coastal,consortium,2001,23,25,6052.0,5,None,307.1,307.1,83.9,0,25,49,0,52.4,none,0,0.0,2025.0,True,True,,0.0,1.0,0.0,23.800000000000004,2.0,0.0,0,4.0
2025,CAB0314,Africa-Coastal,consortium,2001,24,25,6052.0,5,None,307.1,307.1,60.8,0,25,52,0,54.0,none,0,0.0,2026.0,True,True,,0.0,1.0,0.0,-23.10000000000001,3.0,0.0,0,5.0
2019,CAB0315,Intra-Pacific-Islands,consortium,2019,0,5,978.0,2,None,190.0,53.8,67.3,1,25,35,1,31.7,none,0,0.0,2020.0,True,True,,136.2,0.2831578947368421,,,,,0,
2020,CAB0315,Intra-Pacific-Islands,consortium,2019,1,5,978.0,2,None,190.0,62.4,18.8,1,25,40,0,13.5,none,0,1.0,2021.0,True,True,,127.6,0.32842105263157895,8.600000000000001,-48.5,5.0,0.0,0,
2021,CAB0315,Intra-Pacific-Islands,consortium,2019,2,5,978.0,2,None,190.0,60.0,43.3,1,25,41,0,15.1,fishing_anchor,1,0.0,2022.0,True,True,,130.0,0.3157894736842105,-2.3999999999999986,24.499999999999996,1.0,0.0,0,
2022,CAB0315,Intra-Pacific-Islands,consortium,2019,3,5,978.0,2,None,190.0,87.9,88.4,1,25,43,0,16.7,none,0,0.0,2023.0,True,True,,102.1,0.46263157894736845,27.900000000000006,45.10000000000001,2.0,1.0,1,1.0
2023,CAB0315,Intra-Pacific-Islands,consortium,2019,4,5,978.0,2,None,190.0,95.2,87.4,1,25,45,0,18.3,none,0,1.0,2024.0,True,True,,94.8,0.5010526315789474,7.299999999999997,-1.0,2.0,0.0,1,2.0
2024,CAB0315,Intra-Pacific-Islands,consortium,2019,5,5,978.0,2,None,190.0,109.3,20.5,1,25,48,0,19.8,natural_hazard,1,1.0,2025.0,True,True,,80.7,0.5752631578947368,14.099999999999994,-66.9,3.0,0.0,1,3.0
2025,CAB0315,Intra-Pacific-Islands,consortium,2019,6,5,978.0,2,None,190.0,124.0,48.7,1,25,50,0,21.4,fishing_anchor,1,0.0,2026.0,True,True,,66.0,0.6526315789473685,14.700000000000003,28.200000000000003,2.0,1.0,1,1.0
2015,CAB0316,Intra-Asia,hyperscaler,2013,2,18,4487.0,3,Luzon-Strait,529.7,151.4,16.5,0,25,53,0,46.8,none,0,0.0,2016.0,True,True,,378.30000000000007,0.2858221634887672,,,,,0,
2016,CAB0316,Intra-Asia,hyperscaler,2013,3,18,4487.0,3,Luzon-Strait,529.7,235.2,59.4,0,25,59,0,48.4,none,0,1.0,2017.0,True,True,,294.50000000000006,0.4440249197659052,83.79999999999998,42.9,6.0,0.0,0,
2017,CAB0316,Intra-Asia,hyperscaler,2013,4,18,4487.0,3,Luzon-Strait,529.7,249.9,80.1,0,25,60,0,50.0,fishing_anchor,1,0.0,2018.0,True,True,,279.80000000000007,0.47177647725127425,14.700000000000017,20.699999999999996,1.0,0.0,0,
2018,CAB0316,Intra-Asia,hyperscaler,2013,5,18,4487.0,3,Luzon-Strait,529.7,292.0,69.4,0,25,62,0,51.6,none,0,0.0,2019.0,True,True,,237.70000000000005,0.5512554276005286,42.099999999999994,-10.699999999999989,2.0,1.0,1,1.0
2019,CAB0316,Intra-Asia,hyperscaler,2013,6,18,4487.0,3,Luzon-Strait,529.7,317.3,80.1,0,25,64,0,53.2,none,0,0.0,2020.0,True,True,,212.40000000000003,0.5990183122522182,25.30000000000001,10.699999999999989,2.0,0.0,1,2.0
2020,CAB0316,Intra-Asia,hyperscaler,2013,7,18,4487.0,3,Luzon-Strait,529.7,379.9,78.9,0,25,66,0,54.8,none,0,0.0,2021.0,True,True,,149.80000000000007,0.717198414196715,62.599999999999966,-1.1999999999999886,2.0,0.0,1,3.0
2021,CAB0316,Intra-Asia,hyperscaler,2013,8,18,4487.0,3,Luzon-Strait,529.7,377.2,23.8,0,25,69,0,56.3,none,0,0.0,2022.0,True,True,,152.50000000000006,0.7121011893524636,-2.6999999999999886,-55.10000000000001,3.0,0.0,0,4.0
2022,CAB0316,Intra-Asia,hyperscaler,2013,9,18,4487.0,3,Luzon-Strait,529.7,401.9,58.2,0,25,70,0,57.9,none,0,0.0,2023.0,True,True,,127.80000000000007,0.7587313573720973,24.69999999999999,34.400000000000006,1.0,0.0,0,5.0
2023,CAB0316,Intra-Asia,hyperscaler,2013,10,18,4487.0,3,Luzon-Strait,529.7,441.2,100.0,0,25,70,0,59.5,none,0,1.0,2024.0,True,True,,88.50000000000006,0.8329242967717575,39.30000000000001,41.8,0.0,0.0,0,6.0
2024,CAB0316,Intra-Asia,hyperscaler,2013,11,18,4487.0,3,Luzon-Strait,529.7,499.3,73.7,0,25,75,0,61.1,fishing_anchor,1,0.0,2025.0,True,True,,30.400000000000034,0.9426090239758353,58.10000000000002,-26.299999999999997,5.0,0.0,0,7.0
2025,CAB0316,Intra-Asia,hyperscaler,2013,12,18,4487.0,3,Luzon-Strait,529.7,529.7,37.7,0,25,77,0,62.7,none,0,0.0,2026.0,True,True,,0.0,1.0,30.400000000000034,-36.0,2.0,1.0,1,1.0
2015,CAB0317,Intra-Europe,government,1998,17,14,2350.0,4,None,112.0,112.0,81.0,0,25,41,0,42.9,none,0,0.0,2016.0,True,True,,0.0,1.0,,,,,0,
2016,CAB0317,Intra-Europe,government,1998,18,14,2350.0,4,None,112.0,112.0,83.6,0,25,42,0,44.4,none,0,0.0,2017.0,True,True,,0.0,1.0,0.0,2.5999999999999943,1.0,0.0,0,
2017,CAB0317,Intra-Europe,government,1998,19,14,2350.0,4,None,112.0,112.0,61.9,0,25,44,0,46.0,none,0,0.0,2018.0,True,True,,0.0,1.0,0.0,-21.699999999999996,2.0,0.0,0,
2018,CAB0317,Intra-Europe,government,1998,20,14,2350.0,4,None,112.0,112.0,72.1,0,25,45,0,47.6,none,0,1.0,2019.0,True,True,,0.0,1.0,0.0,10.199999999999996,1.0,0.0,0,
2019,CAB0317,Intra-Europe,government,1998,21,14,2350.0,4,None,112.0,112.0,71.9,0,25,47,0,49.2,fishing_anchor,1,0.0,2020.0,True,True,,0.0,1.0,0.0,-0.19999999999998863,2.0,0.0,0,
2020,CAB0317,Intra-Europe,government,1998,22,14,2350.0,4,None,112.0,112.0,71.3,0,25,49,0,50.8,none,0,0.0,2021.0,True,True,,0.0,1.0,0.0,-0.6000000000000085,2.0,1.0,1,1.0
2021,CAB0317,Intra-Europe,government,1998,23,14,2350.0,4,None,112.0,112.0,57.1,0,25,49,0,52.4,none,0,0.0,2022.0,True,True,,0.0,1.0,0.0,-14.199999999999996,0.0,0.0,1,2.0
2022,CAB0317,Intra-Europe,government,1998,24,14,2350.0,4,None,112.0,112.0,68.1,0,25,52,0,54.0,none,0,0.0,2023.0,True,True,,0.0,1.0,0.0,10.999999999999993,3.0,0.0,1,3.0
2023,CAB0317,Intra-Europe,government,1998,25,14,2350.0,4,None,112.0,112.0,82.2,0,25,53,0,55.6,none,0,1.0,2024.0,True,True,,0.0,1.0,0.0,14.100000000000009,1.0,0.0,0,4.0
2015,CAB0318,Intra-Asia,government,2013,2,18,2072.0,4,Luzon-Strait,529.7,183.7,67.8,1,25,53,0,31.0,none,0,0.0,2016.0,True,True,,346.00000000000006,0.3468000755144421,,,,,0,
2016,CAB0318,Intra-Asia,government,2013,3,18,2072.0,4,Luzon-Strait,529.7,207.7,64.9,1,25,59,0,32.5,none,0,0.0,2017.0,True,True,,322.00000000000006,0.3921087407966773,24.0,-2.8999999999999915,6.0,0.0,0,
2017,CAB0318,Intra-Asia,government,2013,4,18,2072.0,4,Luzon-Strait,529.7,238.9,24.0,1,25,60,0,34.1,none,0,0.0,2018.0,True,True,,290.80000000000007,0.4510100056635831,31.200000000000017,-40.900000000000006,1.0,0.0,0,
2018,CAB0318,Intra-Asia,government,2013,5,18,2072.0,4,Luzon-Strait,529.7,284.3,77.4,1,25,62,0,35.7,none,0,0.0,2019.0,True,True,,245.40000000000003,0.5367188974891448,45.400000000000006,53.400000000000006,2.0,0.0,0,
2019,CAB0318,Intra-Asia,government,2013,6,18,2072.0,4,Luzon-Strait,529.7,376.4,73.5,1,25,64,0,37.3,none,0,0.0,2020.0,True,True,,153.30000000000007,0.7105909005097224,92.09999999999997,-3.9000000000000057,2.0,0.0,0,
2020,CAB0318,Intra-Asia,government,2013,7,18,2072.0,4,Luzon-Strait,529.7,339.0,48.1,1,25,66,0,38.9,none,0,0.0,2021.0,True,True,,190.70000000000005,0.6399848971115726,-37.39999999999998,-25.4,2.0,0.0,0,
2021,CAB0318,Intra-Asia,government,2013,8,18,2072.0,4,Luzon-Strait,529.7,361.0,46.1,1,25,69,0,40.5,none,0,0.0,2022.0,True,True,,168.70000000000005,0.6815178402869548,22.0,-2.0,3.0,0.0,0,
2022,CAB0318,Intra-Asia,government,2013,9,18,2072.0,4,Luzon-Strait,529.7,447.9,59.7,1,25,70,0,42.1,none,0,0.0,2023.0,True,True,,81.80000000000007,0.8455729658297149,86.89999999999998,13.600000000000001,1.0,0.0,0,
2023,CAB0318,Intra-Asia,government,2013,10,18,2072.0,4,Luzon-Strait,529.7,435.6,81.3,1,25,70,0,43.7,none,0,0.0,2024.0,True,True,,94.10000000000002,0.8223522748725693,-12.299999999999955,21.599999999999994,0.0,0.0,0,
2024,CAB0318,Intra-Asia,government,2013,11,18,2072.0,4,Luzon-Strait,529.7,469.2,40.7,1,25,75,0,45.2,none,0,0.0,2025.0,True,True,,60.50000000000006,0.8857844062676986,33.599999999999966,-40.599999999999994,5.0,0.0,0,
2025,CAB0318,Intra-Asia,government,2013,12,18,2072.0,4,Luzon-Strait,529.7,529.7,97.0,1,25,77,0,46.8,none,0,0.0,2026.0,True,True,,0.0,1.0,60.50000000000006,56.3,2.0,0.0,0,
2015,CAB0319,Intra-Europe,government,2005,10,10,2998.0,4,None,180.0,167.7,66.4,0,25,41,0,31.7,fishing_anchor,1,0.0,2016.0,True,True,,12.300000000000011,0.9316666666666666,,,,,0,
2016,CAB0319,Intra-Europe,government,2005,11,10,2998.0,4,None,180.0,157.6,48.8,0,25,42,0,33.3,none,0,0.0,2017.0,True,True,,22.400000000000006,0.8755555555555555,-10.099999999999994,-17.60000000000001,1.0,1.0,1,1.0
2017,CAB0319,Intra-Europe,government,2005,12,10,2998.0,4,None,180.0,179.3,100.0,0,25,44,0,34.9,none,0,0.0,2018.0,True,True,,0.6999999999999886,0.9961111111111112,21.700000000000017,51.2,2.0,0.0,1,2.0
2018,CAB0319,Intra-Europe,government,2005,13,10,2998.0,4,None,180.0,168.0,36.0,0,25,45,0,36.5,none,0,0.0,2019.0,True,True,,12.0,0.9333333333333333,-11.300000000000011,-64.0,1.0,0.0,1,3.0
2019,CAB0319,Intra-Europe,government,2005,14,10,2998.0,4,None,180.0,180.0,76.0,0,25,47,0,38.1,none,0,0.0,2020.0,True,True,,0.0,1.0,12.0,40.0,2.0,0.0,0,4.0
2020,CAB0319,Intra-Europe,government,2005,15,10,2998.0,4,None,180.0,180.0,65.6,0,25,49,0,39.7,none,0,1.0,2021.0,True,True,,0.0,1.0,0.0,-10.400000000000006,2.0,0.0,0,5.0
2021,CAB0319,Intra-Europe,government,2005,16,10,2998.0,4,None,180.0,180.0,94.3,0,25,49,0,41.3,natural_hazard,1,0.0,2022.0,True,True,,0.0,1.0,0.0,28.700000000000003,0.0,0.0,0,6.0
2022,CAB0319,Intra-Europe,government,2005,17,10,2998.0,4,None,180.0,180.0,43.7,0,25,52,0,42.9,none,0,0.0,2023.0,True,True,,0.0,1.0,0.0,-50.599999999999994,3.0,1.0,1,1.0
2023,CAB0319,Intra-Europe,government,2005,18,10,2998.0,4,None,180.0,180.0,67.8,0,25,53,0,44.4,none,0,0.0,2024.0,True,True,,0.0,1.0,0.0,24.099999999999994,1.0,0.0,1,2.0
2024,CAB0319,Intra-Europe,government,2005,19,10,2998.0,4,None,180.0,180.0,66.0,0,25,53,0,46.0,none,0,0.0,2025.0,True,True,,0.0,1.0,0.0,-1.7999999999999972,0.0,0.0,1,3.0
2025,CAB0319,Intra-Europe,government,2005,20,10,2998.0,4,None,180.0,180.0,50.0,0,25,58,0,47.6,none,0,0.0,2026.0,True,True,,0.0,1.0,0.0,-16.0,5.0,0.0,0,4.0
2015,CAB0320,EMEA-Asia,hyperscaler,2007,8,3,11542.0,6,Bab-el-Mandeb,62.6,48.5,63.8,0,25,27,1,76.2,none,0,0.0,2016.0,True,True,,14.100000000000001,0.7747603833865815,,,,,0,
2016,CAB0320,EMEA-Asia,hyperscaler,2007,9,3,11542.0,6,Bab-el-Mandeb,62.6,48.9,79.7,0,25,29,1,77.8,none,0,0.0,2017.0,True,True,,13.700000000000003,0.7811501597444089,0.3999999999999986,15.900000000000006,2.0,0.0,0,
2017,CAB0320,EMEA-Asia,hyperscaler,2007,10,3,11542.0,6,Bab-el-Mandeb,62.6,53.8,53.4,0,25,32,1,79.4,none,0,0.0,2018.0,True,True,,8.800000000000004,0.8594249201277955,4.899999999999999,-26.300000000000004,3.0,0.0,0,
2018,CAB0320,EMEA-Asia,hyperscaler,2007,11,3,11542.0,6,Bab-el-Mandeb,62.6,60.2,54.9,0,25,34,1,81.0,none,0,0.0,2019.0,True,True,,2.3999999999999986,0.9616613418530352,6.400000000000006,1.5,2.0,0.0,0,
2019,CAB0320,EMEA-Asia,hyperscaler,2007,12,3,11542.0,6,Bab-el-Mandeb,62.6,62.0,73.8,0,25,37,1,82.5,none,0,0.0,2020.0,True,True,,0.6000000000000014,0.9904153354632588,1.7999999999999972,18.9,3.0,0.0,0,
2020,CAB0320,EMEA-Asia,hyperscaler,2007,13,3,11542.0,6,Bab-el-Mandeb,62.6,62.6,67.9,0,25,40,0,64.3,none,0,0.0,2021.0,True,True,,0.0,1.0,0.6000000000000014,-5.8999999999999915,3.0,0.0,0,
2021,CAB0320,EMEA-Asia,hyperscaler,2007,14,3,11542.0,6,Bab-el-Mandeb,62.6,62.6,100.0,0,25,44,0,65.9,none,0,0.0,2022.0,True,True,,0.0,1.0,0.0,32.099999999999994,4.0,0.0,0,
2022,CAB0320,EMEA-Asia,hyperscaler,2007,15,3,11542.0,6,Bab-el-Mandeb,62.6,62.6,44.5,0,25,45,0,67.5,none,0,0.0,2023.0,True,True,,0.0,1.0,0.0,-55.5,1.0,0.0,0,
2023,CAB0320,EMEA-Asia,hyperscaler,2007,16,3,11542.0,6,Bab-el-Mandeb,62.6,62.6,61.9,0,25,47,0,69.0,none,0,0.0,2024.0,True,True,,0.0,1.0,0.0,17.4,2.0,0.0,0,
2024,CAB0320,EMEA-Asia,hyperscaler,2007,17,3,11542.0,6,Bab-el-Mandeb,62.6,62.6,76.2,0,25,48,0,70.6,none,0,0.0,2025.0,True,True,,0.0,1.0,0.0,14.300000000000004,1.0,0.0,0,
2025,CAB0320,EMEA-Asia,hyperscaler,2007,18,3,11542.0,6,Bab-el-Mandeb,62.6,62.6,63.4,0,25,47,0,72.2,none,0,0.0,2026.0,True,True,,0.0,1.0,0.0,-12.800000000000004,-1.0,0.0,0,
2015,CAB0321,Intra-Pacific-Islands,consortium,2012,3,8,324.0,2,None,224.0,109.5,43.3,0,25,28,1,52.4,none,0,0.0,2016.0,True,True,,114.5,0.4888392857142857,,,,,0,
2016,CAB0321,Intra-Pacific-Islands,consortium,2012,4,8,324.0,2,None,224.0,112.0,16.8,0,25,29,1,54.0,none,0,0.0,2017.0,True,True,,112.0,0.5,2.5,-26.499999999999996,1.0,0.0,0,
2017,CAB0321,Intra-Pacific-Islands,consortium,2012,5,8,324.0,2,None,224.0,111.9,47.2,0,25,29,1,55.6,none,0,0.0,2018.0,True,True,,112.1,0.49955357142857143,-0.09999999999999432,30.400000000000002,0.0,0.0,0,
2018,CAB0321,Intra-Pacific-Islands,consortium,2012,6,8,324.0,2,None,224.0,145.8,42.5,0,25,30,1,57.1,none,0,0.0,2019.0,True,True,,78.19999999999999,0.6508928571428572,33.900000000000006,-4.700000000000003,1.0,0.0,0,
2019,CAB0321,Intra-Pacific-Islands,consortium,2012,7,8,324.0,2,None,224.0,153.8,23.7,0,25,35,1,58.7,none,0,1.0,2020.0,True,True,,70.19999999999999,0.6866071428571429,8.0,-18.8,5.0,0.0,0,
2020,CAB0321,Intra-Pacific-Islands,consortium,2012,8,8,324.0,2,None,224.0,146.1,34.2,0,25,40,0,40.5,natural_hazard,1,0.0,2021.0,True,True,,77.9,0.6522321428571428,-7.700000000000017,10.500000000000004,5.0,0.0,0,
2021,CAB0321,Intra-Pacific-Islands,consortium,2012,9,8,324.0,2,None,224.0,187.0,53.2,0,25,41,0,42.1,none,0,0.0,2022.0,True,True,,37.0,0.8348214285714286,40.900000000000006,19.0,1.0,1.0,1,1.0
2022,CAB0321,Intra-Pacific-Islands,consortium,2012,10,8,324.0,2,None,224.0,189.7,80.1,0,25,43,0,43.7,none,0,0.0,2023.0,True,True,,34.30000000000001,0.8468749999999999,2.6999999999999886,26.89999999999999,2.0,0.0,1,2.0
2023,CAB0321,Intra-Pacific-Islands,consortium,2012,11,8,324.0,2,None,224.0,200.7,98.0,0,25,45,0,45.2,none,0,0.0,2024.0,True,True,,23.30000000000001,0.8959821428571428,11.0,17.900000000000006,2.0,0.0,1,3.0
2024,CAB0321,Intra-Pacific-Islands,consortium,2012,12,8,324.0,2,None,224.0,201.0,28.7,0,25,48,0,46.8,none,0,0.0,2025.0,True,True,,23.0,0.8973214285714286,0.30000000000001137,-69.3,3.0,0.0,0,4.0
2025,CAB0321,Intra-Pacific-Islands,consortium,2012,13,8,324.0,2,None,224.0,218.9,66.7,0,25,50,0,48.4,none,0,0.0,2026.0,True,True,,5.099999999999994,0.9772321428571429,17.900000000000006,38.0,2.0,0.0,0,5.0
2015,CAB0322,EMEA-Asia,consortium,2014,1,14,14057.0,3,Bab-el-Mandeb,432.0,124.1,6.2,0,25,27,1,65.1,fishing_anchor,1,0.0,2016.0,True,True,,307.9,0.2872685185185185,,,,,0,
2016,CAB0322,EMEA-Asia,consortium,2014,2,14,14057.0,3,Bab-el-Mandeb,432.0,177.4,67.9,0,25,29,1,66.7,none,0,0.0,2017.0,True,True,,254.6,0.41064814814814815,53.30000000000001,61.7,2.0,1.0,1,1.0
2017,CAB0322,EMEA-Asia,consortium,2014,3,14,14057.0,3,Bab-el-Mandeb,432.0,194.9,57.9,0,25,32,1,68.3,none,0,1.0,2018.0,True,True,,237.1,0.4511574074074074,17.5,-10.000000000000007,3.0,0.0,1,2.0
2018,CAB0322,EMEA-Asia,consortium,2014,4,14,14057.0,3,Bab-el-Mandeb,432.0,193.0,60.0,0,25,34,1,69.8,fishing_anchor,1,0.0,2019.0,True,True,,239.0,0.44675925925925924,-1.9000000000000057,2.1000000000000014,2.0,0.0,1,3.0
2019,CAB0322,EMEA-Asia,consortium,2014,5,14,14057.0,3,Bab-el-Mandeb,432.0,238.8,49.3,0,25,37,1,71.4,none,0,0.0,2020.0,True,True,,193.2,0.5527777777777778,45.80000000000001,-10.700000000000003,3.0,1.0,1,1.0
2020,CAB0322,EMEA-Asia,consortium,2014,6,14,14057.0,3,Bab-el-Mandeb,432.0,297.9,65.0,0,25,40,0,53.2,none,0,0.0,2021.0,True,True,,134.10000000000002,0.6895833333333333,59.099999999999966,15.700000000000003,3.0,0.0,1,2.0
2021,CAB0322,EMEA-Asia,consortium,2014,7,14,14057.0,3,Bab-el-Mandeb,432.0,284.4,60.2,0,25,44,0,54.8,none,0,0.0,2022.0,True,True,,147.60000000000002,0.6583333333333333,-13.5,-4.799999999999997,4.0,0.0,1,3.0
2022,CAB0322,EMEA-Asia,consortium,2014,8,14,14057.0,3,Bab-el-Mandeb,432.0,297.8,55.0,0,25,45,0,56.3,none,0,0.0,2023.0,True,True,,134.2,0.6893518518518519,13.400000000000034,-5.200000000000003,1.0,0.0,0,4.0
2023,CAB0322,EMEA-Asia,consortium,2014,9,14,14057.0,3,Bab-el-Mandeb,432.0,323.5,58.9,0,25,47,0,57.9,none,0,0.0,2024.0,True,True,,108.5,0.7488425925925926,25.69999999999999,3.8999999999999986,2.0,0.0,0,5.0
2024,CAB0322,EMEA-Asia,consortium,2014,10,14,14057.0,3,Bab-el-Mandeb,432.0,376.6,59.4,0,25,48,0,59.5,none,0,0.0,2025.0,True,True,,55.39999999999998,0.8717592592592593,53.10000000000002,0.5,1.0,0.0,0,6.0
2025,CAB0322,EMEA-Asia,consortium,2014,11,14,14057.0,3,Bab-el-Mandeb,432.0,385.1,83.0,0,25,47,0,61.1,none,0,0.0,2026.0,True,True,,46.89999999999998,0.8914351851851853,8.5,23.6,-1.0,0.0,0,7.0
2019,CAB0323,Trans-Pacific,hyperscaler,2019,0,21,14093.0,6,None,798.0,222.5,1.9,0,25,41,0,15.9,none,0,0.0,2020.0,True,True,,575.5,0.27882205513784464,,,,,0,
2020,CAB0323,Trans-Pacific,hyperscaler,2019,1,21,14093.0,6,None,798.0,309.1,15.8,0,25,42,0,17.5,none,0,0.0,2021.0,True,True,,488.9,0.38734335839599,86.60000000000002,13.9,1.0,0.0,0,
2021,CAB0323,Trans-Pacific,hyperscaler,2019,2,21,14093.0,6,None,798.0,240.6,43.8,0,25,43,0,19.0,none,0,0.0,2022.0,True,True,,557.4,0.3015037593984962,-68.50000000000003,27.999999999999996,1.0,0.0,0,
2022,CAB0323,Trans-Pacific,hyperscaler,2019,3,21,14093.0,6,None,798.0,307.3,37.9,0,25,45,0,20.6,none,0,0.0,2023.0,True,True,,490.7,0.38508771929824565,66.70000000000002,-5.899999999999999,2.0,0.0,0,
2023,CAB0323,Trans-Pacific,hyperscaler,2019,4,21,14093.0,6,None,798.0,438.4,51.3,0,25,47,0,22.2,none,0,1.0,2024.0,True,True,,359.6,0.5493734335839598,131.09999999999997,13.399999999999999,2.0,0.0,0,
2024,CAB0323,Trans-Pacific,hyperscaler,2019,5,21,14093.0,6,None,798.0,371.6,79.0,0,25,49,0,23.8,fishing_anchor,1,0.0,2025.0,True,True,,426.4,0.46566416040100256,-66.79999999999995,27.700000000000003,2.0,0.0,0,
2025,CAB0323,Trans-Pacific,hyperscaler,2019,6,21,14093.0,6,None,798.0,498.3,66.5,0,25,50,0,25.4,none,0,1.0,2026.0,True,True,,299.7,0.6244360902255639,126.69999999999999,-12.5,1.0,1.0,1,1.0
2017,CAB0324,Intra-Europe,carrier,2017,0,7,2951.0,7,None,246.0,86.3,42.6,0,25,44,0,15.9,none,0,0.0,2018.0,True,True,,159.7,0.3508130081300813,,,,,0,
2018,CAB0324,Intra-Europe,carrier,2017,1,7,2951.0,7,None,246.0,82.4,51.9,0,25,45,0,17.5,none,0,0.0,2019.0,True,True,,163.6,0.33495934959349594,-3.8999999999999915,9.299999999999997,1.0,0.0,0,
2019,CAB0324,Intra-Europe,carrier,2017,2,7,2951.0,7,None,246.0,100.9,16.8,0,25,47,0,19.0,none,0,0.0,2020.0,True,True,,145.1,0.4101626016260163,18.5,-35.099999999999994,2.0,0.0,0,
2020,CAB0324,Intra-Europe,carrier,2017,3,7,2951.0,7,None,246.0,112.0,51.6,0,25,49,0,20.6,none,0,1.0,2021.0,True,True,,134.0,0.45528455284552843,11.099999999999994,34.8,2.0,0.0,0,
2021,CAB0324,Intra-Europe,carrier,2017,4,7,2951.0,7,None,246.0,109.1,15.3,0,25,49,0,22.2,fishing_anchor,1,0.0,2022.0,True,True,,136.9,0.4434959349593496,-2.9000000000000057,-36.3,0.0,0.0,0,
2022,CAB0324,Intra-Europe,carrier,2017,5,7,2951.0,7,None,246.0,144.6,47.9,0,25,52,0,23.8,none,0,1.0,2023.0,True,True,,101.4,0.5878048780487805,35.5,32.599999999999994,3.0,1.0,1,1.0
2023,CAB0324,Intra-Europe,carrier,2017,6,7,2951.0,7,None,246.0,151.6,28.3,0,25,53,0,25.4,equipment,1,1.0,2024.0,True,True,,94.4,0.616260162601626,7.0,-19.599999999999998,1.0,0.0,1,2.0
2024,CAB0324,Intra-Europe,carrier,2017,7,7,2951.0,7,None,246.0,156.3,91.0,0,25,53,0,27.0,fishing_anchor,1,1.0,2025.0,True,True,,89.69999999999999,0.6353658536585366,4.700000000000017,62.7,0.0,1.0,2,1.0
2025,CAB0324,Intra-Europe,carrier,2017,8,7,2951.0,7,None,246.0,158.2,75.0,0,25,58,0,28.6,fishing_anchor,1,0.0,2026.0,True,True,,87.80000000000001,0.6430894308943089,1.8999999999999773,-16.0,5.0,1.0,2,1.0
2015,CAB0325,Trans-Pacific,consortium,2006,9,3,9414.0,2,None,58.3,41.8,97.1,1,25,35,1,46.0,equipment,1,0.0,2016.0,True,True,,16.5,0.7169811320754716,,,,,0,
2016,CAB0325,Trans-Pacific,consortium,2006,10,3,9414.0,2,None,58.3,49.6,21.7,1,25,37,1,47.6,none,0,0.0,2017.0,True,True,,8.699999999999996,0.8507718696397942,7.800000000000004,-75.39999999999999,2.0,1.0,1,1.0
2017,CAB0325,Trans-Pacific,consortium,2006,11,3,9414.0,2,None,58.3,50.2,87.3,1,25,38,1,49.2,none,0,0.0,2018.0,True,True,,8.099999999999994,0.8610634648370499,0.6000000000000014,65.6,1.0,0.0,1,2.0
2018,CAB0325,Trans-Pacific,consortium,2006,12,3,9414.0,2,None,58.3,58.3,57.1,1,25,39,1,50.8,none,0,0.0,2019.0,True,True,,0.0,1.0,8.099999999999994,-30.199999999999996,1.0,0.0,1,3.0
2019,CAB0325,Trans-Pacific,consortium,2006,13,3,9414.0,2,None,58.3,57.4,41.7,1,25,41,0,32.5,none,0,0.0,2020.0,True,True,,0.8999999999999986,0.9845626072041167,-0.8999999999999986,-15.399999999999999,2.0,0.0,0,4.0
2020,CAB0325,Trans-Pacific,consortium,2006,14,3,9414.0,2,None,58.3,58.3,60.0,1,25,42,0,34.1,none,0,0.0,2021.0,True,True,,0.0,1.0,0.8999999999999986,18.299999999999997,1.0,0.0,0,5.0
2021,CAB0325,Trans-Pacific,consortium,2006,15,3,9414.0,2,None,58.3,58.3,100.0,1,25,43,0,35.7,none,0,0.0,2022.0,True,True,,0.0,1.0,0.0,40.0,1.0,0.0,0,6.0
2022,CAB0325,Trans-Pacific,consortium,2006,16,3,9414.0,2,None,58.3,58.3,83.0,1,25,45,0,37.3,none,0,0.0,2023.0,True,True,,0.0,1.0,0.0,-17.0,2.0,0.0,0,7.0
2023,CAB0325,Trans-Pacific,consortium,2006,17,3,9414.0,2,None,58.3,58.3,100.0,1,25,47,0,38.9,none,0,0.0,2024.0,True,True,,0.0,1.0,0.0,17.0,2.0,0.0,0,8.0
2024,CAB0325,Trans-Pacific,consortium,2006,18,3,9414.0,2,None,58.3,58.3,59.9,1,25,49,0,40.5,none,0,0.0,2025.0,True,True,,0.0,1.0,0.0,-40.1,2.0,0.0,0,9.0
2025,CAB0325,Trans-Pacific,consortium,2006,19,3,9414.0,2,None,58.3,58.3,51.2,1,25,50,0,42.1,none,0,1.0,2026.0,True,True,,0.0,1.0,0.0,-8.699999999999996,1.0,0.0,0,10.0
2015,CAB0326,Trans-Pacific,consortium,1999,16,5,10979.0,4,None,47.1,47.1,95.0,0,25,35,1,61.1,fishing_anchor,1,1.0,2016.0,True,True,,0.0,1.0,,,,,0,
2016,CAB0326,Trans-Pacific,consortium,1999,17,5,10979.0,4,None,47.1,47.1,43.1,0,25,37,1,62.7,natural_hazard,1,1.0,2017.0,True,True,,0.0,1.0,0.0,-51.9,2.0,1.0,1,1.0
2017,CAB0326,Trans-Pacific,consortium,1999,18,5,10979.0,4,None,47.1,47.1,76.9,0,25,38,1,64.3,fishing_anchor,1,1.0,2018.0,True,True,,0.0,1.0,0.0,33.800000000000004,1.0,1.0,2,1.0
2018,CAB0326,Trans-Pacific,consortium,1999,19,5,10979.0,4,None,47.1,47.1,62.8,0,25,39,1,65.9,fishing_anchor,1,0.0,2019.0,True,True,,0.0,1.0,0.0,-14.100000000000009,1.0,1.0,3,1.0
2019,CAB0326,Trans-Pacific,consortium,1999,20,5,10979.0,4,None,47.1,47.1,55.6,0,25,41,0,47.6,none,0,1.0,2020.0,True,True,,0.0,1.0,0.0,-7.199999999999996,2.0,1.0,3,1.0
2020,CAB0326,Trans-Pacific,consortium,1999,21,5,10979.0,4,None,47.1,47.1,82.6,0,25,42,0,49.2,fishing_anchor,1,1.0,2021.0,True,True,,0.0,1.0,0.0,26.999999999999993,1.0,0.0,2,2.0
2021,CAB0326,Trans-Pacific,consortium,1999,22,5,10979.0,4,None,47.1,47.1,96.8,0,25,43,0,50.8,fishing_anchor,1,0.0,2022.0,True,True,,0.0,1.0,0.0,14.200000000000003,1.0,1.0,2,1.0
2022,CAB0326,Trans-Pacific,consortium,1999,23,5,10979.0,4,None,47.1,47.1,100.0,0,25,45,0,52.4,none,0,0.0,2023.0,True,True,,0.0,1.0,0.0,3.200000000000003,2.0,1.0,2,1.0
2023,CAB0326,Trans-Pacific,consortium,1999,24,5,10979.0,4,None,47.1,47.1,65.8,0,25,47,0,54.0,none,0,0.0,2024.0,True,True,,0.0,1.0,0.0,-34.2,2.0,0.0,2,2.0
2024,CAB0326,Trans-Pacific,consortium,1999,25,5,10979.0,4,None,47.1,47.1,62.7,0,25,49,0,55.6,none,0,0.0,2025.0,True,True,,0.0,1.0,0.0,-3.0999999999999943,2.0,0.0,1,3.0
2025,CAB0326,Trans-Pacific,consortium,1999,26,5,10979.0,4,None,47.1,47.1,100.0,0,25,50,0,57.1,none,0,0.0,2026.0,True,True,,0.0,1.0,0.0,37.3,1.0,0.0,0,4.0
2024,CAB0327,Trans-Pacific,carrier,2024,0,12,11143.0,7,None,541.7,129.2,15.3,0,25,49,0,15.9,fishing_anchor,1,0.0,2025.0,True,True,,412.50000000000006,0.2385083994831087,,,,,0,
2025,CAB0327,Trans-Pacific,carrier,2024,1,12,11143.0,7,None,541.7,184.9,22.7,0,25,50,0,17.5,none,0,0.0,2026.0,True,True,,356.80000000000007,0.341332841055935,55.70000000000002,7.399999999999999,1.0,1.0,1,1.0
2015,CAB0329,Intra-Europe,consortium,2014,1,9,1659.0,3,None,277.7,77.4,64.3,0,25,41,0,17.5,none,0,0.0,2016.0,True,True,,200.29999999999998,0.27871804105149445,,,,,0,
2016,CAB0329,Intra-Europe,consortium,2014,2,9,1659.0,3,None,277.7,111.1,46.6,0,25,42,0,19.0,none,0,0.0,2017.0,True,True,,166.6,0.40007202016564636,33.69999999999999,-17.699999999999996,1.0,0.0,0,
2017,CAB0329,Intra-Europe,consortium,2014,3,9,1659.0,3,None,277.7,132.7,70.4,0,25,44,0,20.6,none,0,0.0,2018.0,True,True,,145.0,0.4778537990637378,21.599999999999994,23.800000000000004,2.0,0.0,0,
2018,CAB0329,Intra-Europe,consortium,2014,4,9,1659.0,3,None,277.7,118.8,52.0,0,25,45,0,22.2,none,0,0.0,2019.0,True,True,,158.89999999999998,0.4277997839395031,-13.899999999999991,-18.400000000000006,1.0,0.0,0,
2019,CAB0329,Intra-Europe,consortium,2014,5,9,1659.0,3,None,277.7,173.1,38.0,0,25,47,0,23.8,none,0,0.0,2020.0,True,True,,104.6,0.6233345336694275,54.3,-14.0,2.0,0.0,0,
2020,CAB0329,Intra-Europe,consortium,2014,6,9,1659.0,3,None,277.7,182.6,58.8,0,25,49,0,25.4,none,0,0.0,2021.0,True,True,,95.1,0.6575441123514584,9.5,20.799999999999997,2.0,0.0,0,
2021,CAB0329,Intra-Europe,consortium,2014,7,9,1659.0,3,None,277.7,187.9,83.7,0,25,49,0,27.0,none,0,0.0,2022.0,True,True,,89.79999999999998,0.6766294562477494,5.300000000000011,24.900000000000006,0.0,0.0,0,
2022,CAB0329,Intra-Europe,consortium,2014,8,9,1659.0,3,None,277.7,226.3,49.4,0,25,52,0,28.6,none,0,0.0,2023.0,True,True,,51.39999999999998,0.8149081742888009,38.400000000000006,-34.300000000000004,3.0,0.0,0,
2023,CAB0329,Intra-Europe,consortium,2014,9,9,1659.0,3,None,277.7,220.6,59.7,0,25,53,0,30.2,none,0,0.0,2024.0,True,True,,57.099999999999994,0.7943824270795823,-5.700000000000017,10.300000000000004,1.0,0.0,0,
2024,CAB0329,Intra-Europe,consortium,2014,10,9,1659.0,3,None,277.7,253.1,59.5,0,25,53,0,31.7,none,0,0.0,2025.0,True,True,,24.599999999999994,0.9114151962549514,32.5,-0.20000000000000284,0.0,0.0,0,
2025,CAB0329,Intra-Europe,consortium,2014,11,9,1659.0,3,None,277.7,246.0,78.0,0,25,58,0,33.3,none,0,0.0,2026.0,True,True,,31.69999999999999,0.8858480374504861,-7.099999999999994,18.5,5.0,0.0,0,
2015,CAB0330,Intra-Pacific-Islands,carrier,2013,2,4,3950.0,6,None,117.7,43.6,60.3,0,25,28,1,38.9,none,0,1.0,2016.0,True,True,,74.1,0.37043330501274424,,,,,0,
2016,CAB0330,Intra-Pacific-Islands,carrier,2013,3,4,3950.0,6,None,117.7,46.3,72.4,0,25,29,1,40.5,fishing_anchor,1,1.0,2017.0,True,True,,71.4,0.39337298215802885,2.6999999999999957,12.100000000000009,1.0,0.0,0,
2017,CAB0330,Intra-Pacific-Islands,carrier,2013,4,4,3950.0,6,None,117.7,61.5,30.6,0,25,29,1,42.1,fishing_anchor,1,0.0,2018.0,True,True,,56.2,0.5225148683092609,15.200000000000003,-41.800000000000004,0.0,1.0,1,1.0
2018,CAB0330,Intra-Pacific-Islands,carrier,2013,5,4,3950.0,6,None,117.7,59.2,23.5,0,25,30,1,43.7,none,0,0.0,2019.0,True,True,,58.5,0.5029736618521665,-2.299999999999997,-7.100000000000001,1.0,1.0,2,1.0
2019,CAB0330,Intra-Pacific-Islands,carrier,2013,6,4,3950.0,6,None,117.7,72.2,65.8,0,25,35,1,45.2,none,0,0.0,2020.0,True,True,,45.5,0.6134239592183518,13.0,42.3,5.0,0.0,2,2.0
2020,CAB0330,Intra-Pacific-Islands,carrier,2013,7,4,3950.0,6,None,117.7,83.3,79.9,0,25,40,0,27.0,none,0,0.0,2021.0,True,True,,34.400000000000006,0.707731520815633,11.099999999999994,14.100000000000009,5.0,0.0,1,3.0
2021,CAB0330,Intra-Pacific-Islands,carrier,2013,8,4,3950.0,6,None,117.7,85.4,95.1,0,25,41,0,28.6,none,0,1.0,2022.0,True,True,,32.3,0.7255734919286322,2.1000000000000085,15.199999999999989,1.0,0.0,0,4.0
2022,CAB0330,Intra-Pacific-Islands,carrier,2013,9,4,3950.0,6,None,117.7,88.5,43.4,0,25,43,0,30.2,fishing_anchor,1,0.0,2023.0,True,True,,29.200000000000003,0.7519116397621071,3.0999999999999943,-51.699999999999996,2.0,0.0,0,5.0
2023,CAB0330,Intra-Pacific-Islands,carrier,2013,10,4,3950.0,6,None,117.7,86.7,100.0,0,25,45,0,31.7,none,0,0.0,2024.0,True,True,,31.0,0.7366185216652507,-1.7999999999999972,56.6,2.0,1.0,1,1.0
2024,CAB0330,Intra-Pacific-Islands,carrier,2013,11,4,3950.0,6,None,117.7,104.6,44.1,0,25,48,0,33.3,none,0,0.0,2025.0,True,True,,13.100000000000009,0.8887000849617671,17.89999999999999,-55.9,3.0,0.0,1,2.0
2025,CAB0330,Intra-Pacific-Islands,carrier,2013,12,4,3950.0,6,None,117.7,115.2,55.4,0,25,50,0,34.9,none,0,0.0,2026.0,True,True,,2.5,0.9787595581988106,10.600000000000009,11.299999999999997,2.0,0.0,1,3.0
2023,CAB0331,Africa-Coastal,carrier,2023,0,11,5015.0,7,None,480.9,166.0,83.4,0,25,47,0,15.9,none,0,0.0,2024.0,True,True,,314.9,0.3451861093782491,,,,,0,
2024,CAB0331,Africa-Coastal,carrier,2023,1,11,5015.0,7,None,480.9,140.4,58.9,0,25,49,0,17.5,none,0,0.0,2025.0,True,True,,340.5,0.2919525888958204,-25.599999999999994,-24.500000000000007,2.0,0.0,0,
2025,CAB0331,Africa-Coastal,carrier,2023,2,11,5015.0,7,None,480.9,198.3,51.6,0,25,52,0,19.0,none,0,0.0,2026.0,True,True,,282.59999999999997,0.4123518402994386,57.900000000000006,-7.299999999999997,3.0,0.0,0,
2021,CAB0332,Intra-Asia,carrier,2021,0,17,3274.0,5,None,694.6,202.5,64.0,1,25,69,0,0.0,none,0,0.0,2022.0,True,True,,492.1,0.2915346962280449,,,,,0,
2022,CAB0332,Intra-Asia,carrier,2021,1,17,3274.0,5,None,694.6,230.2,33.1,1,25,70,0,1.6,none,0,0.0,2023.0,True,True,,464.40000000000003,0.33141376331701694,27.69999999999999,-30.9,1.0,0.0,0,
2023,CAB0332,Intra-Asia,carrier,2021,2,17,3274.0,5,None,694.6,203.3,33.9,1,25,70,0,3.2,none,0,0.0,2024.0,True,True,,491.3,0.29268643823783475,-26.899999999999977,0.7999999999999972,0.0,0.0,0,
2024,CAB0332,Intra-Asia,carrier,2021,3,17,3274.0,5,None,694.6,274.5,68.2,1,25,75,0,4.8,none,0,0.0,2025.0,True,True,,420.1,0.39519147710912755,71.19999999999999,34.300000000000004,5.0,0.0,0,
2025,CAB0332,Intra-Asia,carrier,2021,4,17,3274.0,5,None,694.6,316.3,17.6,1,25,77,0,6.3,none,0,0.0,2026.0,True,True,,378.3,0.45536999712064496,41.80000000000001,-50.6,2.0,0.0,0,
2015,CAB0333,Intra-Asia,consortium,2002,13,8,2813.0,7,Taiwan-Strait,109.7,109.7,34.9,0,25,53,0,64.3,fishing_anchor,1,1.0,2016.0,True,True,,0.0,1.0,,,,,0,
2016,CAB0333,Intra-Asia,consortium,2002,14,8,2813.0,7,Taiwan-Strait,109.7,106.3,70.5,0,25,59,0,65.9,fishing_anchor,1,0.0,2017.0,True,True,,3.4000000000000057,0.9690063810391978,-3.4000000000000057,35.6,6.0,1.0,1,1.0
2017,CAB0333,Intra-Asia,consortium,2002,15,8,2813.0,7,Taiwan-Strait,109.7,109.7,67.6,0,25,60,0,67.5,none,0,0.0,2018.0,True,True,,0.0,1.0,3.4000000000000057,-2.9000000000000057,1.0,1.0,2,1.0
2018,CAB0333,Intra-Asia,consortium,2002,16,8,2813.0,7,Taiwan-Strait,109.7,109.7,100.0,0,25,62,0,69.0,none,0,0.0,2019.0,True,True,,0.0,1.0,0.0,32.400000000000006,2.0,0.0,2,2.0
2019,CAB0333,Intra-Asia,consortium,2002,17,8,2813.0,7,Taiwan-Strait,109.7,109.7,47.9,0,25,64,0,70.6,none,0,1.0,2020.0,True,True,,0.0,1.0,0.0,-52.1,2.0,0.0,1,3.0
2020,CAB0333,Intra-Asia,consortium,2002,18,8,2813.0,7,Taiwan-Strait,109.7,109.7,89.1,0,25,66,0,72.2,fishing_anchor,1,0.0,2021.0,True,True,,0.0,1.0,0.0,41.199999999999996,2.0,0.0,0,4.0
2021,CAB0333,Intra-Asia,consortium,2002,19,8,2813.0,7,Taiwan-Strait,109.7,109.7,98.2,0,25,69,0,73.8,none,0,0.0,2022.0,True,True,,0.0,1.0,0.0,9.100000000000009,3.0,1.0,1,1.0
2022,CAB0333,Intra-Asia,consortium,2002,20,8,2813.0,7,Taiwan-Strait,109.7,109.7,100.0,0,25,70,0,75.4,none,0,0.0,2023.0,True,True,,0.0,1.0,0.0,1.7999999999999972,1.0,0.0,1,2.0
2023,CAB0333,Intra-Asia,consortium,2002,21,8,2813.0,7,Taiwan-Strait,109.7,109.7,100.0,0,25,70,0,77.0,none,0,0.0,2024.0,True,True,,0.0,1.0,0.0,0.0,0.0,0.0,1,3.0
2024,CAB0333,Intra-Asia,consortium,2002,22,8,2813.0,7,Taiwan-Strait,109.7,109.7,82.9,0,25,75,0,78.6,none,0,1.0,2025.0,True,True,,0.0,1.0,0.0,-17.099999999999994,5.0,0.0,0,4.0
2025,CAB0333,Intra-Asia,consortium,2002,23,8,2813.0,7,Taiwan-Strait,109.7,109.7,100.0,0,25,77,0,80.2,fishing_anchor,1,0.0,2026.0,True,True,,0.0,1.0,0.0,17.099999999999994,2.0,0.0,0,5.0
2015,CAB0334,Intra-Europe,consortium,2002,13,5,496.0,2,None,68.6,68.6,65.2,1,25,41,0,32.5,none,0,0.0,2016.0,True,True,,0.0,1.0,,,,,0,
2016,CAB0334,Intra-Europe,consortium,2002,14,5,496.0,2,None,68.6,68.6,74.0,1,25,42,0,34.1,none,0,0.0,2017.0,True,True,,0.0,1.0,0.0,8.799999999999997,1.0,0.0,0,
2017,CAB0334,Intra-Europe,consortium,2002,15,5,496.0,2,None,68.6,68.6,55.9,1,25,44,0,35.7,none,0,0.0,2018.0,True,True,,0.0,1.0,0.0,-18.1,2.0,0.0,0,
2018,CAB0334,Intra-Europe,consortium,2002,16,5,496.0,2,None,68.6,68.6,54.4,1,25,45,0,37.3,none,0,0.0,2019.0,True,True,,0.0,1.0,0.0,-1.5,1.0,0.0,0,
2019,CAB0334,Intra-Europe,consortium,2002,17,5,496.0,2,None,68.6,68.6,50.6,1,25,47,0,38.9,none,0,0.0,2020.0,True,True,,0.0,1.0,0.0,-3.799999999999997,2.0,0.0,0,
2020,CAB0334,Intra-Europe,consortium,2002,18,5,496.0,2,None,68.6,68.6,49.0,1,25,49,0,40.5,none,0,0.0,2021.0,True,True,,0.0,1.0,0.0,-1.6000000000000014,2.0,0.0,0,
2021,CAB0334,Intra-Europe,consortium,2002,19,5,496.0,2,None,68.6,68.6,100.0,1,25,49,0,42.1,none,0,0.0,2022.0,True,True,,0.0,1.0,0.0,51.0,0.0,0.0,0,
2022,CAB0334,Intra-Europe,consortium,2002,20,5,496.0,2,None,68.6,68.6,55.5,1,25,52,0,43.7,none,0,0.0,2023.0,True,True,,0.0,1.0,0.0,-44.5,3.0,0.0,0,
2023,CAB0334,Intra-Europe,consortium,2002,21,5,496.0,2,None,68.6,68.6,85.2,1,25,53,0,45.2,none,0,0.0,2024.0,True,True,,0.0,1.0,0.0,29.700000000000003,1.0,0.0,0,
2024,CAB0334,Intra-Europe,consortium,2002,22,5,496.0,2,None,68.6,68.6,77.2,1,25,53,0,46.8,none,0,0.0,2025.0,True,True,,0.0,1.0,0.0,-8.0,0.0,0.0,0,
2025,CAB0334,Intra-Europe,consortium,2002,23,5,496.0,2,None,68.6,68.6,65.6,1,25,58,0,48.4,none,0,0.0,2026.0,True,True,,0.0,1.0,0.0,-11.600000000000009,5.0,0.0,0,
2015,CAB0335,Trans-Atlantic,hyperscaler,2006,9,3,6062.0,3,None,58.3,42.5,100.0,1,25,33,1,34.1,none,0,0.0,2016.0,True,True,,15.799999999999997,0.7289879931389366,,,,,0,
2016,CAB0335,Trans-Atlantic,hyperscaler,2006,10,3,6062.0,3,None,58.3,50.4,45.1,1,25,37,1,35.7,none,0,0.0,2017.0,True,True,,7.899999999999999,0.8644939965694682,7.899999999999999,-54.9,4.0,0.0,0,
2017,CAB0335,Trans-Atlantic,hyperscaler,2006,11,3,6062.0,3,None,58.3,50.1,40.4,1,25,37,1,37.3,none,0,0.0,2018.0,True,True,,8.199999999999996,0.8593481989708406,-0.29999999999999716,-4.700000000000003,0.0,0.0,0,
2018,CAB0335,Trans-Atlantic,hyperscaler,2006,12,3,6062.0,3,None,58.3,52.8,74.4,1,25,40,0,19.0,none,0,0.0,2019.0,True,True,,5.5,0.9056603773584906,2.6999999999999957,34.00000000000001,3.0,0.0,0,
2019,CAB0335,Trans-Atlantic,hyperscaler,2006,13,3,6062.0,3,None,58.3,58.3,31.9,1,25,45,0,20.6,none,0,1.0,2020.0,True,True,,0.0,1.0,5.5,-42.50000000000001,5.0,0.0,0,
2020,CAB0335,Trans-Atlantic,hyperscaler,2006,14,3,6062.0,3,None,58.3,58.3,100.0,1,25,48,0,22.2,natural_hazard,1,1.0,2021.0,True,True,,0.0,1.0,0.0,68.1,3.0,0.0,0,
2021,CAB0335,Trans-Atlantic,hyperscaler,2006,15,3,6062.0,3,None,58.3,58.3,79.7,1,25,50,0,23.8,fishing_anchor,1,0.0,2022.0,True,True,,0.0,1.0,0.0,-20.299999999999997,2.0,1.0,1,1.0
2022,CAB0335,Trans-Atlantic,hyperscaler,2006,16,3,6062.0,3,None,58.3,58.3,92.6,1,25,51,0,25.4,none,0,0.0,2023.0,True,True,,0.0,1.0,0.0,12.899999999999991,1.0,1.0,2,1.0
2023,CAB0335,Trans-Atlantic,hyperscaler,2006,17,3,6062.0,3,None,58.3,58.3,54.3,1,25,54,0,27.0,none,0,1.0,2024.0,True,True,,0.0,1.0,0.0,-38.3,3.0,0.0,2,2.0
2024,CAB0335,Trans-Atlantic,hyperscaler,2006,18,3,6062.0,3,None,58.3,58.3,89.6,1,25,58,0,28.6,fishing_anchor,1,1.0,2025.0,True,True,,0.0,1.0,0.0,35.3,4.0,0.0,1,3.0
2025,CAB0335,Trans-Atlantic,hyperscaler,2006,19,3,6062.0,3,None,58.3,58.3,78.2,1,25,62,0,30.2,fishing_anchor,1,0.0,2026.0,True,True,,0.0,1.0,0.0,-11.399999999999991,4.0,1.0,1,1.0
2015,CAB0336,Indian-Ocean,carrier,2007,8,22,7411.0,3,None,458.9,355.0,25.8,0,25,31,1,48.4,none,0,0.0,2016.0,True,True,,103.89999999999998,0.7735890172150796,,,,,0,
2016,CAB0336,Indian-Ocean,carrier,2007,9,22,7411.0,3,None,458.9,420.7,63.9,0,25,33,1,50.0,none,0,0.0,2017.0,True,True,,38.19999999999999,0.9167574634996731,65.69999999999999,38.099999999999994,2.0,0.0,0,
2017,CAB0336,Indian-Ocean,carrier,2007,10,22,7411.0,3,None,458.9,383.8,31.0,0,25,33,1,51.6,none,0,0.0,2018.0,True,True,,75.09999999999997,0.836347788189148,-36.89999999999998,-32.9,0.0,0.0,0,
2018,CAB0336,Indian-Ocean,carrier,2007,11,22,7411.0,3,None,458.9,424.3,73.3,0,25,35,1,53.2,none,0,1.0,2019.0,True,True,,34.599999999999966,0.9246023098714318,40.5,42.3,2.0,0.0,0,
2019,CAB0336,Indian-Ocean,carrier,2007,12,22,7411.0,3,None,458.9,436.6,34.4,0,25,35,1,54.8,natural_hazard,1,1.0,2020.0,True,True,,22.299999999999955,0.9514055349749402,12.300000000000011,-38.9,0.0,0.0,0,
2020,CAB0336,Indian-Ocean,carrier,2007,13,22,7411.0,3,None,458.9,458.9,49.8,0,25,36,1,56.3,fishing_anchor,1,1.0,2021.0,True,True,,0.0,1.0,22.299999999999955,15.399999999999999,1.0,1.0,1,1.0
2021,CAB0336,Indian-Ocean,carrier,2007,14,22,7411.0,3,None,458.9,458.9,78.3,0,25,39,1,57.9,equipment,1,0.0,2022.0,True,True,,0.0,1.0,0.0,28.5,3.0,1.0,2,1.0
2022,CAB0336,Indian-Ocean,carrier,2007,15,22,7411.0,3,None,458.9,458.9,58.5,0,25,39,1,59.5,none,0,1.0,2023.0,True,True,,0.0,1.0,0.0,-19.799999999999997,0.0,1.0,3,1.0
2023,CAB0336,Indian-Ocean,carrier,2007,16,22,7411.0,3,None,458.9,458.9,73.4,0,25,40,0,41.3,fishing_anchor,1,0.0,2024.0,True,True,,0.0,1.0,0.0,14.900000000000006,1.0,0.0,2,2.0
2024,CAB0336,Indian-Ocean,carrier,2007,17,22,7411.0,3,None,458.9,458.9,73.5,0,25,41,0,42.9,none,0,1.0,2025.0,True,True,,0.0,1.0,0.0,0.09999999999999432,1.0,1.0,2,1.0
2025,CAB0336,Indian-Ocean,carrier,2007,18,22,7411.0,3,None,458.9,458.9,100.0,0,25,44,0,44.4,fishing_anchor,1,1.0,2026.0,True,True,,0.0,1.0,0.0,26.5,3.0,0.0,1,2.0
2015,CAB0337,Trans-Atlantic,hyperscaler,2001,14,4,5781.0,5,None,49.1,49.1,75.6,1,25,33,1,42.1,none,0,0.0,2016.0,True,True,,0.0,1.0,,,,,0,
2016,CAB0337,Trans-Atlantic,hyperscaler,2001,15,4,5781.0,5,None,49.1,49.1,79.4,1,25,37,1,43.7,none,0,0.0,2017.0,True,True,,0.0,1.0,0.0,3.8000000000000114,4.0,0.0,0,
2017,CAB0337,Trans-Atlantic,hyperscaler,2001,16,4,5781.0,5,None,49.1,49.1,48.0,1,25,37,1,45.2,none,0,0.0,2018.0,True,True,,0.0,1.0,0.0,-31.400000000000006,0.0,0.0,0,
2018,CAB0337,Trans-Atlantic,hyperscaler,2001,17,4,5781.0,5,None,49.1,49.1,86.1,1,25,40,0,27.0,none,0,1.0,2019.0,True,True,,0.0,1.0,0.0,38.099999999999994,3.0,0.0,0,
2019,CAB0337,Trans-Atlantic,hyperscaler,2001,18,4,5781.0,5,None,49.1,49.1,100.0,1,25,45,0,28.6,fishing_anchor,1,0.0,2020.0,True,True,,0.0,1.0,0.0,13.900000000000006,5.0,0.0,0,
2020,CAB0337,Trans-Atlantic,hyperscaler,2001,19,4,5781.0,5,None,49.1,49.1,100.0,1,25,48,0,30.2,none,0,0.0,2021.0,True,True,,0.0,1.0,0.0,0.0,3.0,1.0,1,1.0
2021,CAB0337,Trans-Atlantic,hyperscaler,2001,20,4,5781.0,5,None,49.1,49.1,65.9,1,25,50,0,31.7,none,0,0.0,2022.0,True,True,,0.0,1.0,0.0,-34.099999999999994,2.0,0.0,1,2.0
2022,CAB0337,Trans-Atlantic,hyperscaler,2001,21,4,5781.0,5,None,49.1,49.1,100.0,1,25,51,0,33.3,none,0,0.0,2023.0,True,True,,0.0,1.0,0.0,34.099999999999994,1.0,0.0,1,3.0
2023,CAB0337,Trans-Atlantic,hyperscaler,2001,22,4,5781.0,5,None,49.1,49.1,60.2,1,25,54,0,34.9,none,0,0.0,2024.0,True,True,,0.0,1.0,0.0,-39.8,3.0,0.0,0,4.0
2024,CAB0337,Trans-Atlantic,hyperscaler,2001,23,4,5781.0,5,None,49.1,49.1,61.5,1,25,58,0,36.5,none,0,0.0,2025.0,True,True,,0.0,1.0,0.0,1.2999999999999972,4.0,0.0,0,5.0
2025,CAB0337,Trans-Atlantic,hyperscaler,2001,24,4,5781.0,5,None,49.1,49.1,100.0,1,25,62,0,38.1,none,0,0.0,2026.0,True,True,,0.0,1.0,0.0,38.5,4.0,0.0,0,6.0
2015,CAB0338,Intra-Asia,hyperscaler,2009,6,15,6778.0,4,None,355.7,215.1,26.6,1,25,53,0,9.5,none,0,1.0,2016.0,True,True,,140.6,0.6047230812482429,,,,,0,
2016,CAB0338,Intra-Asia,hyperscaler,2009,7,15,6778.0,4,None,355.7,241.5,29.9,1,25,59,0,11.1,fishing_anchor,1,0.0,2017.0,True,True,,114.19999999999999,0.6789429294349171,26.400000000000006,3.299999999999997,6.0,0.0,0,
2017,CAB0338,Intra-Asia,hyperscaler,2009,8,15,6778.0,4,None,355.7,271.6,26.8,1,25,60,0,12.7,none,0,0.0,2018.0,True,True,,84.09999999999997,0.7635648017992691,30.100000000000023,-3.099999999999998,1.0,1.0,1,1.0
2018,CAB0338,Intra-Asia,hyperscaler,2009,9,15,6778.0,4,None,355.7,314.7,45.2,1,25,62,0,14.3,none,0,0.0,2019.0,True,True,,41.0,0.8847343266797864,43.099999999999966,18.400000000000002,2.0,0.0,1,2.0
2019,CAB0338,Intra-Asia,hyperscaler,2009,10,15,6778.0,4,None,355.7,305.0,79.2,1,25,64,0,15.9,none,0,0.0,2020.0,True,True,,50.69999999999999,0.8574641551869553,-9.699999999999989,34.0,2.0,0.0,1,3.0
2020,CAB0338,Intra-Asia,hyperscaler,2009,11,15,6778.0,4,None,355.7,330.4,52.3,1,25,66,0,17.5,none,0,0.0,2021.0,True,True,,25.30000000000001,0.9288726454877706,25.399999999999977,-26.900000000000006,2.0,0.0,0,4.0
2021,CAB0338,Intra-Asia,hyperscaler,2009,12,15,6778.0,4,None,355.7,332.7,100.0,1,25,69,0,19.0,none,0,0.0,2022.0,True,True,,23.0,0.935338768625246,2.3000000000000114,47.7,3.0,0.0,0,5.0
2022,CAB0338,Intra-Asia,hyperscaler,2009,13,15,6778.0,4,None,355.7,355.7,53.6,1,25,70,0,20.6,none,0,0.0,2023.0,True,True,,0.0,1.0,23.0,-46.4,1.0,0.0,0,6.0
2023,CAB0338,Intra-Asia,hyperscaler,2009,14,15,6778.0,4,None,355.7,355.7,38.0,1,25,70,0,22.2,none,0,1.0,2024.0,True,True,,0.0,1.0,0.0,-15.600000000000001,0.0,0.0,0,7.0
2024,CAB0338,Intra-Asia,hyperscaler,2009,15,15,6778.0,4,None,355.7,355.7,74.7,1,25,75,0,23.8,fishing_anchor,1,0.0,2025.0,True,True,,0.0,1.0,0.0,36.7,5.0,0.0,0,8.0
2025,CAB0338,Intra-Asia,hyperscaler,2009,16,15,6778.0,4,None,355.7,355.7,78.5,1,25,77,0,25.4,none,0,0.0,2026.0,True,True,,0.0,1.0,0.0,3.799999999999997,2.0,1.0,1,1.0
2015,CAB0339,EMEA-Asia,hyperscaler,2012,3,4,18537.0,9,Bab-el-Mandeb,112.0,43.4,39.8,0,25,27,1,68.3,none,0,0.0,2016.0,True,True,,68.6,0.3875,,,,,0,
2016,CAB0339,EMEA-Asia,hyperscaler,2012,4,4,18537.0,9,Bab-el-Mandeb,112.0,54.9,41.2,0,25,29,1,69.8,none,0,0.0,2017.0,True,True,,57.1,0.4901785714285714,11.5,1.4000000000000057,2.0,0.0,0,
2017,CAB0339,EMEA-Asia,hyperscaler,2012,5,4,18537.0,9,Bab-el-Mandeb,112.0,64.7,23.5,0,25,32,1,71.4,none,0,0.0,2018.0,True,True,,47.3,0.5776785714285715,9.800000000000004,-17.700000000000003,3.0,0.0,0,
2018,CAB0339,EMEA-Asia,hyperscaler,2012,6,4,18537.0,9,Bab-el-Mandeb,112.0,59.3,58.8,0,25,34,1,73.0,none,0,0.0,2019.0,True,True,,52.7,0.5294642857142857,-5.400000000000006,35.3,2.0,0.0,0,
2019,CAB0339,EMEA-Asia,hyperscaler,2012,7,4,18537.0,9,Bab-el-Mandeb,112.0,71.9,81.8,0,25,37,1,74.6,none,0,0.0,2020.0,True,True,,40.099999999999994,0.6419642857142858,12.600000000000009,23.0,3.0,0.0,0,
2020,CAB0339,EMEA-Asia,hyperscaler,2012,8,4,18537.0,9,Bab-el-Mandeb,112.0,97.9,43.4,0,25,40,0,56.3,none,0,0.0,2021.0,True,True,,14.099999999999994,0.8741071428571429,26.0,-38.4,3.0,0.0,0,
2021,CAB0339,EMEA-Asia,hyperscaler,2012,9,4,18537.0,9,Bab-el-Mandeb,112.0,90.1,49.8,0,25,44,0,57.9,none,0,0.0,2022.0,True,True,,21.900000000000006,0.8044642857142856,-7.800000000000011,6.399999999999999,4.0,0.0,0,
2022,CAB0339,EMEA-Asia,hyperscaler,2012,10,4,18537.0,9,Bab-el-Mandeb,112.0,93.8,63.5,0,25,45,0,59.5,none,0,1.0,2023.0,True,True,,18.200000000000003,0.8375,3.700000000000003,13.700000000000003,1.0,0.0,0,
2023,CAB0339,EMEA-Asia,hyperscaler,2012,11,4,18537.0,9,Bab-el-Mandeb,112.0,105.2,82.8,0,25,47,0,61.1,fishing_anchor,1,0.0,2024.0,True,True,,6.799999999999997,0.9392857142857143,11.400000000000006,19.299999999999997,2.0,0.0,0,
2024,CAB0339,EMEA-Asia,hyperscaler,2012,12,4,18537.0,9,Bab-el-Mandeb,112.0,112.0,71.7,0,25,48,0,62.7,none,0,0.0,2025.0,True,True,,0.0,1.0,6.799999999999997,-11.099999999999994,1.0,1.0,1,1.0
2025,CAB0339,EMEA-Asia,hyperscaler,2012,13,4,18537.0,9,Bab-el-Mandeb,112.0,112.0,76.0,0,25,47,0,64.3,none,0,0.0,2026.0,True,True,,0.0,1.0,0.0,4.299999999999997,-1.0,0.0,1,2.0
2015,CAB0340,Trans-Atlantic,consortium,1998,17,21,5749.0,4,None,168.0,168.0,52.5,1,25,33,1,46.8,none,0,0.0,2016.0,True,True,,0.0,1.0,,,,,0,
2016,CAB0340,Trans-Atlantic,consortium,1998,18,21,5749.0,4,None,168.0,168.0,37.3,1,25,37,1,48.4,none,0,0.0,2017.0,True,True,,0.0,1.0,0.0,-15.200000000000003,4.0,0.0,0,
2017,CAB0340,Trans-Atlantic,consortium,1998,19,21,5749.0,4,None,168.0,168.0,58.7,1,25,37,1,50.0,none,0,0.0,2018.0,True,True,,0.0,1.0,0.0,21.400000000000006,0.0,0.0,0,
2018,CAB0340,Trans-Atlantic,consortium,1998,20,21,5749.0,4,None,168.0,168.0,67.1,1,25,40,0,31.7,none,0,0.0,2019.0,True,True,,0.0,1.0,0.0,8.399999999999991,3.0,0.0,0,
2019,CAB0340,Trans-Atlantic,consortium,1998,21,21,5749.0,4,None,168.0,168.0,70.8,1,25,45,0,33.3,none,0,0.0,2020.0,True,True,,0.0,1.0,0.0,3.700000000000003,5.0,0.0,0,
2020,CAB0340,Trans-Atlantic,consortium,1998,22,21,5749.0,4,None,168.0,168.0,99.6,1,25,48,0,34.9,none,0,1.0,2021.0,True,True,,0.0,1.0,0.0,28.799999999999997,3.0,0.0,0,
2021,CAB0340,Trans-Atlantic,consortium,1998,23,21,5749.0,4,None,168.0,168.0,62.7,1,25,50,0,36.5,fishing_anchor,1,0.0,2022.0,True,True,,0.0,1.0,0.0,-36.89999999999999,2.0,0.0,0,
2022,CAB0340,Trans-Atlantic,consortium,1998,24,21,5749.0,4,None,168.0,168.0,52.5,1,25,51,0,38.1,none,0,0.0,2023.0,True,True,,0.0,1.0,0.0,-10.200000000000003,1.0,1.0,1,1.0
2023,CAB0340,Trans-Atlantic,consortium,1998,25,21,5749.0,4,None,168.0,168.0,100.0,1,25,54,0,39.7,none,0,1.0,2024.0,True,True,,0.0,1.0,0.0,47.5,3.0,0.0,1,2.0
2024,CAB0340,Trans-Atlantic,consortium,1998,26,21,5749.0,4,None,168.0,168.0,83.2,1,25,58,0,41.3,fishing_anchor,1,0.0,2025.0,True,True,,0.0,1.0,0.0,-16.799999999999997,4.0,0.0,1,3.0
2025,CAB0340,Trans-Atlantic,consortium,1998,27,21,5749.0,4,None,168.0,168.0,68.0,1,25,62,0,42.9,none,0,0.0,2026.0,True,True,,0.0,1.0,0.0,-15.200000000000003,4.0,1.0,1,1.0
2025,CAB0341,Intra-Pacific-Islands,consortium,2025,0,9,1788.0,2,None,419.1,122.4,28.1,0,25,50,0,27.8,none,0,0.0,2026.0,True,True,,296.70000000000005,0.29205440229062274,,,,,0,
2015,CAB0342,Indian-Ocean,carrier,2010,5,6,10453.0,5,None,150.9,89.7,58.6,0,25,31,1,43.7,none,0,0.0,2016.0,True,True,,61.2,0.5944333996023857,,,,,0,
2016,CAB0342,Indian-Ocean,carrier,2010,6,6,10453.0,5,None,150.9,89.1,65.7,0,25,33,1,45.2,none,0,0.0,2017.0,True,True,,61.80000000000001,0.5904572564612326,-0.6000000000000085,7.100000000000001,2.0,0.0,0,
2017,CAB0342,Indian-Ocean,carrier,2010,7,6,10453.0,5,None,150.9,103.7,67.0,0,25,33,1,46.8,none,0,0.0,2018.0,True,True,,47.2,0.6872100728959576,14.600000000000009,1.2999999999999972,0.0,0.0,0,
2018,CAB0342,Indian-Ocean,carrier,2010,8,6,10453.0,5,None,150.9,109.2,68.0,0,25,35,1,48.4,none,0,0.0,2019.0,True,True,,41.7,0.7236580516898609,5.5,1.0,2.0,0.0,0,
2019,CAB0342,Indian-Ocean,carrier,2010,9,6,10453.0,5,None,150.9,112.6,58.7,0,25,35,1,50.0,none,0,1.0,2020.0,True,True,,38.30000000000001,0.7461895294897283,3.3999999999999915,-9.299999999999997,0.0,0.0,0,
2020,CAB0342,Indian-Ocean,carrier,2010,10,6,10453.0,5,None,150.9,137.5,46.6,0,25,36,1,51.6,fishing_anchor,1,0.0,2021.0,True,True,,13.400000000000006,0.9111994698475812,24.900000000000006,-12.100000000000001,1.0,0.0,0,
2021,CAB0342,Indian-Ocean,carrier,2010,11,6,10453.0,5,None,150.9,138.3,69.9,0,25,39,1,53.2,none,0,0.0,2022.0,True,True,,12.599999999999994,0.9165009940357853,0.8000000000000114,23.300000000000004,3.0,1.0,1,1.0
2022,CAB0342,Indian-Ocean,carrier,2010,12,6,10453.0,5,None,150.9,140.2,69.1,0,25,39,1,54.8,none,0,0.0,2023.0,True,True,,10.700000000000017,0.9290921139827699,1.8999999999999773,-0.8000000000000114,0.0,0.0,1,2.0
2023,CAB0342,Indian-Ocean,carrier,2010,13,6,10453.0,5,None,150.9,150.9,72.1,0,25,40,0,36.5,none,0,0.0,2024.0,True,True,,0.0,1.0,10.700000000000017,3.0,1.0,0.0,1,3.0
2024,CAB0342,Indian-Ocean,carrier,2010,14,6,10453.0,5,None,150.9,150.9,67.5,0,25,41,0,38.1,none,0,0.0,2025.0,True,True,,0.0,1.0,0.0,-4.599999999999994,1.0,0.0,0,4.0
2025,CAB0342,Indian-Ocean,carrier,2010,15,6,10453.0,5,None,150.9,150.9,68.7,0,25,44,0,39.7,none,0,0.0,2026.0,True,True,,0.0,1.0,0.0,1.2000000000000028,3.0,0.0,0,5.0
2015,CAB0343,Intra-Asia,consortium,2002,13,17,3213.0,4,None,233.1,220.9,55.6,1,25,53,0,20.6,none,0,0.0,2016.0,True,True,,12.199999999999989,0.9476619476619477,,,,,0,
2016,CAB0343,Intra-Asia,consortium,2002,14,17,3213.0,4,None,233.1,223.1,73.0,1,25,59,0,22.2,none,0,0.0,2017.0,True,True,,10.0,0.9570999570999571,2.1999999999999886,17.4,6.0,0.0,0,
2017,CAB0343,Intra-Asia,consortium,2002,15,17,3213.0,4,None,233.1,233.1,46.6,1,25,60,0,23.8,none,0,0.0,2018.0,True,True,,0.0,1.0,10.0,-26.4,1.0,0.0,0,
2018,CAB0343,Intra-Asia,consortium,2002,16,17,3213.0,4,None,233.1,233.1,81.1,1,25,62,0,25.4,none,0,0.0,2019.0,True,True,,0.0,1.0,0.0,34.49999999999999,2.0,0.0,0,
2019,CAB0343,Intra-Asia,consortium,2002,17,17,3213.0,4,None,233.1,233.1,93.7,1,25,64,0,27.0,none,0,0.0,2020.0,True,True,,0.0,1.0,0.0,12.600000000000009,2.0,0.0,0,
2020,CAB0343,Intra-Asia,consortium,2002,18,17,3213.0,4,None,233.1,233.1,81.6,1,25,66,0,28.6,none,0,0.0,2021.0,True,True,,0.0,1.0,0.0,-12.100000000000009,2.0,0.0,0,
2021,CAB0343,Intra-Asia,consortium,2002,19,17,3213.0,4,None,233.1,233.1,100.0,1,25,69,0,30.2,none,0,0.0,2022.0,True,True,,0.0,1.0,0.0,18.400000000000006,3.0,0.0,0,
2022,CAB0343,Intra-Asia,consortium,2002,20,17,3213.0,4,None,233.1,233.1,70.0,1,25,70,0,31.7,none,0,0.0,2023.0,True,True,,0.0,1.0,0.0,-30.0,1.0,0.0,0,
2023,CAB0343,Intra-Asia,consortium,2002,21,17,3213.0,4,None,233.1,233.1,56.9,1,25,70,0,33.3,none,0,1.0,2024.0,True,True,,0.0,1.0,0.0,-13.100000000000001,0.0,0.0,0,
2024,CAB0343,Intra-Asia,consortium,2002,22,17,3213.0,4,None,233.1,233.1,82.0,1,25,75,0,34.9,fishing_anchor,1,0.0,2025.0,True,True,,0.0,1.0,0.0,25.1,5.0,0.0,0,
2025,CAB0343,Intra-Asia,consortium,2002,23,17,3213.0,4,None,233.1,233.1,100.0,1,25,77,0,36.5,none,0,0.0,2026.0,True,True,,0.0,1.0,0.0,18.0,2.0,1.0,1,1.0
2015,CAB0344,Trans-Pacific,carrier,2002,13,8,10878.0,7,None,109.7,109.7,51.4,0,25,35,1,56.3,natural_hazard,1,0.0,2016.0,True,True,,0.0,1.0,,,,,0,
2016,CAB0344,Trans-Pacific,carrier,2002,14,8,10878.0,7,None,109.7,109.7,74.4,0,25,37,1,57.9,none,0,0.0,2017.0,True,True,,0.0,1.0,0.0,23.000000000000007,2.0,1.0,1,1.0
2017,CAB0344,Trans-Pacific,carrier,2002,15,8,10878.0,7,None,109.7,109.7,58.8,0,25,38,1,59.5,none,0,1.0,2018.0,True,True,,0.0,1.0,0.0,-15.600000000000009,1.0,0.0,1,2.0
2018,CAB0344,Trans-Pacific,carrier,2002,16,8,10878.0,7,None,109.7,109.7,55.7,0,25,39,1,61.1,fishing_anchor,1,0.0,2019.0,True,True,,0.0,1.0,0.0,-3.0999999999999943,1.0,0.0,1,3.0
2019,CAB0344,Trans-Pacific,carrier,2002,17,8,10878.0,7,None,109.7,109.7,81.8,0,25,41,0,42.9,none,0,1.0,2020.0,True,True,,0.0,1.0,0.0,26.099999999999994,2.0,1.0,1,1.0
2020,CAB0344,Trans-Pacific,carrier,2002,18,8,10878.0,7,None,109.7,109.7,73.6,0,25,42,0,44.4,fishing_anchor,1,1.0,2021.0,True,True,,0.0,1.0,0.0,-8.200000000000003,1.0,0.0,1,2.0
2021,CAB0344,Trans-Pacific,carrier,2002,19,8,10878.0,7,None,109.7,109.7,52.1,0,25,43,0,46.0,fishing_anchor,1,0.0,2022.0,True,True,,0.0,1.0,0.0,-21.499999999999993,1.0,1.0,2,1.0
2022,CAB0344,Trans-Pacific,carrier,2002,20,8,10878.0,7,None,109.7,109.7,87.0,0,25,45,0,47.6,none,0,0.0,2023.0,True,True,,0.0,1.0,0.0,34.9,2.0,1.0,2,1.0
2023,CAB0344,Trans-Pacific,carrier,2002,21,8,10878.0,7,None,109.7,109.7,48.2,0,25,47,0,49.2,none,0,0.0,2024.0,True,True,,0.0,1.0,0.0,-38.8,2.0,0.0,2,2.0
2024,CAB0344,Trans-Pacific,carrier,2002,22,8,10878.0,7,None,109.7,109.7,73.8,0,25,49,0,50.8,none,0,0.0,2025.0,True,True,,0.0,1.0,0.0,25.599999999999994,2.0,0.0,1,3.0
2025,CAB0344,Trans-Pacific,carrier,2002,23,8,10878.0,7,None,109.7,109.7,100.0,0,25,50,0,52.4,none,0,0.0,2026.0,True,True,,0.0,1.0,0.0,26.200000000000003,1.0,0.0,0,4.0
2015,CAB0345,Americas,carrier,2004,11,19,7213.0,5,None,314.9,291.3,38.0,1,25,28,1,37.3,none,0,0.0,2016.0,True,True,,23.599999999999966,0.9250555731978407,,,,,0,
2016,CAB0345,Americas,carrier,2004,12,19,7213.0,5,None,314.9,301.5,48.4,1,25,29,1,38.9,none,0,0.0,2017.0,True,True,,13.399999999999977,0.9574468085106383,10.199999999999989,10.399999999999999,1.0,0.0,0,
2017,CAB0345,Americas,carrier,2004,13,19,7213.0,5,None,314.9,314.9,64.4,1,25,29,1,40.5,none,0,0.0,2018.0,True,True,,0.0,1.0,13.399999999999977,16.000000000000007,0.0,0.0,0,
2018,CAB0345,Americas,carrier,2004,14,19,7213.0,5,None,314.9,314.9,39.5,1,25,31,1,42.1,none,0,1.0,2019.0,True,True,,0.0,1.0,0.0,-24.900000000000006,2.0,0.0,0,
2019,CAB0345,Americas,carrier,2004,15,19,7213.0,5,None,314.9,314.9,80.3,1,25,32,1,43.7,fishing_anchor,1,1.0,2020.0,True,True,,0.0,1.0,0.0,40.8,1.0,0.0,0,
2020,CAB0345,Americas,carrier,2004,16,19,7213.0,5,None,314.9,314.9,66.3,1,25,33,1,45.2,equipment,1,0.0,2021.0,True,True,,0.0,1.0,0.0,-14.0,1.0,1.0,1,1.0
2021,CAB0345,Americas,carrier,2004,17,19,7213.0,5,None,314.9,314.9,41.1,1,25,37,1,46.8,none,0,0.0,2022.0,True,True,,0.0,1.0,0.0,-25.199999999999996,4.0,1.0,2,1.0
2022,CAB0345,Americas,carrier,2004,18,19,7213.0,5,None,314.9,314.9,89.7,1,25,37,1,48.4,none,0,0.0,2023.0,True,True,,0.0,1.0,0.0,48.6,0.0,0.0,2,2.0
2023,CAB0345,Americas,carrier,2004,19,19,7213.0,5,None,314.9,314.9,84.2,1,25,37,1,50.0,none,0,0.0,2024.0,True,True,,0.0,1.0,0.0,-5.5,0.0,0.0,1,3.0
2024,CAB0345,Americas,carrier,2004,20,19,7213.0,5,None,314.9,314.9,100.0,1,25,39,1,51.6,none,0,1.0,2025.0,True,True,,0.0,1.0,0.0,15.799999999999997,2.0,0.0,0,4.0
2025,CAB0345,Americas,carrier,2004,21,19,7213.0,5,None,314.9,314.9,67.9,1,25,39,1,53.2,fishing_anchor,1,0.0,2026.0,True,True,,0.0,1.0,0.0,-32.099999999999994,0.0,0.0,0,5.0
2015,CAB0346,Americas,consortium,2004,11,3,6614.0,2,None,49.7,41.9,69.2,0,25,28,1,65.1,none,0,0.0,2016.0,True,True,,7.800000000000004,0.8430583501006036,,,,,0,
2016,CAB0346,Americas,consortium,2004,12,3,6614.0,2,None,49.7,49.7,52.4,0,25,29,1,66.7,none,0,0.0,2017.0,True,True,,0.0,1.0,7.800000000000004,-16.800000000000004,1.0,0.0,0,
2017,CAB0346,Americas,consortium,2004,13,3,6614.0,2,None,49.7,49.7,76.3,0,25,29,1,68.3,none,0,0.0,2018.0,True,True,,0.0,1.0,0.0,23.9,0.0,0.0,0,
2018,CAB0346,Americas,consortium,2004,14,3,6614.0,2,None,49.7,49.7,47.3,0,25,31,1,69.8,none,0,0.0,2019.0,True,True,,0.0,1.0,0.0,-29.0,2.0,0.0,0,
2019,CAB0346,Americas,consortium,2004,15,3,6614.0,2,None,49.7,49.7,72.9,0,25,32,1,71.4,none,0,0.0,2020.0,True,True,,0.0,1.0,0.0,25.60000000000001,1.0,0.0,0,
2020,CAB0346,Americas,consortium,2004,16,3,6614.0,2,None,49.7,49.7,98.6,0,25,33,1,73.0,none,0,0.0,2021.0,True,True,,0.0,1.0,0.0,25.69999999999999,1.0,0.0,0,
2021,CAB0346,Americas,consortium,2004,17,3,6614.0,2,None,49.7,49.7,47.3,0,25,37,1,74.6,none,0,0.0,2022.0,True,True,,0.0,1.0,0.0,-51.3,4.0,0.0,0,
2022,CAB0346,Americas,consortium,2004,18,3,6614.0,2,None,49.7,49.7,80.1,0,25,37,1,76.2,none,0,0.0,2023.0,True,True,,0.0,1.0,0.0,32.8,0.0,0.0,0,
2023,CAB0346,Americas,consortium,2004,19,3,6614.0,2,None,49.7,49.7,58.1,0,25,37,1,77.8,none,0,1.0,2024.0,True,True,,0.0,1.0,0.0,-21.999999999999993,0.0,0.0,0,
2024,CAB0346,Americas,consortium,2004,20,3,6614.0,2,None,49.7,49.7,87.2,0,25,39,1,79.4,fishing_anchor,1,1.0,2025.0,True,True,,0.0,1.0,0.0,29.1,2.0,0.0,0,
2025,CAB0346,Americas,consortium,2004,21,3,6614.0,2,None,49.7,49.7,79.7,0,25,39,1,81.0,suspected_external,1,0.0,2026.0,True,True,,0.0,1.0,0.0,-7.5,0.0,1.0,1,1.0
2024,CAB0347,Indian-Ocean,carrier,2024,0,6,7716.0,3,Malacca,270.9,52.5,20.2,1,25,41,0,27.8,none,0,0.0,2025.0,True,True,,218.39999999999998,0.1937984496124031,,,,,0,
2025,CAB0347,Indian-Ocean,carrier,2024,1,6,7716.0,3,Malacca,270.9,82.1,39.4,1,25,44,0,29.4,none,0,0.0,2026.0,True,True,,188.79999999999998,0.30306386120339607,29.599999999999994,19.2,3.0,0.0,0,
2015,CAB0349,Americas,hyperscaler,2007,8,22,5379.0,3,None,458.9,375.9,24.3,1,25,28,1,32.5,none,0,0.0,2016.0,True,True,,83.0,0.8191327086511222,,,,,0,
2016,CAB0349,Americas,hyperscaler,2007,9,22,5379.0,3,None,458.9,334.4,62.7,1,25,29,1,34.1,none,0,0.0,2017.0,True,True,,124.5,0.7286990629766834,-41.5,38.400000000000006,1.0,0.0,0,
2017,CAB0349,Americas,hyperscaler,2007,10,22,5379.0,3,None,458.9,431.4,76.9,1,25,29,1,35.7,none,0,0.0,2018.0,True,True,,27.5,0.9400740902157333,97.0,14.200000000000003,0.0,0.0,0,
2018,CAB0349,Americas,hyperscaler,2007,11,22,5379.0,3,None,458.9,435.9,73.9,1,25,31,1,37.3,none,0,0.0,2019.0,True,True,,23.0,0.9498801481804314,4.5,-3.0,2.0,0.0,0,
2019,CAB0349,Americas,hyperscaler,2007,12,22,5379.0,3,None,458.9,397.4,94.9,1,25,32,1,38.9,none,0,0.0,2020.0,True,True,,61.5,0.8659838744824581,-38.5,21.0,1.0,0.0,0,
2020,CAB0349,Americas,hyperscaler,2007,13,22,5379.0,3,None,458.9,458.9,80.7,1,25,33,1,40.5,none,0,0.0,2021.0,True,True,,0.0,1.0,61.5,-14.200000000000003,1.0,0.0,0,
2021,CAB0349,Americas,hyperscaler,2007,14,22,5379.0,3,None,458.9,458.9,79.6,1,25,37,1,42.1,none,0,0.0,2022.0,True,True,,0.0,1.0,0.0,-1.1000000000000085,4.0,0.0,0,
2022,CAB0349,Americas,hyperscaler,2007,15,22,5379.0,3,None,458.9,458.9,98.6,1,25,37,1,43.7,none,0,0.0,2023.0,True,True,,0.0,1.0,0.0,19.0,0.0,0.0,0,
2023,CAB0349,Americas,hyperscaler,2007,16,22,5379.0,3,None,458.9,458.9,48.0,1,25,37,1,45.2,none,0,0.0,2024.0,True,True,,0.0,1.0,0.0,-50.599999999999994,0.0,0.0,0,
2024,CAB0349,Americas,hyperscaler,2007,17,22,5379.0,3,None,458.9,458.9,88.2,1,25,39,1,46.8,none,0,0.0,2025.0,True,True,,0.0,1.0,0.0,40.2,2.0,0.0,0,
2025,CAB0349,Americas,hyperscaler,2007,18,22,5379.0,3,None,458.9,458.9,74.8,1,25,39,1,48.4,none,0,0.0,2026.0,True,True,,0.0,1.0,0.0,-13.400000000000006,0.0,0.0,0,
2015,CAB0350,EMEA-Asia,hyperscaler,2000,15,2,18233.0,6,None,21.7,21.7,51.8,0,25,27,1,59.5,none,0,1.0,2016.0,True,True,,0.0,1.0,,,,,0,
2016,CAB0350,EMEA-Asia,hyperscaler,2000,16,2,18233.0,6,None,21.7,21.7,51.7,0,25,29,1,61.1,fishing_anchor,1,1.0,2017.0,True,True,,0.0,1.0,0.0,-0.09999999999999432,2.0,0.0,0,
2017,CAB0350,EMEA-Asia,hyperscaler,2000,17,2,18233.0,6,None,21.7,21.7,100.0,0,25,32,1,62.7,fishing_anchor,1,1.0,2018.0,True,True,,0.0,1.0,0.0,48.3,3.0,1.0,1,1.0
2018,CAB0350,EMEA-Asia,hyperscaler,2000,18,2,18233.0,6,None,21.7,21.7,57.3,0,25,34,1,64.3,fishing_anchor,1,0.0,2019.0,True,True,,0.0,1.0,0.0,-42.7,2.0,1.0,2,1.0
2019,CAB0350,EMEA-Asia,hyperscaler,2000,19,2,18233.0,6,None,21.7,21.7,100.0,0,25,37,1,65.9,none,0,0.0,2020.0,True,True,,0.0,1.0,0.0,42.7,3.0,1.0,3,1.0
2020,CAB0350,EMEA-Asia,hyperscaler,2000,20,2,18233.0,6,None,21.7,21.7,98.1,0,25,40,0,47.6,none,0,0.0,2021.0,True,True,,0.0,1.0,0.0,-1.9000000000000057,3.0,0.0,2,2.0
2021,CAB0350,EMEA-Asia,hyperscaler,2000,21,2,18233.0,6,None,21.7,21.7,66.9,0,25,44,0,49.2,none,0,0.0,2022.0,True,True,,0.0,1.0,0.0,-31.19999999999999,4.0,0.0,1,3.0
2022,CAB0350,EMEA-Asia,hyperscaler,2000,22,2,18233.0,6,None,21.7,21.7,51.1,0,25,45,0,50.8,none,0,0.0,2023.0,True,True,,0.0,1.0,0.0,-15.800000000000004,1.0,0.0,0,4.0
2023,CAB0350,EMEA-Asia,hyperscaler,2000,23,2,18233.0,6,None,21.7,21.7,56.2,0,25,47,0,52.4,none,0,1.0,2024.0,True,True,,0.0,1.0,0.0,5.100000000000001,2.0,0.0,0,5.0
2024,CAB0350,EMEA-Asia,hyperscaler,2000,24,2,18233.0,6,None,21.7,21.7,100.0,0,25,48,0,54.0,fishing_anchor,1,0.0,2025.0,True,True,,0.0,1.0,0.0,43.8,1.0,0.0,0,6.0
2025,CAB0350,EMEA-Asia,hyperscaler,2000,25,2,18233.0,6,None,21.7,21.7,83.7,0,25,47,0,55.6,none,0,0.0,2026.0,True,True,,0.0,1.0,0.0,-16.299999999999997,-1.0,1.0,1,1.0
2017,CAB0351,Trans-Pacific,consortium,2017,0,20,11297.0,5,None,702.9,195.4,59.8,0,25,38,1,35.7,none,0,0.0,2018.0,True,True,,507.5,0.27799117939963014,,,,,0,
2018,CAB0351,Trans-Pacific,consortium,2017,1,20,11297.0,5,None,702.9,220.0,55.7,0,25,39,1,37.3,none,0,0.0,2019.0,True,True,,482.9,0.3129890453834116,24.599999999999994,-4.099999999999994,1.0,0.0,0,
2019,CAB0351,Trans-Pacific,consortium,2017,2,20,11297.0,5,None,702.9,240.5,47.5,0,25,41,0,19.0,none,0,0.0,2020.0,True,True,,462.4,0.3421539337032295,20.5,-8.200000000000003,2.0,0.0,0,
2020,CAB0351,Trans-Pacific,consortium,2017,3,20,11297.0,5,None,702.9,353.9,42.6,0,25,42,0,20.6,none,0,0.0,2021.0,True,True,,349.0,0.503485559823588,113.39999999999998,-4.899999999999999,1.0,0.0,0,
2021,CAB0351,Trans-Pacific,consortium,2017,4,20,11297.0,5,None,702.9,315.3,37.7,0,25,43,0,22.2,none,0,0.0,2022.0,True,True,,387.59999999999997,0.44857020913358947,-38.599999999999966,-4.899999999999999,1.0,0.0,0,
2022,CAB0351,Trans-Pacific,consortium,2017,5,20,11297.0,5,None,702.9,376.6,48.5,0,25,45,0,23.8,none,0,0.0,2023.0,True,True,,326.29999999999995,0.5357803385972401,61.30000000000001,10.799999999999997,2.0,0.0,0,
2023,CAB0351,Trans-Pacific,consortium,2017,6,20,11297.0,5,None,702.9,440.7,53.8,0,25,47,0,25.4,none,0,0.0,2024.0,True,True,,262.2,0.626973965002134,64.09999999999997,5.299999999999997,2.0,0.0,0,
2024,CAB0351,Trans-Pacific,consortium,2017,7,20,11297.0,5,None,702.9,450.8,54.4,0,25,49,0,27.0,none,0,0.0,2025.0,True,True,,252.09999999999997,0.6413430075401907,10.100000000000023,0.6000000000000014,2.0,0.0,0,
2025,CAB0351,Trans-Pacific,consortium,2017,8,20,11297.0,5,None,702.9,533.9,64.5,0,25,50,0,28.6,none,0,0.0,2026.0,True,True,,169.0,0.7595675060463792,83.09999999999997,10.100000000000001,1.0,0.0,0,
2015,CAB0352,Trans-Pacific,hyperscaler,2002,13,17,11798.0,3,None,233.1,233.1,72.4,1,25,35,1,40.5,none,0,0.0,2016.0,True,True,,0.0,1.0,,,,,0,
2016,CAB0352,Trans-Pacific,hyperscaler,2002,14,17,11798.0,3,None,233.1,233.1,60.3,1,25,37,1,42.1,none,0,1.0,2017.0,True,True,,0.0,1.0,0.0,-12.100000000000009,2.0,0.0,0,
2017,CAB0352,Trans-Pacific,hyperscaler,2002,15,17,11798.0,3,None,233.1,233.1,88.6,1,25,38,1,43.7,fishing_anchor,1,0.0,2018.0,True,True,,0.0,1.0,0.0,28.299999999999997,1.0,0.0,0,
2018,CAB0352,Trans-Pacific,hyperscaler,2002,16,17,11798.0,3,None,233.1,233.1,100.0,1,25,39,1,45.2,none,0,0.0,2019.0,True,True,,0.0,1.0,0.0,11.400000000000006,1.0,1.0,1,1.0
2019,CAB0352,Trans-Pacific,hyperscaler,2002,17,17,11798.0,3,None,233.1,233.1,39.4,1,25,41,0,27.0,none,0,0.0,2020.0,True,True,,0.0,1.0,0.0,-60.6,2.0,0.0,1,2.0
2020,CAB0352,Trans-Pacific,hyperscaler,2002,18,17,11798.0,3,None,233.1,233.1,49.2,1,25,42,0,28.6,none,0,0.0,2021.0,True,True,,0.0,1.0,0.0,9.800000000000004,1.0,0.0,1,3.0
2021,CAB0352,Trans-Pacific,hyperscaler,2002,19,17,11798.0,3,None,233.1,233.1,81.7,1,25,43,0,30.2,none,0,0.0,2022.0,True,True,,0.0,1.0,0.0,32.5,1.0,0.0,0,4.0
2022,CAB0352,Trans-Pacific,hyperscaler,2002,20,17,11798.0,3,None,233.1,233.1,88.2,1,25,45,0,31.7,none,0,0.0,2023.0,True,True,,0.0,1.0,0.0,6.5,2.0,0.0,0,5.0
2023,CAB0352,Trans-Pacific,hyperscaler,2002,21,17,11798.0,3,None,233.1,233.1,75.7,1,25,47,0,33.3,none,0,1.0,2024.0,True,True,,0.0,1.0,0.0,-12.5,2.0,0.0,0,6.0
2024,CAB0352,Trans-Pacific,hyperscaler,2002,22,17,11798.0,3,None,233.1,233.1,98.8,1,25,49,0,34.9,natural_hazard,1,0.0,2025.0,True,True,,0.0,1.0,0.0,23.099999999999994,2.0,0.0,0,7.0
2025,CAB0352,Trans-Pacific,hyperscaler,2002,23,17,11798.0,3,None,233.1,233.1,84.6,1,25,50,0,36.5,none,0,1.0,2026.0,True,True,,0.0,1.0,0.0,-14.200000000000003,1.0,1.0,1,1.0
2015,CAB0353,EMEA-Asia,government,2012,3,17,16358.0,5,Hormuz,476.0,185.7,81.0,1,25,27,1,52.4,natural_hazard,1,0.0,2016.0,True,True,,290.3,0.39012605042016807,,,,,0,
2016,CAB0353,EMEA-Asia,government,2012,4,17,16358.0,5,Hormuz,476.0,190.7,31.5,1,25,29,1,54.0,none,0,0.0,2017.0,True,True,,285.3,0.4006302521008403,5.0,-49.5,2.0,1.0,1,1.0
2017,CAB0353,EMEA-Asia,government,2012,5,17,16358.0,5,Hormuz,476.0,297.1,64.4,1,25,32,1,55.6,none,0,0.0,2018.0,True,True,,178.89999999999998,0.6241596638655462,106.40000000000003,32.900000000000006,3.0,0.0,1,2.0
2018,CAB0353,EMEA-Asia,government,2012,6,17,16358.0,5,Hormuz,476.0,275.7,90.7,1,25,34,1,57.1,none,0,0.0,2019.0,True,True,,200.3,0.5792016806722688,-21.400000000000034,26.299999999999997,2.0,0.0,1,3.0
2019,CAB0353,EMEA-Asia,government,2012,7,17,16358.0,5,Hormuz,476.0,328.1,62.8,1,25,37,1,58.7,none,0,1.0,2020.0,True,True,,147.89999999999998,0.6892857142857143,52.400000000000034,-27.900000000000006,3.0,0.0,0,4.0
2020,CAB0353,EMEA-Asia,government,2012,8,17,16358.0,5,Hormuz,476.0,371.3,87.7,1,25,40,0,40.5,fishing_anchor,1,1.0,2021.0,True,True,,104.69999999999999,0.7800420168067227,43.19999999999999,24.900000000000006,3.0,0.0,0,5.0
2021,CAB0353,EMEA-Asia,government,2012,9,17,16358.0,5,Hormuz,476.0,381.3,78.5,1,25,44,0,42.1,fishing_anchor,1,0.0,2022.0,True,True,,94.69999999999999,0.8010504201680673,10.0,-9.200000000000003,4.0,1.0,1,1.0
2022,CAB0353,EMEA-Asia,government,2012,10,17,16358.0,5,Hormuz,476.0,375.0,75.9,1,25,45,0,43.7,none,0,0.0,2023.0,True,True,,101.0,0.7878151260504201,-6.300000000000011,-2.5999999999999943,1.0,1.0,2,1.0
2023,CAB0353,EMEA-Asia,government,2012,11,17,16358.0,5,Hormuz,476.0,404.9,94.4,1,25,47,0,45.2,none,0,1.0,2024.0,True,True,,71.10000000000002,0.8506302521008403,29.899999999999977,18.5,2.0,0.0,2,2.0
2024,CAB0353,EMEA-Asia,government,2012,12,17,16358.0,5,Hormuz,476.0,456.5,73.0,1,25,48,0,46.8,fishing_anchor,1,0.0,2025.0,True,True,,19.5,0.9590336134453782,51.60000000000002,-21.400000000000006,1.0,0.0,1,3.0
2025,CAB0353,EMEA-Asia,government,2012,13,17,16358.0,5,Hormuz,476.0,476.0,35.0,1,25,47,0,48.4,none,0,0.0,2026.0,True,True,,0.0,1.0,19.5,-38.0,-1.0,1.0,1,1.0
2015,CAB0354,Trans-Pacific,consortium,2002,13,5,11614.0,6,None,68.6,68.6,72.6,0,25,35,1,56.3,none,0,0.0,2016.0,True,True,,0.0,1.0,,,,,0,
2016,CAB0354,Trans-Pacific,consortium,2002,14,5,11614.0,6,None,68.6,68.6,87.3,0,25,37,1,57.9,none,0,0.0,2017.0,True,True,,0.0,1.0,0.0,14.700000000000003,2.0,0.0,0,
2017,CAB0354,Trans-Pacific,consortium,2002,15,5,11614.0,6,None,68.6,68.6,66.7,0,25,38,1,59.5,none,0,0.0,2018.0,True,True,,0.0,1.0,0.0,-20.599999999999994,1.0,0.0,0,
2018,CAB0354,Trans-Pacific,consortium,2002,16,5,11614.0,6,None,68.6,68.6,59.8,0,25,39,1,61.1,none,0,1.0,2019.0,True,True,,0.0,1.0,0.0,-6.900000000000006,1.0,0.0,0,
2019,CAB0354,Trans-Pacific,consortium,2002,17,5,11614.0,6,None,68.6,68.6,66.2,0,25,41,0,42.9,fishing_anchor,1,0.0,2020.0,True,True,,0.0,1.0,0.0,6.400000000000006,2.0,0.0,0,
2020,CAB0354,Trans-Pacific,consortium,2002,18,5,11614.0,6,None,68.6,68.6,59.1,0,25,42,0,44.4,none,0,1.0,2021.0,True,True,,0.0,1.0,0.0,-7.100000000000001,1.0,1.0,1,1.0
2021,CAB0354,Trans-Pacific,consortium,2002,19,5,11614.0,6,None,68.6,68.6,100.0,0,25,43,0,46.0,fishing_anchor,1,1.0,2022.0,True,True,,0.0,1.0,0.0,40.9,1.0,0.0,1,2.0
2022,CAB0354,Trans-Pacific,consortium,2002,20,5,11614.0,6,None,68.6,68.6,98.6,0,25,45,0,47.6,fishing_anchor,1,0.0,2023.0,True,True,,0.0,1.0,0.0,-1.4000000000000057,2.0,1.0,2,1.0
2023,CAB0354,Trans-Pacific,consortium,2002,21,5,11614.0,6,None,68.6,68.6,71.3,0,25,47,0,49.2,none,0,0.0,2024.0,True,True,,0.0,1.0,0.0,-27.299999999999997,2.0,1.0,2,1.0
2024,CAB0354,Trans-Pacific,consortium,2002,22,5,11614.0,6,None,68.6,68.6,100.0,0,25,49,0,50.8,none,0,0.0,2025.0,True,True,,0.0,1.0,0.0,28.700000000000003,2.0,0.0,2,2.0
2025,CAB0354,Trans-Pacific,consortium,2002,23,5,11614.0,6,None,68.6,68.6,100.0,0,25,50,0,52.4,none,0,0.0,2026.0,True,True,,0.0,1.0,0.0,0.0,1.0,0.0,1,3.0
2015,CAB0355,Americas,carrier,2006,9,7,3724.0,4,None,136.0,108.6,64.1,1,25,28,1,34.1,none,0,0.0,2016.0,True,True,,27.400000000000006,0.7985294117647058,,,,,0,
2016,CAB0355,Americas,carrier,2006,10,7,3724.0,4,None,136.0,114.0,38.2,1,25,29,1,35.7,none,0,0.0,2017.0,True,True,,22.0,0.8382352941176471,5.400000000000006,-25.89999999999999,1.0,0.0,0,
2017,CAB0355,Americas,carrier,2006,11,7,3724.0,4,None,136.0,125.7,95.8,1,25,29,1,37.3,none,0,0.0,2018.0,True,True,,10.299999999999997,0.924264705882353,11.700000000000003,57.599999999999994,0.0,0.0,0,
2018,CAB0355,Americas,carrier,2006,12,7,3724.0,4,None,136.0,135.3,69.9,1,25,31,1,38.9,none,0,0.0,2019.0,True,True,,0.6999999999999886,0.9948529411764707,9.600000000000009,-25.89999999999999,2.0,0.0,0,
2019,CAB0355,Americas,carrier,2006,13,7,3724.0,4,None,136.0,136.0,72.2,1,25,32,1,40.5,none,0,0.0,2020.0,True,True,,0.0,1.0,0.6999999999999886,2.299999999999997,1.0,0.0,0,
2020,CAB0355,Americas,carrier,2006,14,7,3724.0,4,None,136.0,136.0,49.1,1,25,33,1,42.1,none,0,0.0,2021.0,True,True,,0.0,1.0,0.0,-23.1,1.0,0.0,0,
2021,CAB0355,Americas,carrier,2006,15,7,3724.0,4,None,136.0,136.0,59.9,1,25,37,1,43.7,none,0,1.0,2022.0,True,True,,0.0,1.0,0.0,10.799999999999997,4.0,0.0,0,
2022,CAB0355,Americas,carrier,2006,16,7,3724.0,4,None,136.0,136.0,69.2,1,25,37,1,45.2,fishing_anchor,1,1.0,2023.0,True,True,,0.0,1.0,0.0,9.300000000000004,0.0,0.0,0,
2023,CAB0355,Americas,carrier,2006,17,7,3724.0,4,None,136.0,136.0,56.1,1,25,37,1,46.8,fishing_anchor,1,0.0,2024.0,True,True,,0.0,1.0,0.0,-13.100000000000001,0.0,1.0,1,1.0
2024,CAB0355,Americas,carrier,2006,18,7,3724.0,4,None,136.0,136.0,59.4,1,25,39,1,48.4,none,0,0.0,2025.0,True,True,,0.0,1.0,0.0,3.299999999999997,2.0,1.0,2,1.0
2025,CAB0355,Americas,carrier,2006,19,7,3724.0,4,None,136.0,136.0,100.0,1,25,39,1,50.0,none,0,0.0,2026.0,True,True,,0.0,1.0,0.0,40.6,0.0,0.0,2,2.0
2019,CAB0356,Trans-Atlantic,consortium,2019,0,8,6074.0,4,None,304.0,58.4,28.8,0,25,45,0,15.9,none,0,0.0,2020.0,True,True,,245.6,0.19210526315789472,,,,,0,
2020,CAB0356,Trans-Atlantic,consortium,2019,1,8,6074.0,4,None,304.0,76.7,18.9,0,25,48,0,17.5,none,0,0.0,2021.0,True,True,,227.3,0.2523026315789474,18.300000000000004,-9.900000000000002,3.0,0.0,0,
2021,CAB0356,Trans-Atlantic,consortium,2019,2,8,6074.0,4,None,304.0,139.0,75.2,0,25,50,0,19.0,none,0,0.0,2022.0,True,True,,165.0,0.45723684210526316,62.3,56.300000000000004,2.0,0.0,0,
2022,CAB0356,Trans-Atlantic,consortium,2019,3,8,6074.0,4,None,304.0,129.6,54.5,0,25,51,0,20.6,none,0,0.0,2023.0,True,True,,174.4,0.4263157894736842,-9.400000000000006,-20.700000000000003,1.0,0.0,0,
2023,CAB0356,Trans-Atlantic,consortium,2019,4,8,6074.0,4,None,304.0,138.1,74.9,0,25,54,0,22.2,none,0,0.0,2024.0,True,True,,165.9,0.45427631578947364,8.5,20.400000000000006,3.0,0.0,0,
2024,CAB0356,Trans-Atlantic,consortium,2019,5,8,6074.0,4,None,304.0,177.2,52.4,0,25,58,0,23.8,none,0,0.0,2025.0,True,True,,126.80000000000001,0.5828947368421052,39.099999999999994,-22.500000000000007,4.0,0.0,0,
2025,CAB0356,Trans-Atlantic,consortium,2019,6,8,6074.0,4,None,304.0,193.5,58.0,0,25,62,0,25.4,none,0,0.0,2026.0,True,True,,110.5,0.6365131578947368,16.30000000000001,5.600000000000001,4.0,0.0,0,
2015,CAB0357,Intra-Europe,carrier,2005,10,30,1834.0,3,None,540.0,492.3,88.8,0,25,41,0,31.7,none,0,0.0,2016.0,True,True,,47.69999999999999,0.9116666666666667,,,,,0,
2016,CAB0357,Intra-Europe,carrier,2005,11,30,1834.0,3,None,540.0,480.2,100.0,0,25,42,0,33.3,none,0,0.0,2017.0,True,True,,59.80000000000001,0.8892592592592592,-12.100000000000023,11.200000000000003,1.0,0.0,0,
2017,CAB0357,Intra-Europe,carrier,2005,12,30,1834.0,3,None,540.0,540.0,100.0,0,25,44,0,34.9,none,0,0.0,2018.0,True,True,,0.0,1.0,59.80000000000001,0.0,2.0,0.0,0,
2018,CAB0357,Intra-Europe,carrier,2005,13,30,1834.0,3,None,540.0,540.0,58.2,0,25,45,0,36.5,none,0,0.0,2019.0,True,True,,0.0,1.0,0.0,-41.8,1.0,0.0,0,
2019,CAB0357,Intra-Europe,carrier,2005,14,30,1834.0,3,None,540.0,540.0,100.0,0,25,47,0,38.1,none,0,0.0,2020.0,True,True,,0.0,1.0,0.0,41.8,2.0,0.0,0,
2020,CAB0357,Intra-Europe,carrier,2005,15,30,1834.0,3,None,540.0,540.0,91.8,0,25,49,0,39.7,none,0,0.0,2021.0,True,True,,0.0,1.0,0.0,-8.200000000000003,2.0,0.0,0,
2021,CAB0357,Intra-Europe,carrier,2005,16,30,1834.0,3,None,540.0,540.0,62.0,0,25,49,0,41.3,none,0,0.0,2022.0,True,True,,0.0,1.0,0.0,-29.799999999999997,0.0,0.0,0,
2022,CAB0357,Intra-Europe,carrier,2005,17,30,1834.0,3,None,540.0,540.0,41.6,0,25,52,0,42.9,none,0,0.0,2023.0,True,True,,0.0,1.0,0.0,-20.4,3.0,0.0,0,
2023,CAB0357,Intra-Europe,carrier,2005,18,30,1834.0,3,None,540.0,540.0,100.0,0,25,53,0,44.4,none,0,0.0,2024.0,True,True,,0.0,1.0,0.0,58.4,1.0,0.0,0,
2024,CAB0357,Intra-Europe,carrier,2005,19,30,1834.0,3,None,540.0,540.0,91.3,0,25,53,0,46.0,none,0,0.0,2025.0,True,True,,0.0,1.0,0.0,-8.700000000000003,0.0,0.0,0,
2025,CAB0357,Intra-Europe,carrier,2005,20,30,1834.0,3,None,540.0,540.0,100.0,0,25,58,0,47.6,none,0,0.0,2026.0,True,True,,0.0,1.0,0.0,8.700000000000003,5.0,0.0,0,
2015,CAB0358,Intra-Asia,carrier,2011,4,25,5561.0,7,None,664.3,357.3,17.0,1,25,53,0,6.3,none,0,1.0,2016.0,True,True,,306.99999999999994,0.5378594008730996,,,,,0,
2016,CAB0358,Intra-Asia,carrier,2011,5,25,5561.0,7,None,664.3,418.5,77.5,1,25,59,0,7.9,natural_hazard,1,1.0,2017.0,True,True,,245.79999999999995,0.6299864519042602,61.19999999999999,60.5,6.0,0.0,0,
2017,CAB0358,Intra-Asia,carrier,2011,6,25,5561.0,7,None,664.3,439.8,48.7,1,25,60,0,9.5,fishing_anchor,1,0.0,2018.0,True,True,,224.49999999999994,0.6620502784886347,21.30000000000001,-28.799999999999997,1.0,1.0,1,1.0
2018,CAB0358,Intra-Asia,carrier,2011,7,25,5561.0,7,None,664.3,417.3,26.7,1,25,62,0,11.1,none,0,0.0,2019.0,True,True,,246.99999999999994,0.6281800391389433,-22.5,-22.000000000000004,2.0,1.0,2,1.0
2019,CAB0358,Intra-Asia,carrier,2011,8,25,5561.0,7,None,664.3,453.5,57.1,1,25,64,0,12.7,none,0,0.0,2020.0,True,True,,210.79999999999995,0.682673490892669,36.19999999999999,30.400000000000002,2.0,0.0,2,2.0
2020,CAB0358,Intra-Asia,carrier,2011,9,25,5561.0,7,None,664.3,545.3,74.3,1,25,66,0,14.3,none,0,0.0,2021.0,True,True,,119.0,0.8208640674394099,91.79999999999995,17.199999999999996,2.0,0.0,1,3.0
2021,CAB0358,Intra-Asia,carrier,2011,10,25,5561.0,7,None,664.3,515.8,61.6,1,25,69,0,15.9,none,0,0.0,2022.0,True,True,,148.5,0.7764564202920368,-29.5,-12.699999999999996,3.0,0.0,0,4.0
2022,CAB0358,Intra-Asia,carrier,2011,11,25,5561.0,7,None,664.3,625.1,37.8,1,25,70,0,17.5,none,0,0.0,2023.0,True,True,,39.19999999999993,0.9409905163329821,109.30000000000007,-23.800000000000004,1.0,0.0,0,5.0
2023,CAB0358,Intra-Asia,carrier,2011,12,25,5561.0,7,None,664.3,664.3,40.0,1,25,70,0,19.0,none,0,0.0,2024.0,True,True,,0.0,1.0,39.19999999999993,2.200000000000003,0.0,0.0,0,6.0
2024,CAB0358,Intra-Asia,carrier,2011,13,25,5561.0,7,None,664.3,664.3,75.2,1,25,75,0,20.6,none,0,0.0,2025.0,True,True,,0.0,1.0,0.0,35.2,5.0,0.0,0,7.0
2025,CAB0358,Intra-Asia,carrier,2011,14,25,5561.0,7,None,664.3,664.3,93.2,1,25,77,0,22.2,none,0,0.0,2026.0,True,True,,0.0,1.0,0.0,18.0,2.0,0.0,0,8.0
2015,CAB0359,Africa-Coastal,hyperscaler,2000,15,2,11523.0,5,None,21.7,21.7,55.0,0,25,36,1,59.5,none,0,0.0,2016.0,True,True,,0.0,1.0,,,,,0,
2016,CAB0359,Africa-Coastal,hyperscaler,2000,16,2,11523.0,5,None,21.7,21.7,100.0,0,25,37,1,61.1,none,0,0.0,2017.0,True,True,,0.0,1.0,0.0,45.0,1.0,0.0,0,
2017,CAB0359,Africa-Coastal,hyperscaler,2000,17,2,11523.0,5,None,21.7,21.7,89.8,0,25,40,0,42.9,none,0,1.0,2018.0,True,True,,0.0,1.0,0.0,-10.200000000000003,3.0,0.0,0,
2018,CAB0359,Africa-Coastal,hyperscaler,2000,18,2,11523.0,5,None,21.7,21.7,81.1,0,25,40,0,44.4,fishing_anchor,1,1.0,2019.0,True,True,,0.0,1.0,0.0,-8.700000000000003,0.0,0.0,0,
2019,CAB0359,Africa-Coastal,hyperscaler,2000,19,2,11523.0,5,None,21.7,21.7,64.0,0,25,42,0,46.0,fishing_anchor,1,1.0,2020.0,True,True,,0.0,1.0,0.0,-17.099999999999994,2.0,1.0,1,1.0
2020,CAB0359,Africa-Coastal,hyperscaler,2000,20,2,11523.0,5,None,21.7,21.7,100.0,0,25,43,0,47.6,equipment,1,0.0,2021.0,True,True,,0.0,1.0,0.0,36.0,1.0,1.0,2,1.0
2021,CAB0359,Africa-Coastal,hyperscaler,2000,21,2,11523.0,5,None,21.7,21.7,65.8,0,25,44,0,49.2,none,0,1.0,2022.0,True,True,,0.0,1.0,0.0,-34.2,1.0,1.0,3,1.0
2022,CAB0359,Africa-Coastal,hyperscaler,2000,22,2,11523.0,5,None,21.7,21.7,66.9,0,25,45,0,50.8,fishing_anchor,1,0.0,2023.0,True,True,,0.0,1.0,0.0,1.1000000000000085,1.0,0.0,2,2.0
2023,CAB0359,Africa-Coastal,hyperscaler,2000,23,2,11523.0,5,None,21.7,21.7,62.4,0,25,47,0,52.4,none,0,0.0,2024.0,True,True,,0.0,1.0,0.0,-4.500000000000007,2.0,1.0,2,1.0
2024,CAB0359,Africa-Coastal,hyperscaler,2000,24,2,11523.0,5,None,21.7,21.7,89.7,0,25,49,0,54.0,none,0,0.0,2025.0,True,True,,0.0,1.0,0.0,27.300000000000004,2.0,0.0,1,2.0
2025,CAB0359,Africa-Coastal,hyperscaler,2000,25,2,11523.0,5,None,21.7,21.7,88.3,0,25,52,0,55.6,none,0,1.0,2026.0,True,True,,0.0,1.0,0.0,-1.4000000000000057,3.0,0.0,1,3.0
2015,CAB0360,Africa-Coastal,consortium,2003,12,6,8624.0,7,None,90.9,90.1,69.4,1,25,36,1,38.9,none,0,1.0,2016.0,True,True,,0.8000000000000114,0.9911991199119911,,,,,0,
2016,CAB0360,Africa-Coastal,consortium,2003,13,6,8624.0,7,None,90.9,90.9,41.7,1,25,37,1,40.5,fishing_anchor,1,0.0,2017.0,True,True,,0.0,1.0,0.8000000000000114,-27.700000000000003,1.0,0.0,0,
2017,CAB0360,Africa-Coastal,consortium,2003,14,6,8624.0,7,None,90.9,90.9,68.6,1,25,40,0,22.2,none,0,0.0,2018.0,True,True,,0.0,1.0,0.0,26.89999999999999,3.0,1.0,1,1.0
2018,CAB0360,Africa-Coastal,consortium,2003,15,6,8624.0,7,None,90.9,90.9,77.0,1,25,40,0,23.8,none,0,1.0,2019.0,True,True,,0.0,1.0,0.0,8.400000000000006,0.0,0.0,1,2.0
2019,CAB0360,Africa-Coastal,consortium,2003,16,6,8624.0,7,None,90.9,90.9,99.6,1,25,42,0,25.4,equipment,1,1.0,2020.0,True,True,,0.0,1.0,0.0,22.599999999999994,2.0,0.0,1,3.0
2020,CAB0360,Africa-Coastal,consortium,2003,17,6,8624.0,7,None,90.9,90.9,45.3,1,25,43,0,27.0,natural_hazard,1,0.0,2021.0,True,True,,0.0,1.0,0.0,-54.3,1.0,1.0,1,1.0
2021,CAB0360,Africa-Coastal,consortium,2003,18,6,8624.0,7,None,90.9,90.9,97.2,1,25,44,0,28.6,none,0,0.0,2022.0,True,True,,0.0,1.0,0.0,51.900000000000006,1.0,1.0,2,1.0
2022,CAB0360,Africa-Coastal,consortium,2003,19,6,8624.0,7,None,90.9,90.9,74.5,1,25,45,0,30.2,none,0,1.0,2023.0,True,True,,0.0,1.0,0.0,-22.700000000000003,1.0,0.0,2,2.0
2023,CAB0360,Africa-Coastal,consortium,2003,20,6,8624.0,7,None,90.9,90.9,77.4,1,25,47,0,31.7,fishing_anchor,1,0.0,2024.0,True,True,,0.0,1.0,0.0,2.9000000000000057,2.0,0.0,1,3.0
2024,CAB0360,Africa-Coastal,consortium,2003,21,6,8624.0,7,None,90.9,90.9,89.9,1,25,49,0,33.3,none,0,0.0,2025.0,True,True,,0.0,1.0,0.0,12.5,2.0,1.0,1,1.0
2025,CAB0360,Africa-Coastal,consortium,2003,22,6,8624.0,7,None,90.9,90.9,54.7,1,25,52,0,34.9,none,0,1.0,2026.0,True,True,,0.0,1.0,0.0,-35.2,3.0,0.0,1,2.0
2015,CAB0361,Trans-Pacific,consortium,2001,14,8,14154.0,4,None,98.3,98.3,57.1,0,25,35,1,57.9,none,0,0.0,2016.0,True,True,,0.0,1.0,,,,,0,
2016,CAB0361,Trans-Pacific,consortium,2001,15,8,14154.0,4,None,98.3,98.3,48.2,0,25,37,1,59.5,none,0,0.0,2017.0,True,True,,0.0,1.0,0.0,-8.899999999999999,2.0,0.0,0,
2017,CAB0361,Trans-Pacific,consortium,2001,16,8,14154.0,4,None,98.3,98.3,48.6,0,25,38,1,61.1,none,0,1.0,2018.0,True,True,,0.0,1.0,0.0,0.3999999999999986,1.0,0.0,0,
2018,CAB0361,Trans-Pacific,consortium,2001,17,8,14154.0,4,None,98.3,98.3,64.8,0,25,39,1,62.7,fishing_anchor,1,1.0,2019.0,True,True,,0.0,1.0,0.0,16.199999999999996,1.0,0.0,0,
2019,CAB0361,Trans-Pacific,consortium,2001,18,8,14154.0,4,None,98.3,98.3,69.4,0,25,41,0,44.4,fishing_anchor,1,1.0,2020.0,True,True,,0.0,1.0,0.0,4.6000000000000085,2.0,1.0,1,1.0
2020,CAB0361,Trans-Pacific,consortium,2001,19,8,14154.0,4,None,98.3,98.3,73.9,0,25,42,0,46.0,fishing_anchor,1,0.0,2021.0,True,True,,0.0,1.0,0.0,4.5,1.0,1.0,2,1.0
2021,CAB0361,Trans-Pacific,consortium,2001,20,8,14154.0,4,None,98.3,98.3,55.5,0,25,43,0,47.6,none,0,0.0,2022.0,True,True,,0.0,1.0,0.0,-18.400000000000006,1.0,1.0,3,1.0
2022,CAB0361,Trans-Pacific,consortium,2001,21,8,14154.0,4,None,98.3,98.3,76.1,0,25,45,0,49.2,none,0,0.0,2023.0,True,True,,0.0,1.0,0.0,20.599999999999994,2.0,0.0,2,2.0
2023,CAB0361,Trans-Pacific,consortium,2001,22,8,14154.0,4,None,98.3,98.3,100.0,0,25,47,0,50.8,none,0,0.0,2024.0,True,True,,0.0,1.0,0.0,23.900000000000006,2.0,0.0,1,3.0
2024,CAB0361,Trans-Pacific,consortium,2001,23,8,14154.0,4,None,98.3,98.3,73.8,0,25,49,0,52.4,none,0,1.0,2025.0,True,True,,0.0,1.0,0.0,-26.200000000000003,2.0,0.0,0,4.0
2025,CAB0361,Trans-Pacific,consortium,2001,24,8,14154.0,4,None,98.3,98.3,89.5,0,25,50,0,54.0,fishing_anchor,1,0.0,2026.0,True,True,,0.0,1.0,0.0,15.700000000000003,1.0,0.0,0,5.0
2015,CAB0362,Americas,carrier,2008,7,5,2295.0,6,Panama,111.4,79.8,86.6,0,25,28,1,74.6,none,0,0.0,2016.0,True,True,,31.60000000000001,0.7163375224416516,,,,,0,
2016,CAB0362,Americas,carrier,2008,8,5,2295.0,6,Panama,111.4,87.0,36.6,0,25,29,1,76.2,none,0,1.0,2017.0,True,True,,24.400000000000006,0.7809694793536804,7.200000000000003,-49.99999999999999,1.0,0.0,0,
2017,CAB0362,Americas,carrier,2008,9,5,2295.0,6,Panama,111.4,85.6,74.1,0,25,29,1,77.8,fishing_anchor,1,0.0,2018.0,True,True,,25.80000000000001,0.7684021543985636,-1.4000000000000057,37.49999999999999,0.0,0.0,0,
2018,CAB0362,Americas,carrier,2008,10,5,2295.0,6,Panama,111.4,89.4,63.1,0,25,31,1,79.4,none,0,0.0,2019.0,True,True,,22.0,0.8025134649910234,3.8000000000000114,-10.999999999999993,2.0,1.0,1,1.0
2019,CAB0362,Americas,carrier,2008,11,5,2295.0,6,Panama,111.4,107.7,46.1,0,25,32,1,81.0,none,0,0.0,2020.0,True,True,,3.700000000000003,0.966786355475763,18.299999999999997,-17.0,1.0,0.0,1,2.0
2020,CAB0362,Americas,carrier,2008,12,5,2295.0,6,Panama,111.4,91.6,47.9,0,25,33,1,82.5,none,0,0.0,2021.0,True,True,,19.80000000000001,0.8222621184919209,-16.10000000000001,1.7999999999999972,1.0,0.0,1,3.0
2021,CAB0362,Americas,carrier,2008,13,5,2295.0,6,Panama,111.4,111.4,100.0,0,25,37,1,84.1,none,0,1.0,2022.0,True,True,,0.0,1.0,19.80000000000001,52.1,4.0,0.0,0,4.0
2022,CAB0362,Americas,carrier,2008,14,5,2295.0,6,Panama,111.4,111.4,58.4,0,25,37,1,85.7,fishing_anchor,1,0.0,2023.0,True,True,,0.0,1.0,0.0,-41.6,0.0,0.0,0,5.0
2023,CAB0362,Americas,carrier,2008,15,5,2295.0,6,Panama,111.4,111.4,71.0,0,25,37,1,87.3,none,0,1.0,2024.0,True,True,,0.0,1.0,0.0,12.600000000000001,0.0,1.0,1,1.0
2024,CAB0362,Americas,carrier,2008,16,5,2295.0,6,Panama,111.4,111.4,98.9,0,25,39,1,88.9,fishing_anchor,1,0.0,2025.0,True,True,,0.0,1.0,0.0,27.900000000000006,2.0,0.0,1,2.0
2025,CAB0362,Americas,carrier,2008,17,5,2295.0,6,Panama,111.4,111.4,76.1,0,25,39,1,90.5,none,0,0.0,2026.0,True,True,,0.0,1.0,0.0,-22.80000000000001,0.0,1.0,2,1.0
2015,CAB0363,Indian-Ocean,carrier,2015,0,4,4915.0,2,None,129.1,40.9,57.2,0,25,31,1,47.6,none,0,0.0,2016.0,True,True,,88.19999999999999,0.31680867544539115,,,,,0,
2016,CAB0363,Indian-Ocean,carrier,2015,1,4,4915.0,2,None,129.1,30.9,74.2,0,25,33,1,49.2,none,0,0.0,2017.0,True,True,,98.19999999999999,0.2393493415956623,-10.0,17.0,2.0,0.0,0,
2017,CAB0363,Indian-Ocean,carrier,2015,2,4,4915.0,2,None,129.1,36.8,33.4,0,25,33,1,50.8,none,0,0.0,2018.0,True,True,,92.3,0.2850503485670023,5.899999999999999,-40.800000000000004,0.0,0.0,0,
2018,CAB0363,Indian-Ocean,carrier,2015,3,4,4915.0,2,None,129.1,60.5,49.4,0,25,35,1,52.4,none,0,0.0,2019.0,True,True,,68.6,0.46862896979085983,23.700000000000003,16.0,2.0,0.0,0,
2019,CAB0363,Indian-Ocean,carrier,2015,4,4,4915.0,2,None,129.1,59.0,80.6,0,25,35,1,54.0,none,0,0.0,2020.0,True,True,,70.1,0.45701006971340047,-1.5,31.199999999999996,0.0,0.0,0,
2020,CAB0363,Indian-Ocean,carrier,2015,5,4,4915.0,2,None,129.1,72.9,57.1,0,25,36,1,55.6,none,0,0.0,2021.0,True,True,,56.19999999999999,0.5646785437645236,13.900000000000006,-23.499999999999993,1.0,0.0,0,
2021,CAB0363,Indian-Ocean,carrier,2015,6,4,4915.0,2,None,129.1,78.8,78.3,0,25,39,1,57.1,none,0,1.0,2022.0,True,True,,50.3,0.6103795507358637,5.8999999999999915,21.199999999999996,3.0,0.0,0,
2022,CAB0363,Indian-Ocean,carrier,2015,7,4,4915.0,2,None,129.1,81.9,67.9,0,25,39,1,58.7,fishing_anchor,1,0.0,2023.0,True,True,,47.19999999999999,0.6343919442292797,3.1000000000000085,-10.399999999999991,0.0,0.0,0,
2023,CAB0363,Indian-Ocean,carrier,2015,8,4,4915.0,2,None,129.1,102.9,43.3,0,25,40,0,40.5,none,0,0.0,2024.0,True,True,,26.19999999999999,0.7970565453137104,21.0,-24.60000000000001,1.0,1.0,1,1.0
2024,CAB0363,Indian-Ocean,carrier,2015,9,4,4915.0,2,None,129.1,89.2,32.7,0,25,41,0,42.1,none,0,0.0,2025.0,True,True,,39.89999999999999,0.6909372579395817,-13.700000000000003,-10.599999999999994,1.0,0.0,1,2.0
2025,CAB0363,Indian-Ocean,carrier,2015,10,4,4915.0,2,None,129.1,115.2,65.2,0,25,44,0,43.7,none,0,0.0,2026.0,True,True,,13.899999999999991,0.8923315259488769,26.0,32.5,3.0,0.0,1,3.0
2016,CAB0364,Indian-Ocean,carrier,2016,0,14,11470.0,7,Suez,472.0,123.3,49.8,1,25,33,1,47.6,none,0,0.0,2017.0,True,True,,348.7,0.26122881355932204,,,,,0,
2017,CAB0364,Indian-Ocean,carrier,2016,1,14,11470.0,7,Suez,472.0,157.3,31.0,1,25,33,1,49.2,none,0,1.0,2018.0,True,True,,314.7,0.3332627118644068,34.000000000000014,-18.799999999999997,0.0,0.0,0,
2018,CAB0364,Indian-Ocean,carrier,2016,2,14,11470.0,7,Suez,472.0,181.2,70.5,1,25,35,1,50.8,fishing_anchor,1,0.0,2019.0,True,True,,290.8,0.38389830508474576,23.899999999999977,39.5,2.0,0.0,0,
2019,CAB0364,Indian-Ocean,carrier,2016,3,14,11470.0,7,Suez,472.0,191.2,30.0,1,25,35,1,52.4,none,0,1.0,2020.0,True,True,,280.8,0.40508474576271186,10.0,-40.5,0.0,1.0,1,1.0
2020,CAB0364,Indian-Ocean,carrier,2016,4,14,11470.0,7,Suez,472.0,253.0,15.1,1,25,36,1,54.0,fishing_anchor,1,1.0,2021.0,True,True,,219.0,0.5360169491525424,61.80000000000001,-14.9,1.0,0.0,1,2.0
2021,CAB0364,Indian-Ocean,carrier,2016,5,14,11470.0,7,Suez,472.0,253.1,72.7,1,25,39,1,55.6,fishing_anchor,1,0.0,2022.0,True,True,,218.9,0.5362288135593221,0.09999999999999432,57.6,3.0,1.0,2,1.0
2022,CAB0364,Indian-Ocean,carrier,2016,6,14,11470.0,7,Suez,472.0,312.3,62.0,1,25,39,1,57.1,none,0,0.0,2023.0,True,True,,159.7,0.6616525423728814,59.20000000000002,-10.700000000000003,0.0,1.0,2,1.0
2023,CAB0364,Indian-Ocean,carrier,2016,7,14,11470.0,7,Suez,472.0,307.5,24.8,1,25,40,0,38.9,none,0,0.0,2024.0,True,True,,164.5,0.6514830508474576,-4.800000000000011,-37.2,1.0,0.0,2,2.0
2024,CAB0364,Indian-Ocean,carrier,2016,8,14,11470.0,7,Suez,472.0,340.5,34.0,1,25,41,0,40.5,none,0,0.0,2025.0,True,True,,131.5,0.7213983050847458,33.0,9.2,1.0,0.0,1,3.0
2025,CAB0364,Indian-Ocean,carrier,2016,9,14,11470.0,7,Suez,472.0,356.6,63.8,1,25,44,0,42.1,none,0,1.0,2026.0,True,True,,115.39999999999998,0.7555084745762712,16.100000000000023,29.799999999999997,3.0,0.0,0,4.0
2015,CAB0365,Africa-Coastal,hyperscaler,2004,11,9,15010.0,5,None,149.1,133.8,40.5,0,25,36,1,53.2,fishing_anchor,1,0.0,2016.0,True,True,,15.299999999999983,0.8973843058350102,,,,,0,
2016,CAB0365,Africa-Coastal,hyperscaler,2004,12,9,15010.0,5,None,149.1,148.2,100.0,0,25,37,1,54.8,none,0,1.0,2017.0,True,True,,0.9000000000000057,0.993963782696177,14.399999999999977,59.5,1.0,1.0,1,1.0
2017,CAB0365,Africa-Coastal,hyperscaler,2004,13,9,15010.0,5,None,149.1,146.3,41.4,0,25,40,0,36.5,fishing_anchor,1,1.0,2018.0,True,True,,2.799999999999983,0.9812206572769954,-1.8999999999999773,-58.6,3.0,0.0,1,2.0
2018,CAB0365,Africa-Coastal,hyperscaler,2004,14,9,15010.0,5,None,149.1,149.1,60.4,0,25,40,0,38.1,fishing_anchor,1,0.0,2019.0,True,True,,0.0,1.0,2.799999999999983,19.0,0.0,1.0,2,1.0
2019,CAB0365,Africa-Coastal,hyperscaler,2004,15,9,15010.0,5,None,149.1,149.1,52.7,0,25,42,0,39.7,none,0,1.0,2020.0,True,True,,0.0,1.0,0.0,-7.699999999999996,2.0,1.0,2,1.0
2020,CAB0365,Africa-Coastal,hyperscaler,2004,16,9,15010.0,5,None,149.1,149.1,58.0,0,25,43,0,41.3,fishing_anchor,1,0.0,2021.0,True,True,,0.0,1.0,0.0,5.299999999999997,1.0,0.0,2,2.0
2021,CAB0365,Africa-Coastal,hyperscaler,2004,17,9,15010.0,5,None,149.1,149.1,100.0,0,25,44,0,42.9,none,0,0.0,2022.0,True,True,,0.0,1.0,0.0,42.0,1.0,1.0,2,1.0
2022,CAB0365,Africa-Coastal,hyperscaler,2004,18,9,15010.0,5,None,149.1,149.1,80.4,0,25,45,0,44.4,none,0,0.0,2023.0,True,True,,0.0,1.0,0.0,-19.599999999999994,1.0,0.0,1,2.0
2023,CAB0365,Africa-Coastal,hyperscaler,2004,19,9,15010.0,5,None,149.1,149.1,48.4,0,25,47,0,46.0,none,0,0.0,2024.0,True,True,,0.0,1.0,0.0,-32.00000000000001,2.0,0.0,1,3.0
2024,CAB0365,Africa-Coastal,hyperscaler,2004,20,9,15010.0,5,None,149.1,149.1,77.4,0,25,49,0,47.6,none,0,0.0,2025.0,True,True,,0.0,1.0,0.0,29.000000000000007,2.0,0.0,0,4.0
2025,CAB0365,Africa-Coastal,hyperscaler,2004,21,9,15010.0,5,None,149.1,149.1,69.6,0,25,52,0,49.2,none,0,0.0,2026.0,True,True,,0.0,1.0,0.0,-7.800000000000011,3.0,0.0,0,5.0
2022,CAB0366,Intra-Asia,consortium,2022,0,34,6141.0,5,None,1437.7,367.3,26.7,1,25,70,0,0.0,none,0,0.0,2023.0,True,True,,1070.4,0.25547749878277803,,,,,0,
2023,CAB0366,Intra-Asia,consortium,2022,1,34,6141.0,5,None,1437.7,437.7,34.8,1,25,70,0,1.6,none,0,1.0,2024.0,True,True,,1000.0,0.3044445990123113,70.39999999999998,8.099999999999998,0.0,0.0,0,
2024,CAB0366,Intra-Asia,consortium,2022,2,34,6141.0,5,None,1437.7,670.6,61.0,1,25,75,0,3.2,suspected_external,1,0.0,2025.0,True,True,,767.1,0.46643945190234404,232.90000000000003,26.200000000000003,5.0,0.0,0,
2025,CAB0366,Intra-Asia,consortium,2022,3,34,6141.0,5,None,1437.7,598.9,94.9,1,25,77,0,4.8,none,0,0.0,2026.0,True,True,,838.8000000000001,0.41656812965152673,-71.70000000000005,33.900000000000006,2.0,1.0,1,1.0
2018,CAB0367,Intra-Asia,hyperscaler,2018,0,10,3485.0,2,None,365.7,114.7,34.0,1,25,62,0,11.9,none,0,0.0,2019.0,True,True,,251.0,0.3136450642603227,,,,,0,
2019,CAB0367,Intra-Asia,hyperscaler,2018,1,10,3485.0,2,None,365.7,106.8,66.8,1,25,64,0,13.5,none,0,0.0,2020.0,True,True,,258.9,0.29204265791632483,-7.900000000000006,32.8,2.0,0.0,0,
2020,CAB0367,Intra-Asia,hyperscaler,2018,2,10,3485.0,2,None,365.7,145.8,63.3,1,25,66,0,15.1,none,0,0.0,2021.0,True,True,,219.89999999999998,0.398687448728466,39.000000000000014,-3.5,2.0,0.0,0,
2021,CAB0367,Intra-Asia,hyperscaler,2018,3,10,3485.0,2,None,365.7,153.2,96.9,1,25,69,0,16.7,none,0,0.0,2022.0,True,True,,212.5,0.4189226141646158,7.399999999999977,33.60000000000001,3.0,0.0,0,
2022,CAB0367,Intra-Asia,hyperscaler,2018,4,10,3485.0,2,None,365.7,195.9,44.8,1,25,70,0,18.3,none,0,1.0,2023.0,True,True,,169.79999999999998,0.5356849876948319,42.70000000000002,-52.10000000000001,1.0,0.0,0,
2023,CAB0367,Intra-Asia,hyperscaler,2018,5,10,3485.0,2,None,365.7,214.7,38.3,1,25,70,0,19.8,fishing_anchor,1,0.0,2024.0,True,True,,151.0,0.5870932458299152,18.799999999999983,-6.5,0.0,0.0,0,
2024,CAB0367,Intra-Asia,hyperscaler,2018,6,10,3485.0,2,None,365.7,236.6,68.2,1,25,75,0,21.4,none,0,0.0,2025.0,True,True,,129.1,0.646978397593656,21.900000000000006,29.900000000000006,5.0,1.0,1,1.0
2025,CAB0367,Intra-Asia,hyperscaler,2018,7,10,3485.0,2,None,365.7,232.5,65.7,1,25,77,0,23.0,none,0,0.0,2026.0,True,True,,133.2,0.6357670221493027,-4.099999999999994,-2.5,2.0,0.0,1,2.0
2015,CAB0368,Intra-Europe,hyperscaler,2000,15,2,2609.0,6,None,21.7,21.7,50.1,1,25,41,0,23.8,none,0,0.0,2016.0,True,True,,0.0,1.0,,,,,0,
2016,CAB0368,Intra-Europe,hyperscaler,2000,16,2,2609.0,6,None,21.7,21.7,83.2,1,25,42,0,25.4,none,0,0.0,2017.0,True,True,,0.0,1.0,0.0,33.1,1.0,0.0,0,
2017,CAB0368,Intra-Europe,hyperscaler,2000,17,2,2609.0,6,None,21.7,21.7,76.0,1,25,44,0,27.0,none,0,0.0,2018.0,True,True,,0.0,1.0,0.0,-7.200000000000003,2.0,0.0,0,
2018,CAB0368,Intra-Europe,hyperscaler,2000,18,2,2609.0,6,None,21.7,21.7,43.0,1,25,45,0,28.6,none,0,0.0,2019.0,True,True,,0.0,1.0,0.0,-33.0,1.0,0.0,0,
2019,CAB0368,Intra-Europe,hyperscaler,2000,19,2,2609.0,6,None,21.7,21.7,71.7,1,25,47,0,30.2,none,0,1.0,2020.0,True,True,,0.0,1.0,0.0,28.700000000000003,2.0,0.0,0,
2020,CAB0368,Intra-Europe,hyperscaler,2000,20,2,2609.0,6,None,21.7,21.7,71.2,1,25,49,0,31.7,fishing_anchor,1,1.0,2021.0,True,True,,0.0,1.0,0.0,-0.5,2.0,0.0,0,
2021,CAB0368,Intra-Europe,hyperscaler,2000,21,2,2609.0,6,None,21.7,21.7,47.8,1,25,49,0,33.3,natural_hazard,1,0.0,2022.0,True,True,,0.0,1.0,0.0,-23.400000000000006,0.0,1.0,1,1.0
2022,CAB0368,Intra-Europe,hyperscaler,2000,22,2,2609.0,6,None,21.7,21.7,72.8,1,25,52,0,34.9,none,0,0.0,2023.0,True,True,,0.0,1.0,0.0,25.0,3.0,1.0,2,1.0
2023,CAB0368,Intra-Europe,hyperscaler,2000,23,2,2609.0,6,None,21.7,21.7,100.0,1,25,53,0,36.5,none,0,0.0,2024.0,True,True,,0.0,1.0,0.0,27.200000000000003,1.0,0.0,2,2.0
2024,CAB0368,Intra-Europe,hyperscaler,2000,24,2,2609.0,6,None,21.7,21.7,98.8,1,25,53,0,38.1,none,0,0.0,2025.0,True,True,,0.0,1.0,0.0,-1.2000000000000028,0.0,0.0,1,3.0
2025,CAB0368,Intra-Europe,hyperscaler,2000,25,2,2609.0,6,None,21.7,21.7,63.2,1,25,58,0,39.7,none,0,0.0,2026.0,True,True,,0.0,1.0,0.0,-35.599999999999994,5.0,0.0,0,4.0
2022,CAB0369,Intra-Pacific-Islands,carrier,2022,0,8,3302.0,5,None,338.3,90.0,65.9,1,25,43,0,0.0,none,0,0.0,2023.0,True,True,,248.3,0.26603606266627255,,,,,0,
2023,CAB0369,Intra-Pacific-Islands,carrier,2022,1,8,3302.0,5,None,338.3,106.3,18.4,1,25,45,0,1.6,none,0,0.0,2024.0,True,True,,232.0,0.31421814957138633,16.299999999999997,-47.50000000000001,2.0,0.0,0,
2024,CAB0369,Intra-Pacific-Islands,carrier,2022,2,8,3302.0,5,None,338.3,118.4,24.4,1,25,48,0,3.2,none,0,1.0,2025.0,True,True,,219.9,0.3499852202187408,12.100000000000009,6.0,3.0,0.0,0,
2025,CAB0369,Intra-Pacific-Islands,carrier,2022,3,8,3302.0,5,None,338.3,149.7,66.0,1,25,50,0,4.8,equipment,1,0.0,2026.0,True,True,,188.60000000000002,0.4425066509015666,31.299999999999983,41.6,2.0,0.0,0,
2015,CAB0370,Intra-Asia,carrier,2003,12,12,3543.0,4,Malacca,181.7,181.2,30.4,1,25,53,0,46.8,none,0,0.0,2016.0,True,True,,0.5,0.9972482113373693,,,,,0,
2016,CAB0370,Intra-Asia,carrier,2003,13,12,3543.0,4,Malacca,181.7,177.9,99.4,1,25,59,0,48.4,none,0,0.0,2017.0,True,True,,3.799999999999983,0.9790864061640067,-3.299999999999983,69.0,6.0,0.0,0,
2017,CAB0370,Intra-Asia,carrier,2003,14,12,3543.0,4,Malacca,181.7,181.7,51.7,1,25,60,0,50.0,none,0,0.0,2018.0,True,True,,0.0,1.0,3.799999999999983,-47.7,1.0,0.0,0,
2018,CAB0370,Intra-Asia,carrier,2003,15,12,3543.0,4,Malacca,181.7,181.7,87.0,1,25,62,0,51.6,none,0,0.0,2019.0,True,True,,0.0,1.0,0.0,35.3,2.0,0.0,0,
2019,CAB0370,Intra-Asia,carrier,2003,16,12,3543.0,4,Malacca,181.7,181.7,100.0,1,25,64,0,53.2,none,0,0.0,2020.0,True,True,,0.0,1.0,0.0,13.0,2.0,0.0,0,
2020,CAB0370,Intra-Asia,carrier,2003,17,12,3543.0,4,Malacca,181.7,181.7,60.6,1,25,66,0,54.8,none,0,0.0,2021.0,True,True,,0.0,1.0,0.0,-39.4,2.0,0.0,0,
2021,CAB0370,Intra-Asia,carrier,2003,18,12,3543.0,4,Malacca,181.7,181.7,100.0,1,25,69,0,56.3,none,0,0.0,2022.0,True,True,,0.0,1.0,0.0,39.4,3.0,0.0,0,
2022,CAB0370,Intra-Asia,carrier,2003,19,12,3543.0,4,Malacca,181.7,181.7,92.0,1,25,70,0,57.9,none,0,1.0,2023.0,True,True,,0.0,1.0,0.0,-8.0,1.0,0.0,0,
2023,CAB0370,Intra-Asia,carrier,2003,20,12,3543.0,4,Malacca,181.7,181.7,93.2,1,25,70,0,59.5,equipment,1,0.0,2024.0,True,True,,0.0,1.0,0.0,1.2000000000000028,0.0,0.0,0,
2024,CAB0370,Intra-Asia,carrier,2003,21,12,3543.0,4,Malacca,181.7,181.7,88.4,1,25,75,0,61.1,none,0,0.0,2025.0,True,True,,0.0,1.0,0.0,-4.799999999999997,5.0,1.0,1,1.0
2025,CAB0370,Intra-Asia,carrier,2003,22,12,3543.0,4,Malacca,181.7,181.7,54.8,1,25,77,0,62.7,none,0,1.0,2026.0,True,True,,0.0,1.0,0.0,-33.60000000000001,2.0,0.0,1,2.0
2015,CAB0371,Intra-Asia,consortium,2005,10,3,3748.0,5,Taiwan-Strait,54.0,45.3,74.6,1,25,53,0,43.7,none,0,0.0,2016.0,True,True,,8.700000000000003,0.8388888888888888,,,,,0,
2016,CAB0371,Intra-Asia,consortium,2005,11,3,3748.0,5,Taiwan-Strait,54.0,48.9,53.6,1,25,59,0,45.2,none,0,0.0,2017.0,True,True,,5.100000000000001,0.9055555555555556,3.6000000000000014,-20.999999999999993,6.0,0.0,0,
2017,CAB0371,Intra-Asia,consortium,2005,12,3,3748.0,5,Taiwan-Strait,54.0,49.2,60.3,1,25,60,0,46.8,none,0,0.0,2018.0,True,True,,4.799999999999997,0.9111111111111112,0.30000000000000426,6.699999999999996,1.0,0.0,0,
2018,CAB0371,Intra-Asia,consortium,2005,13,3,3748.0,5,Taiwan-Strait,54.0,54.0,41.2,1,25,62,0,48.4,none,0,0.0,2019.0,True,True,,0.0,1.0,4.799999999999997,-19.099999999999994,2.0,0.0,0,
2019,CAB0371,Intra-Asia,consortium,2005,14,3,3748.0,5,Taiwan-Strait,54.0,54.0,70.9,1,25,64,0,50.0,none,0,0.0,2020.0,True,True,,0.0,1.0,0.0,29.700000000000003,2.0,0.0,0,
2020,CAB0371,Intra-Asia,consortium,2005,15,3,3748.0,5,Taiwan-Strait,54.0,54.0,100.0,1,25,66,0,51.6,none,0,0.0,2021.0,True,True,,0.0,1.0,0.0,29.099999999999994,2.0,0.0,0,
2021,CAB0371,Intra-Asia,consortium,2005,16,3,3748.0,5,Taiwan-Strait,54.0,54.0,95.9,1,25,69,0,53.2,none,0,0.0,2022.0,True,True,,0.0,1.0,0.0,-4.099999999999994,3.0,0.0,0,
2022,CAB0371,Intra-Asia,consortium,2005,17,3,3748.0,5,Taiwan-Strait,54.0,54.0,51.1,1,25,70,0,54.8,none,0,0.0,2023.0,True,True,,0.0,1.0,0.0,-44.800000000000004,1.0,0.0,0,
2023,CAB0371,Intra-Asia,consortium,2005,18,3,3748.0,5,Taiwan-Strait,54.0,54.0,94.8,1,25,70,0,56.3,none,0,1.0,2024.0,True,True,,0.0,1.0,0.0,43.699999999999996,0.0,0.0,0,
2024,CAB0371,Intra-Asia,consortium,2005,19,3,3748.0,5,Taiwan-Strait,54.0,54.0,47.6,1,25,75,0,57.9,fishing_anchor,1,0.0,2025.0,True,True,,0.0,1.0,0.0,-47.199999999999996,5.0,0.0,0,
2025,CAB0371,Intra-Asia,consortium,2005,20,3,3748.0,5,Taiwan-Strait,54.0,54.0,100.0,1,25,77,0,59.5,none,0,1.0,2026.0,True,True,,0.0,1.0,0.0,52.4,2.0,1.0,1,1.0
2015,CAB0372,Intra-Europe,government,2002,13,11,1542.0,5,None,150.9,150.9,47.0,0,25,41,0,36.5,none,0,0.0,2016.0,True,True,,0.0,1.0,,,,,0,
2016,CAB0372,Intra-Europe,government,2002,14,11,1542.0,5,None,150.9,150.9,100.0,0,25,42,0,38.1,none,0,1.0,2017.0,True,True,,0.0,1.0,0.0,53.0,1.0,0.0,0,
2017,CAB0372,Intra-Europe,government,2002,15,11,1542.0,5,None,150.9,150.9,63.9,0,25,44,0,39.7,fishing_anchor,1,0.0,2018.0,True,True,,0.0,1.0,0.0,-36.1,2.0,0.0,0,
2018,CAB0372,Intra-Europe,government,2002,16,11,1542.0,5,None,150.9,150.9,34.7,0,25,45,0,41.3,none,0,0.0,2019.0,True,True,,0.0,1.0,0.0,-29.199999999999996,1.0,1.0,1,1.0
2019,CAB0372,Intra-Europe,government,2002,17,11,1542.0,5,None,150.9,150.9,100.0,0,25,47,0,42.9,none,0,1.0,2020.0,True,True,,0.0,1.0,0.0,65.3,2.0,0.0,1,2.0
2020,CAB0372,Intra-Europe,government,2002,18,11,1542.0,5,None,150.9,150.9,61.9,0,25,49,0,44.4,fishing_anchor,1,1.0,2021.0,True,True,,0.0,1.0,0.0,-38.1,2.0,0.0,1,3.0
2021,CAB0372,Intra-Europe,government,2002,19,11,1542.0,5,None,150.9,150.9,100.0,0,25,49,0,46.0,fishing_anchor,1,0.0,2022.0,True,True,,0.0,1.0,0.0,38.1,0.0,1.0,1,1.0
2022,CAB0372,Intra-Europe,government,2002,20,11,1542.0,5,None,150.9,150.9,57.5,0,25,52,0,47.6,none,0,0.0,2023.0,True,True,,0.0,1.0,0.0,-42.5,3.0,1.0,2,1.0
2023,CAB0372,Intra-Europe,government,2002,21,11,1542.0,5,None,150.9,150.9,100.0,0,25,53,0,49.2,none,0,0.0,2024.0,True,True,,0.0,1.0,0.0,42.5,1.0,0.0,2,2.0
2024,CAB0372,Intra-Europe,government,2002,22,11,1542.0,5,None,150.9,150.9,64.2,0,25,53,0,50.8,none,0,0.0,2025.0,True,True,,0.0,1.0,0.0,-35.8,0.0,0.0,1,3.0
2025,CAB0372,Intra-Europe,government,2002,23,11,1542.0,5,None,150.9,150.9,92.8,0,25,58,0,52.4,none,0,0.0,2026.0,True,True,,0.0,1.0,0.0,28.599999999999994,5.0,0.0,0,4.0
2016,CAB0373,Intra-Asia,carrier,2016,0,14,3300.0,6,None,472.0,131.3,37.8,1,25,59,0,0.0,fishing_anchor,1,1.0,2017.0,True,True,,340.7,0.27817796610169493,,,,,0,
2017,CAB0373,Intra-Asia,carrier,2016,1,14,3300.0,6,None,472.0,143.5,72.9,1,25,60,0,1.6,fishing_anchor,1,0.0,2018.0,True,True,,328.5,0.3040254237288136,12.199999999999989,35.10000000000001,1.0,1.0,1,1.0
2018,CAB0373,Intra-Asia,carrier,2016,2,14,3300.0,6,None,472.0,204.1,26.2,1,25,62,0,3.2,none,0,1.0,2019.0,True,True,,267.9,0.4324152542372881,60.599999999999994,-46.7,2.0,1.0,2,1.0
2019,CAB0373,Intra-Asia,carrier,2016,3,14,3300.0,6,None,472.0,243.8,38.7,1,25,64,0,4.8,equipment,1,0.0,2020.0,True,True,,228.2,0.5165254237288136,39.70000000000002,12.500000000000004,2.0,0.0,2,2.0
2020,CAB0373,Intra-Asia,carrier,2016,4,14,3300.0,6,None,472.0,227.1,73.9,1,25,66,0,6.3,none,0,0.0,2021.0,True,True,,244.9,0.4811440677966102,-16.700000000000017,35.2,2.0,1.0,2,1.0
2021,CAB0373,Intra-Asia,carrier,2016,5,14,3300.0,6,None,472.0,254.4,73.3,1,25,69,0,7.9,none,0,1.0,2022.0,True,True,,217.6,0.5389830508474577,27.30000000000001,-0.6000000000000085,3.0,0.0,1,2.0
2022,CAB0373,Intra-Asia,carrier,2016,6,14,3300.0,6,None,472.0,274.5,81.9,1,25,70,0,9.5,equipment,1,1.0,2023.0,True,True,,197.5,0.5815677966101694,20.099999999999994,8.600000000000009,1.0,0.0,1,3.0
2023,CAB0373,Intra-Asia,carrier,2016,7,14,3300.0,6,None,472.0,320.9,49.4,1,25,70,0,11.1,fishing_anchor,1,0.0,2024.0,True,True,,151.10000000000002,0.6798728813559322,46.39999999999998,-32.50000000000001,0.0,1.0,1,1.0
2024,CAB0373,Intra-Asia,carrier,2016,8,14,3300.0,6,None,472.0,369.1,100.0,1,25,75,0,12.7,none,0,0.0,2025.0,True,True,,102.89999999999998,0.7819915254237289,48.200000000000045,50.6,5.0,1.0,2,1.0
2025,CAB0373,Intra-Asia,carrier,2016,9,14,3300.0,6,None,472.0,340.3,84.3,1,25,77,0,14.3,none,0,1.0,2026.0,True,True,,131.7,0.7209745762711864,-28.80000000000001,-15.700000000000003,2.0,0.0,2,2.0
2017,CAB0374,Africa-Coastal,consortium,2017,0,20,4988.0,6,None,702.9,159.6,39.2,0,25,40,0,15.9,none,0,0.0,2018.0,True,True,,543.3,0.22705932565087494,,,,,0,
2018,CAB0374,Africa-Coastal,consortium,2017,1,20,4988.0,6,None,702.9,223.0,60.0,0,25,40,0,17.5,none,0,0.0,2019.0,True,True,,479.9,0.3172570778204581,63.400000000000006,20.799999999999997,0.0,0.0,0,
2019,CAB0374,Africa-Coastal,consortium,2017,2,20,4988.0,6,None,702.9,241.8,55.4,0,25,42,0,19.0,none,0,0.0,2020.0,True,True,,461.09999999999997,0.34400341442594967,18.80000000000001,-4.600000000000001,2.0,0.0,0,
2020,CAB0374,Africa-Coastal,consortium,2017,3,20,4988.0,6,None,702.9,281.7,38.0,0,25,43,0,20.6,none,0,0.0,2021.0,True,True,,421.2,0.4007682458386684,39.89999999999998,-17.4,1.0,0.0,0,
2021,CAB0374,Africa-Coastal,consortium,2017,4,20,4988.0,6,None,702.9,337.2,15.9,0,25,44,0,22.2,none,0,0.0,2022.0,True,True,,365.7,0.47972684592402903,55.5,-22.1,1.0,0.0,0,
2022,CAB0374,Africa-Coastal,consortium,2017,5,20,4988.0,6,None,702.9,377.8,39.2,0,25,45,0,23.8,none,0,0.0,2023.0,True,True,,325.09999999999997,0.5374875515720586,40.60000000000002,23.300000000000004,1.0,0.0,0,
2023,CAB0374,Africa-Coastal,consortium,2017,6,20,4988.0,6,None,702.9,411.2,31.6,0,25,47,0,25.4,none,0,0.0,2024.0,True,True,,291.7,0.5850049793711766,33.39999999999998,-7.600000000000001,2.0,0.0,0,
2024,CAB0374,Africa-Coastal,consortium,2017,7,20,4988.0,6,None,702.9,496.9,92.1,0,25,49,0,27.0,none,0,0.0,2025.0,True,True,,206.0,0.7069284393228055,85.69999999999999,60.49999999999999,2.0,0.0,0,
2025,CAB0374,Africa-Coastal,consortium,2017,8,20,4988.0,6,None,702.9,526.3,41.0,0,25,52,0,28.6,none,0,0.0,2026.0,True,True,,176.60000000000002,0.7487551572058614,29.399999999999977,-51.099999999999994,3.0,0.0,0,
2025,CAB0375,Intra-Asia,consortium,2025,0,48,6556.0,10,Taiwan-Strait,2235.4,587.4,2.9,0,25,77,0,43.7,none,0,0.0,2026.0,True,True,,1648.0,0.26277176344278425,,,,,0,
2015,CAB0376,Intra-Europe,carrier,1999,16,2,579.0,4,None,18.9,18.9,68.4,0,25,41,0,41.3,none,0,0.0,2016.0,True,True,,0.0,1.0,,,,,0,
2016,CAB0376,Intra-Europe,carrier,1999,17,2,579.0,4,None,18.9,18.9,100.0,0,25,42,0,42.9,none,0,0.0,2017.0,True,True,,0.0,1.0,0.0,31.599999999999994,1.0,0.0,0,
2017,CAB0376,Intra-Europe,carrier,1999,18,2,579.0,4,None,18.9,18.9,59.6,0,25,44,0,44.4,none,0,1.0,2018.0,True,True,,0.0,1.0,0.0,-40.4,2.0,0.0,0,
2018,CAB0376,Intra-Europe,carrier,1999,19,2,579.0,4,None,18.9,18.9,79.9,0,25,45,0,46.0,fishing_anchor,1,0.0,2019.0,True,True,,0.0,1.0,0.0,20.300000000000004,1.0,0.0,0,
2019,CAB0376,Intra-Europe,carrier,1999,20,2,579.0,4,None,18.9,18.9,79.6,0,25,47,0,47.6,none,0,0.0,2020.0,True,True,,0.0,1.0,0.0,-0.30000000000001137,2.0,1.0,1,1.0
2020,CAB0376,Intra-Europe,carrier,1999,21,2,579.0,4,None,18.9,18.9,100.0,0,25,49,0,49.2,none,0,0.0,2021.0,True,True,,0.0,1.0,0.0,20.400000000000006,2.0,0.0,1,2.0
2021,CAB0376,Intra-Europe,carrier,1999,22,2,579.0,4,None,18.9,18.9,100.0,0,25,49,0,50.8,none,0,0.0,2022.0,True,True,,0.0,1.0,0.0,0.0,0.0,0.0,1,3.0
2022,CAB0376,Intra-Europe,carrier,1999,23,2,579.0,4,None,18.9,18.9,100.0,0,25,52,0,52.4,none,0,0.0,2023.0,True,True,,0.0,1.0,0.0,0.0,3.0,0.0,0,4.0
2023,CAB0376,Intra-Europe,carrier,1999,24,2,579.0,4,None,18.9,18.9,100.0,0,25,53,0,54.0,none,0,0.0,2024.0,True,True,,0.0,1.0,0.0,0.0,1.0,0.0,0,5.0
2024,CAB0376,Intra-Europe,carrier,1999,25,2,579.0,4,None,18.9,18.9,92.0,0,25,53,0,55.6,none,0,0.0,2025.0,True,True,,0.0,1.0,0.0,-8.0,0.0,0.0,0,6.0
2025,CAB0376,Intra-Europe,carrier,1999,26,2,579.0,4,None,18.9,18.9,93.2,0,25,58,0,57.1,none,0,0.0,2026.0,True,True,,0.0,1.0,0.0,1.2000000000000028,5.0,0.0,0,7.0
2015,CAB0377,EMEA-Asia,consortium,2014,1,4,10438.0,3,None,123.4,35.0,65.1,1,25,27,1,21.4,none,0,0.0,2016.0,True,True,,88.4,0.28363047001620745,,,,,0,
2016,CAB0377,EMEA-Asia,consortium,2014,2,4,10438.0,3,None,123.4,46.6,10.5,1,25,29,1,23.0,none,0,0.0,2017.0,True,True,,76.80000000000001,0.37763371150729336,11.600000000000001,-54.599999999999994,2.0,0.0,0,
2017,CAB0377,EMEA-Asia,consortium,2014,3,4,10438.0,3,None,123.4,48.1,55.4,1,25,32,1,24.6,none,0,0.0,2018.0,True,True,,75.30000000000001,0.3897893030794165,1.5,44.9,3.0,0.0,0,
2018,CAB0377,EMEA-Asia,consortium,2014,4,4,10438.0,3,None,123.4,54.8,47.6,1,25,34,1,26.2,none,0,0.0,2019.0,True,True,,68.60000000000001,0.44408427876823336,6.699999999999996,-7.799999999999997,2.0,0.0,0,
2019,CAB0377,EMEA-Asia,consortium,2014,5,4,10438.0,3,None,123.4,62.5,42.4,1,25,37,1,27.8,none,0,0.0,2020.0,True,True,,60.900000000000006,0.506482982171799,7.700000000000003,-5.200000000000003,3.0,0.0,0,
2020,CAB0377,EMEA-Asia,consortium,2014,6,4,10438.0,3,None,123.4,75.2,25.6,1,25,40,0,9.5,none,0,0.0,2021.0,True,True,,48.2,0.6094003241491086,12.700000000000003,-16.799999999999997,3.0,0.0,0,
2021,CAB0377,EMEA-Asia,consortium,2014,7,4,10438.0,3,None,123.4,69.2,59.1,1,25,44,0,11.1,none,0,0.0,2022.0,True,True,,54.2,0.5607779578606159,-6.0,33.5,4.0,0.0,0,
2022,CAB0377,EMEA-Asia,consortium,2014,8,4,10438.0,3,None,123.4,92.3,70.6,1,25,45,0,12.7,none,0,0.0,2023.0,True,True,,31.10000000000001,0.7479740680713127,23.099999999999994,11.499999999999993,1.0,0.0,0,
2023,CAB0377,EMEA-Asia,consortium,2014,9,4,10438.0,3,None,123.4,103.0,35.7,1,25,47,0,14.3,none,0,0.0,2024.0,True,True,,20.400000000000006,0.8346839546191248,10.700000000000003,-34.89999999999999,2.0,0.0,0,
2024,CAB0377,EMEA-Asia,consortium,2014,10,4,10438.0,3,None,123.4,99.9,46.2,1,25,48,0,15.9,none,0,0.0,2025.0,True,True,,23.5,0.8095623987034036,-3.0999999999999943,10.5,1.0,0.0,0,
2025,CAB0377,EMEA-Asia,consortium,2014,11,4,10438.0,3,None,123.4,102.0,69.6,1,25,47,0,17.5,none,0,0.0,2026.0,True,True,,21.400000000000006,0.8265802269043759,2.0999999999999943,23.39999999999999,-1.0,0.0,0,
2021,CAB0378,Indian-Ocean,carrier,2021,0,8,9403.0,4,Malacca,326.9,90.1,61.9,0,25,39,1,63.5,none,0,0.0,2022.0,True,True,,236.79999999999998,0.27561945549097583,,,,,0,
2022,CAB0378,Indian-Ocean,carrier,2021,1,8,9403.0,4,Malacca,326.9,99.1,27.3,0,25,39,1,65.1,none,0,0.0,2023.0,True,True,,227.79999999999998,0.30315081064545735,9.0,-34.599999999999994,0.0,0.0,0,
2023,CAB0378,Indian-Ocean,carrier,2021,2,8,9403.0,4,Malacca,326.9,132.9,51.4,0,25,40,0,46.8,none,0,0.0,2024.0,True,True,,193.99999999999997,0.40654634444784343,33.80000000000001,24.099999999999998,1.0,0.0,0,
2024,CAB0378,Indian-Ocean,carrier,2021,3,8,9403.0,4,Malacca,326.9,154.3,45.4,0,25,41,0,48.4,none,0,0.0,2025.0,True,True,,172.59999999999997,0.4720097889262772,21.400000000000006,-6.0,1.0,0.0,0,
2025,CAB0378,Indian-Ocean,carrier,2021,4,8,9403.0,4,Malacca,326.9,163.5,51.5,0,25,44,0,50.0,none,0,0.0,2026.0,True,True,,163.39999999999998,0.5001529519730805,9.199999999999989,6.100000000000001,3.0,0.0,0,
2015,CAB0379,Indian-Ocean,consortium,2009,6,7,6044.0,3,Bab-el-Mandeb,166.0,101.7,61.6,1,25,31,1,57.1,none,0,0.0,2016.0,True,True,,64.3,0.6126506024096385,,,,,0,
2016,CAB0379,Indian-Ocean,consortium,2009,7,7,6044.0,3,Bab-el-Mandeb,166.0,111.8,65.9,1,25,33,1,58.7,none,0,1.0,2017.0,True,True,,54.2,0.6734939759036145,10.099999999999994,4.300000000000004,2.0,0.0,0,
2017,CAB0379,Indian-Ocean,consortium,2009,8,7,6044.0,3,Bab-el-Mandeb,166.0,125.6,32.7,1,25,33,1,60.3,fishing_anchor,1,0.0,2018.0,True,True,,40.400000000000006,0.7566265060240963,13.799999999999997,-33.2,0.0,0.0,0,
2018,CAB0379,Indian-Ocean,consortium,2009,9,7,6044.0,3,Bab-el-Mandeb,166.0,138.5,87.8,1,25,35,1,61.9,none,0,1.0,2019.0,True,True,,27.5,0.8343373493975904,12.900000000000006,55.099999999999994,2.0,1.0,1,1.0
2019,CAB0379,Indian-Ocean,consortium,2009,10,7,6044.0,3,Bab-el-Mandeb,166.0,140.1,69.9,1,25,35,1,63.5,fishing_anchor,1,0.0,2020.0,True,True,,25.900000000000006,0.8439759036144578,1.5999999999999943,-17.89999999999999,0.0,0.0,1,2.0
2020,CAB0379,Indian-Ocean,consortium,2009,11,7,6044.0,3,Bab-el-Mandeb,166.0,159.9,52.2,1,25,36,1,65.1,none,0,0.0,2021.0,True,True,,6.099999999999994,0.9632530120481928,19.80000000000001,-17.700000000000003,1.0,1.0,2,1.0
2021,CAB0379,Indian-Ocean,consortium,2009,12,7,6044.0,3,Bab-el-Mandeb,166.0,166.0,73.6,1,25,39,1,66.7,none,0,0.0,2022.0,True,True,,0.0,1.0,6.099999999999994,21.39999999999999,3.0,0.0,1,2.0
2022,CAB0379,Indian-Ocean,consortium,2009,13,7,6044.0,3,Bab-el-Mandeb,166.0,166.0,46.4,1,25,39,1,68.3,none,0,0.0,2023.0,True,True,,0.0,1.0,0.0,-27.199999999999996,0.0,0.0,1,3.0
2023,CAB0379,Indian-Ocean,consortium,2009,14,7,6044.0,3,Bab-el-Mandeb,166.0,163.5,60.3,1,25,40,0,50.0,none,0,1.0,2024.0,True,True,,2.5,0.9849397590361446,-2.5,13.899999999999999,1.0,0.0,0,4.0
2024,CAB0379,Indian-Ocean,consortium,2009,15,7,6044.0,3,Bab-el-Mandeb,166.0,166.0,85.5,1,25,41,0,51.6,fishing_anchor,1,0.0,2025.0,True,True,,0.0,1.0,2.5,25.200000000000003,1.0,0.0,0,5.0
2025,CAB0379,Indian-Ocean,consortium,2009,16,7,6044.0,3,Bab-el-Mandeb,166.0,166.0,79.0,1,25,44,0,53.2,none,0,1.0,2026.0,True,True,,0.0,1.0,0.0,-6.5,3.0,1.0,1,1.0
2024,CAB0380,Intra-Asia,consortium,2024,0,24,5230.0,4,Taiwan-Strait,1083.4,242.9,13.2,1,25,75,0,27.8,none,0,0.0,2025.0,True,True,,840.5000000000001,0.22420158759460954,,,,,0,
2025,CAB0380,Intra-Asia,consortium,2024,1,24,5230.0,4,Taiwan-Strait,1083.4,389.0,75.6,1,25,77,0,29.4,none,0,0.0,2026.0,True,True,,694.4000000000001,0.3590548273952372,146.1,62.39999999999999,2.0,0.0,0,
2015,CAB0381,Trans-Pacific,consortium,2009,6,3,11882.0,3,None,71.1,41.3,65.3,1,25,35,1,29.4,none,0,0.0,2016.0,True,True,,29.799999999999997,0.5808720112517581,,,,,0,
2016,CAB0381,Trans-Pacific,consortium,2009,7,3,11882.0,3,None,71.1,50.8,84.4,1,25,37,1,31.0,none,0,0.0,2017.0,True,True,,20.299999999999997,0.7144866385372715,9.5,19.10000000000001,2.0,0.0,0,
2017,CAB0381,Trans-Pacific,consortium,2009,8,3,11882.0,3,None,71.1,51.6,45.5,1,25,38,1,32.5,none,0,0.0,2018.0,True,True,,19.499999999999993,0.7257383966244727,0.8000000000000043,-38.900000000000006,1.0,0.0,0,
2018,CAB0381,Trans-Pacific,consortium,2009,9,3,11882.0,3,None,71.1,53.4,62.2,1,25,39,1,34.1,none,0,0.0,2019.0,True,True,,17.699999999999996,0.7510548523206751,1.7999999999999972,16.700000000000003,1.0,0.0,0,
2019,CAB0381,Trans-Pacific,consortium,2009,10,3,11882.0,3,None,71.1,64.4,31.3,1,25,41,0,15.9,none,0,1.0,2020.0,True,True,,6.699999999999989,0.9057665260196908,11.000000000000007,-30.900000000000002,2.0,0.0,0,
2020,CAB0381,Trans-Pacific,consortium,2009,11,3,11882.0,3,None,71.1,67.3,52.1,1,25,42,0,17.5,fishing_anchor,1,0.0,2021.0,True,True,,3.799999999999997,0.9465541490857947,2.8999999999999915,20.8,1.0,0.0,0,
2021,CAB0381,Trans-Pacific,consortium,2009,12,3,11882.0,3,None,71.1,64.0,53.4,1,25,43,0,19.0,none,0,0.0,2022.0,True,True,,7.099999999999994,0.9001406469760901,-3.299999999999997,1.2999999999999972,1.0,1.0,1,1.0
2022,CAB0381,Trans-Pacific,consortium,2009,13,3,11882.0,3,None,71.1,71.1,66.9,1,25,45,0,20.6,none,0,0.0,2023.0,True,True,,0.0,1.0,7.099999999999994,13.500000000000007,2.0,0.0,1,2.0
2023,CAB0381,Trans-Pacific,consortium,2009,14,3,11882.0,3,None,71.1,71.1,71.1,1,25,47,0,22.2,none,0,1.0,2024.0,True,True,,0.0,1.0,0.0,4.199999999999989,2.0,0.0,1,3.0
2024,CAB0381,Trans-Pacific,consortium,2009,15,3,11882.0,3,None,71.1,71.1,46.3,1,25,49,0,23.8,fishing_anchor,1,0.0,2025.0,True,True,,0.0,1.0,0.0,-24.799999999999997,2.0,0.0,0,4.0
2025,CAB0381,Trans-Pacific,consortium,2009,16,3,11882.0,3,None,71.1,71.1,98.3,1,25,50,0,25.4,none,0,1.0,2026.0,True,True,,0.0,1.0,0.0,52.0,1.0,1.0,1,1.0
2015,CAB0382,Africa-Coastal,consortium,2013,2,9,9099.0,2,None,264.9,112.4,18.0,0,25,36,1,50.8,fishing_anchor,1,0.0,2016.0,True,True,,152.49999999999997,0.424311060777652,,,,,0,
2016,CAB0382,Africa-Coastal,consortium,2013,3,9,9099.0,2,None,264.9,113.1,54.4,0,25,37,1,52.4,none,0,0.0,2017.0,True,True,,151.79999999999998,0.4269535673839185,0.6999999999999886,36.4,1.0,1.0,1,1.0
2017,CAB0382,Africa-Coastal,consortium,2013,4,9,9099.0,2,None,264.9,109.2,30.1,0,25,40,0,34.1,none,0,0.0,2018.0,True,True,,155.7,0.4122310305775765,-3.8999999999999915,-24.299999999999997,3.0,0.0,1,2.0
2018,CAB0382,Africa-Coastal,consortium,2013,5,9,9099.0,2,None,264.9,150.7,30.4,0,25,40,0,35.7,none,0,0.0,2019.0,True,True,,114.19999999999999,0.5688939222348056,41.499999999999986,0.29999999999999716,0.0,0.0,1,3.0
2019,CAB0382,Africa-Coastal,consortium,2013,6,9,9099.0,2,None,264.9,163.2,74.7,0,25,42,0,37.3,none,0,0.0,2020.0,True,True,,101.69999999999999,0.6160815402038505,12.5,44.300000000000004,2.0,0.0,0,4.0
2020,CAB0382,Africa-Coastal,consortium,2013,7,9,9099.0,2,None,264.9,178.5,87.2,0,25,43,0,38.9,none,0,0.0,2021.0,True,True,,86.39999999999998,0.6738391845979615,15.300000000000011,12.5,1.0,0.0,0,5.0
2021,CAB0382,Africa-Coastal,consortium,2013,8,9,9099.0,2,None,264.9,186.2,38.2,0,25,44,0,40.5,none,0,0.0,2022.0,True,True,,78.69999999999999,0.7029067572668932,7.699999999999989,-49.0,1.0,0.0,0,6.0
2022,CAB0382,Africa-Coastal,consortium,2013,9,9,9099.0,2,None,264.9,179.3,59.6,0,25,45,0,42.1,none,0,0.0,2023.0,True,True,,85.59999999999997,0.6768591921479805,-6.899999999999977,21.4,1.0,0.0,0,7.0
2023,CAB0382,Africa-Coastal,consortium,2013,10,9,9099.0,2,None,264.9,226.6,76.8,0,25,47,0,43.7,none,0,0.0,2024.0,True,True,,38.29999999999998,0.8554171385428464,47.29999999999998,17.199999999999996,2.0,0.0,0,8.0
2024,CAB0382,Africa-Coastal,consortium,2013,11,9,9099.0,2,None,264.9,234.0,37.8,0,25,49,0,45.2,none,0,0.0,2025.0,True,True,,30.899999999999977,0.883352208380521,7.400000000000006,-39.0,2.0,0.0,0,9.0
2025,CAB0382,Africa-Coastal,consortium,2013,12,9,9099.0,2,None,264.9,261.5,79.6,0,25,52,0,46.8,none,0,1.0,2026.0,True,True,,3.3999999999999773,0.9871649679124198,27.5,41.8,3.0,0.0,0,10.0
2015,CAB0383,Trans-Atlantic,consortium,2010,5,16,7326.0,2,None,402.3,228.6,47.0,0,25,33,1,55.6,none,0,0.0,2016.0,True,True,,173.70000000000002,0.5682326621923937,,,,,0,
2016,CAB0383,Trans-Atlantic,consortium,2010,6,16,7326.0,2,None,402.3,262.6,46.9,0,25,37,1,57.1,none,0,0.0,2017.0,True,True,,139.7,0.6527467064379816,34.00000000000003,-0.10000000000000142,4.0,0.0,0,
2017,CAB0383,Trans-Atlantic,consortium,2010,7,16,7326.0,2,None,402.3,278.6,45.0,0,25,37,1,58.7,none,0,0.0,2018.0,True,True,,123.69999999999999,0.6925180213770818,16.0,-1.8999999999999986,0.0,0.0,0,
2018,CAB0383,Trans-Atlantic,consortium,2010,8,16,7326.0,2,None,402.3,283.1,63.1,0,25,40,0,40.5,none,0,0.0,2019.0,True,True,,119.19999999999999,0.7037037037037037,4.5,18.1,3.0,0.0,0,
2019,CAB0383,Trans-Atlantic,consortium,2010,9,16,7326.0,2,None,402.3,300.5,43.4,0,25,45,0,42.1,none,0,0.0,2020.0,True,True,,101.80000000000001,0.7469550086999751,17.399999999999977,-19.700000000000003,5.0,0.0,0,
2020,CAB0383,Trans-Atlantic,consortium,2010,10,16,7326.0,2,None,402.3,339.6,76.0,0,25,48,0,43.7,none,0,0.0,2021.0,True,True,,62.69999999999999,0.8441461595824012,39.10000000000002,32.6,3.0,0.0,0,
2021,CAB0383,Trans-Atlantic,consortium,2010,11,16,7326.0,2,None,402.3,378.7,66.7,0,25,50,0,45.2,none,0,0.0,2022.0,True,True,,23.600000000000023,0.9413373104648272,39.099999999999966,-9.299999999999997,2.0,0.0,0,
2022,CAB0383,Trans-Atlantic,consortium,2010,12,16,7326.0,2,None,402.3,357.5,63.8,0,25,51,0,46.8,none,0,0.0,2023.0,True,True,,44.80000000000001,0.8886403181705195,-21.19999999999999,-2.9000000000000057,1.0,0.0,0,
2023,CAB0383,Trans-Atlantic,consortium,2010,13,16,7326.0,2,None,402.3,386.0,53.4,0,25,54,0,48.4,none,0,0.0,2024.0,True,True,,16.30000000000001,0.9594829729057917,28.5,-10.399999999999999,3.0,0.0,0,
2024,CAB0383,Trans-Atlantic,consortium,2010,14,16,7326.0,2,None,402.3,402.3,51.7,0,25,58,0,50.0,none,0,0.0,2025.0,True,True,,0.0,1.0,16.30000000000001,-1.6999999999999957,4.0,0.0,0,
2025,CAB0383,Trans-Atlantic,consortium,2010,15,16,7326.0,2,None,402.3,402.3,39.5,0,25,62,0,51.6,none,0,1.0,2026.0,True,True,,0.0,1.0,0.0,-12.200000000000003,4.0,0.0,0,
2016,CAB0384,Trans-Atlantic,consortium,2016,0,7,5041.0,3,None,236.0,57.9,28.3,0,25,37,1,35.7,none,0,0.0,2017.0,True,True,,178.1,0.24533898305084745,,,,,0,
2017,CAB0384,Trans-Atlantic,consortium,2016,1,7,5041.0,3,None,236.0,63.8,14.3,0,25,37,1,37.3,none,0,0.0,2018.0,True,True,,172.2,0.27033898305084747,5.899999999999999,-14.0,0.0,0.0,0,
2018,CAB0384,Trans-Atlantic,consortium,2016,2,7,5041.0,3,None,236.0,72.4,68.2,0,25,40,0,19.0,none,0,0.0,2019.0,True,True,,163.6,0.3067796610169492,8.600000000000009,53.900000000000006,3.0,0.0,0,
2019,CAB0384,Trans-Atlantic,consortium,2016,3,7,5041.0,3,None,236.0,91.5,22.1,0,25,45,0,20.6,none,0,0.0,2020.0,True,True,,144.5,0.3877118644067797,19.099999999999994,-46.1,5.0,0.0,0,
2020,CAB0384,Trans-Atlantic,consortium,2016,4,7,5041.0,3,None,236.0,113.9,82.2,0,25,48,0,22.2,none,0,1.0,2021.0,True,True,,122.1,0.4826271186440678,22.400000000000006,60.1,3.0,0.0,0,
2021,CAB0384,Trans-Atlantic,consortium,2016,5,7,5041.0,3,None,236.0,110.0,58.6,0,25,50,0,23.8,fishing_anchor,1,1.0,2022.0,True,True,,126.0,0.4661016949152542,-3.9000000000000057,-23.6,2.0,0.0,0,
2022,CAB0384,Trans-Atlantic,consortium,2016,6,7,5041.0,3,None,236.0,145.8,35.5,0,25,51,0,25.4,fishing_anchor,1,0.0,2023.0,True,True,,90.19999999999999,0.6177966101694916,35.80000000000001,-23.1,1.0,1.0,1,1.0
2023,CAB0384,Trans-Atlantic,consortium,2016,7,7,5041.0,3,None,236.0,159.1,65.0,0,25,54,0,27.0,none,0,0.0,2024.0,True,True,,76.9,0.6741525423728814,13.299999999999983,29.5,3.0,1.0,2,1.0
2024,CAB0384,Trans-Atlantic,consortium,2016,8,7,5041.0,3,None,236.0,160.4,26.2,0,25,58,0,28.6,none,0,0.0,2025.0,True,True,,75.6,0.6796610169491526,1.3000000000000114,-38.8,4.0,0.0,2,2.0
2025,CAB0384,Trans-Atlantic,consortium,2016,9,7,5041.0,3,None,236.0,169.9,100.0,0,25,62,0,30.2,none,0,0.0,2026.0,True,True,,66.1,0.7199152542372882,9.5,73.8,4.0,0.0,1,3.0
2015,CAB0385,Intra-Europe,consortium,2008,7,15,2629.0,10,None,334.3,231.0,45.8,0,25,41,0,27.0,none,0,0.0,2016.0,True,True,,103.30000000000001,0.6909961112772958,,,,,0,
2016,CAB0385,Intra-Europe,consortium,2008,8,15,2629.0,10,None,334.3,234.0,66.5,0,25,42,0,28.6,none,0,1.0,2017.0,True,True,,100.30000000000001,0.6999700867484295,3.0,20.700000000000003,1.0,0.0,0,
2017,CAB0385,Intra-Europe,consortium,2008,9,15,2629.0,10,None,334.3,264.2,32.4,0,25,44,0,30.2,fishing_anchor,1,0.0,2018.0,True,True,,70.10000000000002,0.7903081064911756,30.19999999999999,-34.1,2.0,0.0,0,
2018,CAB0385,Intra-Europe,consortium,2008,10,15,2629.0,10,None,334.3,261.8,45.7,0,25,45,0,31.7,none,0,0.0,2019.0,True,True,,72.5,0.7831289261142687,-2.3999999999999773,13.300000000000004,1.0,1.0,1,1.0
2019,CAB0385,Intra-Europe,consortium,2008,11,15,2629.0,10,None,334.3,274.0,30.5,0,25,47,0,33.3,none,0,1.0,2020.0,True,True,,60.30000000000001,0.8196230930302123,12.199999999999989,-15.200000000000003,2.0,0.0,1,2.0
2020,CAB0385,Intra-Europe,consortium,2008,12,15,2629.0,10,None,334.3,310.4,45.7,0,25,49,0,34.9,suspected_external,1,1.0,2021.0,True,True,,23.900000000000034,0.9285073287466347,36.39999999999998,15.200000000000003,2.0,0.0,1,3.0
2021,CAB0385,Intra-Europe,consortium,2008,13,15,2629.0,10,None,334.3,334.3,86.1,0,25,49,0,36.5,natural_hazard,1,0.0,2022.0,True,True,,0.0,1.0,23.900000000000034,40.39999999999999,0.0,1.0,1,1.0
2022,CAB0385,Intra-Europe,consortium,2008,14,15,2629.0,10,None,334.3,334.3,61.1,0,25,52,0,38.1,none,0,0.0,2023.0,True,True,,0.0,1.0,0.0,-24.999999999999993,3.0,1.0,2,1.0
2023,CAB0385,Intra-Europe,consortium,2008,15,15,2629.0,10,None,334.3,334.3,85.7,0,25,53,0,39.7,none,0,0.0,2024.0,True,True,,0.0,1.0,0.0,24.6,1.0,0.0,2,2.0
2024,CAB0385,Intra-Europe,consortium,2008,16,15,2629.0,10,None,334.3,334.3,100.0,0,25,53,0,41.3,none,0,0.0,2025.0,True,True,,0.0,1.0,0.0,14.299999999999997,0.0,0.0,1,3.0
2025,CAB0385,Intra-Europe,consortium,2008,17,15,2629.0,10,None,334.3,334.3,37.4,0,25,58,0,42.9,none,0,0.0,2026.0,True,True,,0.0,1.0,0.0,-62.6,5.0,0.0,0,4.0
2023,CAB0386,EMEA-Asia,consortium,2023,0,11,10366.0,5,Suez,480.9,139.4,10.0,1,25,47,0,27.8,none,0,0.0,2024.0,True,True,,341.5,0.2898731545019755,,,,,0,
2024,CAB0386,EMEA-Asia,consortium,2023,1,11,10366.0,5,Suez,480.9,170.5,11.5,1,25,48,0,29.4,none,0,1.0,2025.0,True,True,,310.4,0.35454356415055105,31.099999999999994,1.5,1.0,0.0,0,
2025,CAB0386,EMEA-Asia,consortium,2023,2,11,10366.0,5,Suez,480.9,147.4,59.4,1,25,47,0,31.0,suspected_external,1,0.0,2026.0,True,True,,333.5,0.3065086296527345,-23.099999999999994,47.9,-1.0,0.0,0,
2018,CAB0387,Indian-Ocean,hyperscaler,2018,0,21,10736.0,7,None,768.0,180.3,60.2,0,25,35,1,35.7,none,0,1.0,2019.0,True,True,,587.7,0.234765625,,,,,0,
2019,CAB0387,Indian-Ocean,hyperscaler,2018,1,21,10736.0,7,None,768.0,250.4,70.0,0,25,35,1,37.3,fishing_anchor,1,1.0,2020.0,True,True,,517.6,0.3260416666666667,70.1,9.799999999999997,0.0,0.0,0,
2020,CAB0387,Indian-Ocean,hyperscaler,2018,2,21,10736.0,7,None,768.0,306.7,78.2,0,25,36,1,38.9,fishing_anchor,1,0.0,2021.0,True,True,,461.3,0.39934895833333334,56.29999999999998,8.200000000000003,1.0,1.0,1,1.0
2021,CAB0387,Indian-Ocean,hyperscaler,2018,3,21,10736.0,7,None,768.0,353.4,21.4,0,25,39,1,40.5,none,0,0.0,2022.0,True,True,,414.6,0.46015625,46.69999999999999,-56.800000000000004,3.0,1.0,2,1.0
2022,CAB0387,Indian-Ocean,hyperscaler,2018,4,21,10736.0,7,None,768.0,361.1,52.9,0,25,39,1,42.1,none,0,0.0,2023.0,True,True,,406.9,0.4701822916666667,7.7000000000000455,31.5,0.0,0.0,2,2.0
2023,CAB0387,Indian-Ocean,hyperscaler,2018,5,21,10736.0,7,None,768.0,404.0,52.8,0,25,40,0,23.8,none,0,0.0,2024.0,True,True,,364.0,0.5260416666666666,42.89999999999998,-0.10000000000000142,1.0,0.0,1,3.0
2024,CAB0387,Indian-Ocean,hyperscaler,2018,6,21,10736.0,7,None,768.0,380.2,50.0,0,25,41,0,25.4,none,0,0.0,2025.0,True,True,,387.8,0.49505208333333334,-23.80000000000001,-2.799999999999997,1.0,0.0,0,4.0
2025,CAB0387,Indian-Ocean,hyperscaler,2018,7,21,10736.0,7,None,768.0,535.1,53.9,0,25,44,0,27.0,none,0,0.0,2026.0,True,True,,232.89999999999998,0.6967447916666667,154.90000000000003,3.8999999999999986,3.0,0.0,0,5.0
2015,CAB0388,Indian-Ocean,consortium,2012,3,13,12946.0,9,Suez,364.0,166.3,83.7,1,25,31,1,52.4,none,0,0.0,2016.0,True,True,,197.7,0.4568681318681319,,,,,0,
2016,CAB0388,Indian-Ocean,consortium,2012,4,13,12946.0,9,Suez,364.0,170.4,83.9,1,25,33,1,54.0,none,0,0.0,2017.0,True,True,,193.6,0.46813186813186813,4.099999999999994,0.20000000000000284,2.0,0.0,0,
2017,CAB0388,Indian-Ocean,consortium,2012,5,13,12946.0,9,Suez,364.0,230.6,64.2,1,25,33,1,55.6,none,0,0.0,2018.0,True,True,,133.4,0.6335164835164835,60.19999999999999,-19.700000000000003,0.0,0.0,0,
2018,CAB0388,Indian-Ocean,consortium,2012,6,13,12946.0,9,Suez,364.0,243.0,44.3,1,25,35,1,57.1,none,0,0.0,2019.0,True,True,,121.0,0.6675824175824175,12.400000000000006,-19.900000000000006,2.0,0.0,0,
2019,CAB0388,Indian-Ocean,consortium,2012,7,13,12946.0,9,Suez,364.0,241.5,20.0,1,25,35,1,58.7,none,0,1.0,2020.0,True,True,,122.5,0.6634615384615384,-1.5,-24.299999999999997,0.0,0.0,0,
2020,CAB0388,Indian-Ocean,consortium,2012,8,13,12946.0,9,Suez,364.0,247.2,70.5,1,25,36,1,60.3,fishing_anchor,1,0.0,2021.0,True,True,,116.80000000000001,0.679120879120879,5.699999999999989,50.5,1.0,0.0,0,
2021,CAB0388,Indian-Ocean,consortium,2012,9,13,12946.0,9,Suez,364.0,279.2,29.9,1,25,39,1,61.9,none,0,0.0,2022.0,True,True,,84.80000000000001,0.767032967032967,32.0,-40.6,3.0,1.0,1,1.0
2022,CAB0388,Indian-Ocean,consortium,2012,10,13,12946.0,9,Suez,364.0,311.7,57.3,1,25,39,1,63.5,none,0,1.0,2023.0,True,True,,52.30000000000001,0.8563186813186813,32.5,27.4,0.0,0.0,1,2.0
2023,CAB0388,Indian-Ocean,consortium,2012,11,13,12946.0,9,Suez,364.0,323.0,74.4,1,25,40,0,45.2,fishing_anchor,1,0.0,2024.0,True,True,,41.0,0.8873626373626373,11.300000000000011,17.10000000000001,1.0,0.0,1,3.0
2024,CAB0388,Indian-Ocean,consortium,2012,12,13,12946.0,9,Suez,364.0,352.8,72.1,1,25,41,0,46.8,none,0,0.0,2025.0,True,True,,11.199999999999989,0.9692307692307692,29.80000000000001,-2.3000000000000114,1.0,1.0,1,1.0
2025,CAB0388,Indian-Ocean,consortium,2012,13,13,12946.0,9,Suez,364.0,356.5,100.0,1,25,44,0,48.4,none,0,0.0,2026.0,True,True,,7.5,0.9793956043956044,3.6999999999999886,27.900000000000006,3.0,0.0,1,2.0
2015,CAB0389,Intra-Asia,consortium,2001,14,8,2936.0,7,Malacca,98.3,98.3,62.4,1,25,53,0,50.0,fishing_anchor,1,0.0,2016.0,True,True,,0.0,1.0,,,,,0,
2016,CAB0389,Intra-Asia,consortium,2001,15,8,2936.0,7,Malacca,98.3,98.3,62.7,1,25,59,0,51.6,none,0,0.0,2017.0,True,True,,0.0,1.0,0.0,0.30000000000000426,6.0,1.0,1,1.0
2017,CAB0389,Intra-Asia,consortium,2001,16,8,2936.0,7,Malacca,98.3,98.3,62.0,1,25,60,0,53.2,none,0,0.0,2018.0,True,True,,0.0,1.0,0.0,-0.7000000000000028,1.0,0.0,1,2.0
2018,CAB0389,Intra-Asia,consortium,2001,17,8,2936.0,7,Malacca,98.3,98.3,100.0,1,25,62,0,54.8,none,0,0.0,2019.0,True,True,,0.0,1.0,0.0,38.0,2.0,0.0,1,3.0
2019,CAB0389,Intra-Asia,consortium,2001,18,8,2936.0,7,Malacca,98.3,98.3,75.7,1,25,64,0,56.3,none,0,0.0,2020.0,True,True,,0.0,1.0,0.0,-24.299999999999997,2.0,0.0,0,4.0
2020,CAB0389,Intra-Asia,consortium,2001,19,8,2936.0,7,Malacca,98.3,98.3,80.3,1,25,66,0,57.9,none,0,0.0,2021.0,True,True,,0.0,1.0,0.0,4.599999999999994,2.0,0.0,0,5.0
2021,CAB0389,Intra-Asia,consortium,2001,20,8,2936.0,7,Malacca,98.3,98.3,100.0,1,25,69,0,59.5,none,0,0.0,2022.0,True,True,,0.0,1.0,0.0,19.700000000000003,3.0,0.0,0,6.0
2022,CAB0389,Intra-Asia,consortium,2001,21,8,2936.0,7,Malacca,98.3,98.3,100.0,1,25,70,0,61.1,none,0,0.0,2023.0,True,True,,0.0,1.0,0.0,0.0,1.0,0.0,0,7.0
2023,CAB0389,Intra-Asia,consortium,2001,22,8,2936.0,7,Malacca,98.3,98.3,100.0,1,25,70,0,62.7,none,0,1.0,2024.0,True,True,,0.0,1.0,0.0,0.0,0.0,0.0,0,8.0
2024,CAB0389,Intra-Asia,consortium,2001,23,8,2936.0,7,Malacca,98.3,98.3,84.9,1,25,75,0,64.3,fishing_anchor,1,0.0,2025.0,True,True,,0.0,1.0,0.0,-15.099999999999994,5.0,0.0,0,9.0
2025,CAB0389,Intra-Asia,consortium,2001,24,8,2936.0,7,Malacca,98.3,98.3,74.3,1,25,77,0,65.9,none,0,1.0,2026.0,True,True,,0.0,1.0,0.0,-10.600000000000009,2.0,1.0,1,1.0
2015,CAB0390,Indian-Ocean,hyperscaler,2013,2,27,9180.0,2,None,794.6,251.7,18.0,0,25,31,1,50.8,none,0,0.0,2016.0,True,True,,542.9000000000001,0.3167631512710798,,,,,0,
2016,CAB0390,Indian-Ocean,hyperscaler,2013,3,27,9180.0,2,None,794.6,296.7,82.3,0,25,33,1,52.4,none,0,0.0,2017.0,True,True,,497.90000000000003,0.37339541907878177,45.0,64.3,2.0,0.0,0,
2017,CAB0390,Indian-Ocean,hyperscaler,2013,4,27,9180.0,2,None,794.6,432.3,50.5,0,25,33,1,54.0,none,0,0.0,2018.0,True,True,,362.3,0.5440473194059904,135.60000000000002,-31.799999999999997,0.0,0.0,0,
2018,CAB0390,Indian-Ocean,hyperscaler,2013,5,27,9180.0,2,None,794.6,383.7,43.5,0,25,35,1,55.6,none,0,0.0,2019.0,True,True,,410.90000000000003,0.48288447017367225,-48.60000000000002,-7.0,2.0,0.0,0,
2019,CAB0390,Indian-Ocean,hyperscaler,2013,6,27,9180.0,2,None,794.6,479.8,24.5,0,25,35,1,57.1,none,0,1.0,2020.0,True,True,,314.8,0.6038258243141204,96.10000000000002,-19.0,0.0,0.0,0,
2020,CAB0390,Indian-Ocean,hyperscaler,2013,7,27,9180.0,2,None,794.6,585.2,32.0,0,25,36,1,58.7,natural_hazard,1,0.0,2021.0,True,True,,209.39999999999998,0.7364711804681601,105.40000000000003,7.5,1.0,0.0,0,
2021,CAB0390,Indian-Ocean,hyperscaler,2013,8,27,9180.0,2,None,794.6,597.8,54.5,0,25,39,1,60.3,none,0,0.0,2022.0,True,True,,196.80000000000007,0.7523282154543166,12.599999999999909,22.5,3.0,1.0,1,1.0
2022,CAB0390,Indian-Ocean,hyperscaler,2013,9,27,9180.0,2,None,794.6,654.4,53.8,0,25,39,1,61.9,none,0,0.0,2023.0,True,True,,140.20000000000005,0.823559023408004,56.60000000000002,-0.7000000000000028,0.0,0.0,1,2.0
2023,CAB0390,Indian-Ocean,hyperscaler,2013,10,27,9180.0,2,None,794.6,636.0,41.9,0,25,40,0,43.7,none,0,0.0,2024.0,True,True,,158.60000000000002,0.8004027183488548,-18.399999999999977,-11.899999999999999,1.0,0.0,1,3.0
2024,CAB0390,Indian-Ocean,hyperscaler,2013,11,27,9180.0,2,None,794.6,722.7,67.6,0,25,41,0,45.2,none,0,0.0,2025.0,True,True,,71.89999999999998,0.909514220991694,86.70000000000005,25.699999999999996,1.0,0.0,0,4.0
2025,CAB0390,Indian-Ocean,hyperscaler,2013,12,27,9180.0,2,None,794.6,713.2,63.1,0,25,44,0,46.8,none,0,0.0,2026.0,True,True,,81.39999999999998,0.897558520010068,-9.5,-4.499999999999993,3.0,0.0,0,5.0
2015,CAB0391,EMEA-Asia,hyperscaler,2003,12,12,16405.0,5,None,181.7,177.3,42.8,0,25,27,1,54.8,none,0,0.0,2016.0,True,True,,4.399999999999977,0.9757842597688499,,,,,0,
2016,CAB0391,EMEA-Asia,hyperscaler,2003,13,12,16405.0,5,None,181.7,177.0,45.4,0,25,29,1,56.3,none,0,1.0,2017.0,True,True,,4.699999999999989,0.9741331865712713,-0.30000000000001137,2.6000000000000014,2.0,0.0,0,
2017,CAB0391,EMEA-Asia,hyperscaler,2003,14,12,16405.0,5,None,181.7,181.7,67.7,0,25,32,1,57.9,fishing_anchor,1,0.0,2018.0,True,True,,0.0,1.0,4.699999999999989,22.300000000000004,3.0,0.0,0,
2018,CAB0391,EMEA-Asia,hyperscaler,2003,15,12,16405.0,5,None,181.7,181.7,57.2,0,25,34,1,59.5,none,0,0.0,2019.0,True,True,,0.0,1.0,0.0,-10.5,2.0,1.0,1,1.0
2019,CAB0391,EMEA-Asia,hyperscaler,2003,16,12,16405.0,5,None,181.7,181.7,100.0,0,25,37,1,61.1,none,0,0.0,2020.0,True,True,,0.0,1.0,0.0,42.8,3.0,0.0,1,2.0
2020,CAB0391,EMEA-Asia,hyperscaler,2003,17,12,16405.0,5,None,181.7,181.7,98.3,0,25,40,0,42.9,none,0,1.0,2021.0,True,True,,0.0,1.0,0.0,-1.7000000000000028,3.0,0.0,1,3.0
2021,CAB0391,EMEA-Asia,hyperscaler,2003,18,12,16405.0,5,None,181.7,181.7,100.0,0,25,44,0,44.4,fishing_anchor,1,1.0,2022.0,True,True,,0.0,1.0,0.0,1.7000000000000028,4.0,0.0,0,4.0
2022,CAB0391,EMEA-Asia,hyperscaler,2003,19,12,16405.0,5,None,181.7,181.7,56.5,0,25,45,0,46.0,fishing_anchor,1,0.0,2023.0,True,True,,0.0,1.0,0.0,-43.5,1.0,1.0,1,1.0
2023,CAB0391,EMEA-Asia,hyperscaler,2003,20,12,16405.0,5,None,181.7,181.7,74.3,0,25,47,0,47.6,none,0,0.0,2024.0,True,True,,0.0,1.0,0.0,17.799999999999997,2.0,1.0,2,1.0
2024,CAB0391,EMEA-Asia,hyperscaler,2003,21,12,16405.0,5,None,181.7,181.7,100.0,0,25,48,0,49.2,none,0,0.0,2025.0,True,True,,0.0,1.0,0.0,25.700000000000003,1.0,0.0,2,2.0
2025,CAB0391,EMEA-Asia,hyperscaler,2003,22,12,16405.0,5,None,181.7,181.7,70.4,0,25,47,0,50.8,none,0,0.0,2026.0,True,True,,0.0,1.0,0.0,-29.599999999999994,-1.0,0.0,1,3.0
2015,CAB0392,EMEA-Asia,consortium,1999,16,2,11717.0,7,None,18.9,18.9,53.1,1,25,27,1,45.2,none,0,0.0,2016.0,True,True,,0.0,1.0,,,,,0,
2016,CAB0392,EMEA-Asia,consortium,1999,17,2,11717.0,7,None,18.9,18.9,100.0,1,25,29,1,46.8,none,0,0.0,2017.0,True,True,,0.0,1.0,0.0,46.9,2.0,0.0,0,
2017,CAB0392,EMEA-Asia,consortium,1999,18,2,11717.0,7,None,18.9,18.9,100.0,1,25,32,1,48.4,none,0,0.0,2018.0,True,True,,0.0,1.0,0.0,0.0,3.0,0.0,0,
2018,CAB0392,EMEA-Asia,consortium,1999,19,2,11717.0,7,None,18.9,18.9,70.8,1,25,34,1,50.0,none,0,0.0,2019.0,True,True,,0.0,1.0,0.0,-29.200000000000003,2.0,0.0,0,
2019,CAB0392,EMEA-Asia,consortium,1999,20,2,11717.0,7,None,18.9,18.9,78.6,1,25,37,1,51.6,none,0,0.0,2020.0,True,True,,0.0,1.0,0.0,7.799999999999997,3.0,0.0,0,
2020,CAB0392,EMEA-Asia,consortium,1999,21,2,11717.0,7,None,18.9,18.9,90.1,1,25,40,0,33.3,none,0,0.0,2021.0,True,True,,0.0,1.0,0.0,11.5,3.0,0.0,0,
2021,CAB0392,EMEA-Asia,consortium,1999,22,2,11717.0,7,None,18.9,18.9,100.0,1,25,44,0,34.9,none,0,0.0,2022.0,True,True,,0.0,1.0,0.0,9.900000000000006,4.0,0.0,0,
2022,CAB0392,EMEA-Asia,consortium,1999,23,2,11717.0,7,None,18.9,18.9,77.6,1,25,45,0,36.5,none,0,0.0,2023.0,True,True,,0.0,1.0,0.0,-22.400000000000006,1.0,0.0,0,
2023,CAB0392,EMEA-Asia,consortium,1999,24,2,11717.0,7,None,18.9,18.9,100.0,1,25,47,0,38.1,none,0,0.0,2024.0,True,True,,0.0,1.0,0.0,22.400000000000006,2.0,0.0,0,
2024,CAB0392,EMEA-Asia,consortium,1999,25,2,11717.0,7,None,18.9,18.9,65.0,1,25,48,0,39.7,none,0,0.0,2025.0,True,True,,0.0,1.0,0.0,-35.0,1.0,0.0,0,
2015,CAB0393,Trans-Pacific,carrier,2010,5,8,14258.0,5,None,201.1,113.6,50.0,0,25,35,1,43.7,none,0,1.0,2016.0,True,True,,87.5,0.5648930880159124,,,,,0,
2016,CAB0393,Trans-Pacific,carrier,2010,6,8,14258.0,5,None,201.1,124.9,87.8,0,25,37,1,45.2,fishing_anchor,1,1.0,2017.0,True,True,,76.19999999999999,0.6210840377921433,11.300000000000011,37.8,2.0,0.0,0,
2017,CAB0393,Trans-Pacific,carrier,2010,7,8,14258.0,5,None,201.1,131.4,65.0,0,25,38,1,46.8,equipment,1,1.0,2018.0,True,True,,69.69999999999999,0.6534062655395326,6.5,-22.799999999999997,1.0,1.0,1,1.0
2018,CAB0393,Trans-Pacific,carrier,2010,8,8,14258.0,5,None,201.1,139.8,40.3,0,25,39,1,48.4,fishing_anchor,1,0.0,2019.0,True,True,,61.29999999999998,0.695176529090005,8.400000000000006,-24.700000000000003,1.0,1.0,2,1.0
2019,CAB0393,Trans-Pacific,carrier,2010,9,8,14258.0,5,None,201.1,163.8,84.5,0,25,41,0,30.2,none,0,1.0,2020.0,True,True,,37.29999999999998,0.814520139234212,24.0,44.2,2.0,1.0,3,1.0
2020,CAB0393,Trans-Pacific,carrier,2010,10,8,14258.0,5,None,201.1,167.5,82.4,0,25,42,0,31.7,fishing_anchor,1,1.0,2021.0,True,True,,33.599999999999994,0.8329189457981104,3.6999999999999886,-2.0999999999999943,1.0,0.0,2,2.0
2021,CAB0393,Trans-Pacific,carrier,2010,11,8,14258.0,5,None,201.1,179.0,62.6,0,25,43,0,33.3,equipment,1,1.0,2022.0,True,True,,22.099999999999994,0.8901044256588762,11.5,-19.800000000000004,1.0,1.0,2,1.0
2022,CAB0393,Trans-Pacific,carrier,2010,12,8,14258.0,5,None,201.1,201.1,88.9,0,25,45,0,34.9,fishing_anchor,1,0.0,2023.0,True,True,,0.0,1.0,22.099999999999994,26.300000000000004,2.0,1.0,2,1.0
2023,CAB0393,Trans-Pacific,carrier,2010,13,8,14258.0,5,None,201.1,201.1,31.8,0,25,47,0,36.5,none,0,0.0,2024.0,True,True,,0.0,1.0,0.0,-57.10000000000001,2.0,1.0,3,1.0
2024,CAB0393,Trans-Pacific,carrier,2010,14,8,14258.0,5,None,201.1,201.1,63.4,0,25,49,0,38.1,none,0,0.0,2025.0,True,True,,0.0,1.0,0.0,31.599999999999998,2.0,0.0,2,2.0
2025,CAB0393,Trans-Pacific,carrier,2010,15,8,14258.0,5,None,201.1,201.1,58.5,0,25,50,0,39.7,none,0,1.0,2026.0,True,True,,0.0,1.0,0.0,-4.899999999999999,1.0,0.0,1,3.0
2022,CAB0394,EMEA-Asia,hyperscaler,2022,0,8,17095.0,3,None,338.3,87.5,47.9,1,25,45,0,0.0,fishing_anchor,1,1.0,2023.0,True,True,,250.8,0.25864617203665385,,,,,0,
2023,CAB0394,EMEA-Asia,hyperscaler,2022,1,8,17095.0,3,None,338.3,125.5,65.9,1,25,47,0,1.6,fishing_anchor,1,0.0,2024.0,True,True,,212.8,0.3709725096068578,38.0,18.000000000000007,2.0,1.0,1,1.0
2024,CAB0394,EMEA-Asia,hyperscaler,2022,2,8,17095.0,3,None,338.3,108.6,46.2,1,25,48,0,3.2,none,0,0.0,2025.0,True,True,,229.70000000000002,0.3210168489506355,-16.900000000000006,-19.700000000000003,1.0,1.0,2,1.0
2025,CAB0394,EMEA-Asia,hyperscaler,2022,3,8,17095.0,3,None,338.3,158.4,46.9,1,25,47,0,4.8,none,0,0.0,2026.0,True,True,,179.9,0.46822347029263967,49.80000000000001,0.6999999999999957,-1.0,0.0,2,2.0
2021,CAB0395,Americas,consortium,2021,0,8,5776.0,3,None,326.9,65.7,19.1,0,25,37,1,35.7,none,0,0.0,2022.0,True,True,,261.2,0.20097889262771493,,,,,0,
2022,CAB0395,Americas,consortium,2021,1,8,5776.0,3,None,326.9,119.6,30.4,0,25,37,1,37.3,none,0,0.0,2023.0,True,True,,207.29999999999998,0.365861119608443,53.89999999999999,11.299999999999997,0.0,0.0,0,
2023,CAB0395,Americas,consortium,2021,2,8,5776.0,3,None,326.9,122.3,10.6,0,25,37,1,38.9,none,0,0.0,2024.0,True,True,,204.59999999999997,0.3741205261547874,2.700000000000003,-19.799999999999997,0.0,0.0,0,
2024,CAB0395,Americas,consortium,2021,3,8,5776.0,3,None,326.9,140.0,83.3,0,25,39,1,40.5,none,0,1.0,2025.0,True,True,,186.89999999999998,0.4282655246252677,17.700000000000003,72.7,2.0,0.0,0,
2025,CAB0395,Americas,consortium,2021,4,8,5776.0,3,None,326.9,139.0,54.7,0,25,39,1,42.1,fishing_anchor,1,0.0,2026.0,True,True,,187.89999999999998,0.42520648516365867,-1.0,-28.599999999999994,0.0,0.0,0,
2019,CAB0396,Trans-Atlantic,consortium,2019,0,16,6550.0,7,None,608.0,134.5,58.5,0,25,45,0,15.9,none,0,0.0,2020.0,True,True,,473.5,0.22121710526315788,,,,,0,
2020,CAB0396,Trans-Atlantic,consortium,2019,1,16,6550.0,7,None,608.0,239.4,35.1,0,25,48,0,17.5,none,0,0.0,2021.0,True,True,,368.6,0.39375,104.9,-23.4,3.0,0.0,0,
2021,CAB0396,Trans-Atlantic,consortium,2019,2,16,6550.0,7,None,608.0,251.9,41.6,0,25,50,0,19.0,none,0,0.0,2022.0,True,True,,356.1,0.4143092105263158,12.5,6.5,2.0,0.0,0,
2022,CAB0396,Trans-Atlantic,consortium,2019,3,16,6550.0,7,None,608.0,245.9,40.0,0,25,51,0,20.6,none,0,0.0,2023.0,True,True,,362.1,0.4044407894736842,-6.0,-1.6000000000000014,1.0,0.0,0,
2023,CAB0396,Trans-Atlantic,consortium,2019,4,16,6550.0,7,None,608.0,288.9,74.2,0,25,54,0,22.2,none,0,0.0,2024.0,True,True,,319.1,0.4751644736842105,42.99999999999997,34.2,3.0,0.0,0,
2024,CAB0396,Trans-Atlantic,consortium,2019,5,16,6550.0,7,None,608.0,326.5,55.4,0,25,58,0,23.8,none,0,0.0,2025.0,True,True,,281.5,0.5370065789473685,37.60000000000002,-18.800000000000004,4.0,0.0,0,
2025,CAB0396,Trans-Atlantic,consortium,2019,6,16,6550.0,7,None,608.0,400.5,40.0,0,25,62,0,25.4,none,0,0.0,2026.0,True,True,,207.5,0.6587171052631579,74.0,-15.399999999999999,4.0,0.0,0,
2015,CAB0397,Intra-Europe,consortium,2002,13,2,1028.0,11,None,27.4,27.4,59.6,0,25,41,0,36.5,none,0,0.0,2016.0,True,True,,0.0,1.0,,,,,0,
2016,CAB0397,Intra-Europe,consortium,2002,14,2,1028.0,11,None,27.4,27.4,42.9,0,25,42,0,38.1,none,0,0.0,2017.0,True,True,,0.0,1.0,0.0,-16.700000000000003,1.0,0.0,0,
2017,CAB0397,Intra-Europe,consortium,2002,15,2,1028.0,11,None,27.4,27.4,70.5,0,25,44,0,39.7,none,0,0.0,2018.0,True,True,,0.0,1.0,0.0,27.6,2.0,0.0,0,
2018,CAB0397,Intra-Europe,consortium,2002,16,2,1028.0,11,None,27.4,27.4,58.8,0,25,45,0,41.3,none,0,0.0,2019.0,True,True,,0.0,1.0,0.0,-11.700000000000003,1.0,0.0,0,
2019,CAB0397,Intra-Europe,consortium,2002,17,2,1028.0,11,None,27.4,27.4,73.5,0,25,47,0,42.9,none,0,0.0,2020.0,True,True,,0.0,1.0,0.0,14.700000000000003,2.0,0.0,0,
2020,CAB0397,Intra-Europe,consortium,2002,18,2,1028.0,11,None,27.4,27.4,96.4,0,25,49,0,44.4,none,0,1.0,2021.0,True,True,,0.0,1.0,0.0,22.900000000000006,2.0,0.0,0,
2021,CAB0397,Intra-Europe,consortium,2002,19,2,1028.0,11,None,27.4,27.4,100.0,0,25,49,0,46.0,natural_hazard,1,0.0,2022.0,True,True,,0.0,1.0,0.0,3.5999999999999943,0.0,0.0,0,
2022,CAB0397,Intra-Europe,consortium,2002,20,2,1028.0,11,None,27.4,27.4,62.1,0,25,52,0,47.6,none,0,0.0,2023.0,True,True,,0.0,1.0,0.0,-37.9,3.0,1.0,1,1.0
2023,CAB0397,Intra-Europe,consortium,2002,21,2,1028.0,11,None,27.4,27.4,93.5,0,25,53,0,49.2,none,0,0.0,2024.0,True,True,,0.0,1.0,0.0,31.4,1.0,0.0,1,2.0
2024,CAB0397,Intra-Europe,consortium,2002,22,2,1028.0,11,None,27.4,27.4,71.0,0,25,53,0,50.8,none,0,0.0,2025.0,True,True,,0.0,1.0,0.0,-22.5,0.0,0.0,1,3.0
2025,CAB0397,Intra-Europe,consortium,2002,23,2,1028.0,11,None,27.4,27.4,66.0,0,25,58,0,52.4,none,0,1.0,2026.0,True,True,,0.0,1.0,0.0,-5.0,5.0,0.0,0,4.0
2015,CAB0398,Intra-Pacific-Islands,hyperscaler,2015,0,14,2508.0,4,None,452.0,143.4,15.8,1,25,28,1,19.8,none,0,0.0,2016.0,True,True,,308.6,0.3172566371681416,,,,,0,
2016,CAB0398,Intra-Pacific-Islands,hyperscaler,2015,1,14,2508.0,4,None,452.0,102.6,56.3,1,25,29,1,21.4,none,0,0.0,2017.0,True,True,,349.4,0.22699115044247786,-40.80000000000001,40.5,1.0,0.0,0,
2017,CAB0398,Intra-Pacific-Islands,hyperscaler,2015,2,14,2508.0,4,None,452.0,144.1,48.2,1,25,29,1,23.0,none,0,0.0,2018.0,True,True,,307.9,0.31880530973451326,41.5,-8.099999999999994,0.0,0.0,0,
2018,CAB0398,Intra-Pacific-Islands,hyperscaler,2015,3,14,2508.0,4,None,452.0,197.5,39.9,1,25,30,1,24.6,none,0,0.0,2019.0,True,True,,254.5,0.43694690265486724,53.400000000000006,-8.300000000000004,1.0,0.0,0,
2019,CAB0398,Intra-Pacific-Islands,hyperscaler,2015,4,14,2508.0,4,None,452.0,227.6,23.7,1,25,35,1,26.2,none,0,0.0,2020.0,True,True,,224.4,0.5035398230088496,30.099999999999994,-16.2,5.0,0.0,0,
2020,CAB0398,Intra-Pacific-Islands,hyperscaler,2015,5,14,2508.0,4,None,452.0,216.0,15.3,1,25,40,0,7.9,none,0,0.0,2021.0,True,True,,236.0,0.4778761061946903,-11.599999999999994,-8.399999999999999,5.0,0.0,0,
2021,CAB0398,Intra-Pacific-Islands,hyperscaler,2015,6,14,2508.0,4,None,452.0,246.4,26.3,1,25,41,0,9.5,none,0,0.0,2022.0,True,True,,205.6,0.5451327433628319,30.400000000000006,11.0,1.0,0.0,0,
2022,CAB0398,Intra-Pacific-Islands,hyperscaler,2015,7,14,2508.0,4,None,452.0,257.9,40.5,1,25,43,0,11.1,none,0,0.0,2023.0,True,True,,194.10000000000002,0.570575221238938,11.499999999999972,14.2,2.0,0.0,0,
2023,CAB0398,Intra-Pacific-Islands,hyperscaler,2015,8,14,2508.0,4,None,452.0,346.1,55.7,1,25,45,0,12.7,none,0,0.0,2024.0,True,True,,105.89999999999998,0.7657079646017699,88.20000000000005,15.200000000000003,2.0,0.0,0,
2024,CAB0398,Intra-Pacific-Islands,hyperscaler,2015,9,14,2508.0,4,None,452.0,346.9,52.9,1,25,48,0,14.3,none,0,0.0,2025.0,True,True,,105.10000000000002,0.7674778761061947,0.7999999999999545,-2.8000000000000043,3.0,0.0,0,
2025,CAB0398,Intra-Pacific-Islands,hyperscaler,2015,10,14,2508.0,4,None,452.0,412.4,55.5,1,25,50,0,15.9,none,0,0.0,2026.0,True,True,,39.60000000000002,0.9123893805309734,65.5,2.6000000000000014,2.0,0.0,0,
2015,CAB0399,Americas,consortium,2002,13,17,2541.0,7,None,233.1,233.1,91.6,1,25,28,1,40.5,fishing_anchor,1,0.0,2016.0,True,True,,0.0,1.0,,,,,0,
2016,CAB0399,Americas,consortium,2002,14,17,2541.0,7,None,233.1,233.1,76.3,1,25,29,1,42.1,none,0,0.0,2017.0,True,True,,0.0,1.0,0.0,-15.299999999999997,1.0,1.0,1,1.0
2017,CAB0399,Americas,consortium,2002,15,17,2541.0,7,None,233.1,233.1,64.8,1,25,29,1,43.7,none,0,1.0,2018.0,True,True,,0.0,1.0,0.0,-11.5,0.0,0.0,1,2.0
2018,CAB0399,Americas,consortium,2002,16,17,2541.0,7,None,233.1,233.1,58.6,1,25,31,1,45.2,fishing_anchor,1,0.0,2019.0,True,True,,0.0,1.0,0.0,-6.199999999999996,2.0,0.0,1,3.0
2019,CAB0399,Americas,consortium,2002,17,17,2541.0,7,None,233.1,233.1,76.5,1,25,32,1,46.8,none,0,0.0,2020.0,True,True,,0.0,1.0,0.0,17.9,1.0,1.0,1,1.0
2020,CAB0399,Americas,consortium,2002,18,17,2541.0,7,None,233.1,233.1,100.0,1,25,33,1,48.4,none,0,0.0,2021.0,True,True,,0.0,1.0,0.0,23.5,1.0,0.0,1,2.0
2021,CAB0399,Americas,consortium,2002,19,17,2541.0,7,None,233.1,233.1,60.5,1,25,37,1,50.0,none,0,0.0,2022.0,True,True,,0.0,1.0,0.0,-39.5,4.0,0.0,1,3.0
2022,CAB0399,Americas,consortium,2002,20,17,2541.0,7,None,233.1,233.1,80.8,1,25,37,1,51.6,none,0,0.0,2023.0,True,True,,0.0,1.0,0.0,20.299999999999997,0.0,0.0,0,4.0
2023,CAB0399,Americas,consortium,2002,21,17,2541.0,7,None,233.1,233.1,67.7,1,25,37,1,53.2,none,0,0.0,2024.0,True,True,,0.0,1.0,0.0,-13.099999999999994,0.0,0.0,0,5.0
2024,CAB0399,Americas,consortium,2002,22,17,2541.0,7,None,233.1,233.1,100.0,1,25,39,1,54.8,none,0,0.0,2025.0,True,True,,0.0,1.0,0.0,32.3,2.0,0.0,0,6.0
2025,CAB0399,Americas,consortium,2002,23,17,2541.0,7,None,233.1,233.1,90.0,1,25,39,1,56.3,none,0,0.0,2026.0,True,True,,0.0,1.0,0.0,-10.0,0.0,0.0,0,7.0
2015,CAB0400,Intra-Asia,hyperscaler,2000,15,2,5961.0,4,Luzon-Strait,21.7,21.7,73.3,1,25,53,0,51.6,none,0,0.0,2016.0,True,True,,0.0,1.0,,,,,0,
2016,CAB0400,Intra-Asia,hyperscaler,2000,16,2,5961.0,4,Luzon-Strait,21.7,21.7,63.6,1,25,59,0,53.2,none,0,1.0,2017.0,True,True,,0.0,1.0,0.0,-9.699999999999996,6.0,0.0,0,
2017,CAB0400,Intra-Asia,hyperscaler,2000,17,2,5961.0,4,Luzon-Strait,21.7,21.7,46.1,1,25,60,0,54.8,fishing_anchor,1,1.0,2018.0,True,True,,0.0,1.0,0.0,-17.5,1.0,0.0,0,
2018,CAB0400,Intra-Asia,hyperscaler,2000,18,2,5961.0,4,Luzon-Strait,21.7,21.7,100.0,1,25,62,0,56.3,fishing_anchor,1,1.0,2019.0,True,True,,0.0,1.0,0.0,53.9,2.0,1.0,1,1.0
2019,CAB0400,Intra-Asia,hyperscaler,2000,19,2,5961.0,4,Luzon-Strait,21.7,21.7,64.3,1,25,64,0,57.9,fishing_anchor,1,1.0,2020.0,True,True,,0.0,1.0,0.0,-35.7,2.0,1.0,2,1.0
2020,CAB0400,Intra-Asia,hyperscaler,2000,20,2,5961.0,4,Luzon-Strait,21.7,21.7,68.5,1,25,66,0,59.5,natural_hazard,1,1.0,2021.0,True,True,,0.0,1.0,0.0,4.200000000000003,2.0,1.0,3,1.0
2021,CAB0400,Intra-Asia,hyperscaler,2000,21,2,5961.0,4,Luzon-Strait,21.7,21.7,100.0,1,25,69,0,61.1,fishing_anchor,1,1.0,2022.0,True,True,,0.0,1.0,0.0,31.5,3.0,1.0,3,1.0
2022,CAB0400,Intra-Asia,hyperscaler,2000,22,2,5961.0,4,Luzon-Strait,21.7,21.7,100.0,1,25,70,0,62.7,equipment,1,0.0,2023.0,True,True,,0.0,1.0,0.0,0.0,1.0,1.0,3,1.0
2023,CAB0400,Intra-Asia,hyperscaler,2000,23,2,5961.0,4,Luzon-Strait,21.7,21.7,94.5,1,25,70,0,64.3,none,0,0.0,2024.0,True,True,,0.0,1.0,0.0,-5.5,0.0,1.0,3,1.0
2024,CAB0400,Intra-Asia,hyperscaler,2000,24,2,5961.0,4,Luzon-Strait,21.7,21.7,100.0,1,25,75,0,65.9,none,0,1.0,2025.0,True,True,,0.0,1.0,0.0,5.5,5.0,0.0,2,2.0
2025,CAB0400,Intra-Asia,hyperscaler,2000,25,2,5961.0,4,Luzon-Strait,21.7,21.7,97.6,1,25,77,0,67.5,fishing_anchor,1,0.0,2026.0,True,True,,0.0,1.0,0.0,-2.4000000000000057,2.0,0.0,1,3.0
2025,CAB0401,Intra-Asia,consortium,2025,0,12,1650.0,3,None,558.9,115.6,69.3,0,25,77,0,15.9,none,0,0.0,2026.0,True,True,,443.29999999999995,0.20683485417784936,,,,,0,
2015,CAB0402,Intra-Asia,government,2010,5,4,4409.0,7,Luzon-Strait,100.6,56.3,31.3,0,25,53,0,51.6,none,0,0.0,2016.0,True,True,,44.3,0.5596421471172962,,,,,0,
2016,CAB0402,Intra-Asia,government,2010,6,4,4409.0,7,Luzon-Strait,100.6,56.5,65.3,0,25,59,0,53.2,none,0,0.0,2017.0,True,True,,44.099999999999994,0.5616302186878728,0.20000000000000284,34.0,6.0,0.0,0,
2017,CAB0402,Intra-Asia,government,2010,7,4,4409.0,7,Luzon-Strait,100.6,67.5,61.7,0,25,60,0,54.8,none,0,0.0,2018.0,True,True,,33.099999999999994,0.6709741550695826,11.0,-3.5999999999999943,1.0,0.0,0,
2018,CAB0402,Intra-Asia,government,2010,8,4,4409.0,7,Luzon-Strait,100.6,78.7,71.0,0,25,62,0,56.3,none,0,0.0,2019.0,True,True,,21.89999999999999,0.7823061630218688,11.200000000000003,9.299999999999997,2.0,0.0,0,
2019,CAB0402,Intra-Asia,government,2010,9,4,4409.0,7,Luzon-Strait,100.6,73.0,63.9,0,25,64,0,57.9,none,0,1.0,2020.0,True,True,,27.599999999999994,0.7256461232604374,-5.700000000000003,-7.100000000000001,2.0,0.0,0,
2020,CAB0402,Intra-Asia,government,2010,10,4,4409.0,7,Luzon-Strait,100.6,84.5,63.9,0,25,66,0,59.5,fishing_anchor,1,0.0,2021.0,True,True,,16.099999999999994,0.8399602385685885,11.5,0.0,2.0,0.0,0,
2021,CAB0402,Intra-Asia,government,2010,11,4,4409.0,7,Luzon-Strait,100.6,87.1,85.3,0,25,69,0,61.1,none,0,0.0,2022.0,True,True,,13.5,0.8658051689860835,2.5999999999999943,21.4,3.0,1.0,1,1.0
2022,CAB0402,Intra-Asia,government,2010,12,4,4409.0,7,Luzon-Strait,100.6,95.5,63.3,0,25,70,0,62.7,none,0,0.0,2023.0,True,True,,5.099999999999994,0.9493041749502983,8.400000000000006,-22.0,1.0,0.0,1,2.0
2023,CAB0402,Intra-Asia,government,2010,13,4,4409.0,7,Luzon-Strait,100.6,100.6,73.3,0,25,70,0,64.3,none,0,1.0,2024.0,True,True,,0.0,1.0,5.099999999999994,10.0,0.0,0.0,1,3.0
2024,CAB0402,Intra-Asia,government,2010,14,4,4409.0,7,Luzon-Strait,100.6,100.6,71.7,0,25,75,0,65.9,equipment,1,0.0,2025.0,True,True,,0.0,1.0,0.0,-1.5999999999999943,5.0,0.0,0,4.0
2025,CAB0402,Intra-Asia,government,2010,15,4,4409.0,7,Luzon-Strait,100.6,100.6,98.4,0,25,77,0,67.5,none,0,0.0,2026.0,True,True,,0.0,1.0,0.0,26.700000000000003,2.0,1.0,1,1.0
2015,CAB0403,Intra-Europe,consortium,2004,11,3,1646.0,7,None,49.7,45.1,97.3,1,25,41,0,17.5,none,0,0.0,2016.0,True,True,,4.600000000000001,0.9074446680080482,,,,,0,
2016,CAB0403,Intra-Europe,consortium,2004,12,3,1646.0,7,None,49.7,45.8,63.5,1,25,42,0,19.0,none,0,0.0,2017.0,True,True,,3.9000000000000057,0.9215291750503017,0.6999999999999957,-33.8,1.0,0.0,0,
2017,CAB0403,Intra-Europe,consortium,2004,13,3,1646.0,7,None,49.7,49.7,72.1,1,25,44,0,20.6,none,0,0.0,2018.0,True,True,,0.0,1.0,3.9000000000000057,8.599999999999994,2.0,0.0,0,
2018,CAB0403,Intra-Europe,consortium,2004,14,3,1646.0,7,None,49.7,49.7,93.9,1,25,45,0,22.2,none,0,0.0,2019.0,True,True,,0.0,1.0,0.0,21.80000000000001,1.0,0.0,0,
2019,CAB0403,Intra-Europe,consortium,2004,15,3,1646.0,7,None,49.7,49.7,96.4,1,25,47,0,23.8,none,0,0.0,2020.0,True,True,,0.0,1.0,0.0,2.5,2.0,0.0,0,
2020,CAB0403,Intra-Europe,consortium,2004,16,3,1646.0,7,None,49.7,49.7,63.3,1,25,49,0,25.4,none,0,1.0,2021.0,True,True,,0.0,1.0,0.0,-33.10000000000001,2.0,0.0,0,
2021,CAB0403,Intra-Europe,consortium,2004,17,3,1646.0,7,None,49.7,49.7,100.0,1,25,49,0,27.0,natural_hazard,1,0.0,2022.0,True,True,,0.0,1.0,0.0,36.7,0.0,0.0,0,
2022,CAB0403,Intra-Europe,consortium,2004,18,3,1646.0,7,None,49.7,49.7,88.9,1,25,52,0,28.6,none,0,0.0,2023.0,True,True,,0.0,1.0,0.0,-11.099999999999994,3.0,1.0,1,1.0
2023,CAB0403,Intra-Europe,consortium,2004,19,3,1646.0,7,None,49.7,49.7,55.4,1,25,53,0,30.2,none,0,0.0,2024.0,True,True,,0.0,1.0,0.0,-33.50000000000001,1.0,0.0,1,2.0
2024,CAB0403,Intra-Europe,consortium,2004,20,3,1646.0,7,None,49.7,49.7,100.0,1,25,53,0,31.7,none,0,0.0,2025.0,True,True,,0.0,1.0,0.0,44.6,0.0,0.0,1,3.0
2025,CAB0403,Intra-Europe,consortium,2004,21,3,1646.0,7,None,49.7,49.7,65.6,1,25,58,0,33.3,none,0,0.0,2026.0,True,True,,0.0,1.0,0.0,-34.400000000000006,5.0,0.0,0,4.0
2015,CAB0404,Americas,government,2009,6,11,2788.0,7,Panama,260.9,161.5,26.0,0,25,28,1,73.0,equipment,1,0.0,2016.0,True,True,,99.39999999999998,0.6190111153698735,,,,,0,
2016,CAB0404,Americas,government,2009,7,11,2788.0,7,Panama,260.9,173.7,46.1,0,25,29,1,74.6,none,0,1.0,2017.0,True,True,,87.19999999999999,0.6657723265619011,12.199999999999989,20.1,1.0,1.0,1,1.0
2017,CAB0404,Americas,government,2009,8,11,2788.0,7,Panama,260.9,172.0,44.9,0,25,29,1,76.2,fishing_anchor,1,1.0,2018.0,True,True,,88.89999999999998,0.6592564200843235,-1.6999999999999886,-1.2000000000000028,0.0,0.0,1,2.0
2018,CAB0404,Americas,government,2009,9,11,2788.0,7,Panama,260.9,196.2,80.5,0,25,31,1,77.8,suspected_external,1,0.0,2019.0,True,True,,64.69999999999999,0.7520122652357225,24.19999999999999,35.6,2.0,1.0,2,1.0
2019,CAB0404,Americas,government,2009,10,11,2788.0,7,Panama,260.9,206.7,41.2,0,25,32,1,79.4,none,0,1.0,2020.0,True,True,,54.19999999999999,0.7922575699501725,10.5,-39.3,1.0,1.0,2,1.0
2020,CAB0404,Americas,government,2009,11,11,2788.0,7,Panama,260.9,230.2,56.1,0,25,33,1,81.0,fishing_anchor,1,1.0,2021.0,True,True,,30.69999999999999,0.8823303947872748,23.5,14.899999999999999,1.0,0.0,2,2.0
2021,CAB0404,Americas,government,2009,12,11,2788.0,7,Panama,260.9,247.5,58.4,0,25,37,1,82.5,fishing_anchor,1,1.0,2022.0,True,True,,13.399999999999977,0.9486393254120353,17.30000000000001,2.299999999999997,4.0,1.0,2,1.0
2022,CAB0404,Americas,government,2009,13,11,2788.0,7,Panama,260.9,260.9,64.6,0,25,37,1,84.1,natural_hazard,1,1.0,2023.0,True,True,,0.0,1.0,13.399999999999977,6.199999999999996,0.0,1.0,2,1.0
2023,CAB0404,Americas,government,2009,14,11,2788.0,7,Panama,260.9,260.9,33.0,0,25,37,1,85.7,equipment,1,1.0,2024.0,True,True,,0.0,1.0,0.0,-31.599999999999994,0.0,1.0,3,1.0
2024,CAB0404,Americas,government,2009,15,11,2788.0,7,Panama,260.9,260.9,64.2,0,25,39,1,87.3,fishing_anchor,1,0.0,2025.0,True,True,,0.0,1.0,0.0,31.200000000000003,2.0,1.0,3,1.0
2025,CAB0404,Americas,government,2009,16,11,2788.0,7,Panama,260.9,260.9,39.9,0,25,39,1,88.9,none,0,1.0,2026.0,True,True,,0.0,1.0,0.0,-24.300000000000004,0.0,1.0,3,1.0
2015,CAB0405,Africa-Coastal,hyperscaler,2002,13,17,10177.0,6,None,233.1,229.5,80.4,1,25,36,1,40.5,none,0,1.0,2016.0,True,True,,3.5999999999999943,0.9845559845559846,,,,,0,
2016,CAB0405,Africa-Coastal,hyperscaler,2002,14,17,10177.0,6,None,233.1,233.1,65.9,1,25,37,1,42.1,fishing_anchor,1,0.0,2017.0,True,True,,0.0,1.0,3.5999999999999943,-14.5,1.0,0.0,0,
2017,CAB0405,Africa-Coastal,hyperscaler,2002,15,17,10177.0,6,None,233.1,233.1,83.6,1,25,40,0,23.8,none,0,1.0,2018.0,True,True,,0.0,1.0,0.0,17.69999999999999,3.0,1.0,1,1.0
2018,CAB0405,Africa-Coastal,hyperscaler,2002,16,17,10177.0,6,None,233.1,233.1,94.8,1,25,40,0,25.4,fishing_anchor,1,0.0,2019.0,True,True,,0.0,1.0,0.0,11.200000000000003,0.0,0.0,1,2.0
2019,CAB0405,Africa-Coastal,hyperscaler,2002,17,17,10177.0,6,None,233.1,233.1,78.6,1,25,42,0,27.0,none,0,0.0,2020.0,True,True,,0.0,1.0,0.0,-16.200000000000003,2.0,1.0,2,1.0
2020,CAB0405,Africa-Coastal,hyperscaler,2002,18,17,10177.0,6,None,233.1,233.1,57.2,1,25,43,0,28.6,none,0,1.0,2021.0,True,True,,0.0,1.0,0.0,-21.39999999999999,1.0,0.0,1,2.0
2021,CAB0405,Africa-Coastal,hyperscaler,2002,19,17,10177.0,6,None,233.1,233.1,100.0,1,25,44,0,30.2,fishing_anchor,1,0.0,2022.0,True,True,,0.0,1.0,0.0,42.8,1.0,0.0,1,3.0
2022,CAB0405,Africa-Coastal,hyperscaler,2002,20,17,10177.0,6,None,233.1,233.1,85.3,1,25,45,0,31.7,none,0,0.0,2023.0,True,True,,0.0,1.0,0.0,-14.700000000000003,1.0,1.0,1,1.0
2023,CAB0405,Africa-Coastal,hyperscaler,2002,21,17,10177.0,6,None,233.1,233.1,100.0,1,25,47,0,33.3,none,0,0.0,2024.0,True,True,,0.0,1.0,0.0,14.700000000000003,2.0,0.0,1,2.0
2024,CAB0405,Africa-Coastal,hyperscaler,2002,22,17,10177.0,6,None,233.1,233.1,81.8,1,25,49,0,34.9,none,0,0.0,2025.0,True,True,,0.0,1.0,0.0,-18.200000000000003,2.0,0.0,1,3.0
2025,CAB0405,Africa-Coastal,hyperscaler,2002,23,17,10177.0,6,None,233.1,233.1,65.2,1,25,52,0,36.5,none,0,0.0,2026.0,True,True,,0.0,1.0,0.0,-16.599999999999994,3.0,0.0,0,4.0
2017,CAB0406,EMEA-Asia,carrier,2017,0,30,16244.0,4,Bab-el-Mandeb,1054.3,227.2,50.8,0,25,32,1,63.5,equipment,1,0.0,2018.0,True,True,,827.0999999999999,0.21549843498055582,,,,,0,
2018,CAB0406,EMEA-Asia,carrier,2017,1,30,16244.0,4,Bab-el-Mandeb,1054.3,333.9,43.5,0,25,34,1,65.1,none,0,0.0,2019.0,True,True,,720.4,0.31670302570425873,106.69999999999999,-7.299999999999997,2.0,1.0,1,1.0
2019,CAB0406,EMEA-Asia,carrier,2017,2,30,16244.0,4,Bab-el-Mandeb,1054.3,420.6,21.3,0,25,37,1,66.7,none,0,1.0,2020.0,True,True,,633.6999999999999,0.39893768377122263,86.70000000000005,-22.2,3.0,0.0,1,2.0
2020,CAB0406,EMEA-Asia,carrier,2017,3,30,16244.0,4,Bab-el-Mandeb,1054.3,425.6,18.4,0,25,40,0,48.4,fishing_anchor,1,1.0,2021.0,True,True,,628.6999999999999,0.4036801669354074,5.0,-2.900000000000002,3.0,0.0,1,3.0
2021,CAB0406,EMEA-Asia,carrier,2017,4,30,16244.0,4,Bab-el-Mandeb,1054.3,520.7,67.3,0,25,44,0,50.0,fishing_anchor,1,0.0,2022.0,True,True,,533.5999999999999,0.4938821967182017,95.10000000000002,48.9,4.0,1.0,1,1.0
2022,CAB0406,EMEA-Asia,carrier,2017,5,30,16244.0,4,Bab-el-Mandeb,1054.3,588.0,35.8,0,25,45,0,51.6,none,0,1.0,2023.0,True,True,,466.29999999999995,0.5577160201081286,67.29999999999995,-31.5,1.0,1.0,2,1.0
2023,CAB0406,EMEA-Asia,carrier,2017,6,30,16244.0,4,Bab-el-Mandeb,1054.3,517.4,40.1,0,25,47,0,53.2,suspected_external,1,1.0,2024.0,True,True,,536.9,0.4907521578298397,-70.60000000000002,4.300000000000004,2.0,0.0,2,2.0
2024,CAB0406,EMEA-Asia,carrier,2017,7,30,16244.0,4,Bab-el-Mandeb,1054.3,656.6,31.2,0,25,48,0,54.8,equipment,1,0.0,2025.0,True,True,,397.69999999999993,0.6227828891207436,139.20000000000005,-8.900000000000002,1.0,1.0,2,1.0
2025,CAB0406,EMEA-Asia,carrier,2017,8,30,16244.0,4,Bab-el-Mandeb,1054.3,788.4,100.0,0,25,47,0,56.3,none,0,0.0,2026.0,True,True,,265.9,0.7477947453286541,131.79999999999995,68.8,-1.0,1.0,2,1.0
2025,CAB0407,Trans-Atlantic,consortium,2025,0,12,5268.0,7,None,558.9,131.1,19.6,1,25,62,0,0.0,none,0,0.0,2026.0,True,True,,427.79999999999995,0.2345679012345679,,,,,0,
2015,CAB0408,Africa-Coastal,carrier,2013,2,4,13828.0,7,None,117.7,49.0,62.2,0,25,36,1,38.9,none,0,0.0,2016.0,True,True,,68.7,0.4163126593033135,,,,,0,
2016,CAB0408,Africa-Coastal,carrier,2013,3,4,13828.0,7,None,117.7,44.8,44.8,0,25,37,1,40.5,none,0,0.0,2017.0,True,True,,72.9,0.38062871707731516,-4.200000000000003,-17.400000000000006,1.0,0.0,0,
2017,CAB0408,Africa-Coastal,carrier,2013,4,4,13828.0,7,None,117.7,70.3,27.4,0,25,40,0,22.2,none,0,1.0,2018.0,True,True,,47.400000000000006,0.5972812234494477,25.5,-17.4,3.0,0.0,0,
2018,CAB0408,Africa-Coastal,carrier,2013,5,4,13828.0,7,None,117.7,66.7,30.8,0,25,40,0,23.8,equipment,1,0.0,2019.0,True,True,,51.0,0.566694987255735,-3.5999999999999943,3.400000000000002,0.0,0.0,0,
2019,CAB0408,Africa-Coastal,carrier,2013,6,4,13828.0,7,None,117.7,59.2,42.4,0,25,42,0,25.4,none,0,0.0,2020.0,True,True,,58.5,0.5029736618521665,-7.5,11.599999999999998,2.0,1.0,1,1.0
2020,CAB0408,Africa-Coastal,carrier,2013,7,4,13828.0,7,None,117.7,80.7,61.3,0,25,43,0,27.0,none,0,0.0,2021.0,True,True,,37.0,0.6856414613423959,21.5,18.9,1.0,0.0,1,2.0
2021,CAB0408,Africa-Coastal,carrier,2013,8,4,13828.0,7,None,117.7,85.3,72.3,0,25,44,0,28.6,none,0,1.0,2022.0,True,True,,32.400000000000006,0.7247238742565845,4.599999999999994,11.0,1.0,0.0,1,3.0
2022,CAB0408,Africa-Coastal,carrier,2013,9,4,13828.0,7,None,117.7,85.2,64.4,0,25,45,0,30.2,equipment,1,0.0,2023.0,True,True,,32.5,0.723874256584537,-0.09999999999999432,-7.8999999999999915,1.0,0.0,0,4.0
2023,CAB0408,Africa-Coastal,carrier,2013,10,4,13828.0,7,None,117.7,101.2,66.4,0,25,47,0,31.7,none,0,0.0,2024.0,True,True,,16.5,0.8598130841121495,16.0,2.0,2.0,1.0,1,1.0
2024,CAB0408,Africa-Coastal,carrier,2013,11,4,13828.0,7,None,117.7,112.6,67.8,0,25,49,0,33.3,none,0,0.0,2025.0,True,True,,5.1000000000000085,0.9566694987255734,11.399999999999991,1.3999999999999915,2.0,0.0,1,2.0
2025,CAB0408,Africa-Coastal,carrier,2013,12,4,13828.0,7,None,117.7,117.7,74.3,0,25,52,0,34.9,none,0,1.0,2026.0,True,True,,0.0,1.0,5.1000000000000085,6.5,3.0,0.0,1,3.0
2023,CAB0409,Trans-Pacific,consortium,2023,0,8,9494.0,4,None,349.7,108.7,50.9,0,25,47,0,15.9,none,0,0.0,2024.0,True,True,,241.0,0.3108378610237347,,,,,0,
2024,CAB0409,Trans-Pacific,consortium,2023,1,8,9494.0,4,None,349.7,103.8,23.7,0,25,49,0,17.5,none,0,0.0,2025.0,True,True,,245.89999999999998,0.2968258507291965,-4.900000000000006,-27.2,2.0,0.0,0,
2025,CAB0409,Trans-Pacific,consortium,2023,2,8,9494.0,4,None,349.7,95.3,65.6,0,25,50,0,19.0,none,0,0.0,2026.0,True,True,,254.39999999999998,0.2725193022590792,-8.5,41.89999999999999,1.0,0.0,0,
2015,CAB0410,Intra-Asia,consortium,2014,1,7,5630.0,5,None,216.0,73.8,84.1,0,25,53,0,17.5,none,0,0.0,2016.0,True,True,,142.2,0.3416666666666667,,,,,0,
2016,CAB0410,Intra-Asia,consortium,2014,2,7,5630.0,5,None,216.0,87.1,33.5,0,25,59,0,19.0,none,0,0.0,2017.0,True,True,,128.9,0.40324074074074073,13.299999999999997,-50.599999999999994,6.0,0.0,0,
2017,CAB0410,Intra-Asia,consortium,2014,3,7,5630.0,5,None,216.0,94.0,40.7,0,25,60,0,20.6,none,0,0.0,2018.0,True,True,,122.0,0.4351851851851852,6.900000000000006,7.200000000000003,1.0,0.0,0,
2018,CAB0410,Intra-Asia,consortium,2014,4,7,5630.0,5,None,216.0,95.1,42.3,0,25,62,0,22.2,none,0,0.0,2019.0,True,True,,120.9,0.44027777777777777,1.0999999999999943,1.5999999999999943,2.0,0.0,0,
2019,CAB0410,Intra-Asia,consortium,2014,5,7,5630.0,5,None,216.0,138.9,53.7,0,25,64,0,23.8,none,0,0.0,2020.0,True,True,,77.1,0.6430555555555556,43.80000000000001,11.400000000000006,2.0,0.0,0,
2020,CAB0410,Intra-Asia,consortium,2014,6,7,5630.0,5,None,216.0,133.2,46.3,0,25,66,0,25.4,none,0,0.0,2021.0,True,True,,82.80000000000001,0.6166666666666666,-5.700000000000017,-7.400000000000006,2.0,0.0,0,
2021,CAB0410,Intra-Asia,consortium,2014,7,7,5630.0,5,None,216.0,151.3,46.6,0,25,69,0,27.0,none,0,0.0,2022.0,True,True,,64.69999999999999,0.7004629629629631,18.100000000000023,0.30000000000000426,3.0,0.0,0,
2022,CAB0410,Intra-Asia,consortium,2014,8,7,5630.0,5,None,216.0,154.2,73.5,0,25,70,0,28.6,none,0,0.0,2023.0,True,True,,61.80000000000001,0.7138888888888888,2.8999999999999773,26.9,1.0,0.0,0,
2023,CAB0410,Intra-Asia,consortium,2014,9,7,5630.0,5,None,216.0,157.2,57.2,0,25,70,0,30.2,none,0,0.0,2024.0,True,True,,58.80000000000001,0.7277777777777777,3.0,-16.299999999999997,0.0,0.0,0,
2024,CAB0410,Intra-Asia,consortium,2014,10,7,5630.0,5,None,216.0,180.3,38.0,0,25,75,0,31.7,none,0,0.0,2025.0,True,True,,35.69999999999999,0.8347222222222223,23.100000000000023,-19.200000000000003,5.0,0.0,0,
2025,CAB0410,Intra-Asia,consortium,2014,11,7,5630.0,5,None,216.0,206.1,31.3,0,25,77,0,33.3,none,0,0.0,2026.0,True,True,,9.900000000000006,0.9541666666666666,25.799999999999983,-6.699999999999999,2.0,0.0,0,
2020,CAB0411,Intra-Europe,consortium,2020,0,33,2646.0,6,None,1301.1,460.4,35.7,1,25,49,0,0.0,none,0,0.0,2021.0,True,True,,840.6999999999999,0.3538544308661902,,,,,0,
2021,CAB0411,Intra-Europe,consortium,2020,1,33,2646.0,6,None,1301.1,443.0,39.1,1,25,49,0,1.6,none,0,0.0,2022.0,True,True,,858.0999999999999,0.3404811313503958,-17.399999999999977,3.3999999999999986,0.0,0.0,0,
2022,CAB0411,Intra-Europe,consortium,2020,2,33,2646.0,6,None,1301.1,559.8,37.6,1,25,52,0,3.2,none,0,0.0,2023.0,True,True,,741.3,0.4302513258012451,116.79999999999995,-1.5,3.0,0.0,0,
2023,CAB0411,Intra-Europe,consortium,2020,3,33,2646.0,6,None,1301.1,524.9,23.2,1,25,53,0,4.8,none,0,0.0,2024.0,True,True,,776.1999999999999,0.40342786872646225,-34.89999999999998,-14.400000000000002,1.0,0.0,0,
2024,CAB0411,Intra-Europe,consortium,2020,4,33,2646.0,6,None,1301.1,668.5,55.8,1,25,53,0,6.3,none,0,0.0,2025.0,True,True,,632.5999999999999,0.5137960187533626,143.60000000000002,32.599999999999994,0.0,0.0,0,
2025,CAB0411,Intra-Europe,consortium,2020,5,33,2646.0,6,None,1301.1,696.7,50.4,1,25,58,0,7.9,none,0,1.0,2026.0,True,True,,604.3999999999999,0.5354699869341327,28.200000000000045,-5.399999999999999,5.0,0.0,0,
2024,CAB0412,Americas,consortium,2024,0,18,2303.0,5,None,812.6,245.1,37.7,1,25,39,1,19.8,none,0,0.0,2025.0,True,True,,567.5,0.30162441545655916,,,,,0,
2025,CAB0412,Americas,consortium,2024,1,18,2303.0,5,None,812.6,211.4,21.8,1,25,39,1,21.4,none,0,0.0,2026.0,True,True,,601.2,0.26015259660349493,-33.69999999999999,-15.900000000000002,0.0,0.0,0,
2015,CAB0413,Americas,carrier,2013,2,9,8464.0,4,None,264.9,115.7,16.1,0,25,28,1,38.9,none,0,1.0,2016.0,True,True,,149.2,0.4367685919214799,,,,,0,
2016,CAB0413,Americas,carrier,2013,3,9,8464.0,4,None,264.9,114.2,50.1,0,25,29,1,40.5,fishing_anchor,1,0.0,2017.0,True,True,,150.7,0.43110607776519444,-1.5,34.0,1.0,0.0,0,
2017,CAB0413,Americas,carrier,2013,4,9,8464.0,4,None,264.9,146.0,31.7,0,25,29,1,42.1,none,0,0.0,2018.0,True,True,,118.89999999999998,0.5511513778784447,31.799999999999997,-18.400000000000002,0.0,1.0,1,1.0
2018,CAB0413,Americas,carrier,2013,5,9,8464.0,4,None,264.9,127.6,51.0,0,25,31,1,43.7,none,0,0.0,2019.0,True,True,,137.29999999999998,0.4816912042280106,-18.400000000000006,19.3,2.0,0.0,1,2.0
2019,CAB0413,Americas,carrier,2013,6,9,8464.0,4,None,264.9,169.6,51.3,0,25,32,1,45.2,none,0,1.0,2020.0,True,True,,95.29999999999998,0.6402416006040016,42.0,0.29999999999999716,1.0,0.0,1,3.0
2020,CAB0413,Americas,carrier,2013,7,9,8464.0,4,None,264.9,179.2,73.7,0,25,33,1,46.8,fishing_anchor,1,1.0,2021.0,True,True,,85.69999999999999,0.6764816912042281,9.599999999999994,22.400000000000006,1.0,0.0,0,4.0
2021,CAB0413,Americas,carrier,2013,8,9,8464.0,4,None,264.9,195.9,97.7,0,25,37,1,48.4,fishing_anchor,1,1.0,2022.0,True,True,,68.99999999999997,0.7395243488108721,16.700000000000017,24.0,4.0,1.0,1,1.0
2022,CAB0413,Americas,carrier,2013,9,9,8464.0,4,None,264.9,208.4,74.3,0,25,37,1,50.0,fishing_anchor,1,1.0,2023.0,True,True,,56.49999999999997,0.7867119667799171,12.5,-23.400000000000006,0.0,1.0,2,1.0
2023,CAB0413,Americas,carrier,2013,10,9,8464.0,4,None,264.9,202.0,100.0,0,25,37,1,51.6,fishing_anchor,1,1.0,2024.0,True,True,,62.89999999999998,0.762551906379766,-6.400000000000006,25.700000000000003,0.0,1.0,3,1.0
2024,CAB0413,Americas,carrier,2013,11,9,8464.0,4,None,264.9,225.3,43.4,0,25,39,1,53.2,fishing_anchor,1,0.0,2025.0,True,True,,39.599999999999966,0.8505096262740658,23.30000000000001,-56.6,2.0,1.0,3,1.0
2025,CAB0413,Americas,carrier,2013,12,9,8464.0,4,None,264.9,264.9,47.6,0,25,39,1,54.8,none,0,0.0,2026.0,True,True,,0.0,1.0,39.599999999999966,4.200000000000003,0.0,1.0,3,1.0
2015,CAB0414,Intra-Asia,hyperscaler,2010,5,6,5494.0,4,None,150.9,100.4,33.9,1,25,53,0,7.9,none,0,0.0,2016.0,True,True,,50.5,0.6653412856196157,,,,,0,
2016,CAB0414,Intra-Asia,hyperscaler,2010,6,6,5494.0,4,None,150.9,98.5,73.1,1,25,59,0,9.5,none,0,0.0,2017.0,True,True,,52.400000000000006,0.6527501656726309,-1.9000000000000057,39.199999999999996,6.0,0.0,0,
2017,CAB0414,Intra-Asia,hyperscaler,2010,7,6,5494.0,4,None,150.9,94.9,73.8,1,25,60,0,11.1,none,0,0.0,2018.0,True,True,,56.0,0.6288933068257124,-3.5999999999999943,0.7000000000000028,1.0,0.0,0,
2018,CAB0414,Intra-Asia,hyperscaler,2010,8,6,5494.0,4,None,150.9,110.3,22.2,1,25,62,0,12.7,none,0,1.0,2019.0,True,True,,40.60000000000001,0.7309476474486415,15.399999999999991,-51.599999999999994,2.0,0.0,0,
2019,CAB0414,Intra-Asia,hyperscaler,2010,9,6,5494.0,4,None,150.9,132.5,68.5,1,25,64,0,14.3,fishing_anchor,1,0.0,2020.0,True,True,,18.400000000000006,0.8780649436713055,22.200000000000003,46.3,2.0,0.0,0,
2020,CAB0414,Intra-Asia,hyperscaler,2010,10,6,5494.0,4,None,150.9,131.3,43.8,1,25,66,0,15.9,none,0,0.0,2021.0,True,True,,19.599999999999994,0.8701126573889993,-1.1999999999999886,-24.700000000000003,2.0,1.0,1,1.0
2021,CAB0414,Intra-Asia,hyperscaler,2010,11,6,5494.0,4,None,150.9,130.8,60.9,1,25,69,0,17.5,none,0,0.0,2022.0,True,True,,20.099999999999994,0.8667992047713718,-0.5,17.1,3.0,0.0,1,2.0
2022,CAB0414,Intra-Asia,hyperscaler,2010,12,6,5494.0,4,None,150.9,130.7,75.6,1,25,70,0,19.0,none,0,0.0,2023.0,True,True,,20.200000000000017,0.8661365142478461,-0.10000000000002274,14.699999999999996,1.0,0.0,1,3.0
2023,CAB0414,Intra-Asia,hyperscaler,2010,13,6,5494.0,4,None,150.9,150.9,60.0,1,25,70,0,20.6,none,0,0.0,2024.0,True,True,,0.0,1.0,20.200000000000017,-15.599999999999994,0.0,0.0,0,4.0
2024,CAB0414,Intra-Asia,hyperscaler,2010,14,6,5494.0,4,None,150.9,150.9,39.2,1,25,75,0,22.2,none,0,0.0,2025.0,True,True,,0.0,1.0,0.0,-20.799999999999997,5.0,0.0,0,5.0
2025,CAB0414,Intra-Asia,hyperscaler,2010,15,6,5494.0,4,None,150.9,150.9,78.0,1,25,77,0,23.8,none,0,0.0,2026.0,True,True,,0.0,1.0,0.0,38.8,2.0,0.0,0,6.0
2015,CAB0415,Intra-Pacific-Islands,carrier,2013,2,6,3576.0,5,None,176.6,60.1,51.8,1,25,28,1,23.0,none,0,0.0,2016.0,True,True,,116.5,0.340317100792752,,,,,0,
2016,CAB0415,Intra-Pacific-Islands,carrier,2013,3,6,3576.0,5,None,176.6,51.1,45.7,1,25,29,1,24.6,none,0,1.0,2017.0,True,True,,125.5,0.2893544733861835,-9.0,-6.099999999999994,1.0,0.0,0,
2017,CAB0415,Intra-Pacific-Islands,carrier,2013,4,6,3576.0,5,None,176.6,87.8,70.5,1,25,29,1,26.2,suspected_external,1,0.0,2018.0,True,True,,88.8,0.4971687429218573,36.699999999999996,24.799999999999997,0.0,0.0,0,
2018,CAB0415,Intra-Pacific-Islands,carrier,2013,5,6,3576.0,5,None,176.6,94.1,45.9,1,25,30,1,27.8,none,0,0.0,2019.0,True,True,,82.5,0.5328425821064553,6.299999999999997,-24.6,1.0,1.0,1,1.0
2019,CAB0415,Intra-Pacific-Islands,carrier,2013,6,6,3576.0,5,None,176.6,110.2,59.8,1,25,35,1,29.4,none,0,0.0,2020.0,True,True,,66.39999999999999,0.6240090600226501,16.10000000000001,13.899999999999999,5.0,0.0,1,2.0
2020,CAB0415,Intra-Pacific-Islands,carrier,2013,7,6,3576.0,5,None,176.6,122.5,70.3,1,25,40,0,11.1,none,0,0.0,2021.0,True,True,,54.099999999999994,0.6936579841449604,12.299999999999997,10.5,5.0,0.0,1,3.0
2021,CAB0415,Intra-Pacific-Islands,carrier,2013,8,6,3576.0,5,None,176.6,137.1,52.1,1,25,41,0,12.7,none,0,0.0,2022.0,True,True,,39.5,0.776330690826727,14.599999999999994,-18.199999999999996,1.0,0.0,0,4.0
2022,CAB0415,Intra-Pacific-Islands,carrier,2013,9,6,3576.0,5,None,176.6,150.1,72.7,1,25,43,0,14.3,none,0,0.0,2023.0,True,True,,26.5,0.8499433748584372,13.0,20.6,2.0,0.0,0,5.0
2023,CAB0415,Intra-Pacific-Islands,carrier,2013,10,6,3576.0,5,None,176.6,147.5,52.1,1,25,45,0,15.9,none,0,0.0,2024.0,True,True,,29.099999999999994,0.8352208380520951,-2.5999999999999943,-20.6,2.0,0.0,0,6.0
2024,CAB0415,Intra-Pacific-Islands,carrier,2013,11,6,3576.0,5,None,176.6,171.8,49.6,1,25,48,0,17.5,none,0,1.0,2025.0,True,True,,4.799999999999983,0.9728199320498302,24.30000000000001,-2.5,3.0,0.0,0,7.0
2025,CAB0415,Intra-Pacific-Islands,carrier,2013,12,6,3576.0,5,None,176.6,166.5,86.0,1,25,50,0,19.0,fishing_anchor,1,0.0,2026.0,True,True,,10.099999999999994,0.9428086070215176,-5.300000000000011,36.4,2.0,0.0,0,8.0
2015,CAB0416,Trans-Atlantic,carrier,2015,0,7,7378.0,3,None,226.0,80.1,36.4,0,25,33,1,35.7,natural_hazard,1,0.0,2016.0,True,True,,145.9,0.35442477876106193,,,,,0,
2016,CAB0416,Trans-Atlantic,carrier,2015,1,7,7378.0,3,None,226.0,61.4,8.5,0,25,37,1,37.3,none,0,0.0,2017.0,True,True,,164.6,0.27168141592920353,-18.699999999999996,-27.9,4.0,1.0,1,1.0
2017,CAB0416,Trans-Atlantic,carrier,2015,2,7,7378.0,3,None,226.0,76.9,29.4,0,25,37,1,38.9,none,0,1.0,2018.0,True,True,,149.1,0.34026548672566376,15.500000000000007,20.9,0.0,0.0,1,2.0
2018,CAB0416,Trans-Atlantic,carrier,2015,3,7,7378.0,3,None,226.0,92.4,15.1,0,25,40,0,20.6,fishing_anchor,1,0.0,2019.0,True,True,,133.6,0.40884955752212393,15.5,-14.299999999999999,3.0,0.0,1,3.0
2019,CAB0416,Trans-Atlantic,carrier,2015,4,7,7378.0,3,None,226.0,117.0,62.6,0,25,45,0,22.2,none,0,1.0,2020.0,True,True,,109.0,0.5176991150442478,24.599999999999994,47.5,5.0,1.0,1,1.0
2020,CAB0416,Trans-Atlantic,carrier,2015,5,7,7378.0,3,None,226.0,122.6,70.4,0,25,48,0,23.8,fishing_anchor,1,0.0,2021.0,True,True,,103.4,0.5424778761061947,5.599999999999994,7.800000000000004,3.0,0.0,1,2.0
2021,CAB0416,Trans-Atlantic,carrier,2015,6,7,7378.0,3,None,226.0,126.9,95.3,0,25,50,0,25.4,none,0,1.0,2022.0,True,True,,99.1,0.5615044247787611,4.300000000000011,24.89999999999999,2.0,1.0,2,1.0
2022,CAB0416,Trans-Atlantic,carrier,2015,7,7,7378.0,3,None,226.0,161.6,43.6,0,25,51,0,27.0,fishing_anchor,1,1.0,2023.0,True,True,,64.4,0.7150442477876106,34.69999999999999,-51.699999999999996,1.0,0.0,1,2.0
2023,CAB0416,Trans-Atlantic,carrier,2015,8,7,7378.0,3,None,226.0,162.6,78.8,0,25,54,0,28.6,fishing_anchor,1,1.0,2024.0,True,True,,63.400000000000006,0.7194690265486725,1.0,35.199999999999996,3.0,1.0,2,1.0
2024,CAB0416,Trans-Atlantic,carrier,2015,9,7,7378.0,3,None,226.0,173.0,86.1,0,25,58,0,30.2,fishing_anchor,1,0.0,2025.0,True,True,,53.0,0.7654867256637168,10.400000000000006,7.299999999999997,4.0,1.0,2,1.0
2025,CAB0416,Trans-Atlantic,carrier,2015,10,7,7378.0,3,None,226.0,195.4,58.2,0,25,62,0,31.7,none,0,0.0,2026.0,True,True,,30.599999999999994,0.8646017699115045,22.400000000000006,-27.89999999999999,4.0,1.0,3,1.0
2015,CAB0417,Trans-Pacific,carrier,2007,8,33,13108.0,5,None,688.3,456.5,49.5,0,25,35,1,48.4,equipment,1,0.0,2016.0,True,True,,231.79999999999995,0.6632282434984745,,,,,0,
2016,CAB0417,Trans-Pacific,carrier,2007,9,33,13108.0,5,None,688.3,547.9,54.8,0,25,37,1,50.0,none,0,0.0,2017.0,True,True,,140.39999999999998,0.7960191776841494,91.39999999999998,5.299999999999997,2.0,1.0,1,1.0
2017,CAB0417,Trans-Pacific,carrier,2007,10,33,13108.0,5,None,688.3,585.6,67.2,0,25,38,1,51.6,none,0,0.0,2018.0,True,True,,102.69999999999993,0.8507918058985908,37.700000000000045,12.400000000000006,1.0,0.0,1,2.0
2018,CAB0417,Trans-Pacific,carrier,2007,11,33,13108.0,5,None,688.3,623.7,93.7,0,25,39,1,53.2,none,0,0.0,2019.0,True,True,,64.59999999999991,0.906145576056952,38.10000000000002,26.5,1.0,0.0,1,3.0
2019,CAB0417,Trans-Pacific,carrier,2007,12,33,13108.0,5,None,688.3,588.5,53.1,0,25,41,0,34.9,none,0,0.0,2020.0,True,True,,99.79999999999995,0.8550050849920093,-35.200000000000045,-40.6,2.0,0.0,0,4.0
2020,CAB0417,Trans-Pacific,carrier,2007,13,33,13108.0,5,None,688.3,688.3,57.6,0,25,42,0,36.5,none,0,0.0,2021.0,True,True,,0.0,1.0,99.79999999999995,4.5,1.0,0.0,0,5.0
2021,CAB0417,Trans-Pacific,carrier,2007,14,33,13108.0,5,None,688.3,688.3,76.0,0,25,43,0,38.1,none,0,0.0,2022.0,True,True,,0.0,1.0,0.0,18.4,1.0,0.0,0,6.0
2022,CAB0417,Trans-Pacific,carrier,2007,15,33,13108.0,5,None,688.3,688.3,85.6,0,25,45,0,39.7,none,0,0.0,2023.0,True,True,,0.0,1.0,0.0,9.599999999999994,2.0,0.0,0,7.0
2023,CAB0417,Trans-Pacific,carrier,2007,16,33,13108.0,5,None,688.3,688.3,100.0,0,25,47,0,41.3,none,0,0.0,2024.0,True,True,,0.0,1.0,0.0,14.400000000000006,2.0,0.0,0,8.0
2024,CAB0417,Trans-Pacific,carrier,2007,17,33,13108.0,5,None,688.3,688.3,64.2,0,25,49,0,42.9,none,0,0.0,2025.0,True,True,,0.0,1.0,0.0,-35.8,2.0,0.0,0,9.0
2025,CAB0417,Trans-Pacific,carrier,2007,18,33,13108.0,5,None,688.3,688.3,51.1,0,25,50,0,44.4,none,0,0.0,2026.0,True,True,,0.0,1.0,0.0,-13.100000000000001,1.0,0.0,0,10.0
2018,CAB0418,Intra-Asia,consortium,2018,0,7,3575.0,5,None,256.0,74.3,59.1,1,25,62,0,0.0,none,0,0.0,2019.0,True,True,,181.7,0.290234375,,,,,0,
2019,CAB0418,Intra-Asia,consortium,2018,1,7,3575.0,5,None,256.0,86.6,86.9,1,25,64,0,1.6,none,0,0.0,2020.0,True,True,,169.4,0.33828125,12.299999999999997,27.800000000000004,2.0,0.0,0,
2020,CAB0418,Intra-Asia,consortium,2018,2,7,3575.0,5,None,256.0,79.0,44.8,1,25,66,0,3.2,none,0,1.0,2021.0,True,True,,177.0,0.30859375,-7.599999999999994,-42.10000000000001,2.0,0.0,0,
2021,CAB0418,Intra-Asia,consortium,2018,3,7,3575.0,5,None,256.0,116.8,30.3,1,25,69,0,4.8,fishing_anchor,1,0.0,2022.0,True,True,,139.2,0.45625,37.8,-14.499999999999996,3.0,0.0,0,
2022,CAB0418,Intra-Asia,consortium,2018,4,7,3575.0,5,None,256.0,131.3,41.8,1,25,70,0,6.3,none,0,1.0,2023.0,True,True,,124.69999999999999,0.512890625,14.500000000000014,11.499999999999996,1.0,1.0,1,1.0
2023,CAB0418,Intra-Asia,consortium,2018,5,7,3575.0,5,None,256.0,140.1,20.4,1,25,70,0,7.9,fishing_anchor,1,1.0,2024.0,True,True,,115.9,0.547265625,8.799999999999983,-21.4,0.0,0.0,1,2.0
2024,CAB0418,Intra-Asia,consortium,2018,6,7,3575.0,5,None,256.0,164.0,45.2,1,25,75,0,9.5,fishing_anchor,1,0.0,2025.0,True,True,,92.0,0.640625,23.900000000000006,24.800000000000004,5.0,1.0,2,1.0
2025,CAB0418,Intra-Asia,consortium,2018,7,7,3575.0,5,None,256.0,164.2,51.4,1,25,77,0,11.1,none,0,1.0,2026.0,True,True,,91.80000000000001,0.64140625,0.19999999999998863,6.199999999999996,2.0,1.0,2,1.0
2015,CAB0419,Indian-Ocean,hyperscaler,2013,2,18,11123.0,7,Hormuz,529.7,211.5,29.2,0,25,31,1,66.7,suspected_external,1,0.0,2016.0,True,True,,318.20000000000005,0.3992826127996979,,,,,0,
2016,CAB0419,Indian-Ocean,hyperscaler,2013,3,18,11123.0,7,Hormuz,529.7,240.2,58.3,0,25,33,1,68.3,none,0,1.0,2017.0,True,True,,289.50000000000006,0.4534642250330375,28.69999999999999,29.099999999999998,2.0,1.0,1,1.0
2017,CAB0419,Indian-Ocean,hyperscaler,2013,4,18,11123.0,7,Hormuz,529.7,267.2,37.9,0,25,33,1,69.8,natural_hazard,1,1.0,2018.0,True,True,,262.50000000000006,0.5044364734755521,27.0,-20.4,0.0,0.0,1,2.0
2018,CAB0419,Indian-Ocean,hyperscaler,2013,5,18,11123.0,7,Hormuz,529.7,302.2,40.3,0,25,35,1,71.4,fishing_anchor,1,1.0,2019.0,True,True,,227.50000000000006,0.5705116103454785,35.0,2.3999999999999986,2.0,1.0,2,1.0
2019,CAB0419,Indian-Ocean,hyperscaler,2013,6,18,11123.0,7,Hormuz,529.7,317.9,28.4,0,25,35,1,73.0,fishing_anchor,1,1.0,2020.0,True,True,,211.80000000000007,0.6001510288842741,15.699999999999989,-11.899999999999999,0.0,1.0,2,1.0
2020,CAB0419,Indian-Ocean,hyperscaler,2013,7,18,11123.0,7,Hormuz,529.7,361.3,82.6,0,25,36,1,74.6,natural_hazard,1,1.0,2021.0,True,True,,168.40000000000003,0.6820841986029827,43.400000000000034,54.199999999999996,1.0,1.0,3,1.0
2021,CAB0419,Indian-Ocean,hyperscaler,2013,8,18,11123.0,7,Hormuz,529.7,373.4,51.7,0,25,39,1,76.2,fishing_anchor,1,0.0,2022.0,True,True,,156.30000000000007,0.704927317349443,12.099999999999966,-30.89999999999999,3.0,1.0,3,1.0
2022,CAB0419,Indian-Ocean,hyperscaler,2013,9,18,11123.0,7,Hormuz,529.7,388.2,64.9,0,25,39,1,77.8,none,0,1.0,2023.0,True,True,,141.50000000000006,0.7328676609401548,14.800000000000011,13.200000000000003,0.0,1.0,3,1.0
2023,CAB0419,Indian-Ocean,hyperscaler,2013,10,18,11123.0,7,Hormuz,529.7,478.6,79.9,0,25,40,0,59.5,fishing_anchor,1,1.0,2024.0,True,True,,51.10000000000002,0.9035303001699074,90.40000000000003,15.0,1.0,0.0,2,2.0
2024,CAB0419,Indian-Ocean,hyperscaler,2013,11,18,11123.0,7,Hormuz,529.7,507.5,47.4,0,25,41,0,61.1,fishing_anchor,1,1.0,2025.0,True,True,,22.200000000000045,0.9580894846139323,28.899999999999977,-32.50000000000001,1.0,1.0,2,1.0
2025,CAB0419,Indian-Ocean,hyperscaler,2013,12,18,11123.0,7,Hormuz,529.7,516.3,43.1,0,25,44,0,62.7,natural_hazard,1,1.0,2026.0,True,True,,13.400000000000091,0.9747026618840852,8.799999999999955,-4.299999999999997,3.0,1.0,2,1.0
2015,CAB0420,Trans-Atlantic,carrier,2015,0,14,6401.0,6,None,452.0,103.8,68.7,0,25,33,1,35.7,none,0,0.0,2016.0,True,True,,348.2,0.22964601769911505,,,,,0,
2016,CAB0420,Trans-Atlantic,carrier,2015,1,14,6401.0,6,None,452.0,173.4,52.5,0,25,37,1,37.3,none,0,0.0,2017.0,True,True,,278.6,0.3836283185840708,69.60000000000001,-16.200000000000003,4.0,0.0,0,
2017,CAB0420,Trans-Atlantic,carrier,2015,2,14,6401.0,6,None,452.0,196.2,74.9,0,25,37,1,38.9,none,0,0.0,2018.0,True,True,,255.8,0.434070796460177,22.799999999999983,22.400000000000006,0.0,0.0,0,
2018,CAB0420,Trans-Atlantic,carrier,2015,3,14,6401.0,6,None,452.0,191.9,59.7,0,25,40,0,20.6,none,0,0.0,2019.0,True,True,,260.1,0.4245575221238938,-4.299999999999983,-15.200000000000003,3.0,0.0,0,
2019,CAB0420,Trans-Atlantic,carrier,2015,4,14,6401.0,6,None,452.0,237.4,33.8,0,25,45,0,22.2,none,0,0.0,2020.0,True,True,,214.6,0.5252212389380531,45.5,-25.900000000000006,5.0,0.0,0,
2020,CAB0420,Trans-Atlantic,carrier,2015,5,14,6401.0,6,None,452.0,247.6,87.6,0,25,48,0,23.8,none,0,1.0,2021.0,True,True,,204.4,0.547787610619469,10.199999999999989,53.8,3.0,0.0,0,
2021,CAB0420,Trans-Atlantic,carrier,2015,6,14,6401.0,6,None,452.0,283.9,74.5,0,25,50,0,25.4,fishing_anchor,1,0.0,2022.0,True,True,,168.10000000000002,0.6280973451327433,36.29999999999998,-13.099999999999994,2.0,0.0,0,
2022,CAB0420,Trans-Atlantic,carrier,2015,7,14,6401.0,6,None,452.0,306.5,36.5,0,25,51,0,27.0,none,0,0.0,2023.0,True,True,,145.5,0.6780973451327433,22.600000000000023,-38.0,1.0,1.0,1,1.0
2023,CAB0420,Trans-Atlantic,carrier,2015,8,14,6401.0,6,None,452.0,305.1,97.1,0,25,54,0,28.6,none,0,0.0,2024.0,True,True,,146.89999999999998,0.675,-1.3999999999999773,60.599999999999994,3.0,0.0,1,2.0
2024,CAB0420,Trans-Atlantic,carrier,2015,9,14,6401.0,6,None,452.0,371.6,31.4,0,25,58,0,30.2,none,0,0.0,2025.0,True,True,,80.39999999999998,0.8221238938053098,66.5,-65.69999999999999,4.0,0.0,1,3.0
2025,CAB0420,Trans-Atlantic,carrier,2015,10,14,6401.0,6,None,452.0,369.8,89.2,0,25,62,0,31.7,none,0,0.0,2026.0,True,True,,82.19999999999999,0.818141592920354,-1.8000000000000114,57.800000000000004,4.0,0.0,0,4.0
2016,CAB0421,EMEA-Asia,hyperscaler,2016,0,7,17350.0,6,Hormuz,236.0,64.3,54.0,0,25,29,1,63.5,none,0,0.0,2017.0,True,True,,171.7,0.2724576271186441,,,,,0,
2017,CAB0421,EMEA-Asia,hyperscaler,2016,1,7,17350.0,6,Hormuz,236.0,78.2,57.9,0,25,32,1,65.1,none,0,0.0,2018.0,True,True,,157.8,0.3313559322033898,13.900000000000006,3.8999999999999986,3.0,0.0,0,
2018,CAB0421,EMEA-Asia,hyperscaler,2016,2,7,17350.0,6,Hormuz,236.0,93.7,63.1,0,25,34,1,66.7,none,0,0.0,2019.0,True,True,,142.3,0.39703389830508473,15.5,5.200000000000003,2.0,0.0,0,
2019,CAB0421,EMEA-Asia,hyperscaler,2016,3,7,17350.0,6,Hormuz,236.0,102.1,30.1,0,25,37,1,68.3,none,0,0.0,2020.0,True,True,,133.9,0.4326271186440678,8.399999999999991,-33.0,3.0,0.0,0,
2020,CAB0421,EMEA-Asia,hyperscaler,2016,4,7,17350.0,6,Hormuz,236.0,125.9,19.6,0,25,40,0,50.0,none,0,0.0,2021.0,True,True,,110.1,0.5334745762711864,23.80000000000001,-10.5,3.0,0.0,0,
2021,CAB0421,EMEA-Asia,hyperscaler,2016,5,7,17350.0,6,Hormuz,236.0,130.3,45.5,0,25,44,0,51.6,none,0,0.0,2022.0,True,True,,105.69999999999999,0.5521186440677966,4.400000000000006,25.9,4.0,0.0,0,
2022,CAB0421,EMEA-Asia,hyperscaler,2016,6,7,17350.0,6,Hormuz,236.0,165.2,27.3,0,25,45,0,53.2,none,0,0.0,2023.0,True,True,,70.80000000000001,0.7,34.89999999999998,-18.2,1.0,0.0,0,
2023,CAB0421,EMEA-Asia,hyperscaler,2016,7,7,17350.0,6,Hormuz,236.0,162.3,56.2,0,25,47,0,54.8,none,0,0.0,2024.0,True,True,,73.69999999999999,0.6877118644067797,-2.8999999999999773,28.900000000000002,2.0,0.0,0,
2024,CAB0421,EMEA-Asia,hyperscaler,2016,8,7,17350.0,6,Hormuz,236.0,172.2,44.3,0,25,48,0,56.3,none,0,0.0,2025.0,True,True,,63.80000000000001,0.7296610169491525,9.899999999999977,-11.900000000000006,1.0,0.0,0,
2025,CAB0421,EMEA-Asia,hyperscaler,2016,9,7,17350.0,6,Hormuz,236.0,189.1,98.1,0,25,47,0,57.9,none,0,0.0,2026.0,True,True,,46.900000000000006,0.801271186440678,16.900000000000006,53.8,-1.0,0.0,0,
2015,CAB0422,Trans-Atlantic,consortium,2014,1,4,5288.0,6,None,123.4,32.9,41.5,1,25,33,1,21.4,natural_hazard,1,1.0,2016.0,True,True,,90.5,0.266612641815235,,,,,0,
2016,CAB0422,Trans-Atlantic,consortium,2014,2,4,5288.0,6,None,123.4,54.1,54.1,1,25,37,1,23.0,natural_hazard,1,0.0,2017.0,True,True,,69.30000000000001,0.4384116693679092,21.200000000000003,12.600000000000001,4.0,1.0,1,1.0
2017,CAB0422,Trans-Atlantic,consortium,2014,3,4,5288.0,6,None,123.4,55.6,62.0,1,25,37,1,24.6,none,0,1.0,2018.0,True,True,,67.80000000000001,0.4505672609400324,1.5,7.899999999999999,0.0,1.0,2,1.0
2018,CAB0422,Trans-Atlantic,consortium,2014,4,4,5288.0,6,None,123.4,66.3,34.0,1,25,40,0,6.3,suspected_external,1,0.0,2019.0,True,True,,57.10000000000001,0.5372771474878444,10.699999999999996,-28.0,3.0,0.0,2,2.0
2019,CAB0422,Trans-Atlantic,consortium,2014,5,4,5288.0,6,None,123.4,69.4,30.2,1,25,45,0,7.9,none,0,0.0,2020.0,True,True,,54.0,0.5623987034035657,3.1000000000000085,-3.8000000000000007,5.0,1.0,2,1.0
2020,CAB0422,Trans-Atlantic,consortium,2014,6,4,5288.0,6,None,123.4,82.1,50.7,1,25,48,0,9.5,none,0,0.0,2021.0,True,True,,41.30000000000001,0.6653160453808751,12.699999999999989,20.500000000000004,3.0,0.0,1,2.0
2021,CAB0422,Trans-Atlantic,consortium,2014,7,4,5288.0,6,None,123.4,84.2,47.2,1,25,50,0,11.1,none,0,0.0,2022.0,True,True,,39.2,0.6823338735818476,2.1000000000000085,-3.5,2.0,0.0,1,3.0
2022,CAB0422,Trans-Atlantic,consortium,2014,8,4,5288.0,6,None,123.4,91.4,42.7,1,25,51,0,12.7,none,0,0.0,2023.0,True,True,,32.0,0.740680713128039,7.200000000000003,-4.5,1.0,0.0,0,4.0
2023,CAB0422,Trans-Atlantic,consortium,2014,9,4,5288.0,6,None,123.4,99.9,67.4,1,25,54,0,14.3,none,0,0.0,2024.0,True,True,,23.5,0.8095623987034036,8.5,24.700000000000003,3.0,0.0,0,5.0
2024,CAB0422,Trans-Atlantic,consortium,2014,10,4,5288.0,6,None,123.4,96.0,71.2,1,25,58,0,15.9,none,0,0.0,2025.0,True,True,,27.400000000000006,0.7779578606158832,-3.9000000000000057,3.799999999999997,4.0,0.0,0,6.0
2025,CAB0422,Trans-Atlantic,consortium,2014,11,4,5288.0,6,None,123.4,119.1,91.7,1,25,62,0,17.5,none,0,0.0,2026.0,True,True,,4.300000000000011,0.9651539708265802,23.099999999999994,20.5,4.0,0.0,0,7.0
2024,CAB0423,Intra-Asia,carrier,2024,0,36,3820.0,6,None,1625.1,302.8,17.3,0,25,75,0,15.9,none,0,1.0,2025.0,True,True,,1322.3,0.18632699526183005,,,,,0,
2025,CAB0423,Intra-Asia,carrier,2024,1,36,3820.0,6,None,1625.1,557.5,63.9,0,25,77,0,17.5,fishing_anchor,1,0.0,2026.0,True,True,,1067.6,0.3430558119500339,254.7,46.599999999999994,2.0,0.0,0,
2015,CAB0424,Intra-Asia,government,2001,14,5,3264.0,5,None,61.4,61.4,85.7,1,25,53,0,22.2,none,0,0.0,2016.0,True,True,,0.0,1.0,,,,,0,
2016,CAB0424,Intra-Asia,government,2001,15,5,3264.0,5,None,61.4,61.4,41.5,1,25,59,0,23.8,none,0,0.0,2017.0,True,True,,0.0,1.0,0.0,-44.2,6.0,0.0,0,
2017,CAB0424,Intra-Asia,government,2001,16,5,3264.0,5,None,61.4,61.4,84.1,1,25,60,0,25.4,none,0,0.0,2018.0,True,True,,0.0,1.0,0.0,42.599999999999994,1.0,0.0,0,
2018,CAB0424,Intra-Asia,government,2001,17,5,3264.0,5,None,61.4,61.4,74.9,1,25,62,0,27.0,none,0,0.0,2019.0,True,True,,0.0,1.0,0.0,-9.199999999999989,2.0,0.0,0,
2019,CAB0424,Intra-Asia,government,2001,18,5,3264.0,5,None,61.4,61.4,87.4,1,25,64,0,28.6,none,0,0.0,2020.0,True,True,,0.0,1.0,0.0,12.5,2.0,0.0,0,
2020,CAB0424,Intra-Asia,government,2001,19,5,3264.0,5,None,61.4,61.4,63.3,1,25,66,0,30.2,none,0,0.0,2021.0,True,True,,0.0,1.0,0.0,-24.10000000000001,2.0,0.0,0,
2021,CAB0424,Intra-Asia,government,2001,20,5,3264.0,5,None,61.4,61.4,100.0,1,25,69,0,31.7,none,0,0.0,2022.0,True,True,,0.0,1.0,0.0,36.7,3.0,0.0,0,
2022,CAB0424,Intra-Asia,government,2001,21,5,3264.0,5,None,61.4,61.4,70.9,1,25,70,0,33.3,none,0,0.0,2023.0,True,True,,0.0,1.0,0.0,-29.099999999999994,1.0,0.0,0,
2023,CAB0424,Intra-Asia,government,2001,22,5,3264.0,5,None,61.4,61.4,61.4,1,25,70,0,34.9,none,0,0.0,2024.0,True,True,,0.0,1.0,0.0,-9.500000000000007,0.0,0.0,0,
2024,CAB0424,Intra-Asia,government,2001,23,5,3264.0,5,None,61.4,61.4,87.2,1,25,75,0,36.5,none,0,0.0,2025.0,True,True,,0.0,1.0,0.0,25.800000000000004,5.0,0.0,0,
2025,CAB0424,Intra-Asia,government,2001,24,5,3264.0,5,None,61.4,61.4,98.0,1,25,77,0,38.1,none,0,0.0,2026.0,True,True,,0.0,1.0,0.0,10.799999999999997,2.0,0.0,0,
2015,CAB0425,Trans-Atlantic,carrier,2013,2,6,5639.0,5,None,176.6,50.2,21.5,1,25,33,1,23.0,none,0,0.0,2016.0,True,True,,126.39999999999999,0.28425821064552664,,,,,0,
2016,CAB0425,Trans-Atlantic,carrier,2013,3,6,5639.0,5,None,176.6,77.2,72.3,1,25,37,1,24.6,none,0,0.0,2017.0,True,True,,99.39999999999999,0.4371460928652322,27.0,50.8,4.0,0.0,0,
2017,CAB0425,Trans-Atlantic,carrier,2013,4,6,5639.0,5,None,176.6,85.9,48.1,1,25,37,1,26.2,none,0,0.0,2018.0,True,True,,90.69999999999999,0.4864099660249151,8.700000000000003,-24.199999999999996,0.0,0.0,0,
2018,CAB0425,Trans-Atlantic,carrier,2013,5,6,5639.0,5,None,176.6,91.7,45.2,1,25,40,0,7.9,none,0,0.0,2019.0,True,True,,84.89999999999999,0.5192525481313703,5.799999999999997,-2.8999999999999986,3.0,0.0,0,
2019,CAB0425,Trans-Atlantic,carrier,2013,6,6,5639.0,5,None,176.6,112.7,36.8,1,25,45,0,9.5,none,0,0.0,2020.0,True,True,,63.89999999999999,0.6381653454133636,21.0,-8.400000000000006,5.0,0.0,0,
2020,CAB0425,Trans-Atlantic,carrier,2013,7,6,5639.0,5,None,176.6,129.5,55.1,1,25,48,0,11.1,none,0,0.0,2021.0,True,True,,47.099999999999994,0.7332955832389582,16.799999999999997,18.300000000000004,3.0,0.0,0,
2021,CAB0425,Trans-Atlantic,carrier,2013,8,6,5639.0,5,None,176.6,116.7,52.7,1,25,50,0,12.7,none,0,0.0,2022.0,True,True,,59.89999999999999,0.6608154020385051,-12.799999999999997,-2.3999999999999986,2.0,0.0,0,
2022,CAB0425,Trans-Atlantic,carrier,2013,9,6,5639.0,5,None,176.6,151.8,71.0,1,25,51,0,14.3,none,0,0.0,2023.0,True,True,,24.799999999999983,0.8595696489241224,35.10000000000001,18.299999999999997,1.0,0.0,0,
2023,CAB0425,Trans-Atlantic,carrier,2013,10,6,5639.0,5,None,176.6,155.0,50.7,1,25,54,0,15.9,none,0,0.0,2024.0,True,True,,21.599999999999994,0.8776896942242356,3.1999999999999886,-20.299999999999997,3.0,0.0,0,
2024,CAB0425,Trans-Atlantic,carrier,2013,11,6,5639.0,5,None,176.6,167.1,31.3,1,25,58,0,17.5,none,0,0.0,2025.0,True,True,,9.5,0.9462061155152888,12.099999999999994,-19.400000000000002,4.0,0.0,0,
2025,CAB0425,Trans-Atlantic,carrier,2013,12,6,5639.0,5,None,176.6,155.0,64.0,1,25,62,0,19.0,none,0,0.0,2026.0,True,True,,21.599999999999994,0.8776896942242356,-12.099999999999994,32.7,4.0,0.0,0,
2015,CAB0426,Intra-Pacific-Islands,carrier,2011,4,6,3396.0,3,None,159.4,88.9,61.0,0,25,28,1,42.1,none,0,0.0,2016.0,True,True,,70.5,0.5577164366373902,,,,,0,
2016,CAB0426,Intra-Pacific-Islands,carrier,2011,5,6,3396.0,3,None,159.4,86.7,16.1,0,25,29,1,43.7,none,0,0.0,2017.0,True,True,,72.7,0.5439146800501882,-2.200000000000003,-44.9,1.0,0.0,0,
2017,CAB0426,Intra-Pacific-Islands,carrier,2011,6,6,3396.0,3,None,159.4,103.8,41.2,0,25,29,1,45.2,none,0,0.0,2018.0,True,True,,55.60000000000001,0.6511919698870765,17.099999999999994,25.1,0.0,0.0,0,
2018,CAB0426,Intra-Pacific-Islands,carrier,2011,7,6,3396.0,3,None,159.4,100.3,77.4,0,25,30,1,46.8,none,0,0.0,2019.0,True,True,,59.10000000000001,0.6292346298619824,-3.5,36.2,1.0,0.0,0,
2019,CAB0426,Intra-Pacific-Islands,carrier,2011,8,6,3396.0,3,None,159.4,113.5,80.1,0,25,35,1,48.4,none,0,0.0,2020.0,True,True,,45.900000000000006,0.7120451693851945,13.200000000000003,2.6999999999999886,5.0,0.0,0,
2020,CAB0426,Intra-Pacific-Islands,carrier,2011,9,6,3396.0,3,None,159.4,123.5,51.1,0,25,40,0,30.2,none,0,0.0,2021.0,True,True,,35.900000000000006,0.774780426599749,10.0,-28.999999999999993,5.0,0.0,0,
2021,CAB0426,Intra-Pacific-Islands,carrier,2011,10,6,3396.0,3,None,159.4,131.5,57.6,0,25,41,0,31.7,none,0,1.0,2022.0,True,True,,27.900000000000006,0.8249686323713927,8.0,6.5,1.0,0.0,0,
2022,CAB0426,Intra-Pacific-Islands,carrier,2011,11,6,3396.0,3,None,159.4,144.0,95.4,0,25,43,0,33.3,fishing_anchor,1,0.0,2023.0,True,True,,15.400000000000006,0.9033877038895859,12.5,37.800000000000004,2.0,0.0,0,
2023,CAB0426,Intra-Pacific-Islands,carrier,2011,12,6,3396.0,3,None,159.4,155.1,47.5,0,25,45,0,34.9,none,0,0.0,2024.0,True,True,,4.300000000000011,0.9730238393977415,11.099999999999994,-47.900000000000006,2.0,1.0,1,1.0
2024,CAB0426,Intra-Pacific-Islands,carrier,2011,13,6,3396.0,3,None,159.4,159.4,63.3,0,25,48,0,36.5,none,0,0.0,2025.0,True,True,,0.0,1.0,4.300000000000011,15.799999999999997,3.0,0.0,1,2.0
2025,CAB0426,Intra-Pacific-Islands,carrier,2011,14,6,3396.0,3,None,159.4,159.4,100.0,0,25,50,0,38.1,none,0,0.0,2026.0,True,True,,0.0,1.0,0.0,36.7,2.0,0.0,1,3.0
2015,CAB0427,Trans-Atlantic,hyperscaler,2002,13,8,5510.0,5,None,109.7,109.7,92.1,0,25,33,1,56.3,none,0,0.0,2016.0,True,True,,0.0,1.0,,,,,0,
2016,CAB0427,Trans-Atlantic,hyperscaler,2002,14,8,5510.0,5,None,109.7,109.7,100.0,0,25,37,1,57.9,none,0,0.0,2017.0,True,True,,0.0,1.0,0.0,7.900000000000006,4.0,0.0,0,
2017,CAB0427,Trans-Atlantic,hyperscaler,2002,15,8,5510.0,5,None,109.7,109.7,84.0,0,25,37,1,59.5,none,0,0.0,2018.0,True,True,,0.0,1.0,0.0,-16.0,0.0,0.0,0,
2018,CAB0427,Trans-Atlantic,hyperscaler,2002,16,8,5510.0,5,None,109.7,109.7,48.7,0,25,40,0,41.3,none,0,0.0,2019.0,True,True,,0.0,1.0,0.0,-35.3,3.0,0.0,0,
2019,CAB0427,Trans-Atlantic,hyperscaler,2002,17,8,5510.0,5,None,109.7,109.7,62.9,0,25,45,0,42.9,none,0,0.0,2020.0,True,True,,0.0,1.0,0.0,14.199999999999996,5.0,0.0,0,
2020,CAB0427,Trans-Atlantic,hyperscaler,2002,18,8,5510.0,5,None,109.7,109.7,80.4,0,25,48,0,44.4,none,0,0.0,2021.0,True,True,,0.0,1.0,0.0,17.500000000000007,3.0,0.0,0,
2021,CAB0427,Trans-Atlantic,hyperscaler,2002,19,8,5510.0,5,None,109.7,109.7,95.5,0,25,50,0,46.0,none,0,0.0,2022.0,True,True,,0.0,1.0,0.0,15.099999999999994,2.0,0.0,0,
2022,CAB0427,Trans-Atlantic,hyperscaler,2002,20,8,5510.0,5,None,109.7,109.7,100.0,0,25,51,0,47.6,none,0,0.0,2023.0,True,True,,0.0,1.0,0.0,4.5,1.0,0.0,0,
2023,CAB0427,Trans-Atlantic,hyperscaler,2002,21,8,5510.0,5,None,109.7,109.7,89.4,0,25,54,0,49.2,none,0,0.0,2024.0,True,True,,0.0,1.0,0.0,-10.599999999999994,3.0,0.0,0,
2024,CAB0427,Trans-Atlantic,hyperscaler,2002,22,8,5510.0,5,None,109.7,109.7,69.9,0,25,58,0,50.8,none,0,0.0,2025.0,True,True,,0.0,1.0,0.0,-19.5,4.0,0.0,0,
2025,CAB0427,Trans-Atlantic,hyperscaler,2002,23,8,5510.0,5,None,109.7,109.7,61.9,0,25,62,0,52.4,none,0,1.0,2026.0,True,True,,0.0,1.0,0.0,-8.000000000000007,4.0,0.0,0,
2021,CAB0428,EMEA-Asia,carrier,2021,0,5,8070.0,4,None,204.3,33.1,15.4,0,25,44,0,15.9,none,0,0.0,2022.0,True,True,,171.20000000000002,0.16201664219285364,,,,,0,
2022,CAB0428,EMEA-Asia,carrier,2021,1,5,8070.0,4,None,204.3,48.1,45.0,0,25,45,0,17.5,none,0,0.0,2023.0,True,True,,156.20000000000002,0.23543808125305923,15.0,29.6,1.0,0.0,0,
2023,CAB0428,EMEA-Asia,carrier,2021,2,5,8070.0,4,None,204.3,96.9,58.6,0,25,47,0,19.0,none,0,0.0,2024.0,True,True,,107.4,0.47430249632892807,48.800000000000004,13.600000000000001,2.0,0.0,0,
2024,CAB0428,EMEA-Asia,carrier,2021,3,5,8070.0,4,None,204.3,79.0,48.7,0,25,48,0,20.6,none,0,0.0,2025.0,True,True,,125.30000000000001,0.3866862457170827,-17.900000000000006,-9.899999999999999,1.0,0.0,0,
2025,CAB0428,EMEA-Asia,carrier,2021,4,5,8070.0,4,None,204.3,113.8,18.8,0,25,47,0,22.2,none,0,0.0,2026.0,True,True,,90.50000000000001,0.5570239843367596,34.8,-29.900000000000002,-1.0,0.0,0,
2015,CAB0429,Trans-Atlantic,hyperscaler,2006,9,10,5761.0,6,None,194.3,157.6,60.0,1,25,33,1,34.1,none,0,0.0,2016.0,True,True,,36.70000000000002,0.811116829644879,,,,,0,
2016,CAB0429,Trans-Atlantic,hyperscaler,2006,10,10,5761.0,6,None,194.3,157.7,37.2,1,25,37,1,35.7,none,0,0.0,2017.0,True,True,,36.60000000000002,0.8116314976839937,0.09999999999999432,-22.799999999999997,4.0,0.0,0,
2017,CAB0429,Trans-Atlantic,hyperscaler,2006,11,10,5761.0,6,None,194.3,162.6,71.4,1,25,37,1,37.3,none,0,0.0,2018.0,True,True,,31.700000000000017,0.8368502316006176,4.900000000000006,34.2,0.0,0.0,0,
2018,CAB0429,Trans-Atlantic,hyperscaler,2006,12,10,5761.0,6,None,194.3,174.2,76.0,1,25,40,0,19.0,none,0,0.0,2019.0,True,True,,20.100000000000023,0.8965517241379309,11.599999999999994,4.599999999999994,3.0,0.0,0,
2019,CAB0429,Trans-Atlantic,hyperscaler,2006,13,10,5761.0,6,None,194.3,194.3,82.4,1,25,45,0,20.6,none,0,0.0,2020.0,True,True,,0.0,1.0,20.100000000000023,6.400000000000006,5.0,0.0,0,
2020,CAB0429,Trans-Atlantic,hyperscaler,2006,14,10,5761.0,6,None,194.3,194.3,74.3,1,25,48,0,22.2,none,0,0.0,2021.0,True,True,,0.0,1.0,0.0,-8.100000000000009,3.0,0.0,0,
2021,CAB0429,Trans-Atlantic,hyperscaler,2006,15,10,5761.0,6,None,194.3,194.3,56.7,1,25,50,0,23.8,none,0,0.0,2022.0,True,True,,0.0,1.0,0.0,-17.599999999999994,2.0,0.0,0,
2022,CAB0429,Trans-Atlantic,hyperscaler,2006,16,10,5761.0,6,None,194.3,194.3,52.6,1,25,51,0,25.4,none,0,0.0,2023.0,True,True,,0.0,1.0,0.0,-4.100000000000001,1.0,0.0,0,
2023,CAB0429,Trans-Atlantic,hyperscaler,2006,17,10,5761.0,6,None,194.3,194.3,60.9,1,25,54,0,27.0,none,0,0.0,2024.0,True,True,,0.0,1.0,0.0,8.299999999999997,3.0,0.0,0,
2024,CAB0429,Trans-Atlantic,hyperscaler,2006,18,10,5761.0,6,None,194.3,194.3,52.5,1,25,58,0,28.6,none,0,0.0,2025.0,True,True,,0.0,1.0,0.0,-8.399999999999999,4.0,0.0,0,
2025,CAB0429,Trans-Atlantic,hyperscaler,2006,19,10,5761.0,6,None,194.3,194.3,95.7,1,25,62,0,30.2,none,0,0.0,2026.0,True,True,,0.0,1.0,0.0,43.2,4.0,0.0,0,
2024,CAB0430,Intra-Pacific-Islands,hyperscaler,2024,0,24,694.0,6,None,1083.4,244.1,31.2,1,25,48,0,0.0,none,0,0.0,2025.0,True,True,,839.3000000000001,0.22530921174081592,,,,,0,
2025,CAB0430,Intra-Pacific-Islands,hyperscaler,2024,1,24,694.0,6,None,1083.4,433.7,36.8,1,25,50,0,1.6,none,0,0.0,2026.0,True,True,,649.7,0.4003138268414251,189.6,5.599999999999998,2.0,0.0,0,
2015,CAB0431,Intra-Europe,consortium,2011,4,4,1044.0,3,None,106.3,50.7,65.2,1,25,41,0,6.3,fishing_anchor,1,0.0,2016.0,True,True,,55.599999999999994,0.4769520225776106,,,,,0,
2016,CAB0431,Intra-Europe,consortium,2011,5,4,1044.0,3,None,106.3,58.6,20.4,1,25,42,0,7.9,none,0,0.0,2017.0,True,True,,47.699999999999996,0.5512699905926624,7.899999999999999,-44.800000000000004,1.0,1.0,1,1.0
2017,CAB0431,Intra-Europe,consortium,2011,6,4,1044.0,3,None,106.3,62.5,35.3,1,25,44,0,9.5,none,0,0.0,2018.0,True,True,,43.8,0.587958607714017,3.8999999999999986,14.899999999999999,2.0,0.0,1,2.0
2018,CAB0431,Intra-Europe,consortium,2011,7,4,1044.0,3,None,106.3,67.2,50.7,1,25,45,0,11.1,none,0,0.0,2019.0,True,True,,39.099999999999994,0.632173095014111,4.700000000000003,15.400000000000006,1.0,0.0,1,3.0
2019,CAB0431,Intra-Europe,consortium,2011,8,4,1044.0,3,None,106.3,75.2,64.6,1,25,47,0,12.7,none,0,0.0,2020.0,True,True,,31.099999999999994,0.7074317968015053,8.0,13.899999999999991,2.0,0.0,0,4.0
2020,CAB0431,Intra-Europe,consortium,2011,9,4,1044.0,3,None,106.3,86.4,64.1,1,25,49,0,14.3,none,0,0.0,2021.0,True,True,,19.89999999999999,0.8127939793038571,11.200000000000003,-0.5,2.0,0.0,0,5.0
2021,CAB0431,Intra-Europe,consortium,2011,10,4,1044.0,3,None,106.3,94.3,28.1,1,25,49,0,15.9,none,0,0.0,2022.0,True,True,,12.0,0.8871119473189087,7.8999999999999915,-35.99999999999999,0.0,0.0,0,6.0
2022,CAB0431,Intra-Europe,consortium,2011,11,4,1044.0,3,None,106.3,96.5,36.2,1,25,52,0,17.5,none,0,0.0,2023.0,True,True,,9.799999999999997,0.9078080903104422,2.200000000000003,8.100000000000001,3.0,0.0,0,7.0
2023,CAB0431,Intra-Europe,consortium,2011,12,4,1044.0,3,None,106.3,102.2,69.5,1,25,53,0,19.0,none,0,1.0,2024.0,True,True,,4.099999999999994,0.9614299153339605,5.700000000000003,33.3,1.0,0.0,0,8.0
2024,CAB0431,Intra-Europe,consortium,2011,13,4,1044.0,3,None,106.3,106.3,44.5,1,25,53,0,20.6,fishing_anchor,1,0.0,2025.0,True,True,,0.0,1.0,4.099999999999994,-25.0,0.0,0.0,0,9.0
2025,CAB0431,Intra-Europe,consortium,2011,14,4,1044.0,3,None,106.3,106.3,73.0,1,25,58,0,22.2,none,0,1.0,2026.0,True,True,,0.0,1.0,0.0,28.5,5.0,1.0,1,1.0
2019,CAB0432,Trans-Atlantic,consortium,2019,0,16,5152.0,3,None,608.0,123.7,47.2,0,25,45,0,15.9,none,0,0.0,2020.0,True,True,,484.3,0.20345394736842107,,,,,0,
2020,CAB0432,Trans-Atlantic,consortium,2019,1,16,5152.0,3,None,608.0,170.0,15.9,0,25,48,0,17.5,none,0,0.0,2021.0,True,True,,438.0,0.27960526315789475,46.3,-31.300000000000004,3.0,0.0,0,
2021,CAB0432,Trans-Atlantic,consortium,2019,2,16,5152.0,3,None,608.0,220.5,87.1,0,25,50,0,19.0,none,0,0.0,2022.0,True,True,,387.5,0.3626644736842105,50.5,71.19999999999999,2.0,0.0,0,
2022,CAB0432,Trans-Atlantic,consortium,2019,3,16,5152.0,3,None,608.0,350.1,61.7,0,25,51,0,20.6,none,0,0.0,2023.0,True,True,,257.9,0.5758223684210527,129.60000000000002,-25.39999999999999,1.0,0.0,0,
2023,CAB0432,Trans-Atlantic,consortium,2019,4,16,5152.0,3,None,608.0,304.3,95.5,0,25,54,0,22.2,none,0,0.0,2024.0,True,True,,303.7,0.5004934210526316,-45.80000000000001,33.8,3.0,0.0,0,
2024,CAB0432,Trans-Atlantic,consortium,2019,5,16,5152.0,3,None,608.0,328.3,55.9,0,25,58,0,23.8,none,0,0.0,2025.0,True,True,,279.7,0.5399671052631579,24.0,-39.6,4.0,0.0,0,
2025,CAB0432,Trans-Atlantic,consortium,2019,6,16,5152.0,3,None,608.0,400.7,60.1,0,25,62,0,25.4,none,0,0.0,2026.0,True,True,,207.3,0.6590460526315789,72.39999999999998,4.200000000000003,4.0,0.0,0,
2015,CAB0433,Africa-Coastal,consortium,2003,12,28,7685.0,10,None,424.0,424.0,40.1,1,25,36,1,38.9,none,0,0.0,2016.0,True,True,,0.0,1.0,,,,,0,
2016,CAB0433,Africa-Coastal,consortium,2003,13,28,7685.0,10,None,424.0,424.0,51.8,1,25,37,1,40.5,none,0,0.0,2017.0,True,True,,0.0,1.0,0.0,11.699999999999996,1.0,0.0,0,
2017,CAB0433,Africa-Coastal,consortium,2003,14,28,7685.0,10,None,424.0,424.0,66.1,1,25,40,0,22.2,none,0,1.0,2018.0,True,True,,0.0,1.0,0.0,14.299999999999997,3.0,0.0,0,
2018,CAB0433,Africa-Coastal,consortium,2003,15,28,7685.0,10,None,424.0,424.0,57.0,1,25,40,0,23.8,suspected_external,1,0.0,2019.0,True,True,,0.0,1.0,0.0,-9.099999999999994,0.0,0.0,0,
2019,CAB0433,Africa-Coastal,consortium,2003,16,28,7685.0,10,None,424.0,424.0,100.0,1,25,42,0,25.4,none,0,0.0,2020.0,True,True,,0.0,1.0,0.0,43.0,2.0,1.0,1,1.0
2020,CAB0433,Africa-Coastal,consortium,2003,17,28,7685.0,10,None,424.0,424.0,71.6,1,25,43,0,27.0,none,0,0.0,2021.0,True,True,,0.0,1.0,0.0,-28.400000000000006,1.0,0.0,1,2.0
2021,CAB0433,Africa-Coastal,consortium,2003,18,28,7685.0,10,None,424.0,424.0,67.2,1,25,44,0,28.6,none,0,0.0,2022.0,True,True,,0.0,1.0,0.0,-4.3999999999999915,1.0,0.0,1,3.0
2022,CAB0433,Africa-Coastal,consortium,2003,19,28,7685.0,10,None,424.0,424.0,60.8,1,25,45,0,30.2,none,0,0.0,2023.0,True,True,,0.0,1.0,0.0,-6.400000000000006,1.0,0.0,0,4.0
2023,CAB0433,Africa-Coastal,consortium,2003,20,28,7685.0,10,None,424.0,424.0,66.3,1,25,47,0,31.7,none,0,0.0,2024.0,True,True,,0.0,1.0,0.0,5.5,2.0,0.0,0,5.0
2024,CAB0433,Africa-Coastal,consortium,2003,21,28,7685.0,10,None,424.0,424.0,83.7,1,25,49,0,33.3,none,0,0.0,2025.0,True,True,,0.0,1.0,0.0,17.400000000000006,2.0,0.0,0,6.0
2025,CAB0433,Africa-Coastal,consortium,2003,22,28,7685.0,10,None,424.0,424.0,99.9,1,25,52,0,34.9,none,0,0.0,2026.0,True,True,,0.0,1.0,0.0,16.200000000000003,3.0,0.0,0,7.0
2015,CAB0434,Intra-Europe,government,2013,2,4,547.0,8,None,117.7,44.9,44.8,0,25,41,0,19.0,none,0,0.0,2016.0,True,True,,72.80000000000001,0.38147833474936277,,,,,0,
2016,CAB0434,Intra-Europe,government,2013,3,4,547.0,8,None,117.7,47.7,73.6,0,25,42,0,20.6,none,0,0.0,2017.0,True,True,,70.0,0.405267629566695,2.8000000000000043,28.799999999999997,1.0,0.0,0,
2017,CAB0434,Intra-Europe,government,2013,4,4,547.0,8,None,117.7,56.8,61.7,0,25,44,0,22.2,none,0,0.0,2018.0,True,True,,60.900000000000006,0.4825828377230246,9.099999999999994,-11.899999999999991,2.0,0.0,0,
2018,CAB0434,Intra-Europe,government,2013,5,4,547.0,8,None,117.7,72.3,45.6,0,25,45,0,23.8,none,0,0.0,2019.0,True,True,,45.400000000000006,0.6142735768903993,15.5,-16.1,1.0,0.0,0,
2019,CAB0434,Intra-Europe,government,2013,6,4,547.0,8,None,117.7,67.2,24.8,0,25,47,0,25.4,none,0,0.0,2020.0,True,True,,50.5,0.5709430756159728,-5.099999999999994,-20.8,2.0,0.0,0,
2020,CAB0434,Intra-Europe,government,2013,7,4,547.0,8,None,117.7,83.1,38.7,0,25,49,0,27.0,none,0,0.0,2021.0,True,True,,34.60000000000001,0.7060322854715377,15.899999999999991,13.900000000000002,2.0,0.0,0,
2021,CAB0434,Intra-Europe,government,2013,8,4,547.0,8,None,117.7,80.0,30.1,0,25,49,0,28.6,none,0,1.0,2022.0,True,True,,37.7,0.6796941376380629,-3.0999999999999943,-8.600000000000001,0.0,0.0,0,
2022,CAB0434,Intra-Europe,government,2013,9,4,547.0,8,None,117.7,100.6,32.7,0,25,52,0,30.2,equipment,1,1.0,2023.0,True,True,,17.10000000000001,0.854715378079864,20.599999999999994,2.6000000000000014,3.0,0.0,0,
2023,CAB0434,Intra-Europe,government,2013,10,4,547.0,8,None,117.7,92.0,85.2,0,25,53,0,31.7,fishing_anchor,1,0.0,2024.0,True,True,,25.700000000000003,0.7816482582837723,-8.599999999999994,52.5,1.0,1.0,1,1.0
2024,CAB0434,Intra-Europe,government,2013,11,4,547.0,8,None,117.7,106.1,71.4,0,25,53,0,33.3,none,0,0.0,2025.0,True,True,,11.600000000000009,0.9014443500424808,14.099999999999994,-13.799999999999997,0.0,1.0,2,1.0
2025,CAB0434,Intra-Europe,government,2013,12,4,547.0,8,None,117.7,117.7,65.4,0,25,58,0,34.9,none,0,0.0,2026.0,True,True,,0.0,1.0,11.600000000000009,-6.0,5.0,0.0,2,2.0
2015,CAB0435,Indian-Ocean,carrier,2015,0,9,10735.0,3,Bab-el-Mandeb,290.6,55.0,36.4,1,25,31,1,47.6,none,0,0.0,2016.0,True,True,,235.60000000000002,0.18926359256710254,,,,,0,
2016,CAB0435,Indian-Ocean,carrier,2015,1,9,10735.0,3,Bab-el-Mandeb,290.6,88.1,26.6,1,25,33,1,49.2,none,0,1.0,2017.0,True,True,,202.50000000000003,0.3031658637302133,33.099999999999994,-9.799999999999997,2.0,0.0,0,
2017,CAB0435,Indian-Ocean,carrier,2015,2,9,10735.0,3,Bab-el-Mandeb,290.6,111.3,12.6,1,25,33,1,50.8,fishing_anchor,1,0.0,2018.0,True,True,,179.3,0.38300068823124567,23.200000000000003,-14.000000000000002,0.0,0.0,0,
2018,CAB0435,Indian-Ocean,carrier,2015,3,9,10735.0,3,Bab-el-Mandeb,290.6,150.3,65.6,1,25,35,1,52.4,none,0,0.0,2019.0,True,True,,140.3,0.5172057811424638,39.000000000000014,52.99999999999999,2.0,1.0,1,1.0
2019,CAB0435,Indian-Ocean,carrier,2015,4,9,10735.0,3,Bab-el-Mandeb,290.6,132.5,22.2,1,25,35,1,54.0,none,0,0.0,2020.0,True,True,,158.10000000000002,0.45595320027529246,-17.80000000000001,-43.39999999999999,0.0,0.0,1,2.0
2020,CAB0435,Indian-Ocean,carrier,2015,5,9,10735.0,3,Bab-el-Mandeb,290.6,145.7,64.2,1,25,36,1,55.6,none,0,0.0,2021.0,True,True,,144.90000000000003,0.501376462491397,13.199999999999989,42.0,1.0,0.0,1,3.0
2021,CAB0435,Indian-Ocean,carrier,2015,6,9,10735.0,3,Bab-el-Mandeb,290.6,161.4,38.0,1,25,39,1,57.1,none,0,0.0,2022.0,True,True,,129.20000000000002,0.5554026152787336,15.700000000000017,-26.200000000000003,3.0,0.0,0,4.0
2022,CAB0435,Indian-Ocean,carrier,2015,7,9,10735.0,3,Bab-el-Mandeb,290.6,210.3,35.4,1,25,39,1,58.7,none,0,0.0,2023.0,True,True,,80.30000000000001,0.7236751548520303,48.900000000000006,-2.6000000000000014,0.0,0.0,0,5.0
2023,CAB0435,Indian-Ocean,carrier,2015,8,9,10735.0,3,Bab-el-Mandeb,290.6,206.7,40.3,1,25,40,0,40.5,none,0,0.0,2024.0,True,True,,83.90000000000003,0.7112869924294563,-3.6000000000000227,4.899999999999999,1.0,0.0,0,6.0
2024,CAB0435,Indian-Ocean,carrier,2015,9,9,10735.0,3,Bab-el-Mandeb,290.6,216.3,57.4,1,25,41,0,42.1,none,0,0.0,2025.0,True,True,,74.30000000000001,0.744322092222987,9.600000000000023,17.1,1.0,0.0,0,7.0
2025,CAB0435,Indian-Ocean,carrier,2015,10,9,10735.0,3,Bab-el-Mandeb,290.6,222.5,88.0,1,25,44,0,43.7,none,0,0.0,2026.0,True,True,,68.10000000000002,0.765657260839642,6.199999999999989,30.6,3.0,0.0,0,8.0
2015,CAB0436,Intra-Europe,consortium,2013,2,6,1100.0,4,None,176.6,63.4,20.1,0,25,41,0,19.0,none,0,0.0,2016.0,True,True,,113.19999999999999,0.35900339750849375,,,,,0,
2016,CAB0436,Intra-Europe,consortium,2013,3,6,1100.0,4,None,176.6,81.8,47.5,0,25,42,0,20.6,none,0,0.0,2017.0,True,True,,94.8,0.46319365798414497,18.4,27.4,1.0,0.0,0,
2017,CAB0436,Intra-Europe,consortium,2013,4,6,1100.0,4,None,176.6,77.9,30.1,0,25,44,0,22.2,none,0,0.0,2018.0,True,True,,98.69999999999999,0.441109852774632,-3.8999999999999915,-17.4,2.0,0.0,0,
2018,CAB0436,Intra-Europe,consortium,2013,5,6,1100.0,4,None,176.6,94.7,23.1,0,25,45,0,23.8,none,0,0.0,2019.0,True,True,,81.89999999999999,0.5362400906002265,16.799999999999997,-7.0,1.0,0.0,0,
2019,CAB0436,Intra-Europe,consortium,2013,6,6,1100.0,4,None,176.6,97.6,74.7,0,25,47,0,25.4,none,0,0.0,2020.0,True,True,,79.0,0.5526613816534541,2.8999999999999915,51.6,2.0,0.0,0,
2020,CAB0436,Intra-Europe,consortium,2013,7,6,1100.0,4,None,176.6,136.4,51.8,0,25,49,0,27.0,none,0,0.0,2021.0,True,True,,40.19999999999999,0.7723669309173273,38.80000000000001,-22.900000000000006,2.0,0.0,0,
2021,CAB0436,Intra-Europe,consortium,2013,8,6,1100.0,4,None,176.6,133.4,45.6,0,25,49,0,28.6,none,0,0.0,2022.0,True,True,,43.19999999999999,0.7553793884484712,-3.0,-6.199999999999996,0.0,0.0,0,
2022,CAB0436,Intra-Europe,consortium,2013,9,6,1100.0,4,None,176.6,142.6,45.7,0,25,52,0,30.2,none,0,0.0,2023.0,True,True,,34.0,0.8074745186862967,9.199999999999989,0.10000000000000142,3.0,0.0,0,
2023,CAB0436,Intra-Europe,consortium,2013,10,6,1100.0,4,None,176.6,146.5,65.8,0,25,53,0,31.7,none,0,0.0,2024.0,True,True,,30.099999999999994,0.8295583238958097,3.9000000000000057,20.099999999999994,1.0,0.0,0,
2024,CAB0436,Intra-Europe,consortium,2013,11,6,1100.0,4,None,176.6,159.6,75.4,0,25,53,0,33.3,none,0,0.0,2025.0,True,True,,17.0,0.9037372593431483,13.099999999999994,9.600000000000009,0.0,0.0,0,
2025,CAB0436,Intra-Europe,consortium,2013,12,6,1100.0,4,None,176.6,176.6,100.0,0,25,58,0,34.9,none,0,0.0,2026.0,True,True,,0.0,1.0,17.0,24.599999999999994,5.0,0.0,0,
2015,CAB0437,Intra-Europe,consortium,2014,1,9,376.0,5,None,277.7,90.1,53.1,0,25,41,0,17.5,none,0,0.0,2016.0,True,True,,187.6,0.3244508462369463,,,,,0,
2016,CAB0437,Intra-Europe,consortium,2014,2,9,376.0,5,None,277.7,118.9,52.3,0,25,42,0,19.0,none,0,0.0,2017.0,True,True,,158.79999999999998,0.428159884767735,28.80000000000001,-0.8000000000000043,1.0,0.0,0,
2017,CAB0437,Intra-Europe,consortium,2014,3,9,376.0,5,None,277.7,123.2,33.6,0,25,44,0,20.6,none,0,0.0,2018.0,True,True,,154.5,0.4436442203817069,4.299999999999997,-18.699999999999996,2.0,0.0,0,
2018,CAB0437,Intra-Europe,consortium,2014,4,9,376.0,5,None,277.7,160.1,45.7,0,25,45,0,22.2,none,0,0.0,2019.0,True,True,,117.6,0.5765214259992798,36.89999999999999,12.100000000000001,1.0,0.0,0,
2019,CAB0437,Intra-Europe,consortium,2014,5,9,376.0,5,None,277.7,167.6,31.3,0,25,47,0,23.8,none,0,0.0,2020.0,True,True,,110.1,0.6035289881166727,7.5,-14.400000000000002,2.0,0.0,0,
2020,CAB0437,Intra-Europe,consortium,2014,6,9,376.0,5,None,277.7,164.8,21.6,0,25,49,0,25.4,none,0,0.0,2021.0,True,True,,112.89999999999998,0.5934461649261794,-2.799999999999983,-9.7,2.0,0.0,0,
2021,CAB0437,Intra-Europe,consortium,2014,7,9,376.0,5,None,277.7,192.6,37.3,0,25,49,0,27.0,none,0,0.0,2022.0,True,True,,85.1,0.6935541951746489,27.799999999999983,15.699999999999996,0.0,0.0,0,
2022,CAB0437,Intra-Europe,consortium,2014,8,9,376.0,5,None,277.7,225.3,65.3,0,25,52,0,28.6,none,0,0.0,2023.0,True,True,,52.39999999999998,0.8113071660064819,32.70000000000002,28.0,3.0,0.0,0,
2023,CAB0437,Intra-Europe,consortium,2014,9,9,376.0,5,None,277.7,216.6,59.7,0,25,53,0,30.2,none,0,0.0,2024.0,True,True,,61.099999999999994,0.7799783939503061,-8.700000000000017,-5.599999999999994,1.0,0.0,0,
2024,CAB0437,Intra-Europe,consortium,2014,10,9,376.0,5,None,277.7,239.1,74.7,0,25,53,0,31.7,none,0,0.0,2025.0,True,True,,38.599999999999994,0.8610010803024847,22.5,15.0,0.0,0.0,0,
2025,CAB0437,Intra-Europe,consortium,2014,11,9,376.0,5,None,277.7,277.7,78.4,0,25,58,0,33.3,none,0,0.0,2026.0,True,True,,0.0,1.0,38.599999999999994,3.700000000000003,5.0,0.0,0,
2016,CAB0438,Intra-Asia,hyperscaler,2016,0,19,2912.0,4,None,640.6,122.5,36.6,0,25,59,0,15.9,none,0,1.0,2017.0,True,True,,518.1,0.19122697471120823,,,,,0,
2017,CAB0438,Intra-Asia,hyperscaler,2016,1,19,2912.0,4,None,640.6,185.2,62.1,0,25,60,0,17.5,fishing_anchor,1,0.0,2018.0,True,True,,455.40000000000003,0.28910396503278174,62.69999999999999,25.5,1.0,0.0,0,
2018,CAB0438,Intra-Asia,hyperscaler,2016,2,19,2912.0,4,None,640.6,253.5,15.6,0,25,62,0,19.0,none,0,0.0,2019.0,True,True,,387.1,0.39572275991258193,68.30000000000001,-46.5,2.0,1.0,1,1.0
2019,CAB0438,Intra-Asia,hyperscaler,2016,3,19,2912.0,4,None,640.6,284.9,53.3,0,25,64,0,20.6,none,0,0.0,2020.0,True,True,,355.70000000000005,0.4447393068997814,31.399999999999977,37.699999999999996,2.0,0.0,1,2.0
2020,CAB0438,Intra-Asia,hyperscaler,2016,4,19,2912.0,4,None,640.6,308.0,58.6,0,25,66,0,22.2,none,0,0.0,2021.0,True,True,,332.6,0.48079925070246643,23.100000000000023,5.300000000000004,2.0,0.0,1,3.0
2021,CAB0438,Intra-Asia,hyperscaler,2016,5,19,2912.0,4,None,640.6,365.1,11.9,0,25,69,0,23.8,none,0,0.0,2022.0,True,True,,275.5,0.5699344364658133,57.10000000000002,-46.7,3.0,0.0,0,4.0
2022,CAB0438,Intra-Asia,hyperscaler,2016,6,19,2912.0,4,None,640.6,324.5,50.5,0,25,70,0,25.4,none,0,0.0,2023.0,True,True,,316.1,0.50655635341867,-40.60000000000002,38.6,1.0,0.0,0,5.0
2023,CAB0438,Intra-Asia,hyperscaler,2016,7,19,2912.0,4,None,640.6,436.7,42.1,0,25,70,0,27.0,none,0,1.0,2024.0,True,True,,203.90000000000003,0.6817046518888542,112.19999999999999,-8.399999999999999,0.0,0.0,0,6.0
2024,CAB0438,Intra-Asia,hyperscaler,2016,8,19,2912.0,4,None,640.6,501.6,50.6,0,25,75,0,28.6,fishing_anchor,1,0.0,2025.0,True,True,,139.0,0.7830159225725882,64.90000000000003,8.5,5.0,0.0,0,7.0
2025,CAB0438,Intra-Asia,hyperscaler,2016,9,19,2912.0,4,None,640.6,534.6,46.2,0,25,77,0,30.2,none,0,0.0,2026.0,True,True,,106.0,0.8345301280049954,33.0,-4.399999999999999,2.0,1.0,1,1.0
2018,CAB0439,Americas,hyperscaler,2018,0,7,5359.0,3,None,256.0,66.4,8.9,1,25,31,1,19.8,none,0,0.0,2019.0,True,True,,189.6,0.259375,,,,,0,
2019,CAB0439,Americas,hyperscaler,2018,1,7,5359.0,3,None,256.0,80.8,30.8,1,25,32,1,21.4,none,0,0.0,2020.0,True,True,,175.2,0.315625,14.399999999999991,21.9,1.0,0.0,0,
2020,CAB0439,Americas,hyperscaler,2018,2,7,5359.0,3,None,256.0,83.1,52.9,1,25,33,1,23.0,none,0,0.0,2021.0,True,True,,172.9,0.324609375,2.299999999999997,22.099999999999998,1.0,0.0,0,
2021,CAB0439,Americas,hyperscaler,2018,3,7,5359.0,3,None,256.0,112.0,66.9,1,25,37,1,24.6,none,0,0.0,2022.0,True,True,,144.0,0.4375,28.900000000000006,14.000000000000007,4.0,0.0,0,
2022,CAB0439,Americas,hyperscaler,2018,4,7,5359.0,3,None,256.0,128.8,65.3,1,25,37,1,26.2,none,0,0.0,2023.0,True,True,,127.19999999999999,0.503125,16.80000000000001,-1.6000000000000085,0.0,0.0,0,
2023,CAB0439,Americas,hyperscaler,2018,5,7,5359.0,3,None,256.0,149.5,66.0,1,25,37,1,27.8,none,0,0.0,2024.0,True,True,,106.5,0.583984375,20.69999999999999,0.7000000000000028,0.0,0.0,0,
2024,CAB0439,Americas,hyperscaler,2018,6,7,5359.0,3,None,256.0,150.9,19.1,1,25,39,1,29.4,none,0,0.0,2025.0,True,True,,105.1,0.589453125,1.4000000000000057,-46.9,2.0,0.0,0,
2025,CAB0439,Americas,hyperscaler,2018,7,7,5359.0,3,None,256.0,180.0,19.3,1,25,39,1,31.0,none,0,0.0,2026.0,True,True,,76.0,0.703125,29.099999999999994,0.1999999999999993,0.0,0.0,0,
2015,CAB0440,EMEA-Asia,carrier,2010,5,24,17158.0,4,None,603.4,314.4,48.8,1,25,27,1,27.8,none,0,0.0,2016.0,True,True,,289.0,0.5210473980775605,,,,,0,
2016,CAB0440,EMEA-Asia,carrier,2010,6,24,17158.0,4,None,603.4,340.8,41.1,1,25,29,1,29.4,none,0,0.0,2017.0,True,True,,262.59999999999997,0.5647994696718595,26.400000000000034,-7.699999999999996,2.0,0.0,0,
2017,CAB0440,EMEA-Asia,carrier,2010,7,24,17158.0,4,None,603.4,405.3,72.6,1,25,32,1,31.0,none,0,1.0,2018.0,True,True,,198.09999999999997,0.6716937354988399,64.5,31.499999999999993,3.0,0.0,0,
2018,CAB0440,EMEA-Asia,carrier,2010,8,24,17158.0,4,None,603.4,389.0,75.1,1,25,34,1,32.5,fishing_anchor,1,0.0,2019.0,True,True,,214.39999999999998,0.6446801458402387,-16.30000000000001,2.5,2.0,0.0,0,
2019,CAB0440,EMEA-Asia,carrier,2010,9,24,17158.0,4,None,603.4,442.1,44.7,1,25,37,1,34.1,none,0,0.0,2020.0,True,True,,161.29999999999995,0.7326814716605901,53.10000000000002,-30.39999999999999,3.0,1.0,1,1.0
2020,CAB0440,EMEA-Asia,carrier,2010,10,24,17158.0,4,None,603.4,535.3,81.1,1,25,40,0,15.9,none,0,0.0,2021.0,True,True,,68.10000000000002,0.8871395425919787,93.19999999999993,36.39999999999999,3.0,0.0,1,2.0
2021,CAB0440,EMEA-Asia,carrier,2010,11,24,17158.0,4,None,603.4,516.5,72.2,1,25,44,0,17.5,none,0,0.0,2022.0,True,True,,86.89999999999998,0.8559827643354326,-18.799999999999955,-8.899999999999991,4.0,0.0,1,3.0
2022,CAB0440,EMEA-Asia,carrier,2010,12,24,17158.0,4,None,603.4,544.9,34.4,1,25,45,0,19.0,none,0,0.0,2023.0,True,True,,58.5,0.9030493868080876,28.399999999999977,-37.800000000000004,1.0,0.0,0,4.0
2023,CAB0440,EMEA-Asia,carrier,2010,13,24,17158.0,4,None,603.4,603.4,86.0,1,25,47,0,20.6,none,0,0.0,2024.0,True,True,,0.0,1.0,58.5,51.6,2.0,0.0,0,5.0
2024,CAB0440,EMEA-Asia,carrier,2010,14,24,17158.0,4,None,603.4,603.4,48.1,1,25,48,0,22.2,none,0,0.0,2025.0,True,True,,0.0,1.0,0.0,-37.9,1.0,0.0,0,6.0
2025,CAB0440,EMEA-Asia,carrier,2010,15,24,17158.0,4,None,603.4,603.4,53.8,1,25,47,0,23.8,none,0,0.0,2026.0,True,True,,0.0,1.0,0.0,5.699999999999996,-1.0,0.0,0,7.0
2022,CAB0441,Trans-Pacific,consortium,2022,0,11,14438.0,6,None,465.1,127.8,44.8,1,25,45,0,0.0,none,0,0.0,2023.0,True,True,,337.3,0.274779617286605,,,,,0,
2023,CAB0441,Trans-Pacific,consortium,2022,1,11,14438.0,6,None,465.1,137.6,13.7,1,25,47,0,1.6,none,0,0.0,2024.0,True,True,,327.5,0.29585035476241667,9.799999999999997,-31.099999999999998,2.0,0.0,0,
2024,CAB0441,Trans-Pacific,consortium,2022,2,11,14438.0,6,None,465.1,179.6,49.5,1,25,49,0,3.2,none,0,0.0,2025.0,True,True,,285.5,0.38615351537303805,42.0,35.8,2.0,0.0,0,
2025,CAB0441,Trans-Pacific,consortium,2022,3,11,14438.0,6,None,465.1,203.4,41.2,1,25,50,0,4.8,none,0,0.0,2026.0,True,True,,261.70000000000005,0.4373253063857235,23.80000000000001,-8.299999999999997,1.0,0.0,0,
2021,CAB0442,Americas,consortium,2021,0,22,6729.0,9,Panama,898.9,182.7,32.4,0,25,37,1,63.5,none,0,0.0,2022.0,True,True,,716.2,0.20324841472911334,,,,,0,
2022,CAB0442,Americas,consortium,2021,1,22,6729.0,9,Panama,898.9,221.5,64.4,0,25,37,1,65.1,none,0,0.0,2023.0,True,True,,677.4,0.24641228167760598,38.80000000000001,32.00000000000001,0.0,0.0,0,
2023,CAB0442,Americas,consortium,2021,2,22,6729.0,9,Panama,898.9,296.2,50.0,0,25,37,1,66.7,none,0,0.0,2024.0,True,True,,602.7,0.32951385026143065,74.69999999999999,-14.400000000000006,0.0,0.0,0,
2024,CAB0442,Americas,consortium,2021,3,22,6729.0,9,Panama,898.9,318.6,20.3,0,25,39,1,68.3,none,0,0.0,2025.0,True,True,,580.3,0.35443319612860164,22.400000000000034,-29.7,2.0,0.0,0,
2025,CAB0442,Americas,consortium,2021,4,22,6729.0,9,Panama,898.9,484.0,25.3,0,25,39,1,69.8,none,0,0.0,2026.0,True,True,,414.9,0.538435866058516,165.39999999999998,5.0,0.0,0.0,0,
2021,CAB0443,EMEA-Asia,hyperscaler,2021,0,22,17715.0,8,Hormuz,898.9,227.1,18.5,0,25,44,0,43.7,none,0,0.0,2022.0,True,True,,671.8,0.2526421181443987,,,,,0,
2022,CAB0443,EMEA-Asia,hyperscaler,2021,1,22,17715.0,8,Hormuz,898.9,293.3,66.9,0,25,45,0,45.2,none,0,1.0,2023.0,True,True,,605.5999999999999,0.32628768494827015,66.20000000000002,48.400000000000006,1.0,0.0,0,
2023,CAB0443,EMEA-Asia,hyperscaler,2021,2,22,17715.0,8,Hormuz,898.9,357.0,55.3,0,25,47,0,46.8,natural_hazard,1,0.0,2024.0,True,True,,541.9,0.3971520747580376,63.69999999999999,-11.600000000000009,2.0,0.0,0,
2024,CAB0443,EMEA-Asia,hyperscaler,2021,3,22,17715.0,8,Hormuz,898.9,417.4,64.0,0,25,48,0,48.4,none,0,0.0,2025.0,True,True,,481.5,0.46434531093558795,60.39999999999998,8.700000000000003,1.0,1.0,1,1.0
2025,CAB0443,EMEA-Asia,hyperscaler,2021,4,22,17715.0,8,Hormuz,898.9,395.8,54.6,0,25,47,0,50.0,none,0,1.0,2026.0,True,True,,503.09999999999997,0.4403159417065302,-21.599999999999966,-9.399999999999999,-1.0,0.0,1,2.0
2021,CAB0444,EMEA-Asia,consortium,2021,0,17,9243.0,3,None,694.6,172.8,21.7,1,25,44,0,0.0,none,0,0.0,2022.0,True,True,,521.8,0.24877627411459835,,,,,0,
2022,CAB0444,EMEA-Asia,consortium,2021,1,17,9243.0,3,None,694.6,248.4,20.4,1,25,45,0,1.6,none,0,0.0,2023.0,True,True,,446.20000000000005,0.3576158940397351,75.6,-1.3000000000000007,1.0,0.0,0,
2023,CAB0444,EMEA-Asia,consortium,2021,2,17,9243.0,3,None,694.6,251.0,41.5,1,25,47,0,3.2,none,0,0.0,2024.0,True,True,,443.6,0.36135905557155196,2.5999999999999943,21.1,2.0,0.0,0,
2024,CAB0444,EMEA-Asia,consortium,2021,3,17,9243.0,3,None,694.6,257.5,72.1,1,25,48,0,4.8,none,0,0.0,2025.0,True,True,,437.1,0.37071695940109417,6.5,30.599999999999994,1.0,0.0,0,
2025,CAB0444,EMEA-Asia,consortium,2021,4,17,9243.0,3,None,694.6,324.8,22.0,1,25,47,0,6.3,none,0,0.0,2026.0,True,True,,369.8,0.4676072559746617,67.30000000000001,-50.099999999999994,-1.0,0.0,0,
2015,CAB0445,Trans-Pacific,consortium,2004,11,19,10698.0,5,None,314.9,292.5,37.1,0,25,35,1,53.2,none,0,0.0,2016.0,True,True,,22.399999999999977,0.9288663067640521,,,,,0,
2016,CAB0445,Trans-Pacific,consortium,2004,12,19,10698.0,5,None,314.9,314.9,42.7,0,25,37,1,54.8,none,0,0.0,2017.0,True,True,,0.0,1.0,22.399999999999977,5.600000000000001,2.0,0.0,0,
2017,CAB0445,Trans-Pacific,consortium,2004,13,19,10698.0,5,None,314.9,310.3,34.4,0,25,38,1,56.3,none,0,0.0,2018.0,True,True,,4.599999999999966,0.9853921879961893,-4.599999999999966,-8.300000000000004,1.0,0.0,0,
2018,CAB0445,Trans-Pacific,consortium,2004,14,19,10698.0,5,None,314.9,314.9,86.7,0,25,39,1,57.9,none,0,1.0,2019.0,True,True,,0.0,1.0,4.599999999999966,52.300000000000004,1.0,0.0,0,
2019,CAB0445,Trans-Pacific,consortium,2004,15,19,10698.0,5,None,314.9,314.9,38.5,0,25,41,0,39.7,suspected_external,1,0.0,2020.0,True,True,,0.0,1.0,0.0,-48.2,2.0,0.0,0,
2020,CAB0445,Trans-Pacific,consortium,2004,16,19,10698.0,5,None,314.9,314.9,37.5,0,25,42,0,41.3,none,0,0.0,2021.0,True,True,,0.0,1.0,0.0,-1.0,1.0,1.0,1,1.0
2021,CAB0445,Trans-Pacific,consortium,2004,17,19,10698.0,5,None,314.9,314.9,85.2,0,25,43,0,42.9,none,0,1.0,2022.0,True,True,,0.0,1.0,0.0,47.7,1.0,0.0,1,2.0
2022,CAB0445,Trans-Pacific,consortium,2004,18,19,10698.0,5,None,314.9,314.9,74.5,0,25,45,0,44.4,fishing_anchor,1,1.0,2023.0,True,True,,0.0,1.0,0.0,-10.700000000000003,2.0,0.0,1,3.0
2023,CAB0445,Trans-Pacific,consortium,2004,19,19,10698.0,5,None,314.9,314.9,82.0,0,25,47,0,46.0,fishing_anchor,1,1.0,2024.0,True,True,,0.0,1.0,0.0,7.5,2.0,1.0,1,1.0
2024,CAB0445,Trans-Pacific,consortium,2004,20,19,10698.0,5,None,314.9,314.9,72.5,0,25,49,0,47.6,fishing_anchor,1,0.0,2025.0,True,True,,0.0,1.0,0.0,-9.5,2.0,1.0,2,1.0
2025,CAB0445,Trans-Pacific,consortium,2004,21,19,10698.0,5,None,314.9,314.9,80.2,0,25,50,0,49.2,none,0,0.0,2026.0,True,True,,0.0,1.0,0.0,7.700000000000003,1.0,1.0,3,1.0
2015,CAB0446,Trans-Atlantic,consortium,2006,9,3,5704.0,7,None,58.3,41.1,88.1,1,25,33,1,34.1,none,0,0.0,2016.0,True,True,,17.199999999999996,0.7049742710120069,,,,,0,
2016,CAB0446,Trans-Atlantic,consortium,2006,10,3,5704.0,7,None,58.3,48.7,47.2,1,25,37,1,35.7,none,0,0.0,2017.0,True,True,,9.599999999999994,0.8353344768439109,7.600000000000001,-40.89999999999999,4.0,0.0,0,
2017,CAB0446,Trans-Atlantic,consortium,2006,11,3,5704.0,7,None,58.3,49.4,80.4,1,25,37,1,37.3,none,0,0.0,2018.0,True,True,,8.899999999999999,0.8473413379073756,0.6999999999999957,33.2,0.0,0.0,0,
2018,CAB0446,Trans-Atlantic,consortium,2006,12,3,5704.0,7,None,58.3,58.3,62.3,1,25,40,0,19.0,none,0,0.0,2019.0,True,True,,0.0,1.0,8.899999999999999,-18.10000000000001,3.0,0.0,0,
2019,CAB0446,Trans-Atlantic,consortium,2006,13,3,5704.0,7,None,58.3,54.6,66.7,1,25,45,0,20.6,none,0,0.0,2020.0,True,True,,3.6999999999999957,0.9365351629502574,-3.6999999999999957,4.400000000000006,5.0,0.0,0,
2020,CAB0446,Trans-Atlantic,consortium,2006,14,3,5704.0,7,None,58.3,58.3,73.6,1,25,48,0,22.2,none,0,0.0,2021.0,True,True,,0.0,1.0,3.6999999999999957,6.8999999999999915,3.0,0.0,0,
2021,CAB0446,Trans-Atlantic,consortium,2006,15,3,5704.0,7,None,58.3,58.3,71.6,1,25,50,0,23.8,none,0,0.0,2022.0,True,True,,0.0,1.0,0.0,-2.0,2.0,0.0,0,
2022,CAB0446,Trans-Atlantic,consortium,2006,16,3,5704.0,7,None,58.3,58.3,100.0,1,25,51,0,25.4,none,0,0.0,2023.0,True,True,,0.0,1.0,0.0,28.400000000000006,1.0,0.0,0,
2023,CAB0446,Trans-Atlantic,consortium,2006,17,3,5704.0,7,None,58.3,58.3,55.0,1,25,54,0,27.0,none,0,0.0,2024.0,True,True,,0.0,1.0,0.0,-45.0,3.0,0.0,0,
2024,CAB0446,Trans-Atlantic,consortium,2006,18,3,5704.0,7,None,58.3,58.3,84.6,1,25,58,0,28.6,none,0,0.0,2025.0,True,True,,0.0,1.0,0.0,29.599999999999994,4.0,0.0,0,
2025,CAB0446,Trans-Atlantic,consortium,2006,19,3,5704.0,7,None,58.3,58.3,73.7,1,25,62,0,30.2,none,0,0.0,2026.0,True,True,,0.0,1.0,0.0,-10.899999999999991,4.0,0.0,0,
2015,CAB0447,Intra-Europe,consortium,2011,4,4,2783.0,5,None,106.3,41.9,74.4,1,25,41,0,6.3,none,0,0.0,2016.0,True,True,,64.4,0.39416745061147695,,,,,0,
2016,CAB0447,Intra-Europe,consortium,2011,5,4,2783.0,5,None,106.3,51.3,53.1,1,25,42,0,7.9,none,0,1.0,2017.0,True,True,,55.0,0.48259642521166507,9.399999999999999,-21.300000000000004,1.0,0.0,0,
2017,CAB0447,Intra-Europe,consortium,2011,6,4,2783.0,5,None,106.3,62.4,48.8,1,25,44,0,9.5,equipment,1,1.0,2018.0,True,True,,43.9,0.5870178739416745,11.100000000000001,-4.300000000000004,2.0,0.0,0,
2018,CAB0447,Intra-Europe,consortium,2011,7,4,2783.0,5,None,106.3,78.5,35.6,1,25,45,0,11.1,fishing_anchor,1,0.0,2019.0,True,True,,27.799999999999997,0.7384760112888052,16.1,-13.199999999999996,1.0,1.0,1,1.0
2019,CAB0447,Intra-Europe,consortium,2011,8,4,2783.0,5,None,106.3,72.7,47.6,1,25,47,0,12.7,none,0,0.0,2020.0,True,True,,33.599999999999994,0.6839134524929446,-5.799999999999997,12.0,2.0,1.0,2,1.0
2020,CAB0447,Intra-Europe,consortium,2011,9,4,2783.0,5,None,106.3,80.1,29.6,1,25,49,0,14.3,none,0,0.0,2021.0,True,True,,26.200000000000003,0.753527751646284,7.3999999999999915,-18.0,2.0,0.0,2,2.0
2021,CAB0447,Intra-Europe,consortium,2011,10,4,2783.0,5,None,106.3,97.1,86.8,1,25,49,0,15.9,none,0,1.0,2022.0,True,True,,9.200000000000003,0.9134524929444967,17.0,57.199999999999996,0.0,0.0,1,3.0
2022,CAB0447,Intra-Europe,consortium,2011,11,4,2783.0,5,None,106.3,102.9,94.3,1,25,52,0,17.5,natural_hazard,1,0.0,2023.0,True,True,,3.3999999999999915,0.9680150517403575,5.800000000000011,7.5,3.0,0.0,0,4.0
2023,CAB0447,Intra-Europe,consortium,2011,12,4,2783.0,5,None,106.3,99.6,67.0,1,25,53,0,19.0,none,0,1.0,2024.0,True,True,,6.700000000000003,0.9369708372530574,-3.3000000000000114,-27.299999999999997,1.0,1.0,1,1.0
2024,CAB0447,Intra-Europe,consortium,2011,13,4,2783.0,5,None,106.3,106.3,88.2,1,25,53,0,20.6,natural_hazard,1,0.0,2025.0,True,True,,0.0,1.0,6.700000000000003,21.200000000000003,0.0,0.0,1,2.0
2025,CAB0447,Intra-Europe,consortium,2011,14,4,2783.0,5,None,106.3,106.3,83.8,1,25,58,0,22.2,none,0,0.0,2026.0,True,True,,0.0,1.0,0.0,-4.400000000000006,5.0,1.0,2,1.0
2023,CAB0448,Africa-Coastal,consortium,2023,0,17,4710.0,3,None,743.1,146.0,42.5,1,25,47,0,0.0,none,0,0.0,2024.0,True,True,,597.1,0.19647422957879154,,,,,0,
2024,CAB0448,Africa-Coastal,consortium,2023,1,17,4710.0,3,None,743.1,206.9,14.4,1,25,49,0,1.6,none,0,0.0,2025.0,True,True,,536.2,0.27842820616336966,60.900000000000006,-28.1,2.0,0.0,0,
2025,CAB0448,Africa-Coastal,consortium,2023,2,17,4710.0,3,None,743.1,250.4,57.3,1,25,52,0,3.2,none,0,1.0,2026.0,True,True,,492.70000000000005,0.33696676086663974,43.5,42.9,3.0,0.0,0,
2015,CAB0449,EMEA-Asia,consortium,2013,2,18,16011.0,4,None,529.7,161.6,45.4,0,25,27,1,38.9,none,0,0.0,2016.0,True,True,,368.1,0.30507834623371716,,,,,0,
2016,CAB0449,EMEA-Asia,consortium,2013,3,18,16011.0,4,None,529.7,208.7,50.3,0,25,29,1,40.5,none,0,0.0,2017.0,True,True,,321.00000000000006,0.39399660185010377,47.099999999999994,4.899999999999999,2.0,0.0,0,
2017,CAB0449,EMEA-Asia,consortium,2013,4,18,16011.0,4,None,529.7,235.3,14.0,0,25,32,1,42.1,none,0,1.0,2018.0,True,True,,294.40000000000003,0.44421370587124787,26.600000000000023,-36.3,3.0,0.0,0,
2018,CAB0449,EMEA-Asia,consortium,2013,5,18,16011.0,4,None,529.7,330.1,12.5,0,25,34,1,43.7,fishing_anchor,1,1.0,2019.0,True,True,,199.60000000000002,0.623182933736077,94.80000000000001,-1.5,2.0,0.0,0,
2019,CAB0449,EMEA-Asia,consortium,2013,6,18,16011.0,4,None,529.7,292.7,35.3,0,25,37,1,45.2,equipment,1,0.0,2020.0,True,True,,237.00000000000006,0.5525769303379271,-37.400000000000034,22.799999999999997,3.0,1.0,1,1.0
2020,CAB0449,EMEA-Asia,consortium,2013,7,18,16011.0,4,None,529.7,336.3,83.8,0,25,40,0,27.0,none,0,0.0,2021.0,True,True,,193.40000000000003,0.6348876722673211,43.60000000000002,48.5,3.0,1.0,2,1.0
2021,CAB0449,EMEA-Asia,consortium,2013,8,18,16011.0,4,None,529.7,365.2,46.6,0,25,44,0,28.6,none,0,0.0,2022.0,True,True,,164.50000000000006,0.689446856711346,28.899999999999977,-37.199999999999996,4.0,0.0,2,2.0
2022,CAB0449,EMEA-Asia,consortium,2013,9,18,16011.0,4,None,529.7,401.2,54.7,0,25,45,0,30.2,none,0,0.0,2023.0,True,True,,128.50000000000006,0.7574098546346988,36.0,8.100000000000001,1.0,0.0,1,3.0
2023,CAB0449,EMEA-Asia,consortium,2013,10,18,16011.0,4,None,529.7,478.9,46.0,0,25,47,0,31.7,none,0,0.0,2024.0,True,True,,50.80000000000007,0.9040966584859353,77.69999999999999,-8.700000000000003,2.0,0.0,0,4.0
2024,CAB0449,EMEA-Asia,consortium,2013,11,18,16011.0,4,None,529.7,497.3,60.8,0,25,48,0,33.3,none,0,1.0,2025.0,True,True,,32.400000000000034,0.9388333018689824,18.400000000000034,14.799999999999997,1.0,0.0,0,5.0
2025,CAB0449,EMEA-Asia,consortium,2013,12,18,16011.0,4,None,529.7,517.5,48.5,0,25,47,0,34.9,fishing_anchor,1,0.0,2026.0,True,True,,12.200000000000045,0.976968095148197,20.19999999999999,-12.299999999999997,-1.0,0.0,0,6.0
2015,CAB0450,Trans-Pacific,hyperscaler,2006,9,10,9055.0,5,None,194.3,157.9,54.7,1,25,35,1,34.1,none,0,0.0,2016.0,True,True,,36.400000000000006,0.8126608337622233,,,,,0,
2016,CAB0450,Trans-Pacific,hyperscaler,2006,10,10,9055.0,5,None,194.3,151.6,87.3,1,25,37,1,35.7,none,0,0.0,2017.0,True,True,,42.70000000000002,0.7802367472979927,-6.300000000000011,32.599999999999994,2.0,0.0,0,
2017,CAB0450,Trans-Pacific,hyperscaler,2006,11,10,9055.0,5,None,194.3,193.5,93.1,1,25,38,1,37.3,none,0,0.0,2018.0,True,True,,0.8000000000000114,0.9958826556870818,41.900000000000006,5.799999999999997,1.0,0.0,0,
2018,CAB0450,Trans-Pacific,hyperscaler,2006,12,10,9055.0,5,None,194.3,183.8,88.6,1,25,39,1,38.9,none,0,0.0,2019.0,True,True,,10.5,0.9459598558929491,-9.699999999999989,-4.5,1.0,0.0,0,
2019,CAB0450,Trans-Pacific,hyperscaler,2006,13,10,9055.0,5,None,194.3,194.3,82.0,1,25,41,0,20.6,none,0,0.0,2020.0,True,True,,0.0,1.0,10.5,-6.599999999999994,2.0,0.0,0,
2020,CAB0450,Trans-Pacific,hyperscaler,2006,14,10,9055.0,5,None,194.3,194.3,91.5,1,25,42,0,22.2,none,0,0.0,2021.0,True,True,,0.0,1.0,0.0,9.5,1.0,0.0,0,
2021,CAB0450,Trans-Pacific,hyperscaler,2006,15,10,9055.0,5,None,194.3,194.3,57.8,1,25,43,0,23.8,none,0,0.0,2022.0,True,True,,0.0,1.0,0.0,-33.7,1.0,0.0,0,
2022,CAB0450,Trans-Pacific,hyperscaler,2006,16,10,9055.0,5,None,194.3,194.3,58.8,1,25,45,0,25.4,none,0,0.0,2023.0,True,True,,0.0,1.0,0.0,1.0,2.0,0.0,0,
2023,CAB0450,Trans-Pacific,hyperscaler,2006,17,10,9055.0,5,None,194.3,194.3,90.0,1,25,47,0,27.0,none,0,0.0,2024.0,True,True,,0.0,1.0,0.0,31.200000000000003,2.0,0.0,0,
2024,CAB0450,Trans-Pacific,hyperscaler,2006,18,10,9055.0,5,None,194.3,194.3,65.2,1,25,49,0,28.6,none,0,0.0,2025.0,True,True,,0.0,1.0,0.0,-24.799999999999997,2.0,0.0,0,
2025,CAB0450,Trans-Pacific,hyperscaler,2006,19,10,9055.0,5,None,194.3,194.3,100.0,1,25,50,0,30.2,none,0,0.0,2026.0,True,True,,0.0,1.0,0.0,34.8,1.0,0.0,0,
2015,CAB0451,Americas,consortium,1999,16,22,2345.0,5,None,207.4,207.4,51.9,1,25,28,1,45.2,none,0,0.0,2016.0,True,True,,0.0,1.0,,,,,0,
2016,CAB0451,Americas,consortium,1999,17,22,2345.0,5,None,207.4,207.4,37.8,1,25,29,1,46.8,none,0,0.0,2017.0,True,True,,0.0,1.0,0.0,-14.100000000000001,1.0,0.0,0,
2017,CAB0451,Americas,consortium,1999,18,22,2345.0,5,None,207.4,207.4,69.4,1,25,29,1,48.4,none,0,0.0,2018.0,True,True,,0.0,1.0,0.0,31.60000000000001,0.0,0.0,0,
2018,CAB0451,Americas,consortium,1999,19,22,2345.0,5,None,207.4,207.4,92.7,1,25,31,1,50.0,none,0,0.0,2019.0,True,True,,0.0,1.0,0.0,23.299999999999997,2.0,0.0,0,
2019,CAB0451,Americas,consortium,1999,20,22,2345.0,5,None,207.4,207.4,100.0,1,25,32,1,51.6,none,0,0.0,2020.0,True,True,,0.0,1.0,0.0,7.299999999999997,1.0,0.0,0,
2020,CAB0451,Americas,consortium,1999,21,22,2345.0,5,None,207.4,207.4,59.9,1,25,33,1,53.2,none,0,0.0,2021.0,True,True,,0.0,1.0,0.0,-40.1,1.0,0.0,0,
2021,CAB0451,Americas,consortium,1999,22,22,2345.0,5,None,207.4,207.4,100.0,1,25,37,1,54.8,none,0,0.0,2022.0,True,True,,0.0,1.0,0.0,40.1,4.0,0.0,0,
2022,CAB0451,Americas,consortium,1999,23,22,2345.0,5,None,207.4,207.4,59.9,1,25,37,1,56.3,none,0,0.0,2023.0,True,True,,0.0,1.0,0.0,-40.1,0.0,0.0,0,
2023,CAB0451,Americas,consortium,1999,24,22,2345.0,5,None,207.4,207.4,100.0,1,25,37,1,57.9,none,0,0.0,2024.0,True,True,,0.0,1.0,0.0,40.1,0.0,0.0,0,
2024,CAB0451,Americas,consortium,1999,25,22,2345.0,5,None,207.4,207.4,100.0,1,25,39,1,59.5,none,0,0.0,2025.0,True,True,,0.0,1.0,0.0,0.0,2.0,0.0,0,
2015,CAB0452,Trans-Atlantic,hyperscaler,2005,10,5,7371.0,5,None,90.0,79.6,51.3,1,25,33,1,35.7,none,0,0.0,2016.0,True,True,,10.400000000000006,0.8844444444444444,,,,,0,
2016,CAB0452,Trans-Atlantic,hyperscaler,2005,11,5,7371.0,5,None,90.0,88.4,67.1,1,25,37,1,37.3,none,0,0.0,2017.0,True,True,,1.5999999999999943,0.9822222222222223,8.800000000000011,15.799999999999997,4.0,0.0,0,
2017,CAB0452,Trans-Atlantic,hyperscaler,2005,12,5,7371.0,5,None,90.0,84.0,59.1,1,25,37,1,38.9,none,0,0.0,2018.0,True,True,,6.0,0.9333333333333333,-4.400000000000006,-7.999999999999993,0.0,0.0,0,
2018,CAB0452,Trans-Atlantic,hyperscaler,2005,13,5,7371.0,5,None,90.0,88.8,87.9,1,25,40,0,20.6,none,0,0.0,2019.0,True,True,,1.2000000000000028,0.9866666666666666,4.799999999999997,28.800000000000004,3.0,0.0,0,
2019,CAB0452,Trans-Atlantic,hyperscaler,2005,14,5,7371.0,5,None,90.0,90.0,100.0,1,25,45,0,22.2,none,0,0.0,2020.0,True,True,,0.0,1.0,1.2000000000000028,12.099999999999994,5.0,0.0,0,
2020,CAB0452,Trans-Atlantic,hyperscaler,2005,15,5,7371.0,5,None,90.0,90.0,78.1,1,25,48,0,23.8,none,0,0.0,2021.0,True,True,,0.0,1.0,0.0,-21.900000000000006,3.0,0.0,0,
2021,CAB0452,Trans-Atlantic,hyperscaler,2005,16,5,7371.0,5,None,90.0,90.0,57.0,1,25,50,0,25.4,none,0,0.0,2022.0,True,True,,0.0,1.0,0.0,-21.099999999999994,2.0,0.0,0,
2022,CAB0452,Trans-Atlantic,hyperscaler,2005,17,5,7371.0,5,None,90.0,90.0,55.4,1,25,51,0,27.0,none,0,0.0,2023.0,True,True,,0.0,1.0,0.0,-1.6000000000000014,1.0,0.0,0,
2023,CAB0452,Trans-Atlantic,hyperscaler,2005,18,5,7371.0,5,None,90.0,90.0,73.0,1,25,54,0,28.6,none,0,0.0,2024.0,True,True,,0.0,1.0,0.0,17.6,3.0,0.0,0,
2024,CAB0452,Trans-Atlantic,hyperscaler,2005,19,5,7371.0,5,None,90.0,90.0,70.1,1,25,58,0,30.2,none,0,0.0,2025.0,True,True,,0.0,1.0,0.0,-2.9000000000000057,4.0,0.0,0,
2025,CAB0452,Trans-Atlantic,hyperscaler,2005,20,5,7371.0,5,None,90.0,90.0,51.1,1,25,62,0,31.7,none,0,0.0,2026.0,True,True,,0.0,1.0,0.0,-18.999999999999993,4.0,0.0,0,
2019,CAB0453,EMEA-Asia,consortium,2019,0,16,11735.0,4,Hormuz,608.0,222.7,15.8,1,25,37,1,47.6,none,0,0.0,2020.0,True,True,,385.3,0.3662828947368421,,,,,0,
2020,CAB0453,EMEA-Asia,consortium,2019,1,16,11735.0,4,Hormuz,608.0,148.5,46.7,1,25,40,0,29.4,none,0,0.0,2021.0,True,True,,459.5,0.24424342105263158,-74.19999999999999,30.900000000000002,3.0,0.0,0,
2021,CAB0453,EMEA-Asia,consortium,2019,2,16,11735.0,4,Hormuz,608.0,188.7,60.3,1,25,44,0,31.0,none,0,0.0,2022.0,True,True,,419.3,0.31036184210526313,40.19999999999999,13.599999999999994,4.0,0.0,0,
2022,CAB0453,EMEA-Asia,consortium,2019,3,16,11735.0,4,Hormuz,608.0,320.6,73.3,1,25,45,0,32.5,none,0,0.0,2023.0,True,True,,287.4,0.5273026315789474,131.90000000000003,13.0,1.0,0.0,0,
2023,CAB0453,EMEA-Asia,consortium,2019,4,16,11735.0,4,Hormuz,608.0,274.0,64.8,1,25,47,0,34.1,none,0,0.0,2024.0,True,True,,334.0,0.4506578947368421,-46.60000000000002,-8.5,2.0,0.0,0,
2024,CAB0453,EMEA-Asia,consortium,2019,5,16,11735.0,4,Hormuz,608.0,352.1,17.1,1,25,48,0,35.7,none,0,0.0,2025.0,True,True,,255.89999999999998,0.5791118421052632,78.10000000000002,-47.699999999999996,1.0,0.0,0,
2025,CAB0453,EMEA-Asia,consortium,2019,6,16,11735.0,4,Hormuz,608.0,348.9,52.5,1,25,47,0,37.3,none,0,0.0,2026.0,True,True,,259.1,0.5738486842105263,-3.2000000000000455,35.4,-1.0,0.0,0,
2015,CAB0454,Intra-Pacific-Islands,consortium,2001,14,8,2409.0,6,None,98.3,98.3,70.5,1,25,28,1,42.1,none,0,0.0,2016.0,True,True,,0.0,1.0,,,,,0,
2016,CAB0454,Intra-Pacific-Islands,consortium,2001,15,8,2409.0,6,None,98.3,98.3,46.8,1,25,29,1,43.7,none,0,0.0,2017.0,True,True,,0.0,1.0,0.0,-23.700000000000003,1.0,0.0,0,
2017,CAB0454,Intra-Pacific-Islands,consortium,2001,16,8,2409.0,6,None,98.3,98.3,86.0,1,25,29,1,45.2,none,0,0.0,2018.0,True,True,,0.0,1.0,0.0,39.2,0.0,0.0,0,
2018,CAB0454,Intra-Pacific-Islands,consortium,2001,17,8,2409.0,6,None,98.3,98.3,80.2,1,25,30,1,46.8,none,0,0.0,2019.0,True,True,,0.0,1.0,0.0,-5.799999999999997,1.0,0.0,0,
2019,CAB0454,Intra-Pacific-Islands,consortium,2001,18,8,2409.0,6,None,98.3,98.3,72.8,1,25,35,1,48.4,none,0,0.0,2020.0,True,True,,0.0,1.0,0.0,-7.400000000000006,5.0,0.0,0,
2020,CAB0454,Intra-Pacific-Islands,consortium,2001,19,8,2409.0,6,None,98.3,98.3,100.0,1,25,40,0,30.2,none,0,0.0,2021.0,True,True,,0.0,1.0,0.0,27.200000000000003,5.0,0.0,0,
2021,CAB0454,Intra-Pacific-Islands,consortium,2001,20,8,2409.0,6,None,98.3,98.3,49.1,1,25,41,0,31.7,none,0,0.0,2022.0,True,True,,0.0,1.0,0.0,-50.9,1.0,0.0,0,
2022,CAB0454,Intra-Pacific-Islands,consortium,2001,21,8,2409.0,6,None,98.3,98.3,75.7,1,25,43,0,33.3,none,0,0.0,2023.0,True,True,,0.0,1.0,0.0,26.6,2.0,0.0,0,
2023,CAB0454,Intra-Pacific-Islands,consortium,2001,22,8,2409.0,6,None,98.3,98.3,100.0,1,25,45,0,34.9,none,0,0.0,2024.0,True,True,,0.0,1.0,0.0,24.299999999999997,2.0,0.0,0,
2024,CAB0454,Intra-Pacific-Islands,consortium,2001,23,8,2409.0,6,None,98.3,98.3,80.9,1,25,48,0,36.5,none,0,0.0,2025.0,True,True,,0.0,1.0,0.0,-19.099999999999994,3.0,0.0,0,
2025,CAB0454,Intra-Pacific-Islands,consortium,2001,24,8,2409.0,6,None,98.3,98.3,100.0,1,25,50,0,38.1,none,0,0.0,2026.0,True,True,,0.0,1.0,0.0,19.099999999999994,2.0,0.0,0,
2015,CAB0455,Intra-Europe,carrier,2013,2,6,2361.0,8,None,176.6,52.9,37.4,1,25,41,0,3.2,none,0,0.0,2016.0,True,True,,123.69999999999999,0.2995469988674972,,,,,0,
2016,CAB0455,Intra-Europe,carrier,2013,3,6,2361.0,8,None,176.6,70.9,20.3,1,25,42,0,4.8,none,0,0.0,2017.0,True,True,,105.69999999999999,0.4014722536806343,18.000000000000007,-17.099999999999998,1.0,0.0,0,
2017,CAB0455,Intra-Europe,carrier,2013,4,6,2361.0,8,None,176.6,84.4,26.5,1,25,44,0,6.3,none,0,0.0,2018.0,True,True,,92.19999999999999,0.477916194790487,13.5,6.199999999999999,2.0,0.0,0,
2018,CAB0455,Intra-Europe,carrier,2013,5,6,2361.0,8,None,176.6,110.1,33.8,1,25,45,0,7.9,none,0,0.0,2019.0,True,True,,66.5,0.6234428086070215,25.69999999999999,7.299999999999997,1.0,0.0,0,
2019,CAB0455,Intra-Europe,carrier,2013,6,6,2361.0,8,None,176.6,100.3,75.5,1,25,47,0,9.5,none,0,0.0,2020.0,True,True,,76.3,0.5679501698754247,-9.799999999999997,41.7,2.0,0.0,0,
2020,CAB0455,Intra-Europe,carrier,2013,7,6,2361.0,8,None,176.6,122.3,31.3,1,25,49,0,11.1,none,0,0.0,2021.0,True,True,,54.3,0.6925254813137033,22.0,-44.2,2.0,0.0,0,
2021,CAB0455,Intra-Europe,carrier,2013,8,6,2361.0,8,None,176.6,135.7,93.3,1,25,49,0,12.7,none,0,0.0,2022.0,True,True,,40.900000000000006,0.7684031710079274,13.399999999999991,62.0,0.0,0.0,0,
2022,CAB0455,Intra-Europe,carrier,2013,9,6,2361.0,8,None,176.6,141.3,99.2,1,25,52,0,14.3,none,0,0.0,2023.0,True,True,,35.29999999999998,0.8001132502831257,5.600000000000023,5.900000000000006,3.0,0.0,0,
2023,CAB0455,Intra-Europe,carrier,2013,10,6,2361.0,8,None,176.6,156.3,37.9,1,25,53,0,15.9,none,0,0.0,2024.0,True,True,,20.299999999999983,0.8850509626274067,15.0,-61.300000000000004,1.0,0.0,0,
2024,CAB0455,Intra-Europe,carrier,2013,11,6,2361.0,8,None,176.6,162.4,68.9,1,25,53,0,17.5,none,0,0.0,2025.0,True,True,,14.199999999999989,0.9195922989807476,6.099999999999994,31.000000000000007,0.0,0.0,0,
2025,CAB0455,Intra-Europe,carrier,2013,12,6,2361.0,8,None,176.6,159.8,72.4,1,25,58,0,19.0,none,0,0.0,2026.0,True,True,,16.799999999999983,0.9048697621744055,-2.5999999999999943,3.5,5.0,0.0,0,
2024,CAB0456,Africa-Coastal,consortium,2024,0,12,3683.0,6,None,541.7,121.8,55.2,1,25,49,0,0.0,none,0,0.0,2025.0,True,True,,419.90000000000003,0.2248477016798966,,,,,0,
2025,CAB0456,Africa-Coastal,consortium,2024,1,12,3683.0,6,None,541.7,222.6,9.8,1,25,52,0,1.6,none,0,0.0,2026.0,True,True,,319.1,0.41092855824256963,100.8,-45.400000000000006,3.0,0.0,0,
2021,CAB0457,Intra-Asia,consortium,2021,0,17,1736.0,5,None,694.6,147.3,41.5,1,25,69,0,0.0,none,0,0.0,2022.0,True,True,,547.3,0.21206449755254825,,,,,0,
2022,CAB0457,Intra-Asia,consortium,2021,1,17,1736.0,5,None,694.6,227.6,49.2,1,25,70,0,1.6,none,0,0.0,2023.0,True,True,,467.0,0.3276706017852001,80.29999999999998,7.700000000000003,1.0,0.0,0,
2023,CAB0457,Intra-Asia,consortium,2021,2,17,1736.0,5,None,694.6,357.8,57.1,1,25,70,0,3.2,none,0,0.0,2024.0,True,True,,336.8,0.5151166138784912,130.20000000000002,7.899999999999999,0.0,0.0,0,
2024,CAB0457,Intra-Asia,consortium,2021,3,17,1736.0,5,None,694.6,353.7,83.1,1,25,75,0,4.8,none,0,0.0,2025.0,True,True,,340.90000000000003,0.5092139360783184,-4.100000000000023,25.999999999999993,5.0,0.0,0,
2025,CAB0457,Intra-Asia,consortium,2021,4,17,1736.0,5,None,694.6,286.3,22.8,1,25,77,0,6.3,none,0,0.0,2026.0,True,True,,408.3,0.4121796717535272,-67.39999999999998,-60.3,2.0,0.0,0,
2015,CAB0458,Africa-Coastal,consortium,2015,0,4,11197.0,4,None,129.1,37.8,67.1,1,25,36,1,19.8,none,0,0.0,2016.0,True,True,,91.3,0.2927962819519752,,,,,0,
2016,CAB0458,Africa-Coastal,consortium,2015,1,4,11197.0,4,None,129.1,38.0,86.7,1,25,37,1,21.4,none,0,0.0,2017.0,True,True,,91.1,0.2943454686289698,0.20000000000000284,19.60000000000001,1.0,0.0,0,
2017,CAB0458,Africa-Coastal,consortium,2015,2,4,11197.0,4,None,129.1,35.6,9.6,1,25,40,0,3.2,none,0,0.0,2018.0,True,True,,93.5,0.27575522850503487,-2.3999999999999986,-77.10000000000001,3.0,0.0,0,
2018,CAB0458,Africa-Coastal,consortium,2015,3,4,11197.0,4,None,129.1,60.6,15.6,1,25,40,0,4.8,none,0,1.0,2019.0,True,True,,68.5,0.4694035631293571,25.0,6.0,0.0,0.0,0,
2019,CAB0458,Africa-Coastal,consortium,2015,4,4,11197.0,4,None,129.1,62.0,42.4,1,25,42,0,6.3,fishing_anchor,1,1.0,2020.0,True,True,,67.1,0.48024786986831913,1.3999999999999986,26.799999999999997,2.0,0.0,0,
2020,CAB0458,Africa-Coastal,consortium,2015,5,4,11197.0,4,None,129.1,64.2,76.4,1,25,43,0,7.9,equipment,1,0.0,2021.0,True,True,,64.89999999999999,0.49728892331525953,2.200000000000003,34.00000000000001,1.0,1.0,1,1.0
2021,CAB0458,Africa-Coastal,consortium,2015,6,4,11197.0,4,None,129.1,78.6,22.1,1,25,44,0,9.5,none,0,0.0,2022.0,True,True,,50.5,0.608830364058869,14.399999999999991,-54.300000000000004,1.0,1.0,2,1.0
2022,CAB0458,Africa-Coastal,consortium,2015,7,4,11197.0,4,None,129.1,87.4,70.0,1,25,45,0,11.1,none,0,0.0,2023.0,True,True,,41.69999999999999,0.6769945778466306,8.800000000000011,47.9,1.0,0.0,2,2.0
2023,CAB0458,Africa-Coastal,consortium,2015,8,4,11197.0,4,None,129.1,104.1,57.9,1,25,47,0,12.7,none,0,0.0,2024.0,True,True,,25.0,0.8063516653756777,16.69999999999999,-12.100000000000001,2.0,0.0,1,3.0
2024,CAB0458,Africa-Coastal,consortium,2015,9,4,11197.0,4,None,129.1,103.9,65.0,1,25,49,0,14.3,none,0,1.0,2025.0,True,True,,25.19999999999999,0.8048024786986833,-0.19999999999998863,7.100000000000001,2.0,0.0,0,4.0
2025,CAB0458,Africa-Coastal,consortium,2015,10,4,11197.0,4,None,129.1,103.6,57.5,1,25,52,0,15.9,fishing_anchor,1,1.0,2026.0,True,True,,25.5,0.8024786986831913,-0.30000000000001137,-7.5,3.0,0.0,0,5.0
2019,CAB0459,Trans-Atlantic,carrier,2019,0,48,6581.0,8,None,1824.0,211.1,23.8,0,25,45,0,15.9,none,0,0.0,2020.0,True,True,,1612.9,0.11573464912280701,,,,,0,
2020,CAB0459,Trans-Atlantic,carrier,2019,1,48,6581.0,8,None,1824.0,684.6,11.1,0,25,48,0,17.5,none,0,0.0,2021.0,True,True,,1139.4,0.37532894736842104,473.5,-12.700000000000001,3.0,0.0,0,
2021,CAB0459,Trans-Atlantic,carrier,2019,2,48,6581.0,8,None,1824.0,620.9,28.8,0,25,50,0,19.0,none,0,0.0,2022.0,True,True,,1203.1,0.34040570175438595,-63.700000000000045,17.700000000000003,2.0,0.0,0,
2022,CAB0459,Trans-Atlantic,carrier,2019,3,48,6581.0,8,None,1824.0,902.0,65.8,0,25,51,0,20.6,none,0,0.0,2023.0,True,True,,922.0,0.49451754385964913,281.1,37.0,1.0,0.0,0,
2023,CAB0459,Trans-Atlantic,carrier,2019,4,48,6581.0,8,None,1824.0,974.6,75.6,0,25,54,0,22.2,none,0,0.0,2024.0,True,True,,849.4,0.5343201754385966,72.60000000000002,9.799999999999997,3.0,0.0,0,
2024,CAB0459,Trans-Atlantic,carrier,2019,5,48,6581.0,8,None,1824.0,1024.9,69.9,0,25,58,0,23.8,none,0,0.0,2025.0,True,True,,799.0999999999999,0.5618969298245614,50.30000000000007,-5.699999999999989,4.0,0.0,0,
2025,CAB0459,Trans-Atlantic,carrier,2019,6,48,6581.0,8,None,1824.0,1009.2,42.1,0,25,62,0,25.4,none,0,0.0,2026.0,True,True,,814.8,0.5532894736842106,-15.700000000000045,-27.800000000000004,4.0,0.0,0,
2015,CAB0460,Trans-Pacific,carrier,1998,17,14,14102.0,5,None,112.0,112.0,99.4,1,25,35,1,46.8,none,0,0.0,2016.0,True,True,,0.0,1.0,,,,,0,
2016,CAB0460,Trans-Pacific,carrier,1998,18,14,14102.0,5,None,112.0,112.0,88.4,1,25,37,1,48.4,none,0,0.0,2017.0,True,True,,0.0,1.0,0.0,-11.0,2.0,0.0,0,
2017,CAB0460,Trans-Pacific,carrier,1998,19,14,14102.0,5,None,112.0,112.0,72.8,1,25,38,1,50.0,none,0,0.0,2018.0,True,True,,0.0,1.0,0.0,-15.600000000000009,1.0,0.0,0,
2018,CAB0460,Trans-Pacific,carrier,1998,20,14,14102.0,5,None,112.0,112.0,57.3,1,25,39,1,51.6,none,0,0.0,2019.0,True,True,,0.0,1.0,0.0,-15.5,1.0,0.0,0,
2019,CAB0460,Trans-Pacific,carrier,1998,21,14,14102.0,5,None,112.0,112.0,72.1,1,25,41,0,33.3,none,0,0.0,2020.0,True,True,,0.0,1.0,0.0,14.799999999999997,2.0,0.0,0,
2020,CAB0460,Trans-Pacific,carrier,1998,22,14,14102.0,5,None,112.0,112.0,100.0,1,25,42,0,34.9,none,0,0.0,2021.0,True,True,,0.0,1.0,0.0,27.900000000000006,1.0,0.0,0,
2021,CAB0460,Trans-Pacific,carrier,1998,23,14,14102.0,5,None,112.0,112.0,91.7,1,25,43,0,36.5,none,0,0.0,2022.0,True,True,,0.0,1.0,0.0,-8.299999999999997,1.0,0.0,0,
2022,CAB0460,Trans-Pacific,carrier,1998,24,14,14102.0,5,None,112.0,112.0,100.0,1,25,45,0,38.1,none,0,0.0,2023.0,True,True,,0.0,1.0,0.0,8.299999999999997,2.0,0.0,0,
2023,CAB0460,Trans-Pacific,carrier,1998,25,14,14102.0,5,None,112.0,112.0,100.0,1,25,47,0,39.7,none,0,0.0,2024.0,True,True,,0.0,1.0,0.0,0.0,2.0,0.0,0,
2024,CAB0460,Trans-Pacific,carrier,1998,26,14,14102.0,5,None,112.0,112.0,61.1,1,25,49,0,41.3,none,0,0.0,2025.0,True,True,,0.0,1.0,0.0,-38.9,2.0,0.0,0,
2015,CAB0461,Intra-Asia,carrier,2012,3,8,3554.0,6,None,224.0,90.6,40.6,0,25,53,0,20.6,none,0,0.0,2016.0,True,True,,133.4,0.40446428571428567,,,,,0,
2016,CAB0461,Intra-Asia,carrier,2012,4,8,3554.0,6,None,224.0,107.8,75.7,0,25,59,0,22.2,none,0,0.0,2017.0,True,True,,116.2,0.48125,17.200000000000003,35.1,6.0,0.0,0,
2017,CAB0461,Intra-Asia,carrier,2012,5,8,3554.0,6,None,224.0,119.3,67.0,0,25,60,0,23.8,none,0,0.0,2018.0,True,True,,104.7,0.5325892857142857,11.5,-8.700000000000003,1.0,0.0,0,
2018,CAB0461,Intra-Asia,carrier,2012,6,8,3554.0,6,None,224.0,124.2,36.5,0,25,62,0,25.4,none,0,0.0,2019.0,True,True,,99.8,0.5544642857142857,4.900000000000006,-30.5,2.0,0.0,0,
2019,CAB0461,Intra-Asia,carrier,2012,7,8,3554.0,6,None,224.0,130.4,44.7,0,25,64,0,27.0,none,0,0.0,2020.0,True,True,,93.6,0.5821428571428572,6.200000000000003,8.200000000000003,2.0,0.0,0,
2020,CAB0461,Intra-Asia,carrier,2012,8,8,3554.0,6,None,224.0,159.5,23.9,0,25,66,0,28.6,none,0,0.0,2021.0,True,True,,64.5,0.7120535714285714,29.099999999999994,-20.800000000000004,2.0,0.0,0,
2021,CAB0461,Intra-Asia,carrier,2012,9,8,3554.0,6,None,224.0,188.8,72.5,0,25,69,0,30.2,none,0,0.0,2022.0,True,True,,35.19999999999999,0.8428571428571429,29.30000000000001,48.6,3.0,0.0,0,
2022,CAB0461,Intra-Asia,carrier,2012,10,8,3554.0,6,None,224.0,202.8,50.8,0,25,70,0,31.7,none,0,0.0,2023.0,True,True,,21.19999999999999,0.9053571428571429,14.0,-21.700000000000003,1.0,0.0,0,
2023,CAB0461,Intra-Asia,carrier,2012,11,8,3554.0,6,None,224.0,203.1,93.0,0,25,70,0,33.3,none,0,0.0,2024.0,True,True,,20.900000000000006,0.9066964285714285,0.29999999999998295,42.2,0.0,0.0,0,
2024,CAB0461,Intra-Asia,carrier,2012,12,8,3554.0,6,None,224.0,219.0,100.0,0,25,75,0,34.9,none,0,0.0,2025.0,True,True,,5.0,0.9776785714285714,15.900000000000006,7.0,5.0,0.0,0,
2025,CAB0461,Intra-Asia,carrier,2012,13,8,3554.0,6,None,224.0,224.0,40.5,0,25,77,0,36.5,none,0,0.0,2026.0,True,True,,0.0,1.0,5.0,-59.5,2.0,0.0,0,
2022,CAB0462,Trans-Atlantic,carrier,2022,0,8,6636.0,4,None,338.3,79.2,37.2,0,25,51,0,15.9,none,0,0.0,2023.0,True,True,,259.1,0.23411173514631983,,,,,0,
2023,CAB0462,Trans-Atlantic,carrier,2022,1,8,6636.0,4,None,338.3,126.0,45.9,0,25,54,0,17.5,none,0,0.0,2024.0,True,True,,212.3,0.37245048773278155,46.8,8.699999999999996,3.0,0.0,0,
2024,CAB0462,Trans-Atlantic,carrier,2022,2,8,6636.0,4,None,338.3,148.3,25.1,0,25,58,0,19.0,none,0,0.0,2025.0,True,True,,190.0,0.4383683121489802,22.30000000000001,-20.799999999999997,4.0,0.0,0,
2025,CAB0462,Trans-Atlantic,carrier,2022,3,8,6636.0,4,None,338.3,109.3,10.5,0,25,62,0,20.6,none,0,0.0,2026.0,True,True,,229.0,0.32308601832692874,-39.000000000000014,-14.600000000000001,4.0,0.0,0,
2025,CAB0463,Intra-Europe,hyperscaler,2025,0,12,2970.0,5,None,558.9,144.9,37.8,1,25,58,0,0.0,none,0,0.0,2026.0,True,True,,414.0,0.2592592592592593,,,,,0,
2015,CAB0464,Africa-Coastal,hyperscaler,2002,13,4,4670.0,4,None,54.9,54.9,53.8,1,25,36,1,40.5,none,0,0.0,2016.0,True,True,,0.0,1.0,,,,,0,
2016,CAB0464,Africa-Coastal,hyperscaler,2002,14,4,4670.0,4,None,54.9,54.9,68.7,1,25,37,1,42.1,none,0,0.0,2017.0,True,True,,0.0,1.0,0.0,14.900000000000006,1.0,0.0,0,
2017,CAB0464,Africa-Coastal,hyperscaler,2002,15,4,4670.0,4,None,54.9,54.9,100.0,1,25,40,0,23.8,none,0,0.0,2018.0,True,True,,0.0,1.0,0.0,31.299999999999997,3.0,0.0,0,
2018,CAB0464,Africa-Coastal,hyperscaler,2002,16,4,4670.0,4,None,54.9,54.9,56.0,1,25,40,0,25.4,none,0,0.0,2019.0,True,True,,0.0,1.0,0.0,-44.0,0.0,0.0,0,
2019,CAB0464,Africa-Coastal,hyperscaler,2002,17,4,4670.0,4,None,54.9,54.9,100.0,1,25,42,0,27.0,none,0,0.0,2020.0,True,True,,0.0,1.0,0.0,44.0,2.0,0.0,0,
2020,CAB0464,Africa-Coastal,hyperscaler,2002,18,4,4670.0,4,None,54.9,54.9,100.0,1,25,43,0,28.6,none,0,0.0,2021.0,True,True,,0.0,1.0,0.0,0.0,1.0,0.0,0,
2021,CAB0464,Africa-Coastal,hyperscaler,2002,19,4,4670.0,4,None,54.9,54.9,94.9,1,25,44,0,30.2,none,0,0.0,2022.0,True,True,,0.0,1.0,0.0,-5.099999999999994,1.0,0.0,0,
2022,CAB0464,Africa-Coastal,hyperscaler,2002,20,4,4670.0,4,None,54.9,54.9,93.0,1,25,45,0,31.7,none,0,0.0,2023.0,True,True,,0.0,1.0,0.0,-1.9000000000000057,1.0,0.0,0,
2023,CAB0464,Africa-Coastal,hyperscaler,2002,21,4,4670.0,4,None,54.9,54.9,63.7,1,25,47,0,33.3,none,0,0.0,2024.0,True,True,,0.0,1.0,0.0,-29.299999999999997,2.0,0.0,0,
2024,CAB0464,Africa-Coastal,hyperscaler,2002,22,4,4670.0,4,None,54.9,54.9,69.7,1,25,49,0,34.9,none,0,0.0,2025.0,True,True,,0.0,1.0,0.0,6.0,2.0,0.0,0,
2025,CAB0464,Africa-Coastal,hyperscaler,2002,23,4,4670.0,4,None,54.9,54.9,91.0,1,25,52,0,36.5,none,0,0.0,2026.0,True,True,,0.0,1.0,0.0,21.299999999999997,3.0,0.0,0,
2015,CAB0465,Americas,government,2000,15,5,2180.0,5,None,54.3,54.3,86.2,1,25,28,1,43.7,none,0,0.0,2016.0,True,True,,0.0,1.0,,,,,0,
2016,CAB0465,Americas,government,2000,16,5,2180.0,5,None,54.3,54.3,96.0,1,25,29,1,45.2,none,0,0.0,2017.0,True,True,,0.0,1.0,0.0,9.799999999999997,1.0,0.0,0,
2017,CAB0465,Americas,government,2000,17,5,2180.0,5,None,54.3,54.3,100.0,1,25,29,1,46.8,none,0,0.0,2018.0,True,True,,0.0,1.0,0.0,4.0,0.0,0.0,0,
2018,CAB0465,Americas,government,2000,18,5,2180.0,5,None,54.3,54.3,61.5,1,25,31,1,48.4,none,0,0.0,2019.0,True,True,,0.0,1.0,0.0,-38.5,2.0,0.0,0,
2019,CAB0465,Americas,government,2000,19,5,2180.0,5,None,54.3,54.3,52.5,1,25,32,1,50.0,none,0,0.0,2020.0,True,True,,0.0,1.0,0.0,-9.0,1.0,0.0,0,
2020,CAB0465,Americas,government,2000,20,5,2180.0,5,None,54.3,54.3,61.5,1,25,33,1,51.6,none,0,0.0,2021.0,True,True,,0.0,1.0,0.0,9.0,1.0,0.0,0,
2021,CAB0465,Americas,government,2000,21,5,2180.0,5,None,54.3,54.3,72.5,1,25,37,1,53.2,none,0,1.0,2022.0,True,True,,0.0,1.0,0.0,11.0,4.0,0.0,0,
2022,CAB0465,Americas,government,2000,22,5,2180.0,5,None,54.3,54.3,100.0,1,25,37,1,54.8,fishing_anchor,1,0.0,2023.0,True,True,,0.0,1.0,0.0,27.5,0.0,0.0,0,
2023,CAB0465,Americas,government,2000,23,5,2180.0,5,None,54.3,54.3,63.6,1,25,37,1,56.3,none,0,1.0,2024.0,True,True,,0.0,1.0,0.0,-36.4,0.0,1.0,1,1.0
2024,CAB0465,Americas,government,2000,24,5,2180.0,5,None,54.3,54.3,89.8,1,25,39,1,57.9,fishing_anchor,1,0.0,2025.0,True,True,,0.0,1.0,0.0,26.199999999999996,2.0,0.0,1,2.0
2025,CAB0465,Americas,government,2000,25,5,2180.0,5,None,54.3,54.3,100.0,1,25,39,1,59.5,none,0,0.0,2026.0,True,True,,0.0,1.0,0.0,10.200000000000003,0.0,1.0,2,1.0
2015,CAB0466,Intra-Europe,hyperscaler,2014,1,7,609.0,3,None,216.0,45.1,35.4,0,25,41,0,17.5,none,0,0.0,2016.0,True,True,,170.9,0.2087962962962963,,,,,0,
2016,CAB0466,Intra-Europe,hyperscaler,2014,2,7,609.0,3,None,216.0,77.4,32.1,0,25,42,0,19.0,none,0,0.0,2017.0,True,True,,138.6,0.35833333333333334,32.300000000000004,-3.299999999999997,1.0,0.0,0,
2017,CAB0466,Intra-Europe,hyperscaler,2014,3,7,609.0,3,None,216.0,94.4,58.8,0,25,44,0,20.6,none,0,0.0,2018.0,True,True,,121.6,0.43703703703703706,17.0,26.699999999999996,2.0,0.0,0,
2018,CAB0466,Intra-Europe,hyperscaler,2014,4,7,609.0,3,None,216.0,113.8,89.4,0,25,45,0,22.2,none,0,0.0,2019.0,True,True,,102.2,0.5268518518518518,19.39999999999999,30.60000000000001,1.0,0.0,0,
2019,CAB0466,Intra-Europe,hyperscaler,2014,5,7,609.0,3,None,216.0,100.9,15.1,0,25,47,0,23.8,none,0,0.0,2020.0,True,True,,115.1,0.4671296296296297,-12.899999999999991,-74.30000000000001,2.0,0.0,0,
2020,CAB0466,Intra-Europe,hyperscaler,2014,6,7,609.0,3,None,216.0,123.8,24.5,0,25,49,0,25.4,none,0,0.0,2021.0,True,True,,92.2,0.5731481481481482,22.89999999999999,9.4,2.0,0.0,0,
2021,CAB0466,Intra-Europe,hyperscaler,2014,7,7,609.0,3,None,216.0,145.9,76.2,0,25,49,0,27.0,none,0,0.0,2022.0,True,True,,70.1,0.675462962962963,22.10000000000001,51.7,0.0,0.0,0,
2022,CAB0466,Intra-Europe,hyperscaler,2014,8,7,609.0,3,None,216.0,162.3,41.3,0,25,52,0,28.6,none,0,0.0,2023.0,True,True,,53.69999999999999,0.751388888888889,16.400000000000006,-34.900000000000006,3.0,0.0,0,
2023,CAB0466,Intra-Europe,hyperscaler,2014,9,7,609.0,3,None,216.0,174.8,60.4,0,25,53,0,30.2,none,0,0.0,2024.0,True,True,,41.19999999999999,0.8092592592592593,12.5,19.1,1.0,0.0,0,
2024,CAB0466,Intra-Europe,hyperscaler,2014,10,7,609.0,3,None,216.0,180.2,34.8,0,25,53,0,31.7,none,0,0.0,2025.0,True,True,,35.80000000000001,0.8342592592592593,5.399999999999977,-25.6,0.0,0.0,0,
2025,CAB0466,Intra-Europe,hyperscaler,2014,11,7,609.0,3,None,216.0,197.8,56.5,0,25,58,0,33.3,none,0,0.0,2026.0,True,True,,18.19999999999999,0.9157407407407407,17.600000000000023,21.700000000000003,5.0,0.0,0,
2015,CAB0467,Trans-Atlantic,consortium,2000,15,4,5232.0,4,None,43.4,43.4,56.4,0,25,33,1,59.5,none,0,0.0,2016.0,True,True,,0.0,1.0,,,,,0,
2016,CAB0467,Trans-Atlantic,consortium,2000,16,4,5232.0,4,None,43.4,43.4,100.0,0,25,37,1,61.1,none,0,1.0,2017.0,True,True,,0.0,1.0,0.0,43.6,4.0,0.0,0,
2017,CAB0467,Trans-Atlantic,consortium,2000,17,4,5232.0,4,None,43.4,43.4,74.6,0,25,37,1,62.7,fishing_anchor,1,0.0,2018.0,True,True,,0.0,1.0,0.0,-25.400000000000006,0.0,0.0,0,
2018,CAB0467,Trans-Atlantic,consortium,2000,18,4,5232.0,4,None,43.4,43.4,63.8,0,25,40,0,44.4,none,0,0.0,2019.0,True,True,,0.0,1.0,0.0,-10.799999999999997,3.0,1.0,1,1.0
2019,CAB0467,Trans-Atlantic,consortium,2000,19,4,5232.0,4,None,43.4,43.4,97.0,0,25,45,0,46.0,none,0,0.0,2020.0,True,True,,0.0,1.0,0.0,33.2,5.0,0.0,1,2.0
2020,CAB0467,Trans-Atlantic,consortium,2000,20,4,5232.0,4,None,43.4,43.4,73.4,0,25,48,0,47.6,none,0,0.0,2021.0,True,True,,0.0,1.0,0.0,-23.599999999999994,3.0,0.0,1,3.0
2021,CAB0467,Trans-Atlantic,consortium,2000,21,4,5232.0,4,None,43.4,43.4,100.0,0,25,50,0,49.2,none,0,0.0,2022.0,True,True,,0.0,1.0,0.0,26.599999999999994,2.0,0.0,0,4.0
2022,CAB0467,Trans-Atlantic,consortium,2000,22,4,5232.0,4,None,43.4,43.4,100.0,0,25,51,0,50.8,none,0,0.0,2023.0,True,True,,0.0,1.0,0.0,0.0,1.0,0.0,0,5.0
2023,CAB0467,Trans-Atlantic,consortium,2000,23,4,5232.0,4,None,43.4,43.4,100.0,0,25,54,0,52.4,none,0,0.0,2024.0,True,True,,0.0,1.0,0.0,0.0,3.0,0.0,0,6.0
2024,CAB0467,Trans-Atlantic,consortium,2000,24,4,5232.0,4,None,43.4,43.4,100.0,0,25,58,0,54.0,none,0,0.0,2025.0,True,True,,0.0,1.0,0.0,0.0,4.0,0.0,0,7.0
2025,CAB0467,Trans-Atlantic,consortium,2000,25,4,5232.0,4,None,43.4,43.4,100.0,0,25,62,0,55.6,none,0,0.0,2026.0,True,True,,0.0,1.0,0.0,0.0,4.0,0.0,0,8.0
2024,CAB0468,Intra-Pacific-Islands,carrier,2024,0,24,1619.0,4,None,1083.4,232.8,32.9,1,25,48,0,0.0,none,0,0.0,2025.0,True,True,,850.6000000000001,0.21487908436403913,,,,,0,
2025,CAB0468,Intra-Pacific-Islands,carrier,2024,1,24,1619.0,4,None,1083.4,308.6,39.9,1,25,50,0,1.6,none,0,0.0,2026.0,True,True,,774.8000000000001,0.28484400959940925,75.80000000000001,7.0,2.0,0.0,0,
2015,CAB0469,Intra-Asia,government,2000,15,8,2432.0,3,None,86.9,86.9,78.5,1,25,53,0,23.8,none,0,0.0,2016.0,True,True,,0.0,1.0,,,,,0,
2016,CAB0469,Intra-Asia,government,2000,16,8,2432.0,3,None,86.9,86.9,60.2,1,25,59,0,25.4,none,0,0.0,2017.0,True,True,,0.0,1.0,0.0,-18.299999999999997,6.0,0.0,0,
2017,CAB0469,Intra-Asia,government,2000,17,8,2432.0,3,None,86.9,86.9,74.7,1,25,60,0,27.0,none,0,0.0,2018.0,True,True,,0.0,1.0,0.0,14.5,1.0,0.0,0,
2018,CAB0469,Intra-Asia,government,2000,18,8,2432.0,3,None,86.9,86.9,73.6,1,25,62,0,28.6,none,0,0.0,2019.0,True,True,,0.0,1.0,0.0,-1.1000000000000085,2.0,0.0,0,
2019,CAB0469,Intra-Asia,government,2000,19,8,2432.0,3,None,86.9,86.9,95.3,1,25,64,0,30.2,none,0,1.0,2020.0,True,True,,0.0,1.0,0.0,21.700000000000003,2.0,0.0,0,
2020,CAB0469,Intra-Asia,government,2000,20,8,2432.0,3,None,86.9,86.9,60.9,1,25,66,0,31.7,fishing_anchor,1,0.0,2021.0,True,True,,0.0,1.0,0.0,-34.4,2.0,0.0,0,
2021,CAB0469,Intra-Asia,government,2000,21,8,2432.0,3,None,86.9,86.9,100.0,1,25,69,0,33.3,none,0,1.0,2022.0,True,True,,0.0,1.0,0.0,39.1,3.0,1.0,1,1.0
2022,CAB0469,Intra-Asia,government,2000,22,8,2432.0,3,None,86.9,86.9,45.0,1,25,70,0,34.9,fishing_anchor,1,0.0,2023.0,True,True,,0.0,1.0,0.0,-55.0,1.0,0.0,1,2.0
2023,CAB0469,Intra-Asia,government,2000,23,8,2432.0,3,None,86.9,86.9,70.0,1,25,70,0,36.5,none,0,0.0,2024.0,True,True,,0.0,1.0,0.0,25.0,0.0,1.0,2,1.0
2024,CAB0469,Intra-Asia,government,2000,24,8,2432.0,3,None,86.9,86.9,71.1,1,25,75,0,38.1,none,0,0.0,2025.0,True,True,,0.0,1.0,0.0,1.0999999999999943,5.0,0.0,1,2.0
2015,CAB0470,Intra-Asia,hyperscaler,1998,17,14,4078.0,4,None,112.0,112.0,58.6,1,25,53,0,27.0,none,0,0.0,2016.0,True,True,,0.0,1.0,,,,,0,
2016,CAB0470,Intra-Asia,hyperscaler,1998,18,14,4078.0,4,None,112.0,112.0,56.3,1,25,59,0,28.6,none,0,0.0,2017.0,True,True,,0.0,1.0,0.0,-2.3000000000000043,6.0,0.0,0,
2017,CAB0470,Intra-Asia,hyperscaler,1998,19,14,4078.0,4,None,112.0,112.0,62.5,1,25,60,0,30.2,none,0,0.0,2018.0,True,True,,0.0,1.0,0.0,6.200000000000003,1.0,0.0,0,
2018,CAB0470,Intra-Asia,hyperscaler,1998,20,14,4078.0,4,None,112.0,112.0,73.2,1,25,62,0,31.7,none,0,0.0,2019.0,True,True,,0.0,1.0,0.0,10.700000000000003,2.0,0.0,0,
2019,CAB0470,Intra-Asia,hyperscaler,1998,21,14,4078.0,4,None,112.0,112.0,89.6,1,25,64,0,33.3,none,0,0.0,2020.0,True,True,,0.0,1.0,0.0,16.39999999999999,2.0,0.0,0,
2020,CAB0470,Intra-Asia,hyperscaler,1998,22,14,4078.0,4,None,112.0,112.0,87.7,1,25,66,0,34.9,none,0,0.0,2021.0,True,True,,0.0,1.0,0.0,-1.8999999999999915,2.0,0.0,0,
2021,CAB0470,Intra-Asia,hyperscaler,1998,23,14,4078.0,4,None,112.0,112.0,72.1,1,25,69,0,36.5,none,0,1.0,2022.0,True,True,,0.0,1.0,0.0,-15.600000000000009,3.0,0.0,0,
2022,CAB0470,Intra-Asia,hyperscaler,1998,24,14,4078.0,4,None,112.0,112.0,84.6,1,25,70,0,38.1,fishing_anchor,1,0.0,2023.0,True,True,,0.0,1.0,0.0,12.5,1.0,0.0,0,
2023,CAB0470,Intra-Asia,hyperscaler,1998,25,14,4078.0,4,None,112.0,112.0,93.5,1,25,70,0,39.7,none,0,0.0,2024.0,True,True,,0.0,1.0,0.0,8.900000000000006,0.0,1.0,1,1.0
2024,CAB0470,Intra-Asia,hyperscaler,1998,26,14,4078.0,4,None,112.0,112.0,92.0,1,25,75,0,41.3,none,0,1.0,2025.0,True,True,,0.0,1.0,0.0,-1.5,5.0,0.0,1,2.0
2015,CAB0471,EMEA-Asia,hyperscaler,2004,11,13,17686.0,5,None,215.4,206.6,52.9,0,25,27,1,53.2,equipment,1,0.0,2016.0,True,True,,8.800000000000011,0.9591457753017641,,,,,0,
2016,CAB0471,EMEA-Asia,hyperscaler,2004,12,13,17686.0,5,None,215.4,210.5,79.3,0,25,29,1,54.8,none,0,0.0,2017.0,True,True,,4.900000000000006,0.9772516248839368,3.9000000000000057,26.4,2.0,1.0,1,1.0
2017,CAB0471,EMEA-Asia,hyperscaler,2004,13,13,17686.0,5,None,215.4,215.4,55.3,0,25,32,1,56.3,none,0,1.0,2018.0,True,True,,0.0,1.0,4.900000000000006,-24.0,3.0,0.0,1,2.0
2018,CAB0471,EMEA-Asia,hyperscaler,2004,14,13,17686.0,5,None,215.4,215.4,60.8,0,25,34,1,57.9,fishing_anchor,1,1.0,2019.0,True,True,,0.0,1.0,0.0,5.5,2.0,0.0,1,3.0
2019,CAB0471,EMEA-Asia,hyperscaler,2004,15,13,17686.0,5,None,215.4,215.4,45.2,0,25,37,1,59.5,equipment,1,0.0,2020.0,True,True,,0.0,1.0,0.0,-15.599999999999994,3.0,1.0,1,1.0
2020,CAB0471,EMEA-Asia,hyperscaler,2004,16,13,17686.0,5,None,215.4,215.4,71.6,0,25,40,0,41.3,none,0,1.0,2021.0,True,True,,0.0,1.0,0.0,26.39999999999999,3.0,1.0,2,1.0
2021,CAB0471,EMEA-Asia,hyperscaler,2004,17,13,17686.0,5,None,215.4,215.4,57.0,0,25,44,0,42.9,natural_hazard,1,1.0,2022.0,True,True,,0.0,1.0,0.0,-14.599999999999994,4.0,0.0,2,2.0
2022,CAB0471,EMEA-Asia,hyperscaler,2004,18,13,17686.0,5,None,215.4,215.4,52.8,0,25,45,0,44.4,fishing_anchor,1,1.0,2023.0,True,True,,0.0,1.0,0.0,-4.200000000000003,1.0,1.0,2,1.0
2023,CAB0471,EMEA-Asia,hyperscaler,2004,19,13,17686.0,5,None,215.4,215.4,54.3,0,25,47,0,46.0,fishing_anchor,1,0.0,2024.0,True,True,,0.0,1.0,0.0,1.5,2.0,1.0,2,1.0
2024,CAB0471,EMEA-Asia,hyperscaler,2004,20,13,17686.0,5,None,215.4,215.4,97.8,0,25,48,0,47.6,none,0,0.0,2025.0,True,True,,0.0,1.0,0.0,43.5,1.0,1.0,3,1.0
2025,CAB0471,EMEA-Asia,hyperscaler,2004,21,13,17686.0,5,None,215.4,215.4,100.0,0,25,47,0,49.2,none,0,1.0,2026.0,True,True,,0.0,1.0,0.0,2.200000000000003,-1.0,0.0,2,2.0
2023,CAB0472,EMEA-Asia,carrier,2023,0,23,12712.0,5,None,1005.4,295.8,51.9,0,25,47,0,15.9,none,0,1.0,2024.0,True,True,,709.5999999999999,0.2942112592003183,,,,,0,
2024,CAB0472,EMEA-Asia,carrier,2023,1,23,12712.0,5,None,1005.4,326.9,24.2,0,25,48,0,17.5,fishing_anchor,1,0.0,2025.0,True,True,,678.5,0.32514422120549036,31.099999999999966,-27.7,1.0,0.0,0,
2025,CAB0472,EMEA-Asia,carrier,2023,2,23,12712.0,5,None,1005.4,338.0,77.9,0,25,47,0,19.0,none,0,0.0,2026.0,True,True,,667.4,0.33618460314302767,11.100000000000023,53.7,-1.0,1.0,1,1.0
2015,CAB0473,Trans-Pacific,consortium,2004,11,29,10948.0,3,None,480.6,452.5,79.7,1,25,35,1,37.3,none,0,0.0,2016.0,True,True,,28.100000000000023,0.9415314190595089,,,,,0,
2016,CAB0473,Trans-Pacific,consortium,2004,12,29,10948.0,3,None,480.6,454.1,42.1,1,25,37,1,38.9,none,0,0.0,2017.0,True,True,,26.5,0.9448605909280067,1.6000000000000227,-37.6,2.0,0.0,0,
2017,CAB0473,Trans-Pacific,consortium,2004,13,29,10948.0,3,None,480.6,480.6,80.5,1,25,38,1,40.5,none,0,0.0,2018.0,True,True,,0.0,1.0,26.5,38.4,1.0,0.0,0,
2018,CAB0473,Trans-Pacific,consortium,2004,14,29,10948.0,3,None,480.6,480.6,66.0,1,25,39,1,42.1,none,0,1.0,2019.0,True,True,,0.0,1.0,0.0,-14.5,1.0,0.0,0,
2019,CAB0473,Trans-Pacific,consortium,2004,15,29,10948.0,3,None,480.6,480.6,78.6,1,25,41,0,23.8,natural_hazard,1,0.0,2020.0,True,True,,0.0,1.0,0.0,12.599999999999994,2.0,0.0,0,
2020,CAB0473,Trans-Pacific,consortium,2004,16,29,10948.0,3,None,480.6,480.6,100.0,1,25,42,0,25.4,none,0,0.0,2021.0,True,True,,0.0,1.0,0.0,21.400000000000006,1.0,1.0,1,1.0
2021,CAB0473,Trans-Pacific,consortium,2004,17,29,10948.0,3,None,480.6,480.6,44.0,1,25,43,0,27.0,none,0,0.0,2022.0,True,True,,0.0,1.0,0.0,-56.0,1.0,0.0,1,2.0
2022,CAB0473,Trans-Pacific,consortium,2004,18,29,10948.0,3,None,480.6,480.6,62.0,1,25,45,0,28.6,none,0,0.0,2023.0,True,True,,0.0,1.0,0.0,18.0,2.0,0.0,1,3.0
2023,CAB0473,Trans-Pacific,consortium,2004,19,29,10948.0,3,None,480.6,480.6,70.2,1,25,47,0,30.2,none,0,0.0,2024.0,True,True,,0.0,1.0,0.0,8.200000000000003,2.0,0.0,0,4.0
2024,CAB0473,Trans-Pacific,consortium,2004,20,29,10948.0,3,None,480.6,480.6,64.2,1,25,49,0,31.7,none,0,0.0,2025.0,True,True,,0.0,1.0,0.0,-6.0,2.0,0.0,0,5.0
2025,CAB0473,Trans-Pacific,consortium,2004,21,29,10948.0,3,None,480.6,480.6,100.0,1,25,50,0,33.3,none,0,0.0,2026.0,True,True,,0.0,1.0,0.0,35.8,1.0,0.0,0,6.0
2021,CAB0474,Intra-Asia,hyperscaler,2021,0,22,3331.0,2,None,898.9,277.5,28.3,0,25,69,0,27.8,none,0,0.0,2022.0,True,True,,621.4,0.3087106463455334,,,,,0,
2022,CAB0474,Intra-Asia,hyperscaler,2021,1,22,3331.0,2,None,898.9,244.6,22.6,0,25,70,0,29.4,none,0,0.0,2023.0,True,True,,654.3,0.27211035710312603,-32.900000000000006,-5.699999999999999,1.0,0.0,0,
2023,CAB0474,Intra-Asia,hyperscaler,2021,2,22,3331.0,2,None,898.9,309.0,43.5,0,25,70,0,31.0,none,0,0.0,2024.0,True,True,,589.9,0.34375347647124266,64.4,20.9,0.0,0.0,0,
2024,CAB0474,Intra-Asia,hyperscaler,2021,3,22,3331.0,2,None,898.9,374.2,51.2,0,25,75,0,32.5,none,0,0.0,2025.0,True,True,,524.7,0.41628657247747247,65.19999999999999,7.700000000000003,5.0,0.0,0,
2025,CAB0474,Intra-Asia,hyperscaler,2021,4,22,3331.0,2,None,898.9,407.3,38.6,0,25,77,0,34.1,none,0,0.0,2026.0,True,True,,491.59999999999997,0.4531093558794082,33.10000000000002,-12.600000000000001,2.0,0.0,0,
2015,CAB0475,Trans-Pacific,consortium,2014,1,4,12994.0,5,None,123.4,38.6,22.4,1,25,35,1,21.4,none,0,0.0,2016.0,True,True,,84.80000000000001,0.31280388978930307,,,,,0,
2016,CAB0475,Trans-Pacific,consortium,2014,2,4,12994.0,5,None,123.4,39.3,68.8,1,25,37,1,23.0,none,0,0.0,2017.0,True,True,,84.10000000000001,0.31847649918962717,0.6999999999999957,46.4,2.0,0.0,0,
2017,CAB0475,Trans-Pacific,consortium,2014,3,4,12994.0,5,None,123.4,48.1,86.1,1,25,38,1,24.6,none,0,0.0,2018.0,True,True,,75.30000000000001,0.3897893030794165,8.800000000000004,17.299999999999997,1.0,0.0,0,
2018,CAB0475,Trans-Pacific,consortium,2014,4,4,12994.0,5,None,123.4,74.9,89.5,1,25,39,1,26.2,none,0,0.0,2019.0,True,True,,48.5,0.606969205834684,26.800000000000004,3.4000000000000057,1.0,0.0,0,
2019,CAB0475,Trans-Pacific,consortium,2014,5,4,12994.0,5,None,123.4,68.7,64.4,1,25,41,0,7.9,none,0,0.0,2020.0,True,True,,54.7,0.5567260940032415,-6.200000000000003,-25.099999999999994,2.0,0.0,0,
2020,CAB0475,Trans-Pacific,consortium,2014,6,4,12994.0,5,None,123.4,63.2,58.1,1,25,42,0,9.5,none,0,0.0,2021.0,True,True,,60.2,0.5121555915721232,-5.5,-6.300000000000004,1.0,0.0,0,
2021,CAB0475,Trans-Pacific,consortium,2014,7,4,12994.0,5,None,123.4,79.7,74.7,1,25,43,0,11.1,none,0,1.0,2022.0,True,True,,43.7,0.6458670988654781,16.5,16.6,1.0,0.0,0,
2022,CAB0475,Trans-Pacific,consortium,2014,8,4,12994.0,5,None,123.4,88.0,88.6,1,25,45,0,12.7,fishing_anchor,1,0.0,2023.0,True,True,,35.400000000000006,0.713128038897893,8.299999999999997,13.899999999999991,2.0,0.0,0,
2023,CAB0475,Trans-Pacific,consortium,2014,9,4,12994.0,5,None,123.4,98.5,42.2,1,25,47,0,14.3,none,0,0.0,2024.0,True,True,,24.900000000000006,0.7982171799027552,10.5,-46.39999999999999,2.0,1.0,1,1.0
2024,CAB0475,Trans-Pacific,consortium,2014,10,4,12994.0,5,None,123.4,102.3,59.5,1,25,49,0,15.9,none,0,0.0,2025.0,True,True,,21.10000000000001,0.8290113452188006,3.799999999999997,17.299999999999997,2.0,0.0,1,2.0
2025,CAB0475,Trans-Pacific,consortium,2014,11,4,12994.0,5,None,123.4,109.6,86.7,1,25,50,0,17.5,none,0,1.0,2026.0,True,True,,13.800000000000011,0.8881685575364667,7.299999999999997,27.200000000000003,1.0,0.0,1,3.0
2015,CAB0476,Americas,consortium,2014,1,4,3075.0,3,Panama,123.4,32.9,21.1,1,25,28,1,49.2,none,0,0.0,2016.0,True,True,,90.5,0.266612641815235,,,,,0,
2016,CAB0476,Americas,consortium,2014,2,4,3075.0,3,Panama,123.4,37.7,75.7,1,25,29,1,50.8,none,0,0.0,2017.0,True,True,,85.7,0.3055105348460292,4.800000000000004,54.6,1.0,0.0,0,
2017,CAB0476,Americas,consortium,2014,3,4,3075.0,3,Panama,123.4,54.6,30.8,1,25,29,1,52.4,none,0,0.0,2018.0,True,True,,68.80000000000001,0.44246353322528365,16.9,-44.900000000000006,0.0,0.0,0,
2018,CAB0476,Americas,consortium,2014,4,4,3075.0,3,Panama,123.4,67.1,26.7,1,25,31,1,54.0,none,0,0.0,2019.0,True,True,,56.30000000000001,0.5437601296596434,12.499999999999993,-4.100000000000001,2.0,0.0,0,
2019,CAB0476,Americas,consortium,2014,5,4,3075.0,3,Panama,123.4,74.8,51.5,1,25,32,1,55.6,none,0,1.0,2020.0,True,True,,48.60000000000001,0.6061588330632091,7.700000000000003,24.8,1.0,0.0,0,
2020,CAB0476,Americas,consortium,2014,6,4,3075.0,3,Panama,123.4,93.0,78.9,1,25,33,1,57.1,fishing_anchor,1,0.0,2021.0,True,True,,30.400000000000006,0.7536466774716369,18.200000000000003,27.400000000000006,1.0,0.0,0,
2021,CAB0476,Americas,consortium,2014,7,4,3075.0,3,Panama,123.4,79.2,100.0,1,25,37,1,58.7,none,0,0.0,2022.0,True,True,,44.2,0.6418152350081037,-13.799999999999997,21.099999999999994,4.0,1.0,1,1.0
2022,CAB0476,Americas,consortium,2014,8,4,3075.0,3,Panama,123.4,90.9,87.6,1,25,37,1,60.3,none,0,0.0,2023.0,True,True,,32.5,0.7366288492706645,11.700000000000003,-12.400000000000006,0.0,0.0,1,2.0
2023,CAB0476,Americas,consortium,2014,9,4,3075.0,3,Panama,123.4,97.2,39.3,1,25,37,1,61.9,none,0,0.0,2024.0,True,True,,26.200000000000003,0.7876823338735819,6.299999999999997,-48.3,0.0,0.0,1,3.0
2024,CAB0476,Americas,consortium,2014,10,4,3075.0,3,Panama,123.4,105.0,40.1,1,25,39,1,63.5,none,0,0.0,2025.0,True,True,,18.400000000000006,0.8508914100486223,7.799999999999997,0.8000000000000043,2.0,0.0,0,4.0
2025,CAB0476,Americas,consortium,2014,11,4,3075.0,3,Panama,123.4,99.1,64.7,1,25,39,1,65.1,none,0,0.0,2026.0,True,True,,24.30000000000001,0.8030794165316044,-5.900000000000006,24.6,0.0,0.0,0,5.0
2015,CAB0477,Africa-Coastal,consortium,2007,8,5,4459.0,5,None,104.3,90.3,45.3,1,25,36,1,32.5,none,0,0.0,2016.0,True,True,,14.0,0.8657718120805369,,,,,0,
2016,CAB0477,Africa-Coastal,consortium,2007,9,5,4459.0,5,None,104.3,87.5,59.7,1,25,37,1,34.1,none,0,0.0,2017.0,True,True,,16.799999999999997,0.8389261744966443,-2.799999999999997,14.400000000000006,1.0,0.0,0,
2017,CAB0477,Africa-Coastal,consortium,2007,10,5,4459.0,5,None,104.3,93.2,36.1,1,25,40,0,15.9,none,0,0.0,2018.0,True,True,,11.099999999999994,0.8935762224352829,5.700000000000003,-23.6,3.0,0.0,0,
2018,CAB0477,Africa-Coastal,consortium,2007,11,5,4459.0,5,None,104.3,85.6,88.3,1,25,40,0,17.5,none,0,0.0,2019.0,True,True,,18.700000000000003,0.8207094918504314,-7.6000000000000085,52.199999999999996,0.0,0.0,0,
2019,CAB0477,Africa-Coastal,consortium,2007,12,5,4459.0,5,None,104.3,92.8,38.7,1,25,42,0,19.0,none,0,0.0,2020.0,True,True,,11.5,0.8897411313518696,7.200000000000003,-49.599999999999994,2.0,0.0,0,
2020,CAB0477,Africa-Coastal,consortium,2007,13,5,4459.0,5,None,104.3,104.3,70.9,1,25,43,0,20.6,none,0,0.0,2021.0,True,True,,0.0,1.0,11.5,32.2,1.0,0.0,0,
2021,CAB0477,Africa-Coastal,consortium,2007,14,5,4459.0,5,None,104.3,104.3,48.6,1,25,44,0,22.2,none,0,0.0,2022.0,True,True,,0.0,1.0,0.0,-22.300000000000004,1.0,0.0,0,
2022,CAB0477,Africa-Coastal,consortium,2007,15,5,4459.0,5,None,104.3,104.3,67.5,1,25,45,0,23.8,none,0,0.0,2023.0,True,True,,0.0,1.0,0.0,18.9,1.0,0.0,0,
2023,CAB0477,Africa-Coastal,consortium,2007,16,5,4459.0,5,None,104.3,104.3,100.0,1,25,47,0,25.4,none,0,0.0,2024.0,True,True,,0.0,1.0,0.0,32.5,2.0,0.0,0,
2024,CAB0477,Africa-Coastal,consortium,2007,17,5,4459.0,5,None,104.3,104.3,99.7,1,25,49,0,27.0,none,0,1.0,2025.0,True,True,,0.0,1.0,0.0,-0.29999999999999716,2.0,0.0,0,
2025,CAB0477,Africa-Coastal,consortium,2007,18,5,4459.0,5,None,104.3,104.3,80.4,1,25,52,0,28.6,fishing_anchor,1,0.0,2026.0,True,True,,0.0,1.0,0.0,-19.299999999999997,3.0,0.0,0,
2015,CAB0478,Africa-Coastal,consortium,2010,5,16,5331.0,5,None,402.3,217.7,13.7,0,25,36,1,43.7,fishing_anchor,1,0.0,2016.0,True,True,,184.60000000000002,0.5411384538901317,,,,,0,
2016,CAB0478,Africa-Coastal,consortium,2010,6,16,5331.0,5,None,402.3,255.7,59.9,0,25,37,1,45.2,none,0,1.0,2017.0,True,True,,146.60000000000002,0.6355953268704946,38.0,46.2,1.0,1.0,1,1.0
2017,CAB0478,Africa-Coastal,consortium,2010,7,16,5331.0,5,None,402.3,258.1,80.2,0,25,40,0,27.0,fishing_anchor,1,1.0,2018.0,True,True,,144.2,0.6415610241113597,2.400000000000034,20.300000000000004,3.0,0.0,1,2.0
2018,CAB0478,Africa-Coastal,consortium,2010,8,16,5331.0,5,None,402.3,255.7,23.8,0,25,40,0,28.6,fishing_anchor,1,0.0,2019.0,True,True,,146.60000000000002,0.6355953268704946,-2.400000000000034,-56.400000000000006,0.0,1.0,2,1.0
2019,CAB0478,Africa-Coastal,consortium,2010,9,16,5331.0,5,None,402.3,297.0,30.5,0,25,42,0,30.2,none,0,0.0,2020.0,True,True,,105.30000000000001,0.7382550335570469,41.30000000000001,6.699999999999999,2.0,1.0,2,1.0
2020,CAB0478,Africa-Coastal,consortium,2010,10,16,5331.0,5,None,402.3,341.3,70.6,0,25,43,0,31.7,none,0,1.0,2021.0,True,True,,61.0,0.8483718617946806,44.30000000000001,40.099999999999994,1.0,0.0,2,2.0
2021,CAB0478,Africa-Coastal,consortium,2010,11,16,5331.0,5,None,402.3,371.2,44.3,0,25,44,0,33.3,equipment,1,0.0,2022.0,True,True,,31.100000000000023,0.9226945065871239,29.899999999999977,-26.299999999999997,1.0,0.0,1,3.0
2022,CAB0478,Africa-Coastal,consortium,2010,12,16,5331.0,5,None,402.3,402.3,49.1,0,25,45,0,34.9,none,0,0.0,2023.0,True,True,,0.0,1.0,31.100000000000023,4.800000000000004,1.0,1.0,1,1.0
2023,CAB0478,Africa-Coastal,consortium,2010,13,16,5331.0,5,None,402.3,402.3,77.6,0,25,47,0,36.5,none,0,1.0,2024.0,True,True,,0.0,1.0,0.0,28.499999999999993,2.0,0.0,1,2.0
2024,CAB0478,Africa-Coastal,consortium,2010,14,16,5331.0,5,None,402.3,402.3,81.5,0,25,49,0,38.1,fishing_anchor,1,1.0,2025.0,True,True,,0.0,1.0,0.0,3.9000000000000057,2.0,0.0,1,3.0
2025,CAB0478,Africa-Coastal,consortium,2010,15,16,5331.0,5,None,402.3,402.3,83.9,0,25,52,0,39.7,fishing_anchor,1,1.0,2026.0,True,True,,0.0,1.0,0.0,2.4000000000000057,3.0,1.0,1,1.0
2015,CAB0479,Intra-Asia,hyperscaler,2008,7,5,5592.0,8,None,111.4,71.5,19.9,0,25,53,0,27.0,none,0,0.0,2016.0,True,True,,39.900000000000006,0.6418312387791741,,,,,0,
2016,CAB0479,Intra-Asia,hyperscaler,2008,8,5,5592.0,8,None,111.4,78.1,60.1,0,25,59,0,28.6,none,0,1.0,2017.0,True,True,,33.30000000000001,0.7010771992818671,6.599999999999994,40.2,6.0,0.0,0,
2017,CAB0479,Intra-Asia,hyperscaler,2008,9,5,5592.0,8,None,111.4,71.1,48.3,0,25,60,0,30.2,fishing_anchor,1,0.0,2018.0,True,True,,40.30000000000001,0.6382405745062836,-7.0,-11.800000000000004,1.0,0.0,0,
2018,CAB0479,Intra-Asia,hyperscaler,2008,10,5,5592.0,8,None,111.4,89.3,32.2,0,25,62,0,31.7,none,0,0.0,2019.0,True,True,,22.10000000000001,0.8016157989228007,18.200000000000003,-16.099999999999994,2.0,1.0,1,1.0
2019,CAB0479,Intra-Asia,hyperscaler,2008,11,5,5592.0,8,None,111.4,101.8,47.1,0,25,64,0,33.3,none,0,1.0,2020.0,True,True,,9.600000000000009,0.9138240574506283,12.5,14.899999999999999,2.0,0.0,1,2.0
2020,CAB0479,Intra-Asia,hyperscaler,2008,12,5,5592.0,8,None,111.4,108.4,49.5,0,25,66,0,34.9,fishing_anchor,1,1.0,2021.0,True,True,,3.0,0.9730700179533214,6.6000000000000085,2.3999999999999986,2.0,0.0,1,3.0
2021,CAB0479,Intra-Asia,hyperscaler,2008,13,5,5592.0,8,None,111.4,107.2,34.7,0,25,69,0,36.5,fishing_anchor,1,0.0,2022.0,True,True,,4.200000000000003,0.9622980251346499,-1.2000000000000028,-14.799999999999997,3.0,1.0,1,1.0
2022,CAB0479,Intra-Asia,hyperscaler,2008,14,5,5592.0,8,None,111.4,111.4,100.0,0,25,70,0,38.1,none,0,0.0,2023.0,True,True,,0.0,1.0,4.200000000000003,65.3,1.0,1.0,2,1.0
2023,CAB0479,Intra-Asia,hyperscaler,2008,15,5,5592.0,8,None,111.4,111.4,73.1,0,25,70,0,39.7,none,0,1.0,2024.0,True,True,,0.0,1.0,0.0,-26.900000000000006,0.0,0.0,2,2.0
2024,CAB0479,Intra-Asia,hyperscaler,2008,16,5,5592.0,8,None,111.4,111.4,94.1,0,25,75,0,41.3,fishing_anchor,1,0.0,2025.0,True,True,,0.0,1.0,0.0,21.0,5.0,0.0,1,3.0
2025,CAB0479,Intra-Asia,hyperscaler,2008,17,5,5592.0,8,None,111.4,111.4,66.7,0,25,77,0,42.9,none,0,1.0,2026.0,True,True,,0.0,1.0,0.0,-27.39999999999999,2.0,1.0,1,1.0
2020,CAB0480,Intra-Pacific-Islands,carrier,2020,0,5,2929.0,5,None,197.1,57.6,57.9,1,25,40,0,0.0,none,0,0.0,2021.0,True,True,,139.5,0.29223744292237447,,,,,0,
2021,CAB0480,Intra-Pacific-Islands,carrier,2020,1,5,2929.0,5,None,197.1,62.1,30.7,1,25,41,0,1.6,none,0,0.0,2022.0,True,True,,135.0,0.31506849315068497,4.5,-27.2,1.0,0.0,0,
2022,CAB0480,Intra-Pacific-Islands,carrier,2020,2,5,2929.0,5,None,197.1,64.5,33.9,1,25,43,0,3.2,none,0,0.0,2023.0,True,True,,132.6,0.3272450532724505,2.3999999999999986,3.1999999999999993,2.0,0.0,0,
2023,CAB0480,Intra-Pacific-Islands,carrier,2020,3,5,2929.0,5,None,197.1,85.8,77.7,1,25,45,0,4.8,none,0,0.0,2024.0,True,True,,111.3,0.4353120243531202,21.299999999999997,43.800000000000004,2.0,0.0,0,
2024,CAB0480,Intra-Pacific-Islands,carrier,2020,4,5,2929.0,5,None,197.1,73.2,69.9,1,25,48,0,6.3,none,0,0.0,2025.0,True,True,,123.89999999999999,0.37138508371385087,-12.599999999999994,-7.799999999999997,3.0,0.0,0,
2025,CAB0480,Intra-Pacific-Islands,carrier,2020,5,5,2929.0,5,None,197.1,101.4,41.4,1,25,50,0,7.9,none,0,0.0,2026.0,True,True,,95.69999999999999,0.5144596651445967,28.200000000000003,-28.500000000000007,2.0,0.0,0,
2015,CAB0481,EMEA-Asia,government,2009,6,3,19210.0,2,None,71.1,47.7,67.6,1,25,27,1,41.3,fishing_anchor,1,0.0,2016.0,True,True,,23.39999999999999,0.6708860759493672,,,,,0,
2016,CAB0481,EMEA-Asia,government,2009,7,3,19210.0,2,None,71.1,49.2,30.7,1,25,29,1,42.9,none,0,0.0,2017.0,True,True,,21.89999999999999,0.6919831223628693,1.5,-36.89999999999999,2.0,1.0,1,1.0
2017,CAB0481,EMEA-Asia,government,2009,8,3,19210.0,2,None,71.1,49.8,69.5,1,25,32,1,44.4,none,0,1.0,2018.0,True,True,,21.299999999999997,0.70042194092827,0.5999999999999943,38.8,3.0,0.0,1,2.0
2018,CAB0481,EMEA-Asia,government,2009,9,3,19210.0,2,None,71.1,54.2,92.7,1,25,34,1,46.0,fishing_anchor,1,1.0,2019.0,True,True,,16.89999999999999,0.7623066104078763,4.400000000000006,23.200000000000003,2.0,0.0,1,3.0
2019,CAB0481,EMEA-Asia,government,2009,10,3,19210.0,2,None,71.1,56.0,82.1,1,25,37,1,47.6,natural_hazard,1,0.0,2020.0,True,True,,15.099999999999994,0.7876230661040788,1.7999999999999972,-10.600000000000009,3.0,1.0,1,1.0
2020,CAB0481,EMEA-Asia,government,2009,11,3,19210.0,2,None,71.1,70.8,90.0,1,25,40,0,29.4,none,0,0.0,2021.0,True,True,,0.29999999999999716,0.9957805907172996,14.799999999999997,7.900000000000006,3.0,1.0,2,1.0
2021,CAB0481,EMEA-Asia,government,2009,12,3,19210.0,2,None,71.1,70.4,40.3,1,25,44,0,31.0,none,0,0.0,2022.0,True,True,,0.6999999999999886,0.9901547116736992,-0.3999999999999915,-49.7,4.0,0.0,2,2.0
2022,CAB0481,EMEA-Asia,government,2009,13,3,19210.0,2,None,71.1,69.3,87.3,1,25,45,0,32.5,none,0,1.0,2023.0,True,True,,1.7999999999999972,0.9746835443037976,-1.1000000000000085,47.0,1.0,0.0,1,3.0
2023,CAB0481,EMEA-Asia,government,2009,14,3,19210.0,2,None,71.1,71.1,68.6,1,25,47,0,34.1,fishing_anchor,1,0.0,2024.0,True,True,,0.0,1.0,1.7999999999999972,-18.700000000000003,2.0,0.0,0,4.0
2024,CAB0481,EMEA-Asia,government,2009,15,3,19210.0,2,None,71.1,71.1,74.3,1,25,48,0,35.7,none,0,1.0,2025.0,True,True,,0.0,1.0,0.0,5.700000000000003,1.0,1.0,1,1.0
2025,CAB0481,EMEA-Asia,government,2009,16,3,19210.0,2,None,71.1,71.1,71.8,1,25,47,0,37.3,equipment,1,0.0,2026.0,True,True,,0.0,1.0,0.0,-2.5,-1.0,0.0,1,2.0
2024,CAB0482,Africa-Coastal,carrier,2024,0,6,5388.0,2,None,270.9,80.4,55.0,0,25,49,0,27.8,none,0,0.0,2025.0,True,True,,190.49999999999997,0.2967884828349945,,,,,0,
2025,CAB0482,Africa-Coastal,carrier,2024,1,6,5388.0,2,None,270.9,76.4,55.2,0,25,52,0,29.4,none,0,0.0,2026.0,True,True,,194.49999999999997,0.2820228866740495,-4.0,0.20000000000000284,3.0,0.0,0,
2015,CAB0483,Intra-Pacific-Islands,consortium,1998,17,7,2081.0,2,None,56.0,56.0,74.9,1,25,28,1,58.7,none,0,0.0,2016.0,True,True,,0.0,1.0,,,,,0,
2016,CAB0483,Intra-Pacific-Islands,consortium,1998,18,7,2081.0,2,None,56.0,56.0,94.9,1,25,29,1,60.3,none,0,0.0,2017.0,True,True,,0.0,1.0,0.0,20.0,1.0,0.0,0,
2017,CAB0483,Intra-Pacific-Islands,consortium,1998,19,7,2081.0,2,None,56.0,56.0,54.6,1,25,29,1,61.9,none,0,1.0,2018.0,True,True,,0.0,1.0,0.0,-40.300000000000004,0.0,0.0,0,
2018,CAB0483,Intra-Pacific-Islands,consortium,1998,20,7,2081.0,2,None,56.0,56.0,69.2,1,25,30,1,63.5,natural_hazard,1,0.0,2019.0,True,True,,0.0,1.0,0.0,14.600000000000001,1.0,0.0,0,
2019,CAB0483,Intra-Pacific-Islands,consortium,1998,21,7,2081.0,2,None,56.0,56.0,70.0,1,25,35,1,65.1,none,0,1.0,2020.0,True,True,,0.0,1.0,0.0,0.7999999999999972,5.0,1.0,1,1.0
2020,CAB0483,Intra-Pacific-Islands,consortium,1998,22,7,2081.0,2,None,56.0,56.0,100.0,1,25,40,0,46.8,fishing_anchor,1,0.0,2021.0,True,True,,0.0,1.0,0.0,30.0,5.0,0.0,1,2.0
2021,CAB0483,Intra-Pacific-Islands,consortium,1998,23,7,2081.0,2,None,56.0,56.0,100.0,1,25,41,0,48.4,none,0,0.0,2022.0,True,True,,0.0,1.0,0.0,0.0,1.0,1.0,2,1.0
2022,CAB0483,Intra-Pacific-Islands,consortium,1998,24,7,2081.0,2,None,56.0,56.0,54.3,1,25,43,0,50.0,none,0,0.0,2023.0,True,True,,0.0,1.0,0.0,-45.7,2.0,0.0,1,2.0
2023,CAB0483,Intra-Pacific-Islands,consortium,1998,25,7,2081.0,2,None,56.0,56.0,55.2,1,25,45,0,51.6,none,0,0.0,2024.0,True,True,,0.0,1.0,0.0,0.9000000000000057,2.0,0.0,1,3.0
2020,CAB0484,Trans-Atlantic,hyperscaler,2020,0,5,7233.0,5,None,197.1,48.9,50.2,0,25,48,0,15.9,none,0,0.0,2021.0,True,True,,148.2,0.2480974124809741,,,,,0,
2021,CAB0484,Trans-Atlantic,hyperscaler,2020,1,5,7233.0,5,None,197.1,69.5,14.4,0,25,50,0,17.5,none,0,0.0,2022.0,True,True,,127.6,0.35261288685946224,20.6,-35.800000000000004,2.0,0.0,0,
2022,CAB0484,Trans-Atlantic,hyperscaler,2020,2,5,7233.0,5,None,197.1,71.3,60.6,0,25,51,0,19.0,none,0,0.0,2023.0,True,True,,125.8,0.3617453069507864,1.7999999999999972,46.2,1.0,0.0,0,
2023,CAB0484,Trans-Atlantic,hyperscaler,2020,3,5,7233.0,5,None,197.1,80.4,66.3,0,25,54,0,20.6,none,0,0.0,2024.0,True,True,,116.69999999999999,0.4079147640791477,9.100000000000009,5.699999999999996,3.0,0.0,0,
2024,CAB0484,Trans-Atlantic,hyperscaler,2020,4,5,7233.0,5,None,197.1,90.9,12.9,0,25,58,0,22.2,none,0,0.0,2025.0,True,True,,106.19999999999999,0.4611872146118722,10.5,-53.4,4.0,0.0,0,
2025,CAB0484,Trans-Atlantic,hyperscaler,2020,5,5,7233.0,5,None,197.1,105.1,52.9,0,25,62,0,23.8,none,0,0.0,2026.0,True,True,,92.0,0.5332318619989853,14.199999999999989,40.0,4.0,0.0,0,
2015,CAB0485,Intra-Pacific-Islands,consortium,2001,14,2,2145.0,5,None,24.6,24.6,97.6,0,25,28,1,57.9,none,0,1.0,2016.0,True,True,,0.0,1.0,,,,,0,
2016,CAB0485,Intra-Pacific-Islands,consortium,2001,15,2,2145.0,5,None,24.6,24.6,47.1,0,25,29,1,59.5,fishing_anchor,1,0.0,2017.0,True,True,,0.0,1.0,0.0,-50.49999999999999,1.0,0.0,0,
2017,CAB0485,Intra-Pacific-Islands,consortium,2001,16,2,2145.0,5,None,24.6,24.6,98.3,0,25,29,1,61.1,none,0,0.0,2018.0,True,True,,0.0,1.0,0.0,51.199999999999996,0.0,1.0,1,1.0
2018,CAB0485,Intra-Pacific-Islands,consortium,2001,17,2,2145.0,5,None,24.6,24.6,77.2,0,25,30,1,62.7,none,0,0.0,2019.0,True,True,,0.0,1.0,0.0,-21.099999999999994,1.0,0.0,1,2.0
2019,CAB0485,Intra-Pacific-Islands,consortium,2001,18,2,2145.0,5,None,24.6,24.6,54.5,0,25,35,1,64.3,none,0,0.0,2020.0,True,True,,0.0,1.0,0.0,-22.700000000000003,5.0,0.0,1,3.0
2020,CAB0485,Intra-Pacific-Islands,consortium,2001,19,2,2145.0,5,None,24.6,24.6,77.6,0,25,40,0,46.0,none,0,0.0,2021.0,True,True,,0.0,1.0,0.0,23.099999999999994,5.0,0.0,0,4.0
2021,CAB0485,Intra-Pacific-Islands,consortium,2001,20,2,2145.0,5,None,24.6,24.6,100.0,0,25,41,0,47.6,none,0,0.0,2022.0,True,True,,0.0,1.0,0.0,22.400000000000006,1.0,0.0,0,5.0
2022,CAB0485,Intra-Pacific-Islands,consortium,2001,21,2,2145.0,5,None,24.6,24.6,82.6,0,25,43,0,49.2,none,0,0.0,2023.0,True,True,,0.0,1.0,0.0,-17.400000000000006,2.0,0.0,0,6.0
2023,CAB0485,Intra-Pacific-Islands,consortium,2001,22,2,2145.0,5,None,24.6,24.6,100.0,0,25,45,0,50.8,none,0,0.0,2024.0,True,True,,0.0,1.0,0.0,17.400000000000006,2.0,0.0,0,7.0
2024,CAB0485,Intra-Pacific-Islands,consortium,2001,23,2,2145.0,5,None,24.6,24.6,88.3,0,25,48,0,52.4,none,0,0.0,2025.0,True,True,,0.0,1.0,0.0,-11.700000000000003,3.0,0.0,0,8.0
2025,CAB0485,Intra-Pacific-Islands,consortium,2001,24,2,2145.0,5,None,24.6,24.6,94.3,0,25,50,0,54.0,none,0,0.0,2026.0,True,True,,0.0,1.0,0.0,6.0,2.0,0.0,0,9.0
2021,CAB0486,Intra-Pacific-Islands,hyperscaler,2021,0,5,1695.0,5,None,204.3,60.7,29.2,0,25,41,0,15.9,none,0,0.0,2022.0,True,True,,143.60000000000002,0.29711209006363193,,,,,0,
2022,CAB0486,Intra-Pacific-Islands,hyperscaler,2021,1,5,1695.0,5,None,204.3,75.9,64.7,0,25,43,0,17.5,none,0,0.0,2023.0,True,True,,128.4,0.37151248164464024,15.200000000000003,35.5,2.0,0.0,0,
2023,CAB0486,Intra-Pacific-Islands,hyperscaler,2021,2,5,1695.0,5,None,204.3,81.0,49.1,0,25,45,0,19.0,none,0,0.0,2024.0,True,True,,123.30000000000001,0.3964757709251101,5.099999999999994,-15.600000000000001,2.0,0.0,0,
2024,CAB0486,Intra-Pacific-Islands,hyperscaler,2021,3,5,1695.0,5,None,204.3,80.5,41.3,0,25,48,0,20.6,none,0,0.0,2025.0,True,True,,123.80000000000001,0.39402838962310327,-0.5,-7.800000000000004,3.0,0.0,0,
2025,CAB0486,Intra-Pacific-Islands,hyperscaler,2021,4,5,1695.0,5,None,204.3,101.4,63.6,0,25,50,0,22.2,none,0,0.0,2026.0,True,True,,102.9,0.49632892804698975,20.900000000000006,22.300000000000004,2.0,0.0,0,
2016,CAB0487,Intra-Asia,carrier,2016,0,19,4510.0,5,None,640.6,156.6,49.6,0,25,59,0,15.9,none,0,0.0,2017.0,True,True,,484.0,0.24445832032469558,,,,,0,
2017,CAB0487,Intra-Asia,carrier,2016,1,19,4510.0,5,None,640.6,182.7,59.7,0,25,60,0,17.5,none,0,0.0,2018.0,True,True,,457.90000000000003,0.2852013737121448,26.099999999999994,10.100000000000001,1.0,0.0,0,
2018,CAB0487,Intra-Asia,carrier,2016,2,19,4510.0,5,None,640.6,247.5,69.4,0,25,62,0,19.0,none,0,0.0,2019.0,True,True,,393.1,0.38635654074305337,64.80000000000001,9.700000000000003,2.0,0.0,0,
2019,CAB0487,Intra-Asia,carrier,2016,3,19,4510.0,5,None,640.6,324.3,50.7,0,25,64,0,20.6,none,0,0.0,2020.0,True,True,,316.3,0.506244146113019,76.80000000000001,-18.700000000000003,2.0,0.0,0,
2020,CAB0487,Intra-Asia,carrier,2016,4,19,4510.0,5,None,640.6,318.6,56.7,0,25,66,0,22.2,none,0,1.0,2021.0,True,True,,322.0,0.4973462379019669,-5.699999999999989,6.0,2.0,0.0,0,
2021,CAB0487,Intra-Asia,carrier,2016,5,19,4510.0,5,None,640.6,355.7,82.2,0,25,69,0,23.8,natural_hazard,1,1.0,2022.0,True,True,,284.90000000000003,0.5552606931002185,37.099999999999966,25.5,3.0,0.0,0,
2022,CAB0487,Intra-Asia,carrier,2016,6,19,4510.0,5,None,640.6,414.2,42.0,0,25,70,0,25.4,fishing_anchor,1,0.0,2023.0,True,True,,226.40000000000003,0.646581330003122,58.5,-40.2,1.0,1.0,1,1.0
2023,CAB0487,Intra-Asia,carrier,2016,7,19,4510.0,5,None,640.6,479.8,58.1,0,25,70,0,27.0,none,0,0.0,2024.0,True,True,,160.8,0.7489853262566344,65.60000000000002,16.1,0.0,1.0,2,1.0
2024,CAB0487,Intra-Asia,carrier,2016,8,19,4510.0,5,None,640.6,474.2,58.7,0,25,75,0,28.6,none,0,0.0,2025.0,True,True,,166.40000000000003,0.7402435216984077,-5.600000000000023,0.6000000000000014,5.0,0.0,2,2.0
2025,CAB0487,Intra-Asia,carrier,2016,9,19,4510.0,5,None,640.6,523.7,72.1,0,25,77,0,30.2,none,0,1.0,2026.0,True,True,,116.89999999999998,0.8175148298470185,49.50000000000006,13.399999999999991,2.0,0.0,1,3.0
2015,CAB0488,EMEA-Asia,hyperscaler,2002,13,2,19976.0,5,None,27.4,27.4,79.8,0,25,27,1,56.3,none,0,0.0,2016.0,True,True,,0.0,1.0,,,,,0,
2016,CAB0488,EMEA-Asia,hyperscaler,2002,14,2,19976.0,5,None,27.4,27.4,48.0,0,25,29,1,57.9,none,0,0.0,2017.0,True,True,,0.0,1.0,0.0,-31.799999999999997,2.0,0.0,0,
2017,CAB0488,EMEA-Asia,hyperscaler,2002,15,2,19976.0,5,None,27.4,27.4,62.4,0,25,32,1,59.5,none,0,0.0,2018.0,True,True,,0.0,1.0,0.0,14.399999999999999,3.0,0.0,0,
2018,CAB0488,EMEA-Asia,hyperscaler,2002,16,2,19976.0,5,None,27.4,27.4,94.9,0,25,34,1,61.1,none,0,0.0,2019.0,True,True,,0.0,1.0,0.0,32.50000000000001,2.0,0.0,0,
2019,CAB0488,EMEA-Asia,hyperscaler,2002,17,2,19976.0,5,None,27.4,27.4,62.9,0,25,37,1,62.7,none,0,0.0,2020.0,True,True,,0.0,1.0,0.0,-32.00000000000001,3.0,0.0,0,
2020,CAB0488,EMEA-Asia,hyperscaler,2002,18,2,19976.0,5,None,27.4,27.4,85.7,0,25,40,0,44.4,none,0,0.0,2021.0,True,True,,0.0,1.0,0.0,22.800000000000004,3.0,0.0,0,
2021,CAB0488,EMEA-Asia,hyperscaler,2002,19,2,19976.0,5,None,27.4,27.4,81.5,0,25,44,0,46.0,none,0,0.0,2022.0,True,True,,0.0,1.0,0.0,-4.200000000000003,4.0,0.0,0,
2022,CAB0488,EMEA-Asia,hyperscaler,2002,20,2,19976.0,5,None,27.4,27.4,65.1,0,25,45,0,47.6,none,0,1.0,2023.0,True,True,,0.0,1.0,0.0,-16.400000000000006,1.0,0.0,0,
2023,CAB0488,EMEA-Asia,hyperscaler,2002,21,2,19976.0,5,None,27.4,27.4,96.2,0,25,47,0,49.2,natural_hazard,1,0.0,2024.0,True,True,,0.0,1.0,0.0,31.10000000000001,2.0,0.0,0,
2024,CAB0488,EMEA-Asia,hyperscaler,2002,22,2,19976.0,5,None,27.4,27.4,77.5,0,25,48,0,50.8,none,0,0.0,2025.0,True,True,,0.0,1.0,0.0,-18.700000000000003,1.0,1.0,1,1.0
2025,CAB0488,EMEA-Asia,hyperscaler,2002,23,2,19976.0,5,None,27.4,27.4,63.6,0,25,47,0,52.4,none,0,0.0,2026.0,True,True,,0.0,1.0,0.0,-13.899999999999999,-1.0,0.0,1,2.0
2019,CAB0490,Intra-Asia,consortium,2019,0,10,3223.0,6,None,380.0,94.7,52.9,1,25,64,0,0.0,none,0,0.0,2020.0,True,True,,285.3,0.2492105263157895,,,,,0,
2020,CAB0490,Intra-Asia,consortium,2019,1,10,3223.0,6,None,380.0,96.0,53.5,1,25,66,0,1.6,none,0,1.0,2021.0,True,True,,284.0,0.25263157894736843,1.2999999999999972,0.6000000000000014,2.0,0.0,0,
2021,CAB0490,Intra-Asia,consortium,2019,2,10,3223.0,6,None,380.0,141.8,60.6,1,25,69,0,3.2,fishing_anchor,1,1.0,2022.0,True,True,,238.2,0.37315789473684213,45.80000000000001,7.100000000000001,3.0,0.0,0,
2022,CAB0490,Intra-Asia,consortium,2019,3,10,3223.0,6,None,380.0,206.3,27.0,1,25,70,0,4.8,fishing_anchor,1,0.0,2023.0,True,True,,173.7,0.5428947368421053,64.5,-33.6,1.0,1.0,1,1.0
2023,CAB0490,Intra-Asia,consortium,2019,4,10,3223.0,6,None,380.0,191.3,51.9,1,25,70,0,6.3,none,0,0.0,2024.0,True,True,,188.7,0.503421052631579,-15.0,24.9,0.0,1.0,2,1.0
2024,CAB0490,Intra-Asia,consortium,2019,5,10,3223.0,6,None,380.0,206.0,51.7,1,25,75,0,7.9,none,0,0.0,2025.0,True,True,,174.0,0.5421052631578948,14.699999999999989,-0.19999999999999574,5.0,0.0,2,2.0
2025,CAB0490,Intra-Asia,consortium,2019,6,10,3223.0,6,None,380.0,220.6,77.2,1,25,77,0,9.5,none,0,0.0,2026.0,True,True,,159.4,0.5805263157894737,14.599999999999994,25.5,2.0,0.0,1,3.0
2024,CAB0491,Intra-Asia,hyperscaler,2024,0,6,4611.0,11,None,270.9,69.2,49.4,1,25,75,0,0.0,fishing_anchor,1,0.0,2025.0,True,True,,201.7,0.2554448135843485,,,,,0,
2025,CAB0491,Intra-Asia,hyperscaler,2024,1,6,4611.0,11,None,270.9,93.4,51.9,1,25,77,0,1.6,none,0,0.0,2026.0,True,True,,177.49999999999997,0.34477667035806575,24.200000000000003,2.5,2.0,1.0,1,1.0
2021,CAB0492,Africa-Coastal,consortium,2021,0,48,10743.0,6,None,1961.1,525.0,24.0,1,25,44,0,0.0,none,0,0.0,2022.0,True,True,,1436.1,0.2677068991892306,,,,,0,
2022,CAB0492,Africa-Coastal,consortium,2021,1,48,10743.0,6,None,1961.1,606.2,37.8,1,25,45,0,1.6,none,0,0.0,2023.0,True,True,,1354.8999999999999,0.3091122329304982,81.20000000000005,13.799999999999997,1.0,0.0,0,
2023,CAB0492,Africa-Coastal,consortium,2021,2,48,10743.0,6,None,1961.1,776.2,69.1,1,25,47,0,3.2,none,0,1.0,2024.0,True,True,,1184.8999999999999,0.39579827647748717,170.0,31.299999999999997,2.0,0.0,0,
2024,CAB0492,Africa-Coastal,consortium,2021,3,48,10743.0,6,None,1961.1,835.0,49.9,1,25,49,0,4.8,fishing_anchor,1,0.0,2025.0,True,True,,1126.1,0.425781449186681,58.799999999999955,-19.199999999999996,2.0,0.0,0,
2025,CAB0492,Africa-Coastal,consortium,2021,4,48,10743.0,6,None,1961.1,1014.4,40.7,1,25,52,0,6.3,none,0,0.0,2026.0,True,True,,946.6999999999999,0.5172607210239152,179.39999999999998,-9.199999999999996,3.0,1.0,1,1.0
2015,CAB0493,Africa-Coastal,consortium,2009,6,35,8610.0,3,None,830.0,527.6,47.7,0,25,36,1,45.2,none,0,0.0,2016.0,True,True,,302.4,0.6356626506024097,,,,,0,
2016,CAB0493,Africa-Coastal,consortium,2009,7,35,8610.0,3,None,830.0,493.6,61.4,0,25,37,1,46.8,none,0,0.0,2017.0,True,True,,336.4,0.5946987951807229,-34.0,13.699999999999996,1.0,0.0,0,
2017,CAB0493,Africa-Coastal,consortium,2009,8,35,8610.0,3,None,830.0,571.7,69.4,0,25,40,0,28.6,none,0,0.0,2018.0,True,True,,258.29999999999995,0.6887951807228916,78.10000000000002,8.000000000000007,3.0,0.0,0,
2018,CAB0493,Africa-Coastal,consortium,2009,9,35,8610.0,3,None,830.0,634.5,35.8,0,25,40,0,30.2,none,0,0.0,2019.0,True,True,,195.5,0.7644578313253012,62.799999999999955,-33.60000000000001,0.0,0.0,0,
2019,CAB0493,Africa-Coastal,consortium,2009,10,35,8610.0,3,None,830.0,671.6,77.9,0,25,42,0,31.7,none,0,0.0,2020.0,True,True,,158.39999999999998,0.8091566265060242,37.10000000000002,42.10000000000001,2.0,0.0,0,
2020,CAB0493,Africa-Coastal,consortium,2009,11,35,8610.0,3,None,830.0,726.0,71.7,0,25,43,0,33.3,none,0,0.0,2021.0,True,True,,104.0,0.8746987951807229,54.39999999999998,-6.200000000000003,1.0,0.0,0,
2021,CAB0493,Africa-Coastal,consortium,2009,12,35,8610.0,3,None,830.0,815.3,47.5,0,25,44,0,34.9,none,0,0.0,2022.0,True,True,,14.700000000000045,0.982289156626506,89.29999999999995,-24.200000000000003,1.0,0.0,0,
2022,CAB0493,Africa-Coastal,consortium,2009,13,35,8610.0,3,None,830.0,830.0,44.8,0,25,45,0,36.5,none,0,0.0,2023.0,True,True,,0.0,1.0,14.700000000000045,-2.700000000000003,1.0,0.0,0,
2023,CAB0493,Africa-Coastal,consortium,2009,14,35,8610.0,3,None,830.0,830.0,51.1,0,25,47,0,38.1,none,0,0.0,2024.0,True,True,,0.0,1.0,0.0,6.300000000000004,2.0,0.0,0,
2024,CAB0493,Africa-Coastal,consortium,2009,15,35,8610.0,3,None,830.0,830.0,50.1,0,25,49,0,39.7,none,0,0.0,2025.0,True,True,,0.0,1.0,0.0,-1.0,2.0,0.0,0,
2025,CAB0493,Africa-Coastal,consortium,2009,16,35,8610.0,3,None,830.0,830.0,48.3,0,25,52,0,41.3,none,0,0.0,2026.0,True,True,,0.0,1.0,0.0,-1.8000000000000043,3.0,0.0,0,
2015,CAB0494,Indian-Ocean,consortium,2011,4,12,7426.0,6,Suez,318.9,145.5,37.7,1,25,31,1,54.0,none,0,0.0,2016.0,True,True,,173.39999999999998,0.45625587958607716,,,,,0,
2016,CAB0494,Indian-Ocean,consortium,2011,5,12,7426.0,6,Suez,318.9,185.8,79.9,1,25,33,1,55.6,none,0,0.0,2017.0,True,True,,133.09999999999997,0.5826277830040766,40.30000000000001,42.2,2.0,0.0,0,
2017,CAB0494,Indian-Ocean,consortium,2011,6,12,7426.0,6,Suez,318.9,166.7,37.2,1,25,33,1,57.1,none,0,0.0,2018.0,True,True,,152.2,0.5227343994982753,-19.100000000000023,-42.7,0.0,0.0,0,
2018,CAB0494,Indian-Ocean,consortium,2011,7,12,7426.0,6,Suez,318.9,216.5,39.4,1,25,35,1,58.7,none,0,1.0,2019.0,True,True,,102.39999999999998,0.6788962057071183,49.80000000000001,2.1999999999999957,2.0,0.0,0,
2019,CAB0494,Indian-Ocean,consortium,2011,8,12,7426.0,6,Suez,318.9,235.3,44.4,1,25,35,1,60.3,fishing_anchor,1,1.0,2020.0,True,True,,83.59999999999997,0.7378488554405771,18.80000000000001,5.0,0.0,0.0,0,
2020,CAB0494,Indian-Ocean,consortium,2011,9,12,7426.0,6,Suez,318.9,261.1,71.7,1,25,36,1,61.9,fishing_anchor,1,1.0,2021.0,True,True,,57.799999999999955,0.8187519598620259,25.80000000000001,27.300000000000004,1.0,1.0,1,1.0
2021,CAB0494,Indian-Ocean,consortium,2011,10,12,7426.0,6,Suez,318.9,270.6,59.3,1,25,39,1,63.5,fishing_anchor,1,0.0,2022.0,True,True,,48.299999999999955,0.8485418626528693,9.5,-12.400000000000006,3.0,1.0,2,1.0
2022,CAB0494,Indian-Ocean,consortium,2011,11,12,7426.0,6,Suez,318.9,299.7,75.7,1,25,39,1,65.1,none,0,0.0,2023.0,True,True,,19.19999999999999,0.9397930385700847,29.099999999999966,16.400000000000006,0.0,1.0,3,1.0
2023,CAB0494,Indian-Ocean,consortium,2011,12,12,7426.0,6,Suez,318.9,284.8,100.0,1,25,40,0,46.8,none,0,0.0,2024.0,True,True,,34.099999999999966,0.8930699278770775,-14.899999999999977,24.299999999999997,1.0,0.0,2,2.0
2024,CAB0494,Indian-Ocean,consortium,2011,13,12,7426.0,6,Suez,318.9,318.9,45.4,1,25,41,0,48.4,none,0,0.0,2025.0,True,True,,0.0,1.0,34.099999999999966,-54.6,1.0,0.0,1,3.0
2025,CAB0494,Indian-Ocean,consortium,2011,14,12,7426.0,6,Suez,318.9,318.9,83.9,1,25,44,0,50.0,none,0,0.0,2026.0,True,True,,0.0,1.0,0.0,38.50000000000001,3.0,0.0,0,4.0
2021,CAB0495,Indian-Ocean,consortium,2021,0,11,5168.0,6,None,449.4,184.5,66.8,1,25,39,1,19.8,fishing_anchor,1,1.0,2022.0,True,True,,264.9,0.410547396528705,,,,,0,
2022,CAB0495,Indian-Ocean,consortium,2021,1,11,5168.0,6,None,449.4,130.6,58.7,1,25,39,1,21.4,fishing_anchor,1,0.0,2023.0,True,True,,318.79999999999995,0.2906097018246551,-53.900000000000006,-8.099999999999994,0.0,1.0,1,1.0
2023,CAB0495,Indian-Ocean,consortium,2021,2,11,5168.0,6,None,449.4,171.1,56.8,1,25,40,0,3.2,none,0,0.0,2024.0,True,True,,278.29999999999995,0.38072986203827325,40.5,-1.9000000000000057,1.0,1.0,2,1.0
2024,CAB0495,Indian-Ocean,consortium,2021,3,11,5168.0,6,None,449.4,195.1,15.6,1,25,41,0,4.8,none,0,0.0,2025.0,True,True,,254.29999999999998,0.4341344014241211,24.0,-41.199999999999996,1.0,0.0,2,2.0
2025,CAB0495,Indian-Ocean,consortium,2021,4,11,5168.0,6,None,449.4,216.5,70.2,1,25,44,0,6.3,none,0,0.0,2026.0,True,True,,232.89999999999998,0.4817534490431687,21.400000000000006,54.6,3.0,0.0,1,3.0
2015,CAB0496,Africa-Coastal,carrier,2013,2,9,12881.0,5,None,264.9,100.5,61.3,0,25,36,1,38.9,fishing_anchor,1,0.0,2016.0,True,True,,164.39999999999998,0.3793884484711212,,,,,0,
2016,CAB0496,Africa-Coastal,carrier,2013,3,9,12881.0,5,None,264.9,122.9,51.1,0,25,37,1,40.5,none,0,0.0,2017.0,True,True,,141.99999999999997,0.46394865987164974,22.400000000000006,-10.199999999999996,1.0,1.0,1,1.0
2017,CAB0496,Africa-Coastal,carrier,2013,4,9,12881.0,5,None,264.9,136.8,48.8,0,25,40,0,22.2,none,0,1.0,2018.0,True,True,,128.09999999999997,0.5164212910532278,13.900000000000006,-2.3000000000000043,3.0,0.0,1,2.0
2018,CAB0496,Africa-Coastal,carrier,2013,5,9,12881.0,5,None,264.9,158.6,51.9,0,25,40,0,23.8,natural_hazard,1,0.0,2019.0,True,True,,106.29999999999998,0.5987164967912421,21.799999999999983,3.1000000000000014,0.0,0.0,1,3.0
2019,CAB0496,Africa-Coastal,carrier,2013,6,9,12881.0,5,None,264.9,150.8,42.8,0,25,42,0,25.4,none,0,0.0,2020.0,True,True,,114.09999999999997,0.5692714231785581,-7.799999999999983,-9.100000000000001,2.0,1.0,1,1.0
2020,CAB0496,Africa-Coastal,carrier,2013,7,9,12881.0,5,None,264.9,160.0,25.4,0,25,43,0,27.0,none,0,0.0,2021.0,True,True,,104.89999999999998,0.6040015100037751,9.199999999999989,-17.4,1.0,0.0,1,2.0
2021,CAB0496,Africa-Coastal,carrier,2013,8,9,12881.0,5,None,264.9,201.6,96.2,0,25,44,0,28.6,none,0,0.0,2022.0,True,True,,63.29999999999998,0.7610419026047566,41.599999999999994,70.80000000000001,1.0,0.0,1,3.0
2022,CAB0496,Africa-Coastal,carrier,2013,9,9,12881.0,5,None,264.9,223.5,93.1,0,25,45,0,30.2,none,0,0.0,2023.0,True,True,,41.39999999999998,0.8437146092865233,21.900000000000006,-3.1000000000000085,1.0,0.0,0,4.0
2023,CAB0496,Africa-Coastal,carrier,2013,10,9,12881.0,5,None,264.9,205.7,66.6,0,25,47,0,31.7,none,0,0.0,2024.0,True,True,,59.19999999999999,0.7765194412986033,-17.80000000000001,-26.5,2.0,0.0,0,5.0
2024,CAB0496,Africa-Coastal,carrier,2013,11,9,12881.0,5,None,264.9,249.3,38.9,0,25,49,0,33.3,none,0,0.0,2025.0,True,True,,15.599999999999966,0.9411098527746321,43.60000000000002,-27.699999999999996,2.0,0.0,0,6.0
2025,CAB0496,Africa-Coastal,carrier,2013,12,9,12881.0,5,None,264.9,250.7,45.0,0,25,52,0,34.9,none,0,1.0,2026.0,True,True,,14.199999999999989,0.946394865987165,1.3999999999999773,6.100000000000001,3.0,0.0,0,7.0
2015,CAB0497,Trans-Atlantic,consortium,2013,2,6,5836.0,4,None,176.6,75.0,34.0,0,25,33,1,38.9,none,0,0.0,2016.0,True,True,,101.6,0.4246885617214043,,,,,0,
2016,CAB0497,Trans-Atlantic,consortium,2013,3,6,5836.0,4,None,176.6,78.5,55.0,0,25,37,1,40.5,none,0,0.0,2017.0,True,True,,98.1,0.4445073612684032,3.5,21.0,4.0,0.0,0,
2017,CAB0497,Trans-Atlantic,consortium,2013,4,6,5836.0,4,None,176.6,74.4,50.9,0,25,37,1,42.1,none,0,0.0,2018.0,True,True,,102.19999999999999,0.4212910532276331,-4.099999999999994,-4.100000000000001,0.0,0.0,0,
2018,CAB0497,Trans-Atlantic,consortium,2013,5,6,5836.0,4,None,176.6,89.6,47.3,0,25,40,0,23.8,none,0,0.0,2019.0,True,True,,87.0,0.507361268403171,15.199999999999989,-3.6000000000000014,3.0,0.0,0,
2019,CAB0497,Trans-Atlantic,consortium,2013,6,6,5836.0,4,None,176.6,111.2,68.9,0,25,45,0,25.4,none,0,0.0,2020.0,True,True,,65.39999999999999,0.6296715741789355,21.60000000000001,21.60000000000001,5.0,0.0,0,
2020,CAB0497,Trans-Atlantic,consortium,2013,7,6,5836.0,4,None,176.6,106.0,33.5,0,25,48,0,27.0,none,0,0.0,2021.0,True,True,,70.6,0.6002265005662515,-5.200000000000003,-35.400000000000006,3.0,0.0,0,
2021,CAB0497,Trans-Atlantic,consortium,2013,8,6,5836.0,4,None,176.6,128.9,23.5,0,25,50,0,28.6,none,0,0.0,2022.0,True,True,,47.69999999999999,0.7298980747451869,22.900000000000006,-10.0,2.0,0.0,0,
2022,CAB0497,Trans-Atlantic,consortium,2013,9,6,5836.0,4,None,176.6,139.5,37.5,0,25,51,0,30.2,none,0,0.0,2023.0,True,True,,37.099999999999994,0.7899207248018121,10.599999999999994,14.0,1.0,0.0,0,
2023,CAB0497,Trans-Atlantic,consortium,2013,10,6,5836.0,4,None,176.6,148.8,69.4,0,25,54,0,31.7,none,0,0.0,2024.0,True,True,,27.799999999999983,0.8425821064552662,9.300000000000011,31.900000000000006,3.0,0.0,0,
2024,CAB0497,Trans-Atlantic,consortium,2013,11,6,5836.0,4,None,176.6,162.5,87.3,0,25,58,0,33.3,none,0,0.0,2025.0,True,True,,14.099999999999994,0.9201585503963761,13.699999999999989,17.89999999999999,4.0,0.0,0,
2025,CAB0497,Trans-Atlantic,consortium,2013,12,6,5836.0,4,None,176.6,176.6,75.7,0,25,62,0,34.9,none,0,0.0,2026.0,True,True,,0.0,1.0,14.099999999999994,-11.599999999999994,4.0,0.0,0,
2016,CAB0498,Intra-Europe,consortium,2016,0,14,647.0,2,None,472.0,104.8,35.3,1,25,42,0,11.9,none,0,0.0,2017.0,True,True,,367.2,0.22203389830508474,,,,,0,
2017,CAB0498,Intra-Europe,consortium,2016,1,14,647.0,2,None,472.0,190.8,53.8,1,25,44,0,13.5,none,0,0.0,2018.0,True,True,,281.2,0.40423728813559323,86.00000000000001,18.5,2.0,0.0,0,
2018,CAB0498,Intra-Europe,consortium,2016,2,14,647.0,2,None,472.0,180.5,53.5,1,25,45,0,15.1,none,0,0.0,2019.0,True,True,,291.5,0.3824152542372881,-10.300000000000011,-0.29999999999999716,1.0,0.0,0,
2019,CAB0498,Intra-Europe,consortium,2016,3,14,647.0,2,None,472.0,181.2,58.4,1,25,47,0,16.7,none,0,0.0,2020.0,True,True,,290.8,0.38389830508474576,0.6999999999999886,4.899999999999999,2.0,0.0,0,
2020,CAB0498,Intra-Europe,consortium,2016,4,14,647.0,2,None,472.0,209.3,26.6,1,25,49,0,18.3,none,0,1.0,2021.0,True,True,,262.7,0.4434322033898305,28.100000000000023,-31.799999999999997,2.0,0.0,0,
2021,CAB0498,Intra-Europe,consortium,2016,5,14,647.0,2,None,472.0,218.8,83.0,1,25,49,0,19.8,natural_hazard,1,0.0,2022.0,True,True,,253.2,0.4635593220338983,9.5,56.4,0.0,0.0,0,
2022,CAB0498,Intra-Europe,consortium,2016,6,14,647.0,2,None,472.0,301.2,29.7,1,25,52,0,21.4,none,0,0.0,2023.0,True,True,,170.8,0.638135593220339,82.39999999999998,-53.3,3.0,1.0,1,1.0
2023,CAB0498,Intra-Europe,consortium,2016,7,14,647.0,2,None,472.0,320.7,54.7,1,25,53,0,23.0,none,0,0.0,2024.0,True,True,,151.3,0.6794491525423728,19.5,25.000000000000004,1.0,0.0,1,2.0
2024,CAB0498,Intra-Europe,consortium,2016,8,14,647.0,2,None,472.0,331.3,39.0,1,25,53,0,24.6,none,0,0.0,2025.0,True,True,,140.7,0.701906779661017,10.600000000000023,-15.700000000000003,0.0,0.0,1,3.0
2025,CAB0498,Intra-Europe,consortium,2016,9,14,647.0,2,None,472.0,381.2,93.5,1,25,58,0,26.2,none,0,0.0,2026.0,True,True,,90.80000000000001,0.8076271186440678,49.89999999999998,54.5,5.0,0.0,0,4.0
2015,CAB0499,Intra-Europe,consortium,2011,4,4,2858.0,5,None,106.3,47.1,17.2,0,25,41,0,22.2,none,0,0.0,2016.0,True,True,,59.199999999999996,0.4430856067732832,,,,,0,
2016,CAB0499,Intra-Europe,consortium,2011,5,4,2858.0,5,None,106.3,57.7,64.7,0,25,42,0,23.8,none,0,0.0,2017.0,True,True,,48.599999999999994,0.5428033866415805,10.600000000000001,47.5,1.0,0.0,0,
2017,CAB0499,Intra-Europe,consortium,2011,6,4,2858.0,5,None,106.3,61.3,58.8,0,25,44,0,25.4,none,0,0.0,2018.0,True,True,,45.0,0.5766698024459078,3.5999999999999943,-5.900000000000006,2.0,0.0,0,
2018,CAB0499,Intra-Europe,consortium,2011,7,4,2858.0,5,None,106.3,69.8,33.8,0,25,45,0,27.0,none,0,0.0,2019.0,True,True,,36.5,0.6566321730950141,8.5,-25.0,1.0,0.0,0,
2019,CAB0499,Intra-Europe,consortium,2011,8,4,2858.0,5,None,106.3,79.5,41.4,0,25,47,0,28.6,none,0,0.0,2020.0,True,True,,26.799999999999997,0.7478833490122295,9.700000000000003,7.600000000000001,2.0,0.0,0,
2020,CAB0499,Intra-Europe,consortium,2011,9,4,2858.0,5,None,106.3,76.3,71.0,0,25,49,0,30.2,none,0,0.0,2021.0,True,True,,30.0,0.7177798682972719,-3.200000000000003,29.6,2.0,0.0,0,
2021,CAB0499,Intra-Europe,consortium,2011,10,4,2858.0,5,None,106.3,88.8,96.9,0,25,49,0,31.7,none,0,0.0,2022.0,True,True,,17.5,0.8353715898400752,12.5,25.900000000000006,0.0,0.0,0,
2022,CAB0499,Intra-Europe,consortium,2011,11,4,2858.0,5,None,106.3,104.5,95.5,0,25,52,0,33.3,none,0,0.0,2023.0,True,True,,1.7999999999999972,0.9830667920978363,15.700000000000003,-1.4000000000000057,3.0,0.0,0,
2023,CAB0499,Intra-Europe,consortium,2011,12,4,2858.0,5,None,106.3,106.3,100.0,0,25,53,0,34.9,none,0,1.0,2024.0,True,True,,0.0,1.0,1.7999999999999972,4.5,1.0,0.0,0,
2024,CAB0499,Intra-Europe,consortium,2011,13,4,2858.0,5,None,106.3,106.3,63.5,0,25,53,0,36.5,fishing_anchor,1,0.0,2025.0,True,True,,0.0,1.0,0.0,-36.5,0.0,0.0,0,
2025,CAB0499,Intra-Europe,consortium,2011,14,4,2858.0,5,None,106.3,106.3,70.4,0,25,58,0,38.1,none,0,0.0,2026.0,True,True,,0.0,1.0,0.0,6.900000000000006,5.0,1.0,1,1.0
