cable_id,year,ocean_route,operator_type,chokepoint,age_years,fiber_pairs,length_km,n_landing_countries,design_capacity_tbps,lit_capacity_tbps,utilization_pct,protected_burial,route_redundancy,fault_this_year,fault_next_year
CAB0001,2015,Africa-Coastal,carrier,None,3,39,14098.0,5,1092.0,487.2,41.7,1,36,0,0
CAB0001,2016,Africa-Coastal,carrier,None,4,39,14098.0,5,1092.0,507.7,51.5,1,37,0,0
CAB0001,2017,Africa-Coastal,carrier,None,5,39,14098.0,5,1092.0,632.5,80.0,1,40,0,0
CAB0001,2018,Africa-Coastal,carrier,None,6,39,14098.0,5,1092.0,546.9,17.5,1,40,0,0
CAB0001,2019,Africa-Coastal,carrier,None,7,39,14098.0,5,1092.0,585.7,71.3,1,42,0,0
CAB0001,2020,Africa-Coastal,carrier,None,8,39,14098.0,5,1092.0,808.1,57.0,1,43,0,1
CAB0001,2021,Africa-Coastal,carrier,None,9,39,14098.0,5,1092.0,809.8,40.8,1,44,1,0
CAB0001,2022,Africa-Coastal,carrier,None,10,39,14098.0,5,1092.0,964.0,36.6,1,45,0,1
CAB0001,2023,Africa-Coastal,carrier,None,11,39,14098.0,5,1092.0,1063.7,48.9,1,47,1,0
CAB0001,2024,Africa-Coastal,carrier,None,12,39,14098.0,5,1092.0,1092.0,34.2,1,49,0,0
CAB0001,2025,Africa-Coastal,carrier,None,13,39,14098.0,5,1092.0,1092.0,39.4,1,52,0,0
CAB0002,2024,Indian-Ocean,carrier,None,0,6,6142.0,8,270.9,77.7,24.3,0,41,0,0
CAB0002,2025,Indian-Ocean,carrier,None,1,6,6142.0,8,270.9,64.8,62.7,0,44,0,0
CAB0003,2025,Intra-Europe,carrier,None,0,12,1848.0,3,558.9,138.8,30.3,1,58,0,0
CAB0004,2015,Intra-Pacific-Islands,consortium,None,3,8,379.0,5,224.0,86.8,59.0,0,28,0,1
CAB0004,2016,Intra-Pacific-Islands,consortium,None,4,8,379.0,5,224.0,110.3,28.7,0,29,1,1
CAB0004,2017,Intra-Pacific-Islands,consortium,None,5,8,379.0,5,224.0,128.1,98.3,0,29,1,0
CAB0004,2018,Intra-Pacific-Islands,consortium,None,6,8,379.0,5,224.0,146.2,79.6,0,30,0,0
CAB0004,2019,Intra-Pacific-Islands,consortium,None,7,8,379.0,5,224.0,130.3,90.3,0,35,0,0
CAB0004,2020,Intra-Pacific-Islands,consortium,None,8,8,379.0,5,224.0,150.5,74.5,0,40,0,1
CAB0004,2021,Intra-Pacific-Islands,consortium,None,9,8,379.0,5,224.0,173.3,83.5,0,41,1,0
CAB0004,2022,Intra-Pacific-Islands,consortium,None,10,8,379.0,5,224.0,191.1,58.0,0,43,0,0
CAB0004,2023,Intra-Pacific-Islands,consortium,None,11,8,379.0,5,224.0,211.1,51.3,0,45,0,0
CAB0004,2024,Intra-Pacific-Islands,consortium,None,12,8,379.0,5,224.0,224.0,30.5,0,48,0,0
CAB0004,2025,Intra-Pacific-Islands,consortium,None,13,8,379.0,5,224.0,224.0,84.4,0,50,0,0
CAB0005,2020,EMEA-Asia,hyperscaler,None,0,16,18833.0,3,630.9,135.9,51.7,1,40,0,0
CAB0005,2021,EMEA-Asia,hyperscaler,None,1,16,18833.0,3,630.9,209.0,34.2,1,44,0,0
CAB0005,2022,EMEA-Asia,hyperscaler,None,2,16,18833.0,3,630.9,225.1,44.4,1,45,0,0
CAB0005,2023,EMEA-Asia,hyperscaler,None,3,16,18833.0,3,630.9,246.4,39.3,1,47,0,0
CAB0005,2024,EMEA-Asia,hyperscaler,None,4,16,18833.0,3,630.9,259.3,25.6,1,48,0,0
CAB0005,2025,EMEA-Asia,hyperscaler,None,5,16,18833.0,3,630.9,350.5,85.6,1,47,0,0
CAB0006,2019,Trans-Atlantic,carrier,None,0,5,7004.0,7,190.0,51.3,33.1,1,45,0,0
CAB0006,2020,Trans-Atlantic,carrier,None,1,5,7004.0,7,190.0,56.5,36.6,1,48,0,0
CAB0006,2021,Trans-Atlantic,carrier,None,2,5,7004.0,7,190.0,63.4,32.0,1,50,0,0
CAB0006,2022,Trans-Atlantic,carrier,None,3,5,7004.0,7,190.0,70.6,21.1,1,51,0,0
CAB0006,2023,Trans-Atlantic,carrier,None,4,5,7004.0,7,190.0,95.8,52.8,1,54,0,0
CAB0006,2024,Trans-Atlantic,carrier,None,5,5,7004.0,7,190.0,106.2,72.9,1,58,0,0
CAB0006,2025,Trans-Atlantic,carrier,None,6,5,7004.0,7,190.0,120.7,27.8,1,62,0,1
CAB0007,2022,Africa-Coastal,consortium,None,0,34,9553.0,6,1437.7,276.3,54.9,0,45,0,0
CAB0007,2023,Africa-Coastal,consortium,None,1,34,9553.0,6,1437.7,372.0,18.0,0,47,0,0
CAB0007,2024,Africa-Coastal,consortium,None,2,34,9553.0,6,1437.7,477.4,49.6,0,49,0,1
CAB0007,2025,Africa-Coastal,consortium,None,3,34,9553.0,6,1437.7,633.4,55.9,0,52,1,1
CAB0008,2025,Trans-Pacific,government,None,0,37,10572.0,5,1723.1,475.6,45.5,1,50,0,0
CAB0009,2016,Intra-Asia,consortium,Taiwan-Strait,0,19,3494.0,5,640.6,249.4,40.8,0,59,1,0
CAB0009,2017,Intra-Asia,consortium,Taiwan-Strait,1,19,3494.0,5,640.6,193.8,36.7,0,60,0,1
CAB0009,2018,Intra-Asia,consortium,Taiwan-Strait,2,19,3494.0,5,640.6,246.4,35.7,0,62,1,1
CAB0009,2019,Intra-Asia,consortium,Taiwan-Strait,3,19,3494.0,5,640.6,274.4,21.2,0,64,1,0
CAB0009,2020,Intra-Asia,consortium,Taiwan-Strait,4,19,3494.0,5,640.6,312.4,22.5,0,66,0,1
CAB0009,2021,Intra-Asia,consortium,Taiwan-Strait,5,19,3494.0,5,640.6,364.5,59.2,0,69,1,1
CAB0009,2022,Intra-Asia,consortium,Taiwan-Strait,6,19,3494.0,5,640.6,365.2,75.3,0,70,1,1
CAB0009,2023,Intra-Asia,consortium,Taiwan-Strait,7,19,3494.0,5,640.6,408.9,26.8,0,70,1,1
CAB0009,2024,Intra-Asia,consortium,Taiwan-Strait,8,19,3494.0,5,640.6,447.0,69.0,0,75,1,0
CAB0009,2025,Intra-Asia,consortium,Taiwan-Strait,9,19,3494.0,5,640.6,520.8,28.9,0,77,0,0
CAB0010,2016,Trans-Atlantic,carrier,None,0,4,6108.0,5,134.9,36.4,78.9,1,37,0,0
CAB0010,2017,Trans-Atlantic,carrier,None,1,4,6108.0,5,134.9,35.1,9.1,1,37,0,0
CAB0010,2018,Trans-Atlantic,carrier,None,2,4,6108.0,5,134.9,51.1,36.1,1,40,0,0
CAB0010,2019,Trans-Atlantic,carrier,None,3,4,6108.0,5,134.9,45.2,77.9,1,45,0,1
CAB0010,2020,Trans-Atlantic,carrier,None,4,4,6108.0,5,134.9,57.0,48.9,1,48,1,0
CAB0010,2021,Trans-Atlantic,carrier,None,5,4,6108.0,5,134.9,68.4,68.6,1,50,0,0
CAB0010,2022,Trans-Atlantic,carrier,None,6,4,6108.0,5,134.9,80.7,14.6,1,51,0,0
CAB0010,2023,Trans-Atlantic,carrier,None,7,4,6108.0,5,134.9,97.8,83.1,1,54,0,0
CAB0010,2024,Trans-Atlantic,carrier,None,8,4,6108.0,5,134.9,104.0,92.7,1,58,0,1
CAB0010,2025,Trans-Atlantic,carrier,None,9,4,6108.0,5,134.9,112.0,46.6,1,62,1,1
CAB0011,2015,Intra-Europe,consortium,None,5,4,502.0,7,100.6,68.4,53.3,0,41,0,0
CAB0011,2016,Intra-Europe,consortium,None,6,4,502.0,7,100.6,63.3,21.2,0,42,0,0
CAB0011,2017,Intra-Europe,consortium,None,7,4,502.0,7,100.6,63.5,21.8,0,44,0,0
CAB0011,2018,Intra-Europe,consortium,None,8,4,502.0,7,100.6,68.6,65.5,0,45,0,0
CAB0011,2019,Intra-Europe,consortium,None,9,4,502.0,7,100.6,83.1,93.9,0,47,0,0
CAB0011,2020,Intra-Europe,consortium,None,10,4,502.0,7,100.6,91.1,48.7,0,49,0,0
CAB0011,2021,Intra-Europe,consortium,None,11,4,502.0,7,100.6,93.8,64.0,0,49,0,0
CAB0011,2022,Intra-Europe,consortium,None,12,4,502.0,7,100.6,100.0,45.6,0,52,0,0
CAB0011,2023,Intra-Europe,consortium,None,13,4,502.0,7,100.6,96.8,39.8,0,53,0,0
CAB0011,2024,Intra-Europe,consortium,None,14,4,502.0,7,100.6,100.6,85.6,0,53,0,0
CAB0011,2025,Intra-Europe,consortium,None,15,4,502.0,7,100.6,100.6,100.0,0,58,0,0
CAB0012,2015,Intra-Europe,carrier,None,3,6,1062.0,8,168.0,83.1,43.9,0,41,1,0
CAB0012,2016,Intra-Europe,carrier,None,4,6,1062.0,8,168.0,81.3,27.3,0,42,0,1
CAB0012,2017,Intra-Europe,carrier,None,5,6,1062.0,8,168.0,83.6,100.0,0,44,1,1
CAB0012,2018,Intra-Europe,carrier,None,6,6,1062.0,8,168.0,95.1,44.1,0,45,1,1
CAB0012,2019,Intra-Europe,carrier,None,7,6,1062.0,8,168.0,110.3,86.5,0,47,1,0
CAB0012,2020,Intra-Europe,carrier,None,8,6,1062.0,8,168.0,114.5,56.7,0,49,0,1
CAB0012,2021,Intra-Europe,carrier,None,9,6,1062.0,8,168.0,132.3,51.0,0,49,1,0
CAB0012,2022,Intra-Europe,carrier,None,10,6,1062.0,8,168.0,136.2,39.6,0,52,0,1
CAB0012,2023,Intra-Europe,carrier,None,11,6,1062.0,8,168.0,146.0,63.6,0,53,1,0
CAB0012,2024,Intra-Europe,carrier,None,12,6,1062.0,8,168.0,168.0,83.9,0,53,0,0
CAB0012,2025,Intra-Europe,carrier,None,13,6,1062.0,8,168.0,168.0,41.6,0,58,0,1
CAB0013,2022,Trans-Pacific,consortium,None,0,8,12780.0,4,338.3,80.5,17.8,0,45,0,1
CAB0013,2023,Trans-Pacific,consortium,None,1,8,12780.0,4,338.3,114.4,21.6,0,47,1,1
CAB0013,2024,Trans-Pacific,consortium,None,2,8,12780.0,4,338.3,102.1,57.2,0,49,1,0
CAB0013,2025,Trans-Pacific,consortium,None,3,8,12780.0,4,338.3,132.1,10.7,0,50,0,0
CAB0014,2015,Intra-Pacific-Islands,carrier,None,2,18,3848.0,6,529.7,168.7,26.8,1,28,0,0
CAB0014,2016,Intra-Pacific-Islands,carrier,None,3,18,3848.0,6,529.7,238.8,42.3,1,29,0,0
CAB0014,2017,Intra-Pacific-Islands,carrier,None,4,18,3848.0,6,529.7,235.4,22.1,1,29,0,0
CAB0014,2018,Intra-Pacific-Islands,carrier,None,5,18,3848.0,6,529.7,329.6,18.7,1,30,0,0
CAB0014,2019,Intra-Pacific-Islands,carrier,None,6,18,3848.0,6,529.7,320.3,63.0,1,35,0,1
CAB0014,2020,Intra-Pacific-Islands,carrier,None,7,18,3848.0,6,529.7,360.5,75.5,1,40,1,0
CAB0014,2021,Intra-Pacific-Islands,carrier,None,8,18,3848.0,6,529.7,387.7,63.5,1,41,0,0
CAB0014,2022,Intra-Pacific-Islands,carrier,None,9,18,3848.0,6,529.7,424.3,39.1,1,43,0,0
CAB0014,2023,Intra-Pacific-Islands,carrier,None,10,18,3848.0,6,529.7,447.3,57.7,1,45,0,0
CAB0014,2024,Intra-Pacific-Islands,carrier,None,11,18,3848.0,6,529.7,486.7,55.0,1,48,0,1
CAB0014,2025,Intra-Pacific-Islands,carrier,None,12,18,3848.0,6,529.7,528.3,39.7,1,50,1,0
CAB0015,2015,Americas,consortium,Panama,1,7,6898.0,5,216.0,55.8,24.2,0,28,0,0
CAB0015,2016,Americas,consortium,Panama,2,7,6898.0,5,216.0,77.6,63.8,0,29,0,0
CAB0015,2017,Americas,consortium,Panama,3,7,6898.0,5,216.0,93.4,24.7,0,29,0,0
CAB0015,2018,Americas,consortium,Panama,4,7,6898.0,5,216.0,105.1,45.1,0,31,0,1
CAB0015,2019,Americas,consortium,Panama,5,7,6898.0,5,216.0,122.7,58.6,0,32,1,0
CAB0015,2020,Americas,consortium,Panama,6,7,6898.0,5,216.0,133.6,56.5,0,33,0,0
CAB0015,2021,Americas,consortium,Panama,7,7,6898.0,5,216.0,132.4,60.9,0,37,0,1
CAB0015,2022,Americas,consortium,Panama,8,7,6898.0,5,216.0,161.7,39.0,0,37,1,0
CAB0015,2023,Americas,consortium,Panama,9,7,6898.0,5,216.0,168.9,93.8,0,37,0,0
CAB0015,2024,Americas,consortium,Panama,10,7,6898.0,5,216.0,165.5,60.6,0,39,0,0
CAB0015,2025,Americas,consortium,Panama,11,7,6898.0,5,216.0,193.4,79.3,0,39,0,0
CAB0016,2018,Intra-Pacific-Islands,hyperscaler,None,0,21,3999.0,6,768.0,186.1,40.8,1,30,0,0
CAB0016,2019,Intra-Pacific-Islands,hyperscaler,None,1,21,3999.0,6,768.0,204.2,20.1,1,35,0,0
CAB0016,2020,Intra-Pacific-Islands,hyperscaler,None,2,21,3999.0,6,768.0,257.4,45.2,1,40,0,0
CAB0016,2021,Intra-Pacific-Islands,hyperscaler,None,3,21,3999.0,6,768.0,267.9,65.0,1,41,0,0
CAB0016,2022,Intra-Pacific-Islands,hyperscaler,None,4,21,3999.0,6,768.0,312.9,12.1,1,43,0,0
CAB0016,2023,Intra-Pacific-Islands,hyperscaler,None,5,21,3999.0,6,768.0,447.7,70.0,1,45,0,0
CAB0016,2024,Intra-Pacific-Islands,hyperscaler,None,6,21,3999.0,6,768.0,455.8,18.7,1,48,0,0
CAB0016,2025,Intra-Pacific-Islands,hyperscaler,None,7,21,3999.0,6,768.0,507.9,40.8,1,50,0,0
CAB0017,2016,Indian-Ocean,consortium,Suez,0,29,4184.0,7,977.7,220.9,81.5,1,33,0,1
CAB0017,2017,Indian-Ocean,consortium,Suez,1,29,4184.0,7,977.7,282.1,53.4,1,33,1,0
CAB0017,2018,Indian-Ocean,consortium,Suez,2,29,4184.0,7,977.7,298.8,64.9,1,35,0,0
CAB0017,2019,Indian-Ocean,consortium,Suez,3,29,4184.0,7,977.7,461.1,22.3,1,35,0,0
CAB0017,2020,Indian-Ocean,consortium,Suez,4,29,4184.0,7,977.7,469.7,23.3,1,36,0,0
CAB0017,2021,Indian-Ocean,consortium,Suez,5,29,4184.0,7,977.7,470.1,68.9,1,39,0,0
CAB0017,2022,Indian-Ocean,consortium,Suez,6,29,4184.0,7,977.7,621.4,39.0,1,39,0,0
CAB0017,2023,Indian-Ocean,consortium,Suez,7,29,4184.0,7,977.7,717.6,39.8,1,40,0,0
CAB0017,2024,Indian-Ocean,consortium,Suez,8,29,4184.0,7,977.7,745.3,47.5,1,41,0,0
CAB0017,2025,Indian-Ocean,consortium,Suez,9,29,4184.0,7,977.7,667.1,61.7,1,44,0,0
CAB0018,2015,Trans-Atlantic,consortium,None,5,4,6382.0,2,100.6,54.6,40.0,1,33,0,0
CAB0018,2016,Trans-Atlantic,consortium,None,6,4,6382.0,2,100.6,59.9,50.4,1,37,0,0
CAB0018,2017,Trans-Atlantic,consortium,None,7,4,6382.0,2,100.6,78.8,59.1,1,37,0,0
CAB0018,2018,Trans-Atlantic,consortium,None,8,4,6382.0,2,100.6,58.3,51.3,1,40,0,0
CAB0018,2019,Trans-Atlantic,consortium,None,9,4,6382.0,2,100.6,85.8,90.7,1,45,0,0
CAB0018,2020,Trans-Atlantic,consortium,None,10,4,6382.0,2,100.6,80.9,70.2,1,48,0,0
CAB0018,2021,Trans-Atlantic,consortium,None,11,4,6382.0,2,100.6,90.5,98.7,1,50,0,0
CAB0018,2022,Trans-Atlantic,consortium,None,12,4,6382.0,2,100.6,93.1,68.1,1,51,0,0
CAB0018,2023,Trans-Atlantic,consortium,None,13,4,6382.0,2,100.6,100.6,99.9,1,54,0,0
CAB0018,2024,Trans-Atlantic,consortium,None,14,4,6382.0,2,100.6,100.6,58.3,1,58,0,0
CAB0018,2025,Trans-Atlantic,consortium,None,15,4,6382.0,2,100.6,100.6,100.0,1,62,0,0
CAB0019,2015,Trans-Atlantic,carrier,None,14,2,7156.0,5,24.6,24.6,100.0,1,33,0,0
CAB0019,2016,Trans-Atlantic,carrier,None,15,2,7156.0,5,24.6,24.6,54.7,1,37,0,0
CAB0019,2017,Trans-Atlantic,carrier,None,16,2,7156.0,5,24.6,24.6,69.0,1,37,0,1
CAB0019,2018,Trans-Atlantic,carrier,None,17,2,7156.0,5,24.6,24.6,85.6,1,40,1,0
CAB0019,2019,Trans-Atlantic,carrier,None,18,2,7156.0,5,24.6,24.6,67.8,1,45,0,1
CAB0019,2020,Trans-Atlantic,carrier,None,19,2,7156.0,5,24.6,24.6,97.7,1,48,1,0
CAB0019,2021,Trans-Atlantic,carrier,None,20,2,7156.0,5,24.6,24.6,100.0,1,50,0,0
CAB0019,2022,Trans-Atlantic,carrier,None,21,2,7156.0,5,24.6,24.6,80.2,1,51,0,0
CAB0019,2023,Trans-Atlantic,carrier,None,22,2,7156.0,5,24.6,24.6,93.0,1,54,0,0
CAB0019,2024,Trans-Atlantic,carrier,None,23,2,7156.0,5,24.6,24.6,96.2,1,58,0,0
CAB0019,2025,Trans-Atlantic,carrier,None,24,2,7156.0,5,24.6,24.6,98.3,1,62,0,0
CAB0020,2015,Intra-Europe,consortium,None,8,22,1133.0,4,458.9,365.2,49.3,0,41,0,0
CAB0020,2016,Intra-Europe,consortium,None,9,22,1133.0,4,458.9,369.9,41.5,0,42,0,0
CAB0020,2017,Intra-Europe,consortium,None,10,22,1133.0,4,458.9,393.6,57.3,0,44,0,0
CAB0020,2018,Intra-Europe,consortium,None,11,22,1133.0,4,458.9,406.1,77.6,0,45,0,0
CAB0020,2019,Intra-Europe,consortium,None,12,22,1133.0,4,458.9,458.9,87.1,0,47,0,0
CAB0020,2020,Intra-Europe,consortium,None,13,22,1133.0,4,458.9,458.9,71.3,0,49,0,0
CAB0020,2021,Intra-Europe,consortium,None,14,22,1133.0,4,458.9,458.9,41.6,0,49,0,0
CAB0020,2022,Intra-Europe,consortium,None,15,22,1133.0,4,458.9,458.9,100.0,0,52,0,0
CAB0020,2023,Intra-Europe,consortium,None,16,22,1133.0,4,458.9,458.9,64.4,0,53,0,0
CAB0020,2024,Intra-Europe,consortium,None,17,22,1133.0,4,458.9,458.9,87.9,0,53,0,0
CAB0020,2025,Intra-Europe,consortium,None,18,22,1133.0,4,458.9,458.9,70.4,0,58,0,0
CAB0021,2015,Intra-Pacific-Islands,hyperscaler,None,5,16,2702.0,5,402.3,243.2,68.7,0,28,0,0
CAB0021,2016,Intra-Pacific-Islands,hyperscaler,None,6,16,2702.0,5,402.3,240.9,56.4,0,29,0,0
CAB0021,2017,Intra-Pacific-Islands,hyperscaler,None,7,16,2702.0,5,402.3,245.7,69.6,0,29,0,0
CAB0021,2018,Intra-Pacific-Islands,hyperscaler,None,8,16,2702.0,5,402.3,273.3,68.8,0,30,0,0
CAB0021,2019,Intra-Pacific-Islands,hyperscaler,None,9,16,2702.0,5,402.3,291.4,60.9,0,35,0,0
CAB0021,2020,Intra-Pacific-Islands,hyperscaler,None,10,16,2702.0,5,402.3,326.3,74.1,0,40,0,1
CAB0021,2021,Intra-Pacific-Islands,hyperscaler,None,11,16,2702.0,5,402.3,373.7,41.8,0,41,1,0
CAB0021,2022,Intra-Pacific-Islands,hyperscaler,None,12,16,2702.0,5,402.3,373.1,71.9,0,43,0,0
CAB0021,2023,Intra-Pacific-Islands,hyperscaler,None,13,16,2702.0,5,402.3,402.3,49.4,0,45,0,0
CAB0021,2024,Intra-Pacific-Islands,hyperscaler,None,14,16,2702.0,5,402.3,402.3,52.8,0,48,0,1
CAB0021,2025,Intra-Pacific-Islands,hyperscaler,None,15,16,2702.0,5,402.3,402.3,92.9,0,50,1,0
CAB0022,2015,Intra-Europe,consortium,None,2,6,1546.0,6,176.6,76.5,49.6,0,41,0,0
CAB0022,2016,Intra-Europe,consortium,None,3,6,1546.0,6,176.6,85.1,30.0,0,42,0,0
CAB0022,2017,Intra-Europe,consortium,None,4,6,1546.0,6,176.6,84.1,20.5,0,44,0,0
CAB0022,2018,Intra-Europe,consortium,None,5,6,1546.0,6,176.6,84.2,30.8,0,45,0,0
CAB0022,2019,Intra-Europe,consortium,None,6,6,1546.0,6,176.6,119.7,45.0,0,47,0,0
CAB0022,2020,Intra-Europe,consortium,None,7,6,1546.0,6,176.6,114.0,40.4,0,49,0,0
CAB0022,2021,Intra-Europe,consortium,None,8,6,1546.0,6,176.6,122.2,46.0,0,49,0,0
CAB0022,2022,Intra-Europe,consortium,None,9,6,1546.0,6,176.6,150.8,39.2,0,52,0,0
CAB0022,2023,Intra-Europe,consortium,None,10,6,1546.0,6,176.6,148.8,58.0,0,53,0,0
CAB0022,2024,Intra-Europe,consortium,None,11,6,1546.0,6,176.6,154.7,30.2,0,53,0,0
CAB0022,2025,Intra-Europe,consortium,None,12,6,1546.0,6,176.6,170.9,70.1,0,58,0,0
CAB0023,2015,Intra-Asia,government,Malacca,8,22,4065.0,6,458.9,356.3,69.5,1,53,0,0
CAB0023,2016,Intra-Asia,government,Malacca,9,22,4065.0,6,458.9,372.7,80.7,1,59,0,1
CAB0023,2017,Intra-Asia,government,Malacca,10,22,4065.0,6,458.9,369.8,36.6,1,60,1,0
CAB0023,2018,Intra-Asia,government,Malacca,11,22,4065.0,6,458.9,426.4,93.9,1,62,0,0
CAB0023,2019,Intra-Asia,government,Malacca,12,22,4065.0,6,458.9,457.9,68.4,1,64,0,0
CAB0023,2020,Intra-Asia,government,Malacca,13,22,4065.0,6,458.9,458.9,61.0,1,66,0,1
CAB0023,2021,Intra-Asia,government,Malacca,14,22,4065.0,6,458.9,458.9,77.0,1,69,1,0
CAB0023,2022,Intra-Asia,government,Malacca,15,22,4065.0,6,458.9,458.9,78.0,1,70,0,0
CAB0023,2023,Intra-Asia,government,Malacca,16,22,4065.0,6,458.9,458.9,44.3,1,70,0,0
CAB0023,2024,Intra-Asia,government,Malacca,17,22,4065.0,6,458.9,458.9,69.6,1,75,0,0
CAB0023,2025,Intra-Asia,government,Malacca,18,22,4065.0,6,458.9,458.9,81.9,1,77,0,0
CAB0024,2015,Intra-Pacific-Islands,consortium,None,15,4,1599.0,5,43.4,43.4,42.0,1,28,0,0
CAB0024,2016,Intra-Pacific-Islands,consortium,None,16,4,1599.0,5,43.4,43.4,77.3,1,29,0,0
CAB0024,2017,Intra-Pacific-Islands,consortium,None,17,4,1599.0,5,43.4,43.4,100.0,1,29,0,0
CAB0024,2018,Intra-Pacific-Islands,consortium,None,18,4,1599.0,5,43.4,43.4,79.6,1,30,0,0
CAB0024,2019,Intra-Pacific-Islands,consortium,None,19,4,1599.0,5,43.4,43.4,94.7,1,35,0,0
CAB0024,2020,Intra-Pacific-Islands,consortium,None,20,4,1599.0,5,43.4,43.4,100.0,1,40,0,0
CAB0024,2021,Intra-Pacific-Islands,consortium,None,21,4,1599.0,5,43.4,43.4,100.0,1,41,0,1
CAB0024,2022,Intra-Pacific-Islands,consortium,None,22,4,1599.0,5,43.4,43.4,62.3,1,43,1,0
CAB0024,2023,Intra-Pacific-Islands,consortium,None,23,4,1599.0,5,43.4,43.4,100.0,1,45,0,0
CAB0024,2024,Intra-Pacific-Islands,consortium,None,24,4,1599.0,5,43.4,43.4,78.0,1,48,0,1
CAB0024,2025,Intra-Pacific-Islands,consortium,None,25,4,1599.0,5,43.4,43.4,75.5,1,50,1,0
CAB0025,2015,Trans-Atlantic,consortium,None,15,8,5172.0,4,86.9,86.9,65.8,0,33,0,0
CAB0025,2016,Trans-Atlantic,consortium,None,16,8,5172.0,4,86.9,86.9,77.5,0,37,0,0
CAB0025,2017,Trans-Atlantic,consortium,None,17,8,5172.0,4,86.9,86.9,60.1,0,37,0,0
CAB0025,2018,Trans-Atlantic,consortium,None,18,8,5172.0,4,86.9,86.9,78.2,0,40,0,1
CAB0025,2019,Trans-Atlantic,consortium,None,19,8,5172.0,4,86.9,86.9,100.0,0,45,1,0
CAB0025,2020,Trans-Atlantic,consortium,None,20,8,5172.0,4,86.9,86.9,74.3,0,48,0,0
CAB0025,2021,Trans-Atlantic,consortium,None,21,8,5172.0,4,86.9,86.9,67.1,0,50,0,0
CAB0025,2022,Trans-Atlantic,consortium,None,22,8,5172.0,4,86.9,86.9,88.7,0,51,0,1
CAB0025,2023,Trans-Atlantic,consortium,None,23,8,5172.0,4,86.9,86.9,100.0,0,54,1,0
CAB0025,2024,Trans-Atlantic,consortium,None,24,8,5172.0,4,86.9,86.9,64.8,0,58,0,0
CAB0026,2022,Intra-Europe,hyperscaler,None,0,5,1306.0,4,211.4,72.3,29.5,0,52,0,0
CAB0026,2023,Intra-Europe,hyperscaler,None,1,5,1306.0,4,211.4,65.5,73.0,0,53,0,0
CAB0026,2024,Intra-Europe,hyperscaler,None,2,5,1306.0,4,211.4,62.4,59.1,0,53,0,0
CAB0026,2025,Intra-Europe,hyperscaler,None,3,5,1306.0,4,211.4,84.7,57.5,0,58,0,0
CAB0027,2015,Intra-Pacific-Islands,hyperscaler,None,0,4,917.0,8,129.1,43.6,26.0,1,28,0,0
CAB0027,2016,Intra-Pacific-Islands,hyperscaler,None,1,4,917.0,8,129.1,42.5,55.4,1,29,0,0
CAB0027,2017,Intra-Pacific-Islands,hyperscaler,None,2,4,917.0,8,129.1,37.4,44.2,1,29,0,0
CAB0027,2018,Intra-Pacific-Islands,hyperscaler,None,3,4,917.0,8,129.1,57.4,11.4,1,30,0,0
CAB0027,2019,Intra-Pacific-Islands,hyperscaler,None,4,4,917.0,8,129.1,67.5,41.7,1,35,0,0
CAB0027,2020,Intra-Pacific-Islands,hyperscaler,None,5,4,917.0,8,129.1,70.1,61.4,1,40,0,0
CAB0027,2021,Intra-Pacific-Islands,hyperscaler,None,6,4,917.0,8,129.1,84.0,98.0,1,41,0,0
CAB0027,2022,Intra-Pacific-Islands,hyperscaler,None,7,4,917.0,8,129.1,88.9,65.9,1,43,0,0
CAB0027,2023,Intra-Pacific-Islands,hyperscaler,None,8,4,917.0,8,129.1,94.0,22.5,1,45,0,0
CAB0027,2024,Intra-Pacific-Islands,hyperscaler,None,9,4,917.0,8,129.1,96.6,67.4,1,48,0,0
CAB0027,2025,Intra-Pacific-Islands,hyperscaler,None,10,4,917.0,8,129.1,109.4,74.1,1,50,0,0
CAB0028,2015,Intra-Asia,carrier,None,1,9,3158.0,5,277.7,85.0,44.3,1,53,0,1
CAB0028,2016,Intra-Asia,carrier,None,2,9,3158.0,5,277.7,90.8,18.5,1,59,1,0
CAB0028,2017,Intra-Asia,carrier,None,3,9,3158.0,5,277.7,133.0,34.3,1,60,0,0
CAB0028,2018,Intra-Asia,carrier,None,4,9,3158.0,5,277.7,151.0,62.0,1,62,0,0
CAB0028,2019,Intra-Asia,carrier,None,5,9,3158.0,5,277.7,181.6,57.2,1,64,0,0
CAB0028,2020,Intra-Asia,carrier,None,6,9,3158.0,5,277.7,167.8,53.9,1,66,0,0
CAB0028,2021,Intra-Asia,carrier,None,7,9,3158.0,5,277.7,192.0,22.9,1,69,0,0
CAB0028,2022,Intra-Asia,carrier,None,8,9,3158.0,5,277.7,208.8,82.0,1,70,0,0
CAB0028,2023,Intra-Asia,carrier,None,9,9,3158.0,5,277.7,210.2,56.4,1,70,0,0
CAB0028,2024,Intra-Asia,carrier,None,10,9,3158.0,5,277.7,220.2,47.5,1,75,0,0
CAB0028,2025,Intra-Asia,carrier,None,11,9,3158.0,5,277.7,258.0,24.8,1,77,0,0
CAB0029,2015,Intra-Asia,consortium,None,17,4,6063.0,8,32.0,32.0,50.1,1,53,0,0
CAB0029,2016,Intra-Asia,consortium,None,18,4,6063.0,8,32.0,32.0,47.8,1,59,0,0
CAB0029,2017,Intra-Asia,consortium,None,19,4,6063.0,8,32.0,32.0,62.8,1,60,0,0
CAB0029,2018,Intra-Asia,consortium,None,20,4,6063.0,8,32.0,32.0,78.8,1,62,0,0
CAB0029,2019,Intra-Asia,consortium,None,21,4,6063.0,8,32.0,32.0,46.6,1,64,0,1
CAB0029,2020,Intra-Asia,consortium,None,22,4,6063.0,8,32.0,32.0,86.8,1,66,1,0
CAB0029,2021,Intra-Asia,consortium,None,23,4,6063.0,8,32.0,32.0,97.6,1,69,0,1
CAB0029,2022,Intra-Asia,consortium,None,24,4,6063.0,8,32.0,32.0,84.5,1,70,1,1
CAB0029,2023,Intra-Asia,consortium,None,25,4,6063.0,8,32.0,32.0,100.0,1,70,1,0
CAB0029,2024,Intra-Asia,consortium,None,26,4,6063.0,8,32.0,32.0,83.5,1,75,0,0
CAB0029,2025,Intra-Asia,consortium,None,27,4,6063.0,8,32.0,32.0,87.9,1,77,0,0
CAB0030,2015,Intra-Europe,consortium,None,15,5,1560.0,5,54.3,54.3,95.6,1,41,0,0
CAB0030,2016,Intra-Europe,consortium,None,16,5,1560.0,5,54.3,54.3,88.8,1,42,0,0
CAB0030,2017,Intra-Europe,consortium,None,17,5,1560.0,5,54.3,54.3,74.2,1,44,0,0
CAB0030,2018,Intra-Europe,consortium,None,18,5,1560.0,5,54.3,54.3,100.0,1,45,0,0
CAB0030,2019,Intra-Europe,consortium,None,19,5,1560.0,5,54.3,54.3,58.6,1,47,0,1
CAB0030,2020,Intra-Europe,consortium,None,20,5,1560.0,5,54.3,54.3,53.6,1,49,1,0
CAB0030,2021,Intra-Europe,consortium,None,21,5,1560.0,5,54.3,54.3,60.7,1,49,0,0
CAB0030,2022,Intra-Europe,consortium,None,22,5,1560.0,5,54.3,54.3,55.1,1,52,0,0
CAB0030,2023,Intra-Europe,consortium,None,23,5,1560.0,5,54.3,54.3,87.0,1,53,0,0
CAB0030,2024,Intra-Europe,consortium,None,24,5,1560.0,5,54.3,54.3,100.0,1,53,0,0
CAB0030,2025,Intra-Europe,consortium,None,25,5,1560.0,5,54.3,54.3,100.0,1,58,0,0
CAB0031,2015,Trans-Atlantic,consortium,None,17,9,5464.0,6,72.0,72.0,100.0,0,33,0,1
CAB0031,2016,Trans-Atlantic,consortium,None,18,9,5464.0,6,72.0,72.0,81.2,0,37,1,0
CAB0031,2017,Trans-Atlantic,consortium,None,19,9,5464.0,6,72.0,72.0,71.6,0,37,0,0
CAB0031,2018,Trans-Atlantic,consortium,None,20,9,5464.0,6,72.0,72.0,56.0,0,40,0,0
CAB0031,2019,Trans-Atlantic,consortium,None,21,9,5464.0,6,72.0,72.0,72.3,0,45,0,0
CAB0031,2020,Trans-Atlantic,consortium,None,22,9,5464.0,6,72.0,72.0,100.0,0,48,0,0
CAB0031,2021,Trans-Atlantic,consortium,None,23,9,5464.0,6,72.0,72.0,82.7,0,50,0,0
CAB0031,2022,Trans-Atlantic,consortium,None,24,9,5464.0,6,72.0,72.0,90.7,0,51,0,0
CAB0031,2023,Trans-Atlantic,consortium,None,25,9,5464.0,6,72.0,72.0,100.0,0,54,0,0
CAB0031,2024,Trans-Atlantic,consortium,None,26,9,5464.0,6,72.0,72.0,100.0,0,58,0,0
CAB0031,2025,Trans-Atlantic,consortium,None,27,9,5464.0,6,72.0,72.0,59.3,0,62,0,0
CAB0032,2015,Trans-Pacific,carrier,None,2,9,11479.0,8,264.9,100.1,46.6,0,35,0,0
CAB0032,2016,Trans-Pacific,carrier,None,3,9,11479.0,8,264.9,86.9,37.4,0,37,0,0
CAB0032,2017,Trans-Pacific,carrier,None,4,9,11479.0,8,264.9,128.7,22.8,0,38,0,0
CAB0032,2018,Trans-Pacific,carrier,None,5,9,11479.0,8,264.9,150.4,58.3,0,39,0,0
CAB0032,2019,Trans-Pacific,carrier,None,6,9,11479.0,8,264.9,174.4,33.3,0,41,0,1
CAB0032,2020,Trans-Pacific,carrier,None,7,9,11479.0,8,264.9,159.5,64.1,0,42,1,0
CAB0032,2021,Trans-Pacific,carrier,None,8,9,11479.0,8,264.9,227.3,22.3,0,43,0,0
CAB0032,2022,Trans-Pacific,carrier,None,9,9,11479.0,8,264.9,188.2,91.2,0,45,0,0
CAB0032,2023,Trans-Pacific,carrier,None,10,9,11479.0,8,264.9,215.1,41.8,0,47,0,1
CAB0032,2024,Trans-Pacific,carrier,None,11,9,11479.0,8,264.9,233.8,79.7,0,49,1,0
CAB0032,2025,Trans-Pacific,carrier,None,12,9,11479.0,8,264.9,264.9,47.9,0,50,0,0
CAB0033,2015,Americas,consortium,None,16,7,4997.0,4,66.0,66.0,70.1,1,28,0,0
CAB0033,2016,Americas,consortium,None,17,7,4997.0,4,66.0,66.0,78.1,1,29,0,1
CAB0033,2017,Americas,consortium,None,18,7,4997.0,4,66.0,66.0,65.3,1,29,1,0
CAB0033,2018,Americas,consortium,None,19,7,4997.0,4,66.0,66.0,44.8,1,31,0,0
CAB0033,2019,Americas,consortium,None,20,7,4997.0,4,66.0,66.0,100.0,1,32,0,1
CAB0033,2020,Americas,consortium,None,21,7,4997.0,4,66.0,66.0,47.0,1,33,1,0
CAB0033,2021,Americas,consortium,None,22,7,4997.0,4,66.0,66.0,62.7,1,37,0,1
CAB0033,2022,Americas,consortium,None,23,7,4997.0,4,66.0,66.0,74.5,1,37,1,1
CAB0033,2023,Americas,consortium,None,24,7,4997.0,4,66.0,66.0,79.1,1,37,1,1
CAB0033,2024,Americas,consortium,None,25,7,4997.0,4,66.0,66.0,92.0,1,39,1,1
CAB0033,2025,Americas,consortium,None,26,7,4997.0,4,66.0,66.0,64.8,1,39,1,0
CAB0034,2015,Intra-Asia,hyperscaler,None,8,22,3485.0,9,458.9,301.7,35.7,0,53,0,0
CAB0034,2016,Intra-Asia,hyperscaler,None,9,22,3485.0,9,458.9,357.0,43.0,0,59,0,0
CAB0034,2017,Intra-Asia,hyperscaler,None,10,22,3485.0,9,458.9,370.3,51.2,0,60,0,0
CAB0034,2018,Intra-Asia,hyperscaler,None,11,22,3485.0,9,458.9,397.2,31.5,0,62,0,0
CAB0034,2019,Intra-Asia,hyperscaler,None,12,22,3485.0,9,458.9,420.1,45.2,0,64,0,0
CAB0034,2020,Intra-Asia,hyperscaler,None,13,22,3485.0,9,458.9,458.9,48.0,0,66,0,0
CAB0034,2021,Intra-Asia,hyperscaler,None,14,22,3485.0,9,458.9,458.9,63.5,0,69,0,0
CAB0034,2022,Intra-Asia,hyperscaler,None,15,22,3485.0,9,458.9,458.9,59.8,0,70,0,0
CAB0034,2023,Intra-Asia,hyperscaler,None,16,22,3485.0,9,458.9,458.9,41.7,0,70,0,1
CAB0034,2024,Intra-Asia,hyperscaler,None,17,22,3485.0,9,458.9,458.9,100.0,0,75,1,1
CAB0034,2025,Intra-Asia,hyperscaler,None,18,22,3485.0,9,458.9,458.9,72.2,0,77,1,0
CAB0035,2015,Indian-Ocean,carrier,None,17,21,10679.0,7,168.0,168.0,86.1,0,31,0,0
CAB0035,2016,Indian-Ocean,carrier,None,18,21,10679.0,7,168.0,168.0,100.0,0,33,0,1
CAB0035,2017,Indian-Ocean,carrier,None,19,21,10679.0,7,168.0,168.0,77.8,0,33,1,0
CAB0035,2018,Indian-Ocean,carrier,None,20,21,10679.0,7,168.0,168.0,78.4,0,35,0,1
CAB0035,2019,Indian-Ocean,carrier,None,21,21,10679.0,7,168.0,168.0,100.0,0,35,1,1
CAB0035,2020,Indian-Ocean,carrier,None,22,21,10679.0,7,168.0,168.0,96.0,0,36,1,0
CAB0035,2021,Indian-Ocean,carrier,None,23,21,10679.0,7,168.0,168.0,51.4,0,39,0,0
CAB0035,2022,Indian-Ocean,carrier,None,24,21,10679.0,7,168.0,168.0,80.8,0,39,0,0
CAB0035,2023,Indian-Ocean,carrier,None,25,21,10679.0,7,168.0,168.0,94.8,0,40,0,1
CAB0036,2025,Intra-Europe,carrier,None,0,12,767.0,4,558.9,114.3,61.1,1,58,0,0
CAB0037,2015,Intra-Europe,hyperscaler,None,17,2,2867.0,4,16.0,16.0,67.4,1,41,1,0
CAB0037,2016,Intra-Europe,hyperscaler,None,18,2,2867.0,4,16.0,16.0,99.3,1,42,0,0
CAB0037,2017,Intra-Europe,hyperscaler,None,19,2,2867.0,4,16.0,16.0,90.0,1,44,0,0
CAB0037,2018,Intra-Europe,hyperscaler,None,20,2,2867.0,4,16.0,16.0,100.0,1,45,0,0
CAB0037,2019,Intra-Europe,hyperscaler,None,21,2,2867.0,4,16.0,16.0,92.8,1,47,0,1
CAB0037,2020,Intra-Europe,hyperscaler,None,22,2,2867.0,4,16.0,16.0,100.0,1,49,1,0
CAB0037,2021,Intra-Europe,hyperscaler,None,23,2,2867.0,4,16.0,16.0,100.0,1,49,0,0
CAB0037,2022,Intra-Europe,hyperscaler,None,24,2,2867.0,4,16.0,16.0,58.7,1,52,0,0
CAB0038,2021,Trans-Pacific,hyperscaler,None,0,34,14212.0,5,1389.1,290.8,41.6,0,43,0,0
CAB0038,2022,Trans-Pacific,hyperscaler,None,1,34,14212.0,5,1389.1,470.0,51.0,0,45,0,0
CAB0038,2023,Trans-Pacific,hyperscaler,None,2,34,14212.0,5,1389.1,464.6,16.7,0,47,0,0
CAB0038,2024,Trans-Pacific,hyperscaler,None,3,34,14212.0,5,1389.1,638.6,50.0,0,49,0,1
CAB0038,2025,Trans-Pacific,hyperscaler,None,4,34,14212.0,5,1389.1,659.5,42.5,0,50,1,0
CAB0039,2021,Americas,consortium,None,0,34,2280.0,3,1389.1,150.2,55.3,1,37,0,0
CAB0039,2022,Americas,consortium,None,1,34,2280.0,3,1389.1,432.6,14.5,1,37,0,0
CAB0039,2023,Americas,consortium,None,2,34,2280.0,3,1389.1,502.1,42.9,1,37,0,0
CAB0039,2024,Americas,consortium,None,3,34,2280.0,3,1389.1,621.0,33.9,1,39,0,0
CAB0039,2025,Americas,consortium,None,4,34,2280.0,3,1389.1,764.1,45.9,1,39,0,0
CAB0040,2015,Americas,carrier,None,13,4,8338.0,4,54.9,54.8,44.4,1,28,1,0
CAB0040,2016,Americas,carrier,None,14,4,8338.0,4,54.9,54.9,42.3,1,29,0,1
CAB0040,2017,Americas,carrier,None,15,4,8338.0,4,54.9,54.9,57.9,1,29,1,0
CAB0040,2018,Americas,carrier,None,16,4,8338.0,4,54.9,54.9,54.2,1,31,0,0
CAB0040,2019,Americas,carrier,None,17,4,8338.0,4,54.9,54.9,89.5,1,32,0,1
CAB0040,2020,Americas,carrier,None,18,4,8338.0,4,54.9,54.9,62.1,1,33,1,0
CAB0040,2021,Americas,carrier,None,19,4,8338.0,4,54.9,54.9,49.7,1,37,0,1
CAB0040,2022,Americas,carrier,None,20,4,8338.0,4,54.9,54.9,100.0,1,37,1,0
CAB0040,2023,Americas,carrier,None,21,4,8338.0,4,54.9,54.9,57.1,1,37,0,0
CAB0040,2024,Americas,carrier,None,22,4,8338.0,4,54.9,54.9,100.0,1,39,0,0
CAB0040,2025,Americas,carrier,None,23,4,8338.0,4,54.9,54.9,70.0,1,39,0,0
CAB0041,2019,Intra-Pacific-Islands,consortium,None,0,10,207.0,7,380.0,99.9,36.1,1,35,0,0
CAB0041,2020,Intra-Pacific-Islands,consortium,None,1,10,207.0,7,380.0,136.4,23.6,1,40,0,1
CAB0041,2021,Intra-Pacific-Islands,consortium,None,2,10,207.0,7,380.0,132.1,32.8,1,41,1,0
CAB0041,2022,Intra-Pacific-Islands,consortium,None,3,10,207.0,7,380.0,166.1,31.6,1,43,0,0
CAB0041,2023,Intra-Pacific-Islands,consortium,None,4,10,207.0,7,380.0,205.1,67.3,1,45,0,0
CAB0041,2024,Intra-Pacific-Islands,consortium,None,5,10,207.0,7,380.0,206.8,83.2,1,48,0,0
CAB0041,2025,Intra-Pacific-Islands,consortium,None,6,10,207.0,7,380.0,246.8,25.5,1,50,0,0
CAB0042,2015,Intra-Europe,carrier,None,8,22,632.0,9,458.9,359.6,42.0,1,41,0,0
CAB0042,2016,Intra-Europe,carrier,None,9,22,632.0,9,458.9,326.1,83.0,1,42,0,0
CAB0042,2017,Intra-Europe,carrier,None,10,22,632.0,9,458.9,352.7,66.1,1,44,0,0
CAB0042,2018,Intra-Europe,carrier,None,11,22,632.0,9,458.9,436.5,43.8,1,45,0,0
CAB0042,2019,Intra-Europe,carrier,None,12,22,632.0,9,458.9,458.9,41.0,1,47,0,0
CAB0042,2020,Intra-Europe,carrier,None,13,22,632.0,9,458.9,434.2,82.4,1,49,0,0
CAB0042,2021,Intra-Europe,carrier,None,14,22,632.0,9,458.9,458.9,89.4,1,49,0,0
CAB0042,2022,Intra-Europe,carrier,None,15,22,632.0,9,458.9,458.9,88.1,1,52,0,0
CAB0042,2023,Intra-Europe,carrier,None,16,22,632.0,9,458.9,458.9,64.3,1,53,0,0
CAB0042,2024,Intra-Europe,carrier,None,17,22,632.0,9,458.9,458.9,67.7,1,53,0,0
CAB0042,2025,Intra-Europe,carrier,None,18,22,632.0,9,458.9,458.9,100.0,1,58,0,0
CAB0043,2015,EMEA-Asia,hyperscaler,None,11,6,18857.0,4,99.4,88.7,30.5,1,27,1,1
CAB0043,2016,EMEA-Asia,hyperscaler,None,12,6,18857.0,4,99.4,98.9,46.3,1,29,1,0
CAB0043,2017,EMEA-Asia,hyperscaler,None,13,6,18857.0,4,99.4,99.4,42.1,1,32,0,0
CAB0043,2018,EMEA-Asia,hyperscaler,None,14,6,18857.0,4,99.4,99.4,51.1,1,34,0,0
CAB0043,2019,EMEA-Asia,hyperscaler,None,15,6,18857.0,4,99.4,99.4,69.8,1,37,0,0
CAB0043,2020,EMEA-Asia,hyperscaler,None,16,6,18857.0,4,99.4,99.4,92.8,1,40,0,0
CAB0043,2021,EMEA-Asia,hyperscaler,None,17,6,18857.0,4,99.4,99.4,65.2,1,44,0,0
CAB0043,2022,EMEA-Asia,hyperscaler,None,18,6,18857.0,4,99.4,99.4,39.8,1,45,0,0
CAB0043,2023,EMEA-Asia,hyperscaler,None,19,6,18857.0,4,99.4,99.4,40.1,1,47,0,0
CAB0043,2024,EMEA-Asia,hyperscaler,None,20,6,18857.0,4,99.4,99.4,80.3,1,48,0,0
CAB0043,2025,EMEA-Asia,hyperscaler,None,21,6,18857.0,4,99.4,99.4,82.0,1,47,0,0
CAB0044,2025,Americas,consortium,None,0,48,7140.0,4,2235.4,537.4,30.3,1,39,0,0
CAB0046,2018,Trans-Atlantic,consortium,None,0,7,6735.0,5,256.0,57.1,32.4,1,40,0,0
CAB0046,2019,Trans-Atlantic,consortium,None,1,7,6735.0,5,256.0,102.6,39.9,1,45,0,0
CAB0046,2020,Trans-Atlantic,consortium,None,2,7,6735.0,5,256.0,122.6,62.3,1,48,0,0
CAB0046,2021,Trans-Atlantic,consortium,None,3,7,6735.0,5,256.0,107.8,46.3,1,50,0,0
CAB0046,2022,Trans-Atlantic,consortium,None,4,7,6735.0,5,256.0,137.6,45.6,1,51,0,0
CAB0046,2023,Trans-Atlantic,consortium,None,5,7,6735.0,5,256.0,145.1,52.0,1,54,0,0
CAB0046,2024,Trans-Atlantic,consortium,None,6,7,6735.0,5,256.0,158.5,35.0,1,58,0,0
CAB0046,2025,Trans-Atlantic,consortium,None,7,7,6735.0,5,256.0,182.8,38.5,1,62,0,0
CAB0047,2015,Trans-Pacific,consortium,None,9,5,9094.0,6,97.1,74.4,64.2,1,35,0,0
CAB0047,2016,Trans-Pacific,consortium,None,10,5,9094.0,6,97.1,81.5,58.2,1,37,0,0
CAB0047,2017,Trans-Pacific,consortium,None,11,5,9094.0,6,97.1,77.0,98.5,1,38,0,0
CAB0047,2018,Trans-Pacific,consortium,None,12,5,9094.0,6,97.1,85.7,78.5,1,39,0,0
CAB0047,2019,Trans-Pacific,consortium,None,13,5,9094.0,6,97.1,97.1,73.9,1,41,0,0
CAB0047,2020,Trans-Pacific,consortium,None,14,5,9094.0,6,97.1,97.1,37.2,1,42,0,0
CAB0047,2021,Trans-Pacific,consortium,None,15,5,9094.0,6,97.1,97.1,41.4,1,43,0,0
CAB0047,2022,Trans-Pacific,consortium,None,16,5,9094.0,6,97.1,97.1,83.9,1,45,0,0
CAB0047,2023,Trans-Pacific,consortium,None,17,5,9094.0,6,97.1,97.1,100.0,1,47,0,0
CAB0047,2024,Trans-Pacific,consortium,None,18,5,9094.0,6,97.1,97.1,100.0,1,49,0,0
CAB0047,2025,Trans-Pacific,consortium,None,19,5,9094.0,6,97.1,97.1,81.5,1,50,0,0
CAB0048,2015,Indian-Ocean,government,None,13,11,12988.0,7,150.9,150.9,69.9,1,31,0,0
CAB0048,2016,Indian-Ocean,government,None,14,11,12988.0,7,150.9,150.9,37.5,1,33,0,0
CAB0048,2017,Indian-Ocean,government,None,15,11,12988.0,7,150.9,150.9,51.0,1,33,0,0
CAB0048,2018,Indian-Ocean,government,None,16,11,12988.0,7,150.9,150.9,49.9,1,35,0,0
CAB0048,2019,Indian-Ocean,government,None,17,11,12988.0,7,150.9,150.9,100.0,1,35,0,1
CAB0048,2020,Indian-Ocean,government,None,18,11,12988.0,7,150.9,150.9,97.4,1,36,1,0
CAB0048,2021,Indian-Ocean,government,None,19,11,12988.0,7,150.9,150.9,100.0,1,39,0,0
CAB0048,2022,Indian-Ocean,government,None,20,11,12988.0,7,150.9,150.9,52.6,1,39,0,1
CAB0048,2023,Indian-Ocean,government,None,21,11,12988.0,7,150.9,150.9,70.5,1,40,1,0
CAB0048,2024,Indian-Ocean,government,None,22,11,12988.0,7,150.9,150.9,64.6,1,41,0,0
CAB0048,2025,Indian-Ocean,government,None,23,11,12988.0,7,150.9,150.9,93.9,1,44,0,0
CAB0049,2015,Africa-Coastal,carrier,None,4,6,3421.0,3,159.4,80.1,50.9,0,36,0,1
CAB0049,2016,Africa-Coastal,carrier,None,5,6,3421.0,3,159.4,90.1,83.1,0,37,1,0
CAB0049,2017,Africa-Coastal,carrier,None,6,6,3421.0,3,159.4,96.0,46.0,0,40,0,0
CAB0049,2018,Africa-Coastal,carrier,None,7,6,3421.0,3,159.4,105.8,72.0,0,40,0,0
CAB0049,2019,Africa-Coastal,carrier,None,8,6,3421.0,3,159.4,124.1,96.7,0,42,0,0
CAB0049,2020,Africa-Coastal,carrier,None,9,6,3421.0,3,159.4,126.2,30.9,0,43,0,1
CAB0049,2021,Africa-Coastal,carrier,None,10,6,3421.0,3,159.4,147.6,68.0,0,44,1,1
CAB0049,2022,Africa-Coastal,carrier,None,11,6,3421.0,3,159.4,141.1,73.8,0,45,1,1
CAB0049,2023,Africa-Coastal,carrier,None,12,6,3421.0,3,159.4,159.4,98.1,0,47,1,1
CAB0049,2024,Africa-Coastal,carrier,None,13,6,3421.0,3,159.4,156.9,68.5,0,49,1,0
CAB0049,2025,Africa-Coastal,carrier,None,14,6,3421.0,3,159.4,159.4,81.7,0,52,0,0
CAB0051,2015,Intra-Asia,hyperscaler,None,16,2,5223.0,3,18.9,18.9,51.5,1,53,0,0
CAB0051,2016,Intra-Asia,hyperscaler,None,17,2,5223.0,3,18.9,18.9,91.3,1,59,0,0
CAB0051,2017,Intra-Asia,hyperscaler,None,18,2,5223.0,3,18.9,18.9,96.4,1,60,0,0
CAB0051,2018,Intra-Asia,hyperscaler,None,19,2,5223.0,3,18.9,18.9,97.2,1,62,0,0
CAB0051,2019,Intra-Asia,hyperscaler,None,20,2,5223.0,3,18.9,18.9,61.4,1,64,0,0
CAB0051,2020,Intra-Asia,hyperscaler,None,21,2,5223.0,3,18.9,18.9,94.6,1,66,0,0
CAB0051,2021,Intra-Asia,hyperscaler,None,22,2,5223.0,3,18.9,18.9,61.9,1,69,0,0
CAB0051,2022,Intra-Asia,hyperscaler,None,23,2,5223.0,3,18.9,18.9,100.0,1,70,0,0
CAB0051,2023,Intra-Asia,hyperscaler,None,24,2,5223.0,3,18.9,18.9,65.9,1,70,0,0
CAB0051,2024,Intra-Asia,hyperscaler,None,25,2,5223.0,3,18.9,18.9,67.4,1,75,0,0
CAB0051,2025,Intra-Asia,hyperscaler,None,26,2,5223.0,3,18.9,18.9,100.0,1,77,0,1
CAB0052,2015,Indian-Ocean,carrier,Bab-el-Mandeb,0,7,4580.0,6,226.0,48.7,20.8,1,31,0,0
CAB0052,2016,Indian-Ocean,carrier,Bab-el-Mandeb,1,7,4580.0,6,226.0,78.6,59.8,1,33,0,1
CAB0052,2017,Indian-Ocean,carrier,Bab-el-Mandeb,2,7,4580.0,6,226.0,79.1,73.3,1,33,1,0
CAB0052,2018,Indian-Ocean,carrier,Bab-el-Mandeb,3,7,4580.0,6,226.0,103.8,60.4,1,35,0,0
CAB0052,2019,Indian-Ocean,carrier,Bab-el-Mandeb,4,7,4580.0,6,226.0,101.7,37.5,1,35,0,0
CAB0052,2020,Indian-Ocean,carrier,Bab-el-Mandeb,5,7,4580.0,6,226.0,117.9,64.1,1,36,0,0
CAB0052,2021,Indian-Ocean,carrier,Bab-el-Mandeb,6,7,4580.0,6,226.0,132.1,56.3,1,39,0,0
CAB0052,2022,Indian-Ocean,carrier,Bab-el-Mandeb,7,7,4580.0,6,226.0,157.8,61.7,1,39,0,0
CAB0052,2023,Indian-Ocean,carrier,Bab-el-Mandeb,8,7,4580.0,6,226.0,153.0,30.9,1,40,0,1
CAB0052,2024,Indian-Ocean,carrier,Bab-el-Mandeb,9,7,4580.0,6,226.0,186.1,61.1,1,41,1,0
CAB0052,2025,Indian-Ocean,carrier,Bab-el-Mandeb,10,7,4580.0,6,226.0,188.2,36.2,1,44,0,0
CAB0053,2018,Trans-Atlantic,carrier,None,0,7,7108.0,6,256.0,79.9,43.8,0,40,0,0
CAB0053,2019,Trans-Atlantic,carrier,None,1,7,7108.0,6,256.0,89.3,64.3,0,45,0,0
CAB0053,2020,Trans-Atlantic,carrier,None,2,7,7108.0,6,256.0,101.9,22.4,0,48,0,0
CAB0053,2021,Trans-Atlantic,carrier,None,3,7,7108.0,6,256.0,113.9,76.1,0,50,0,0
CAB0053,2022,Trans-Atlantic,carrier,None,4,7,7108.0,6,256.0,125.7,48.9,0,51,0,0
CAB0053,2023,Trans-Atlantic,carrier,None,5,7,7108.0,6,256.0,147.7,82.6,0,54,0,0
CAB0053,2024,Trans-Atlantic,carrier,None,6,7,7108.0,6,256.0,142.1,36.6,0,58,0,0
CAB0053,2025,Trans-Atlantic,carrier,None,7,7,7108.0,6,256.0,166.9,30.0,0,62,0,0
CAB0054,2015,Americas,consortium,None,7,15,8657.0,6,334.3,252.0,35.8,0,28,0,0
CAB0054,2016,Americas,consortium,None,8,15,8657.0,6,334.3,263.2,22.6,0,29,0,1
CAB0054,2017,Americas,consortium,None,9,15,8657.0,6,334.3,250.8,84.9,0,29,1,0
CAB0054,2018,Americas,consortium,None,10,15,8657.0,6,334.3,270.4,100.0,0,31,0,1
CAB0054,2019,Americas,consortium,None,11,15,8657.0,6,334.3,295.4,65.0,0,32,1,1
CAB0054,2020,Americas,consortium,None,12,15,8657.0,6,334.3,313.6,55.5,0,33,1,1
CAB0054,2021,Americas,consortium,None,13,15,8657.0,6,334.3,334.3,68.2,0,37,1,0
CAB0054,2022,Americas,consortium,None,14,15,8657.0,6,334.3,334.3,48.0,0,37,0,0
CAB0054,2023,Americas,consortium,None,15,15,8657.0,6,334.3,334.3,45.5,0,37,0,1
CAB0054,2024,Americas,consortium,None,16,15,8657.0,6,334.3,334.3,59.9,0,39,1,0
CAB0054,2025,Americas,consortium,None,17,15,8657.0,6,334.3,334.3,100.0,0,39,0,1
CAB0055,2015,Africa-Coastal,consortium,None,8,14,3121.0,6,292.0,239.8,56.0,1,36,0,0
CAB0055,2016,Africa-Coastal,consortium,None,9,14,3121.0,6,292.0,257.2,86.9,1,37,0,0
CAB0055,2017,Africa-Coastal,consortium,None,10,14,3121.0,6,292.0,252.5,91.3,1,40,0,0
CAB0055,2018,Africa-Coastal,consortium,None,11,14,3121.0,6,292.0,246.0,95.2,1,40,0,0
CAB0055,2019,Africa-Coastal,consortium,None,12,14,3121.0,6,292.0,266.3,52.8,1,42,0,0
CAB0055,2020,Africa-Coastal,consortium,None,13,14,3121.0,6,292.0,292.0,76.8,1,43,0,0
CAB0055,2021,Africa-Coastal,consortium,None,14,14,3121.0,6,292.0,292.0,39.8,1,44,0,0
CAB0055,2022,Africa-Coastal,consortium,None,15,14,3121.0,6,292.0,292.0,40.9,1,45,0,0
CAB0055,2023,Africa-Coastal,consortium,None,16,14,3121.0,6,292.0,292.0,67.5,1,47,0,0
CAB0055,2024,Africa-Coastal,consortium,None,17,14,3121.0,6,292.0,292.0,46.1,1,49,0,0
CAB0055,2025,Africa-Coastal,consortium,None,18,14,3121.0,6,292.0,292.0,72.5,1,52,0,0
CAB0056,2022,Intra-Pacific-Islands,hyperscaler,None,0,34,3179.0,7,1437.7,321.1,75.4,0,43,0,0
CAB0056,2023,Intra-Pacific-Islands,hyperscaler,None,1,34,3179.0,7,1437.7,492.7,64.9,0,45,0,0
CAB0056,2024,Intra-Pacific-Islands,hyperscaler,None,2,34,3179.0,7,1437.7,445.3,9.8,0,48,0,0
CAB0056,2025,Intra-Pacific-Islands,hyperscaler,None,3,34,3179.0,7,1437.7,635.9,25.2,0,50,0,0
CAB0057,2015,Indian-Ocean,carrier,None,7,15,4247.0,2,334.3,215.4,41.6,1,31,0,0
CAB0057,2016,Indian-Ocean,carrier,None,8,15,4247.0,2,334.3,230.6,65.4,1,33,0,0
CAB0057,2017,Indian-Ocean,carrier,None,9,15,4247.0,2,334.3,295.3,24.9,1,33,0,0
CAB0057,2018,Indian-Ocean,carrier,None,10,15,4247.0,2,334.3,314.4,66.1,1,35,0,0
CAB0057,2019,Indian-Ocean,carrier,None,11,15,4247.0,2,334.3,308.3,37.4,1,35,0,0
CAB0057,2020,Indian-Ocean,carrier,None,12,15,4247.0,2,334.3,303.7,61.3,1,36,0,0
CAB0057,2021,Indian-Ocean,carrier,None,13,15,4247.0,2,334.3,334.3,82.2,1,39,0,0
CAB0057,2022,Indian-Ocean,carrier,None,14,15,4247.0,2,334.3,334.3,42.3,1,39,0,0
CAB0057,2023,Indian-Ocean,carrier,None,15,15,4247.0,2,334.3,334.3,63.1,1,40,0,0
CAB0057,2024,Indian-Ocean,carrier,None,16,15,4247.0,2,334.3,334.3,86.8,1,41,0,0
CAB0057,2025,Indian-Ocean,carrier,None,17,15,4247.0,2,334.3,334.3,79.6,1,44,0,0
CAB0058,2015,Intra-Pacific-Islands,government,None,15,2,1292.0,5,21.7,21.7,90.7,1,28,0,0
CAB0058,2016,Intra-Pacific-Islands,government,None,16,2,1292.0,5,21.7,21.7,82.6,1,29,0,0
CAB0058,2017,Intra-Pacific-Islands,government,None,17,2,1292.0,5,21.7,21.7,73.4,1,29,0,0
CAB0058,2018,Intra-Pacific-Islands,government,None,18,2,1292.0,5,21.7,21.7,50.0,1,30,0,0
CAB0058,2019,Intra-Pacific-Islands,government,None,19,2,1292.0,5,21.7,21.7,40.2,1,35,0,0
CAB0058,2020,Intra-Pacific-Islands,government,None,20,2,1292.0,5,21.7,21.7,73.9,1,40,0,0
CAB0058,2021,Intra-Pacific-Islands,government,None,21,2,1292.0,5,21.7,21.7,62.0,1,41,0,0
CAB0058,2022,Intra-Pacific-Islands,government,None,22,2,1292.0,5,21.7,21.7,74.2,1,43,0,1
CAB0058,2023,Intra-Pacific-Islands,government,None,23,2,1292.0,5,21.7,21.7,51.9,1,45,1,0
CAB0058,2024,Intra-Pacific-Islands,government,None,24,2,1292.0,5,21.7,21.7,82.5,1,48,0,0
CAB0058,2025,Intra-Pacific-Islands,government,None,25,2,1292.0,5,21.7,21.7,80.6,1,50,0,0
CAB0059,2015,Intra-Asia,carrier,None,12,4,4946.0,7,60.6,60.6,52.8,1,53,0,0
CAB0059,2016,Intra-Asia,carrier,None,13,4,4946.0,7,60.6,60.6,70.2,1,59,0,1
CAB0059,2017,Intra-Asia,carrier,None,14,4,4946.0,7,60.6,60.6,82.4,1,60,1,0
CAB0059,2018,Intra-Asia,carrier,None,15,4,4946.0,7,60.6,60.6,52.1,1,62,0,0
CAB0059,2019,Intra-Asia,carrier,None,16,4,4946.0,7,60.6,60.6,56.3,1,64,0,0
CAB0059,2020,Intra-Asia,carrier,None,17,4,4946.0,7,60.6,60.6,95.1,1,66,0,0
CAB0059,2021,Intra-Asia,carrier,None,18,4,4946.0,7,60.6,60.6,79.4,1,69,0,0
CAB0059,2022,Intra-Asia,carrier,None,19,4,4946.0,7,60.6,60.6,52.5,1,70,0,0
CAB0059,2023,Intra-Asia,carrier,None,20,4,4946.0,7,60.6,60.6,100.0,1,70,0,1
CAB0059,2024,Intra-Asia,carrier,None,21,4,4946.0,7,60.6,60.6,100.0,1,75,1,0
CAB0059,2025,Intra-Asia,carrier,None,22,4,4946.0,7,60.6,60.6,95.9,1,77,0,0
CAB0060,2015,Intra-Europe,carrier,None,2,13,2415.0,4,382.6,146.4,66.3,1,41,0,0
CAB0060,2016,Intra-Europe,carrier,None,3,13,2415.0,4,382.6,156.2,33.3,1,42,0,0
CAB0060,2017,Intra-Europe,carrier,None,4,13,2415.0,4,382.6,165.0,13.0,1,44,0,0
CAB0060,2018,Intra-Europe,carrier,None,5,13,2415.0,4,382.6,211.5,45.2,1,45,0,0
CAB0060,2019,Intra-Europe,carrier,None,6,13,2415.0,4,382.6,222.5,72.4,1,47,0,0
CAB0060,2020,Intra-Europe,carrier,None,7,13,2415.0,4,382.6,289.2,49.1,1,49,0,0
CAB0060,2021,Intra-Europe,carrier,None,8,13,2415.0,4,382.6,277.2,90.5,1,49,0,0
CAB0060,2022,Intra-Europe,carrier,None,9,13,2415.0,4,382.6,299.1,63.5,1,52,0,0
CAB0060,2023,Intra-Europe,carrier,None,10,13,2415.0,4,382.6,323.7,70.1,1,53,0,1
CAB0060,2024,Intra-Europe,carrier,None,11,13,2415.0,4,382.6,370.5,82.9,1,53,1,0
CAB0060,2025,Intra-Europe,carrier,None,12,13,2415.0,4,382.6,371.0,46.4,1,58,0,0
CAB0061,2020,Intra-Pacific-Islands,consortium,None,0,22,3782.0,5,867.4,228.1,58.9,0,40,0,0
CAB0061,2021,Intra-Pacific-Islands,consortium,None,1,22,3782.0,5,867.4,286.3,56.5,0,41,0,0
CAB0061,2022,Intra-Pacific-Islands,consortium,None,2,22,3782.0,5,867.4,373.0,64.4,0,43,0,0
CAB0061,2023,Intra-Pacific-Islands,consortium,None,3,22,3782.0,5,867.4,438.8,38.7,0,45,0,0
CAB0061,2024,Intra-Pacific-Islands,consortium,None,4,22,3782.0,5,867.4,425.0,53.6,0,48,0,0
CAB0061,2025,Intra-Pacific-Islands,consortium,None,5,22,3782.0,5,867.4,516.7,74.5,0,50,0,0
CAB0062,2015,EMEA-Asia,consortium,None,13,5,18333.0,5,68.6,68.6,100.0,0,27,1,0
CAB0062,2016,EMEA-Asia,consortium,None,14,5,18333.0,5,68.6,67.8,85.7,0,29,0,0
CAB0062,2017,EMEA-Asia,consortium,None,15,5,18333.0,5,68.6,68.6,43.4,0,32,0,1
CAB0062,2018,EMEA-Asia,consortium,None,16,5,18333.0,5,68.6,68.6,47.5,0,34,1,1
CAB0062,2019,EMEA-Asia,consortium,None,17,5,18333.0,5,68.6,68.6,92.6,0,37,1,1
CAB0062,2020,EMEA-Asia,consortium,None,18,5,18333.0,5,68.6,68.6,82.3,0,40,1,0
CAB0062,2021,EMEA-Asia,consortium,None,19,5,18333.0,5,68.6,68.6,74.4,0,44,0,0
CAB0062,2022,EMEA-Asia,consortium,None,20,5,18333.0,5,68.6,68.6,62.0,0,45,0,1
CAB0062,2023,EMEA-Asia,consortium,None,21,5,18333.0,5,68.6,68.6,100.0,0,47,1,0
CAB0062,2024,EMEA-Asia,consortium,None,22,5,18333.0,5,68.6,68.6,61.4,0,48,0,1
CAB0062,2025,EMEA-Asia,consortium,None,23,5,18333.0,5,68.6,68.6,90.0,0,47,1,1
CAB0063,2021,Trans-Atlantic,hyperscaler,None,0,34,6695.0,5,1389.1,240.0,49.2,1,50,0,0
CAB0063,2022,Trans-Atlantic,hyperscaler,None,1,34,6695.0,5,1389.1,403.6,66.9,1,51,0,0
CAB0063,2023,Trans-Atlantic,hyperscaler,None,2,34,6695.0,5,1389.1,466.0,55.6,1,54,0,0
CAB0063,2024,Trans-Atlantic,hyperscaler,None,3,34,6695.0,5,1389.1,606.9,72.7,1,58,0,1
CAB0063,2025,Trans-Atlantic,hyperscaler,None,4,34,6695.0,5,1389.1,574.5,49.2,1,62,1,0
CAB0064,2015,Trans-Pacific,consortium,None,2,18,10138.0,3,529.7,174.8,87.9,0,35,1,0
CAB0064,2016,Trans-Pacific,consortium,None,3,18,10138.0,3,529.7,226.3,22.1,0,37,0,0
CAB0064,2017,Trans-Pacific,consortium,None,4,18,10138.0,3,529.7,275.4,96.6,0,38,0,0
CAB0064,2018,Trans-Pacific,consortium,None,5,18,10138.0,3,529.7,289.9,41.3,0,39,0,0
CAB0064,2019,Trans-Pacific,consortium,None,6,18,10138.0,3,529.7,298.6,84.4,0,41,0,0
CAB0064,2020,Trans-Pacific,consortium,None,7,18,10138.0,3,529.7,337.9,59.1,0,42,0,0
CAB0064,2021,Trans-Pacific,consortium,None,8,18,10138.0,3,529.7,342.3,67.8,0,43,0,0
CAB0064,2022,Trans-Pacific,consortium,None,9,18,10138.0,3,529.7,418.5,60.6,0,45,0,0
CAB0064,2023,Trans-Pacific,consortium,None,10,18,10138.0,3,529.7,435.3,55.1,0,47,0,0
CAB0064,2024,Trans-Pacific,consortium,None,11,18,10138.0,3,529.7,497.7,77.5,0,49,0,0
CAB0064,2025,Trans-Pacific,consortium,None,12,18,10138.0,3,529.7,522.1,78.0,0,50,0,0
CAB0065,2015,Intra-Asia,hyperscaler,None,0,14,3160.0,6,452.0,112.0,27.4,1,53,0,0
CAB0065,2016,Intra-Asia,hyperscaler,None,1,14,3160.0,6,452.0,156.5,69.8,1,59,0,0
CAB0065,2017,Intra-Asia,hyperscaler,None,2,14,3160.0,6,452.0,139.7,23.4,1,60,0,0
CAB0065,2018,Intra-Asia,hyperscaler,None,3,14,3160.0,6,452.0,197.8,26.2,1,62,0,0
CAB0065,2019,Intra-Asia,hyperscaler,None,4,14,3160.0,6,452.0,186.2,45.5,1,64,0,0
CAB0065,2020,Intra-Asia,hyperscaler,None,5,14,3160.0,6,452.0,239.4,47.7,1,66,0,0
CAB0065,2021,Intra-Asia,hyperscaler,None,6,14,3160.0,6,452.0,221.4,53.8,1,69,0,0
CAB0065,2022,Intra-Asia,hyperscaler,None,7,14,3160.0,6,452.0,295.7,30.6,1,70,0,0
CAB0065,2023,Intra-Asia,hyperscaler,None,8,14,3160.0,6,452.0,332.7,64.1,1,70,0,0
CAB0065,2024,Intra-Asia,hyperscaler,None,9,14,3160.0,6,452.0,371.1,34.9,1,75,0,0
CAB0065,2025,Intra-Asia,hyperscaler,None,10,14,3160.0,6,452.0,384.3,99.6,1,77,0,0
CAB0066,2025,Intra-Pacific-Islands,carrier,None,0,6,3650.0,4,279.4,72.4,37.2,1,50,0,0
CAB0067,2015,Intra-Pacific-Islands,hyperscaler,None,9,7,2230.0,4,136.0,106.3,49.6,0,28,0,1
CAB0067,2016,Intra-Pacific-Islands,hyperscaler,None,10,7,2230.0,4,136.0,109.7,25.3,0,29,1,0
CAB0067,2017,Intra-Pacific-Islands,hyperscaler,None,11,7,2230.0,4,136.0,112.7,43.7,0,29,0,0
CAB0067,2018,Intra-Pacific-Islands,hyperscaler,None,12,7,2230.0,4,136.0,136.0,90.1,0,30,0,0
CAB0067,2019,Intra-Pacific-Islands,hyperscaler,None,13,7,2230.0,4,136.0,136.0,35.9,0,35,0,0
CAB0067,2020,Intra-Pacific-Islands,hyperscaler,None,14,7,2230.0,4,136.0,136.0,56.7,0,40,0,0
CAB0067,2021,Intra-Pacific-Islands,hyperscaler,None,15,7,2230.0,4,136.0,136.0,83.2,0,41,0,0
CAB0067,2022,Intra-Pacific-Islands,hyperscaler,None,16,7,2230.0,4,136.0,136.0,37.3,0,43,0,0
CAB0067,2023,Intra-Pacific-Islands,hyperscaler,None,17,7,2230.0,4,136.0,136.0,72.4,0,45,0,0
CAB0067,2024,Intra-Pacific-Islands,hyperscaler,None,18,7,2230.0,4,136.0,136.0,64.5,0,48,0,1
CAB0067,2025,Intra-Pacific-Islands,hyperscaler,None,19,7,2230.0,4,136.0,136.0,84.8,0,50,1,0
CAB0068,2024,EMEA-Asia,hyperscaler,Malacca,0,18,9897.0,6,812.6,223.4,23.2,1,48,1,0
CAB0068,2025,EMEA-Asia,hyperscaler,Malacca,1,18,9897.0,6,812.6,245.8,41.2,1,47,0,1
CAB0069,2016,EMEA-Asia,consortium,None,0,9,10339.0,4,303.4,74.9,35.5,1,29,0,0
CAB0069,2017,EMEA-Asia,consortium,None,1,9,10339.0,4,303.4,114.8,78.8,1,32,0,0
CAB0069,2018,EMEA-Asia,consortium,None,2,9,10339.0,4,303.4,114.6,39.2,1,34,0,0
CAB0069,2019,EMEA-Asia,consortium,None,3,9,10339.0,4,303.4,143.9,63.3,1,37,0,0
CAB0069,2020,EMEA-Asia,consortium,None,4,9,10339.0,4,303.4,143.2,37.4,1,40,0,0
CAB0069,2021,EMEA-Asia,consortium,None,5,9,10339.0,4,303.4,162.6,45.8,1,44,0,0
CAB0069,2022,EMEA-Asia,consortium,None,6,9,10339.0,4,303.4,182.0,19.3,1,45,0,0
CAB0069,2023,EMEA-Asia,consortium,None,7,9,10339.0,4,303.4,186.7,42.0,1,47,0,0
CAB0069,2024,EMEA-Asia,consortium,None,8,9,10339.0,4,303.4,239.3,57.7,1,48,0,0
CAB0069,2025,EMEA-Asia,consortium,None,9,9,10339.0,4,303.4,234.3,80.8,1,47,0,0
CAB0070,2020,EMEA-Asia,consortium,None,0,16,15528.0,8,630.9,172.7,4.0,0,40,1,1
CAB0070,2021,EMEA-Asia,consortium,None,1,16,15528.0,8,630.9,170.1,31.6,0,44,1,1
CAB0070,2022,EMEA-Asia,consortium,None,2,16,15528.0,8,630.9,220.7,20.4,0,45,1,0
CAB0070,2023,EMEA-Asia,consortium,None,3,16,15528.0,8,630.9,256.6,45.6,0,47,0,1
CAB0070,2024,EMEA-Asia,consortium,None,4,16,15528.0,8,630.9,284.7,67.1,0,48,1,0
CAB0070,2025,EMEA-Asia,consortium,None,5,16,15528.0,8,630.9,345.8,86.1,0,47,0,0
CAB0071,2018,Indian-Ocean,government,None,0,7,8758.0,3,256.0,55.8,71.0,1,35,0,0
CAB0071,2019,Indian-Ocean,government,None,1,7,8758.0,3,256.0,85.0,81.7,1,35,0,0
CAB0071,2020,Indian-Ocean,government,None,2,7,8758.0,3,256.0,114.6,59.0,1,36,0,0
CAB0071,2021,Indian-Ocean,government,None,3,7,8758.0,3,256.0,99.6,50.2,1,39,0,0
CAB0071,2022,Indian-Ocean,government,None,4,7,8758.0,3,256.0,135.4,62.3,1,39,0,0
CAB0071,2023,Indian-Ocean,government,None,5,7,8758.0,3,256.0,149.1,40.5,1,40,0,0
CAB0071,2024,Indian-Ocean,government,None,6,7,8758.0,3,256.0,185.7,40.2,1,41,0,0
CAB0071,2025,Indian-Ocean,government,None,7,7,8758.0,3,256.0,190.9,65.0,1,44,0,0
CAB0072,2025,Africa-Coastal,consortium,None,0,12,4689.0,3,558.9,114.3,32.9,0,52,0,0
CAB0073,2015,Intra-Asia,carrier,None,10,3,2294.0,8,54.0,45.3,73.1,0,53,0,0
CAB0073,2016,Intra-Asia,carrier,None,11,3,2294.0,8,54.0,46.0,43.1,0,59,0,0
CAB0073,2017,Intra-Asia,carrier,None,12,3,2294.0,8,54.0,48.6,86.1,0,60,0,1
CAB0073,2018,Intra-Asia,carrier,None,13,3,2294.0,8,54.0,54.0,58.7,0,62,1,0
CAB0073,2019,Intra-Asia,carrier,None,14,3,2294.0,8,54.0,54.0,81.2,0,64,0,0
CAB0073,2020,Intra-Asia,carrier,None,15,3,2294.0,8,54.0,54.0,47.5,0,66,0,0
CAB0073,2021,Intra-Asia,carrier,None,16,3,2294.0,8,54.0,54.0,74.2,0,69,0,0
CAB0073,2022,Intra-Asia,carrier,None,17,3,2294.0,8,54.0,54.0,83.9,0,70,0,0
CAB0073,2023,Intra-Asia,carrier,None,18,3,2294.0,8,54.0,54.0,85.9,0,70,0,0
CAB0073,2024,Intra-Asia,carrier,None,19,3,2294.0,8,54.0,54.0,67.3,0,75,0,0
CAB0073,2025,Intra-Asia,carrier,None,20,3,2294.0,8,54.0,54.0,71.8,0,77,0,0
CAB0074,2015,Trans-Pacific,carrier,None,16,5,10730.0,6,47.1,47.1,86.4,1,35,0,0
CAB0074,2016,Trans-Pacific,carrier,None,17,5,10730.0,6,47.1,47.1,45.5,1,37,0,0
CAB0074,2017,Trans-Pacific,carrier,None,18,5,10730.0,6,47.1,47.1,66.9,1,38,0,0
CAB0074,2018,Trans-Pacific,carrier,None,19,5,10730.0,6,47.1,47.1,81.1,1,39,0,0
CAB0074,2019,Trans-Pacific,carrier,None,20,5,10730.0,6,47.1,47.1,85.2,1,41,0,0
CAB0074,2020,Trans-Pacific,carrier,None,21,5,10730.0,6,47.1,47.1,64.2,1,42,0,0
CAB0074,2021,Trans-Pacific,carrier,None,22,5,10730.0,6,47.1,47.1,64.2,1,43,0,0
CAB0074,2022,Trans-Pacific,carrier,None,23,5,10730.0,6,47.1,47.1,100.0,1,45,0,0
CAB0074,2023,Trans-Pacific,carrier,None,24,5,10730.0,6,47.1,47.1,95.0,1,47,0,0
CAB0074,2024,Trans-Pacific,carrier,None,25,5,10730.0,6,47.1,47.1,83.8,1,49,0,0
CAB0075,2015,Intra-Pacific-Islands,government,None,3,8,1975.0,2,224.0,93.2,73.5,1,28,0,0
CAB0075,2016,Intra-Pacific-Islands,government,None,4,8,1975.0,2,224.0,98.7,65.7,1,29,0,0
CAB0075,2017,Intra-Pacific-Islands,government,None,5,8,1975.0,2,224.0,122.4,35.7,1,29,0,0
CAB0075,2018,Intra-Pacific-Islands,government,None,6,8,1975.0,2,224.0,170.5,43.8,1,30,0,0
CAB0075,2019,Intra-Pacific-Islands,government,None,7,8,1975.0,2,224.0,142.8,40.5,1,35,0,0
CAB0075,2020,Intra-Pacific-Islands,government,None,8,8,1975.0,2,224.0,154.6,32.4,1,40,0,0
CAB0075,2021,Intra-Pacific-Islands,government,None,9,8,1975.0,2,224.0,185.0,69.7,1,41,0,0
CAB0075,2022,Intra-Pacific-Islands,government,None,10,8,1975.0,2,224.0,200.4,62.0,1,43,0,0
CAB0075,2023,Intra-Pacific-Islands,government,None,11,8,1975.0,2,224.0,210.5,24.6,1,45,0,0
CAB0075,2024,Intra-Pacific-Islands,government,None,12,8,1975.0,2,224.0,220.5,63.8,1,48,0,0
CAB0075,2025,Intra-Pacific-Islands,government,None,13,8,1975.0,2,224.0,222.0,72.4,1,50,0,0
CAB0076,2019,Americas,consortium,Panama,0,16,4651.0,6,608.0,132.8,57.7,0,32,0,0
CAB0076,2020,Americas,consortium,Panama,1,16,4651.0,6,608.0,251.6,39.5,0,33,0,1
CAB0076,2021,Americas,consortium,Panama,2,16,4651.0,6,608.0,214.9,20.2,0,37,1,0
CAB0076,2022,Americas,consortium,Panama,3,16,4651.0,6,608.0,316.5,70.3,0,37,0,0
CAB0076,2023,Americas,consortium,Panama,4,16,4651.0,6,608.0,330.0,67.9,0,37,0,0
CAB0076,2024,Americas,consortium,Panama,5,16,4651.0,6,608.0,365.6,64.4,0,39,0,0
CAB0076,2025,Americas,consortium,Panama,6,16,4651.0,6,608.0,368.2,63.9,0,39,0,0
CAB0077,2015,Africa-Coastal,carrier,None,6,5,5748.0,10,118.6,68.0,35.3,1,36,0,0
CAB0077,2016,Africa-Coastal,carrier,None,7,5,5748.0,10,118.6,76.6,16.9,1,37,0,0
CAB0077,2017,Africa-Coastal,carrier,None,8,5,5748.0,10,118.6,87.7,27.2,1,40,0,0
CAB0077,2018,Africa-Coastal,carrier,None,9,5,5748.0,10,118.6,98.4,69.4,1,40,0,0
CAB0077,2019,Africa-Coastal,carrier,None,10,5,5748.0,10,118.6,100.6,29.7,1,42,0,0
CAB0077,2020,Africa-Coastal,carrier,None,11,5,5748.0,10,118.6,106.2,96.5,1,43,0,0
CAB0077,2021,Africa-Coastal,carrier,None,12,5,5748.0,10,118.6,117.3,85.3,1,44,0,0
CAB0077,2022,Africa-Coastal,carrier,None,13,5,5748.0,10,118.6,106.6,52.9,1,45,0,0
CAB0077,2023,Africa-Coastal,carrier,None,14,5,5748.0,10,118.6,118.6,56.9,1,47,0,0
CAB0077,2024,Africa-Coastal,carrier,None,15,5,5748.0,10,118.6,118.6,41.9,1,49,0,0
CAB0077,2025,Africa-Coastal,carrier,None,16,5,5748.0,10,118.6,118.6,61.8,1,52,0,0
CAB0078,2020,Intra-Pacific-Islands,carrier,None,0,11,995.0,5,433.7,79.0,53.2,1,40,0,0
CAB0078,2021,Intra-Pacific-Islands,carrier,None,1,11,995.0,5,433.7,131.3,44.0,1,41,0,0
CAB0078,2022,Intra-Pacific-Islands,carrier,None,2,11,995.0,5,433.7,166.5,80.4,1,43,0,0
CAB0078,2023,Intra-Pacific-Islands,carrier,None,3,11,995.0,5,433.7,179.3,33.9,1,45,0,0
CAB0078,2024,Intra-Pacific-Islands,carrier,None,4,11,995.0,5,433.7,184.8,79.6,1,48,0,0
CAB0078,2025,Intra-Pacific-Islands,carrier,None,5,11,995.0,5,433.7,225.4,39.1,1,50,0,0
CAB0079,2025,Indian-Ocean,government,None,0,6,10371.0,6,279.4,63.4,6.2,0,44,0,0
CAB0080,2015,Intra-Asia,hyperscaler,None,5,8,2797.0,4,201.1,100.7,24.8,0,53,1,1
CAB0080,2016,Intra-Asia,hyperscaler,None,6,8,2797.0,4,201.1,113.1,42.3,0,59,1,1
CAB0080,2017,Intra-Asia,hyperscaler,None,7,8,2797.0,4,201.1,135.9,61.2,0,60,1,0
CAB0080,2018,Intra-Asia,hyperscaler,None,8,8,2797.0,4,201.1,131.6,85.5,0,62,0,0
CAB0080,2019,Intra-Asia,hyperscaler,None,9,8,2797.0,4,201.1,151.7,84.0,0,64,0,0
CAB0080,2020,Intra-Asia,hyperscaler,None,10,8,2797.0,4,201.1,180.0,55.6,0,66,0,0
CAB0080,2021,Intra-Asia,hyperscaler,None,11,8,2797.0,4,201.1,190.1,64.7,0,69,0,0
CAB0080,2022,Intra-Asia,hyperscaler,None,12,8,2797.0,4,201.1,198.3,77.8,0,70,0,0
CAB0080,2023,Intra-Asia,hyperscaler,None,13,8,2797.0,4,201.1,185.0,73.7,0,70,0,0
CAB0080,2024,Intra-Asia,hyperscaler,None,14,8,2797.0,4,201.1,201.1,88.9,0,75,0,0
CAB0080,2025,Intra-Asia,hyperscaler,None,15,8,2797.0,4,201.1,201.1,100.0,0,77,0,0
CAB0081,2015,Intra-Asia,consortium,None,13,5,4080.0,6,68.6,68.6,96.3,0,53,0,0
CAB0081,2016,Intra-Asia,consortium,None,14,5,4080.0,6,68.6,68.6,50.1,0,59,0,0
CAB0081,2017,Intra-Asia,consortium,None,15,5,4080.0,6,68.6,68.6,69.4,0,60,0,0
CAB0081,2018,Intra-Asia,consortium,None,16,5,4080.0,6,68.6,68.6,100.0,0,62,0,0
CAB0081,2019,Intra-Asia,consortium,None,17,5,4080.0,6,68.6,68.6,58.3,0,64,0,0
CAB0081,2020,Intra-Asia,consortium,None,18,5,4080.0,6,68.6,68.6,52.1,0,66,0,0
CAB0081,2021,Intra-Asia,consortium,None,19,5,4080.0,6,68.6,68.6,54.0,0,69,0,0
CAB0081,2022,Intra-Asia,consortium,None,20,5,4080.0,6,68.6,68.6,100.0,0,70,0,1
CAB0081,2023,Intra-Asia,consortium,None,21,5,4080.0,6,68.6,68.6,62.0,0,70,1,1
CAB0081,2024,Intra-Asia,consortium,None,22,5,4080.0,6,68.6,68.6,100.0,0,75,1,0
CAB0081,2025,Intra-Asia,consortium,None,23,5,4080.0,6,68.6,68.6,74.1,0,77,0,0
CAB0082,2015,Trans-Atlantic,consortium,None,10,3,5456.0,5,54.0,41.7,53.8,0,33,0,0
CAB0082,2016,Trans-Atlantic,consortium,None,11,3,5456.0,5,54.0,47.2,71.5,0,37,0,0
CAB0082,2017,Trans-Atlantic,consortium,None,12,3,5456.0,5,54.0,54.0,43.2,0,37,0,0
CAB0082,2018,Trans-Atlantic,consortium,None,13,3,5456.0,5,54.0,54.0,60.9,0,40,0,0
CAB0082,2019,Trans-Atlantic,consortium,None,14,3,5456.0,5,54.0,54.0,69.6,0,45,0,0
CAB0082,2020,Trans-Atlantic,consortium,None,15,3,5456.0,5,54.0,54.0,69.2,0,48,0,0
CAB0082,2021,Trans-Atlantic,consortium,None,16,3,5456.0,5,54.0,54.0,38.7,0,50,0,0
CAB0082,2022,Trans-Atlantic,consortium,None,17,3,5456.0,5,54.0,54.0,94.0,0,51,0,0
CAB0082,2023,Trans-Atlantic,consortium,None,18,3,5456.0,5,54.0,54.0,86.6,0,54,0,1
CAB0082,2024,Trans-Atlantic,consortium,None,19,3,5456.0,5,54.0,54.0,77.2,0,58,1,0
CAB0082,2025,Trans-Atlantic,consortium,None,20,3,5456.0,5,54.0,54.0,61.3,0,62,0,1
CAB0083,2016,Trans-Pacific,consortium,None,0,7,11906.0,4,236.0,57.6,49.6,0,37,0,0
CAB0083,2017,Trans-Pacific,consortium,None,1,7,11906.0,4,236.0,59.4,33.8,0,38,0,0
CAB0083,2018,Trans-Pacific,consortium,None,2,7,11906.0,4,236.0,78.3,46.9,0,39,0,1
CAB0083,2019,Trans-Pacific,consortium,None,3,7,11906.0,4,236.0,123.7,26.2,0,41,1,0
CAB0083,2020,Trans-Pacific,consortium,None,4,7,11906.0,4,236.0,110.0,50.8,0,42,0,0
CAB0083,2021,Trans-Pacific,consortium,None,5,7,11906.0,4,236.0,138.9,37.0,0,43,0,0
CAB0083,2022,Trans-Pacific,consortium,None,6,7,11906.0,4,236.0,131.7,50.8,0,45,0,0
CAB0083,2023,Trans-Pacific,consortium,None,7,7,11906.0,4,236.0,178.6,36.3,0,47,0,0
CAB0083,2024,Trans-Pacific,consortium,None,8,7,11906.0,4,236.0,186.6,23.9,0,49,0,0
CAB0083,2025,Trans-Pacific,consortium,None,9,7,11906.0,4,236.0,178.2,31.4,0,50,0,0
CAB0084,2015,Americas,hyperscaler,Panama,16,5,6855.0,4,47.1,47.1,54.3,1,28,0,0
CAB0084,2016,Americas,hyperscaler,Panama,17,5,6855.0,4,47.1,47.1,81.2,1,29,0,0
CAB0084,2017,Americas,hyperscaler,Panama,18,5,6855.0,4,47.1,47.1,100.0,1,29,0,0
CAB0084,2018,Americas,hyperscaler,Panama,19,5,6855.0,4,47.1,47.1,61.5,1,31,0,0
CAB0084,2019,Americas,hyperscaler,Panama,20,5,6855.0,4,47.1,47.1,100.0,1,32,0,0
CAB0084,2020,Americas,hyperscaler,Panama,21,5,6855.0,4,47.1,47.1,100.0,1,33,0,1
CAB0084,2021,Americas,hyperscaler,Panama,22,5,6855.0,4,47.1,47.1,100.0,1,37,1,1
CAB0084,2022,Americas,hyperscaler,Panama,23,5,6855.0,4,47.1,47.1,100.0,1,37,1,0
CAB0084,2023,Americas,hyperscaler,Panama,24,5,6855.0,4,47.1,47.1,61.3,1,37,0,1
CAB0085,2015,Intra-Europe,hyperscaler,None,7,3,1320.0,7,66.9,44.8,89.8,1,41,0,0
CAB0085,2016,Intra-Europe,hyperscaler,None,8,3,1320.0,7,66.9,51.9,69.5,1,42,0,0
CAB0085,2017,Intra-Europe,hyperscaler,None,9,3,1320.0,7,66.9,52.8,47.1,1,44,0,0
CAB0085,2018,Intra-Europe,hyperscaler,None,10,3,1320.0,7,66.9,61.6,60.7,1,45,0,0
CAB0085,2019,Intra-Europe,hyperscaler,None,11,3,1320.0,7,66.9,66.9,100.0,1,47,0,0
CAB0085,2020,Intra-Europe,hyperscaler,None,12,3,1320.0,7,66.9,61.8,39.0,1,49,0,1
CAB0085,2021,Intra-Europe,hyperscaler,None,13,3,1320.0,7,66.9,66.9,54.0,1,49,1,0
CAB0085,2022,Intra-Europe,hyperscaler,None,14,3,1320.0,7,66.9,66.9,55.6,1,52,0,0
CAB0085,2023,Intra-Europe,hyperscaler,None,15,3,1320.0,7,66.9,66.9,45.6,1,53,0,0
CAB0085,2024,Intra-Europe,hyperscaler,None,16,3,1320.0,7,66.9,66.9,46.4,1,53,0,0
CAB0085,2025,Intra-Europe,hyperscaler,None,17,3,1320.0,7,66.9,66.9,78.4,1,58,0,0
CAB0086,2015,Intra-Asia,carrier,None,6,5,6821.0,3,118.6,74.5,43.3,1,53,0,0
CAB0086,2016,Intra-Asia,carrier,None,7,5,6821.0,3,118.6,93.9,74.7,1,59,0,0
CAB0086,2017,Intra-Asia,carrier,None,8,5,6821.0,3,118.6,74.7,100.0,1,60,0,0
CAB0086,2018,Intra-Asia,carrier,None,9,5,6821.0,3,118.6,83.4,25.9,1,62,0,1
CAB0086,2019,Intra-Asia,carrier,None,10,5,6821.0,3,118.6,104.6,74.8,1,64,1,0
CAB0086,2020,Intra-Asia,carrier,None,11,5,6821.0,3,118.6,108.6,29.7,1,66,0,0
CAB0086,2021,Intra-Asia,carrier,None,12,5,6821.0,3,118.6,108.0,100.0,1,69,0,0
CAB0086,2022,Intra-Asia,carrier,None,13,5,6821.0,3,118.6,118.6,93.2,1,70,0,0
CAB0086,2023,Intra-Asia,carrier,None,14,5,6821.0,3,118.6,118.6,84.2,1,70,0,1
CAB0086,2024,Intra-Asia,carrier,None,15,5,6821.0,3,118.6,118.6,68.2,1,75,1,1
CAB0086,2025,Intra-Asia,carrier,None,16,5,6821.0,3,118.6,118.6,53.0,1,77,1,0
CAB0087,2015,Intra-Asia,carrier,None,11,4,3334.0,4,66.3,62.4,98.6,0,53,0,0
CAB0087,2016,Intra-Asia,carrier,None,12,4,3334.0,4,66.3,64.6,70.0,0,59,0,0
CAB0087,2017,Intra-Asia,carrier,None,13,4,3334.0,4,66.3,66.3,56.1,0,60,0,0
CAB0087,2018,Intra-Asia,carrier,None,14,4,3334.0,4,66.3,66.3,75.0,0,62,0,0
CAB0087,2019,Intra-Asia,carrier,None,15,4,3334.0,4,66.3,66.3,41.4,0,64,0,0
CAB0087,2020,Intra-Asia,carrier,None,16,4,3334.0,4,66.3,66.3,100.0,0,66,0,0
CAB0087,2021,Intra-Asia,carrier,None,17,4,3334.0,4,66.3,66.3,50.7,0,69,0,0
CAB0087,2022,Intra-Asia,carrier,None,18,4,3334.0,4,66.3,66.3,78.7,0,70,0,0
CAB0087,2023,Intra-Asia,carrier,None,19,4,3334.0,4,66.3,66.3,74.3,0,70,0,0
CAB0087,2024,Intra-Asia,carrier,None,20,4,3334.0,4,66.3,66.3,61.8,0,75,0,0
CAB0087,2025,Intra-Asia,carrier,None,21,4,3334.0,4,66.3,66.3,76.3,0,77,0,0
CAB0088,2015,Africa-Coastal,carrier,None,8,22,4372.0,3,458.9,324.0,24.2,0,36,0,0
CAB0088,2016,Africa-Coastal,carrier,None,9,22,4372.0,3,458.9,344.1,45.4,0,37,0,0
CAB0088,2017,Africa-Coastal,carrier,None,10,22,4372.0,3,458.9,426.6,44.1,0,40,0,0
CAB0088,2018,Africa-Coastal,carrier,None,11,22,4372.0,3,458.9,393.2,27.7,0,40,0,0
CAB0088,2019,Africa-Coastal,carrier,None,12,22,4372.0,3,458.9,418.3,71.5,0,42,0,1
CAB0088,2020,Africa-Coastal,carrier,None,13,22,4372.0,3,458.9,458.9,71.6,0,43,1,0
CAB0088,2021,Africa-Coastal,carrier,None,14,22,4372.0,3,458.9,458.9,74.9,0,44,0,0
CAB0088,2022,Africa-Coastal,carrier,None,15,22,4372.0,3,458.9,458.9,43.3,0,45,0,0
CAB0088,2023,Africa-Coastal,carrier,None,16,22,4372.0,3,458.9,458.9,63.0,0,47,0,1
CAB0088,2024,Africa-Coastal,carrier,None,17,22,4372.0,3,458.9,458.9,100.0,0,49,1,0
CAB0088,2025,Africa-Coastal,carrier,None,18,22,4372.0,3,458.9,458.9,73.6,0,52,0,0
CAB0089,2015,EMEA-Asia,carrier,Hormuz,3,17,9977.0,3,476.0,194.5,54.5,0,27,0,0
CAB0089,2016,EMEA-Asia,carrier,Hormuz,4,17,9977.0,3,476.0,230.6,61.1,0,29,0,0
CAB0089,2017,EMEA-Asia,carrier,Hormuz,5,17,9977.0,3,476.0,280.5,36.2,0,32,0,0
CAB0089,2018,EMEA-Asia,carrier,Hormuz,6,17,9977.0,3,476.0,291.2,58.3,0,34,0,1
CAB0089,2019,EMEA-Asia,carrier,Hormuz,7,17,9977.0,3,476.0,351.0,18.3,0,37,1,1
CAB0089,2020,EMEA-Asia,carrier,Hormuz,8,17,9977.0,3,476.0,327.5,69.8,0,40,1,0
CAB0089,2021,EMEA-Asia,carrier,Hormuz,9,17,9977.0,3,476.0,317.8,66.0,0,44,0,0
CAB0089,2022,EMEA-Asia,carrier,Hormuz,10,17,9977.0,3,476.0,423.5,82.7,0,45,0,0
CAB0089,2023,EMEA-Asia,carrier,Hormuz,11,17,9977.0,3,476.0,445.0,56.8,0,47,0,1
CAB0089,2024,EMEA-Asia,carrier,Hormuz,12,17,9977.0,3,476.0,451.6,53.9,0,48,1,0
CAB0089,2025,EMEA-Asia,carrier,Hormuz,13,17,9977.0,3,476.0,476.0,56.8,0,47,0,1
CAB0090,2016,Trans-Atlantic,consortium,None,0,9,6451.0,6,303.4,83.3,69.2,0,37,0,0
CAB0090,2017,Trans-Atlantic,consortium,None,1,9,6451.0,6,303.4,107.3,16.6,0,37,0,0
CAB0090,2018,Trans-Atlantic,consortium,None,2,9,6451.0,6,303.4,100.5,29.4,0,40,0,0
CAB0090,2019,Trans-Atlantic,consortium,None,3,9,6451.0,6,303.4,129.4,50.3,0,45,0,0
CAB0090,2020,Trans-Atlantic,consortium,None,4,9,6451.0,6,303.4,170.8,51.8,0,48,0,0
CAB0090,2021,Trans-Atlantic,consortium,None,5,9,6451.0,6,303.4,152.7,85.2,0,50,0,0
CAB0090,2022,Trans-Atlantic,consortium,None,6,9,6451.0,6,303.4,168.5,37.1,0,51,0,0
CAB0090,2023,Trans-Atlantic,consortium,None,7,9,6451.0,6,303.4,186.1,57.9,0,54,0,0
CAB0090,2024,Trans-Atlantic,consortium,None,8,9,6451.0,6,303.4,235.9,41.8,0,58,0,0
CAB0090,2025,Trans-Atlantic,consortium,None,9,9,6451.0,6,303.4,231.1,46.7,0,62,0,0
CAB0091,2015,Indian-Ocean,government,None,3,17,4616.0,8,476.0,227.5,28.3,0,31,0,0
CAB0091,2016,Indian-Ocean,government,None,4,17,4616.0,8,476.0,226.0,42.8,0,33,0,1
CAB0091,2017,Indian-Ocean,government,None,5,17,4616.0,8,476.0,287.5,27.1,0,33,1,0
CAB0091,2018,Indian-Ocean,government,None,6,17,4616.0,8,476.0,289.9,60.0,0,35,0,0
CAB0091,2019,Indian-Ocean,government,None,7,17,4616.0,8,476.0,333.4,26.7,0,35,0,0
CAB0091,2020,Indian-Ocean,government,None,8,17,4616.0,8,476.0,320.7,40.5,0,36,0,0
CAB0091,2021,Indian-Ocean,government,None,9,17,4616.0,8,476.0,423.8,47.5,0,39,0,0
CAB0091,2022,Indian-Ocean,government,None,10,17,4616.0,8,476.0,413.8,37.3,0,39,0,0
CAB0091,2023,Indian-Ocean,government,None,11,17,4616.0,8,476.0,399.1,48.7,0,40,0,0
CAB0091,2024,Indian-Ocean,government,None,12,17,4616.0,8,476.0,472.4,93.2,0,41,0,0
CAB0091,2025,Indian-Ocean,government,None,13,17,4616.0,8,476.0,476.0,57.0,0,44,0,1
CAB0092,2024,Intra-Asia,carrier,None,0,18,3179.0,3,812.6,158.2,55.2,1,75,0,0
CAB0092,2025,Intra-Asia,carrier,None,1,18,3179.0,3,812.6,287.0,87.1,1,77,0,0
CAB0093,2015,Intra-Pacific-Islands,hyperscaler,None,15,8,2060.0,5,86.9,86.9,44.7,0,28,1,0
CAB0093,2016,Intra-Pacific-Islands,hyperscaler,None,16,8,2060.0,5,86.9,86.9,62.3,0,29,0,1
CAB0093,2017,Intra-Pacific-Islands,hyperscaler,None,17,8,2060.0,5,86.9,86.9,81.5,0,29,1,0
CAB0093,2018,Intra-Pacific-Islands,hyperscaler,None,18,8,2060.0,5,86.9,86.9,100.0,0,30,0,0
CAB0093,2019,Intra-Pacific-Islands,hyperscaler,None,19,8,2060.0,5,86.9,86.9,55.2,0,35,0,0
CAB0093,2020,Intra-Pacific-Islands,hyperscaler,None,20,8,2060.0,5,86.9,86.9,75.2,0,40,0,1
CAB0093,2021,Intra-Pacific-Islands,hyperscaler,None,21,8,2060.0,5,86.9,86.9,84.3,0,41,1,1
CAB0093,2022,Intra-Pacific-Islands,hyperscaler,None,22,8,2060.0,5,86.9,86.9,65.3,0,43,1,1
CAB0093,2023,Intra-Pacific-Islands,hyperscaler,None,23,8,2060.0,5,86.9,86.9,51.9,0,45,1,1
CAB0093,2024,Intra-Pacific-Islands,hyperscaler,None,24,8,2060.0,5,86.9,86.9,63.2,0,48,1,0
CAB0093,2025,Intra-Pacific-Islands,hyperscaler,None,25,8,2060.0,5,86.9,86.9,71.7,0,50,0,0
CAB0094,2015,Indian-Ocean,consortium,None,9,10,10601.0,7,194.3,148.7,56.2,1,31,0,1
CAB0094,2016,Indian-Ocean,consortium,None,10,10,10601.0,7,194.3,150.7,60.0,1,33,1,0
CAB0094,2017,Indian-Ocean,consortium,None,11,10,10601.0,7,194.3,180.3,56.1,1,33,0,0
CAB0094,2018,Indian-Ocean,consortium,None,12,10,10601.0,7,194.3,193.6,33.5,1,35,0,0
CAB0094,2019,Indian-Ocean,consortium,None,13,10,10601.0,7,194.3,194.3,64.3,1,35,0,1
CAB0094,2020,Indian-Ocean,consortium,None,14,10,10601.0,7,194.3,194.3,95.3,1,36,1,0
CAB0094,2021,Indian-Ocean,consortium,None,15,10,10601.0,7,194.3,194.3,61.8,1,39,0,0
CAB0094,2022,Indian-Ocean,consortium,None,16,10,10601.0,7,194.3,194.3,53.3,1,39,0,0
CAB0094,2023,Indian-Ocean,consortium,None,17,10,10601.0,7,194.3,194.3,46.4,1,40,0,0
CAB0094,2024,Indian-Ocean,consortium,None,18,10,10601.0,7,194.3,194.3,68.2,1,41,0,0
CAB0094,2025,Indian-Ocean,consortium,None,19,10,10601.0,7,194.3,194.3,66.8,1,44,0,1
CAB0095,2017,Africa-Coastal,consortium,None,0,20,7843.0,6,702.9,194.0,62.8,1,40,0,0
CAB0095,2018,Africa-Coastal,consortium,None,1,20,7843.0,6,702.9,214.8,35.7,1,40,0,0
CAB0095,2019,Africa-Coastal,consortium,None,2,20,7843.0,6,702.9,224.6,60.6,1,42,0,0
CAB0095,2020,Africa-Coastal,consortium,None,3,20,7843.0,6,702.9,322.4,32.5,1,43,0,0
CAB0095,2021,Africa-Coastal,consortium,None,4,20,7843.0,6,702.9,327.9,29.3,1,44,0,0
CAB0095,2022,Africa-Coastal,consortium,None,5,20,7843.0,6,702.9,357.1,51.6,1,45,0,0
CAB0095,2023,Africa-Coastal,consortium,None,6,20,7843.0,6,702.9,480.1,29.9,1,47,0,0
CAB0095,2024,Africa-Coastal,consortium,None,7,20,7843.0,6,702.9,453.2,70.0,1,49,0,1
CAB0095,2025,Africa-Coastal,consortium,None,8,20,7843.0,6,702.9,524.3,97.3,1,52,1,0
CAB0096,2025,Trans-Atlantic,carrier,None,0,37,7020.0,4,1723.1,570.9,25.1,1,62,0,0
CAB0097,2018,EMEA-Asia,hyperscaler,Suez,0,21,12067.0,6,768.0,201.8,25.2,1,34,1,0
CAB0097,2019,EMEA-Asia,hyperscaler,Suez,1,21,12067.0,6,768.0,260.0,27.0,1,37,0,0
CAB0097,2020,EMEA-Asia,hyperscaler,Suez,2,21,12067.0,6,768.0,321.5,60.0,1,40,0,0
CAB0097,2021,EMEA-Asia,hyperscaler,Suez,3,21,12067.0,6,768.0,299.1,13.8,1,44,0,0
CAB0097,2022,EMEA-Asia,hyperscaler,Suez,4,21,12067.0,6,768.0,393.9,50.3,1,45,0,0
CAB0097,2023,EMEA-Asia,hyperscaler,Suez,5,21,12067.0,6,768.0,449.8,14.7,1,47,0,0
CAB0097,2024,EMEA-Asia,hyperscaler,Suez,6,21,12067.0,6,768.0,521.4,73.4,1,48,0,0
CAB0097,2025,EMEA-Asia,hyperscaler,Suez,7,21,12067.0,6,768.0,476.8,72.5,1,47,0,0
CAB0098,2015,Intra-Europe,carrier,None,14,2,1385.0,5,24.6,24.6,100.0,1,41,0,0
CAB0098,2016,Intra-Europe,carrier,None,15,2,1385.0,5,24.6,24.6,59.0,1,42,0,0
CAB0098,2017,Intra-Europe,carrier,None,16,2,1385.0,5,24.6,24.6,55.5,1,44,0,0
CAB0098,2018,Intra-Europe,carrier,None,17,2,1385.0,5,24.6,24.6,92.6,1,45,0,0
CAB0098,2019,Intra-Europe,carrier,None,18,2,1385.0,5,24.6,24.6,60.4,1,47,0,0
CAB0098,2020,Intra-Europe,carrier,None,19,2,1385.0,5,24.6,24.6,84.4,1,49,0,0
CAB0098,2021,Intra-Europe,carrier,None,20,2,1385.0,5,24.6,24.6,100.0,1,49,0,0
CAB0098,2022,Intra-Europe,carrier,None,21,2,1385.0,5,24.6,24.6,52.1,1,52,0,0
CAB0098,2023,Intra-Europe,carrier,None,22,2,1385.0,5,24.6,24.6,100.0,1,53,0,0
CAB0098,2024,Intra-Europe,carrier,None,23,2,1385.0,5,24.6,24.6,100.0,1,53,0,0
CAB0098,2025,Intra-Europe,carrier,None,24,2,1385.0,5,24.6,24.6,80.0,1,58,0,0
CAB0099,2015,Trans-Pacific,carrier,None,10,6,10716.0,5,108.0,94.4,41.5,1,35,0,0
CAB0099,2016,Trans-Pacific,carrier,None,11,6,10716.0,5,108.0,97.2,42.1,1,37,0,0
CAB0099,2017,Trans-Pacific,carrier,None,12,6,10716.0,5,108.0,108.0,70.0,1,38,0,0
CAB0099,2018,Trans-Pacific,carrier,None,13,6,10716.0,5,108.0,106.2,51.7,1,39,0,0
CAB0099,2019,Trans-Pacific,carrier,None,14,6,10716.0,5,108.0,108.0,64.3,1,41,0,0
CAB0099,2020,Trans-Pacific,carrier,None,15,6,10716.0,5,108.0,108.0,70.7,1,42,0,0
CAB0099,2021,Trans-Pacific,carrier,None,16,6,10716.0,5,108.0,108.0,55.3,1,43,0,0
CAB0099,2022,Trans-Pacific,carrier,None,17,6,10716.0,5,108.0,108.0,90.9,1,45,0,0
CAB0099,2023,Trans-Pacific,carrier,None,18,6,10716.0,5,108.0,108.0,71.7,1,47,0,1
CAB0099,2024,Trans-Pacific,carrier,None,19,6,10716.0,5,108.0,108.0,87.9,1,49,1,0
CAB0099,2025,Trans-Pacific,carrier,None,20,6,10716.0,5,108.0,108.0,99.0,1,50,0,0
CAB0100,2015,Intra-Asia,hyperscaler,None,3,8,3537.0,5,224.0,89.7,76.1,1,53,0,0
CAB0100,2016,Intra-Asia,hyperscaler,None,4,8,3537.0,5,224.0,129.0,15.3,1,59,0,0
CAB0100,2017,Intra-Asia,hyperscaler,None,5,8,3537.0,5,224.0,132.0,88.7,1,60,0,0
CAB0100,2018,Intra-Asia,hyperscaler,None,6,8,3537.0,5,224.0,125.3,44.7,1,62,0,0
CAB0100,2019,Intra-Asia,hyperscaler,None,7,8,3537.0,5,224.0,141.9,56.4,1,64,0,0
CAB0100,2020,Intra-Asia,hyperscaler,None,8,8,3537.0,5,224.0,155.2,48.3,1,66,0,0
CAB0100,2021,Intra-Asia,hyperscaler,None,9,8,3537.0,5,224.0,158.4,74.2,1,69,0,0
CAB0100,2022,Intra-Asia,hyperscaler,None,10,8,3537.0,5,224.0,184.7,74.0,1,70,0,0
CAB0100,2023,Intra-Asia,hyperscaler,None,11,8,3537.0,5,224.0,179.3,35.8,1,70,0,0
CAB0100,2024,Intra-Asia,hyperscaler,None,12,8,3537.0,5,224.0,198.1,100.0,1,75,0,0
CAB0100,2025,Intra-Asia,hyperscaler,None,13,8,3537.0,5,224.0,208.0,93.4,1,77,0,0
CAB0101,2015,Africa-Coastal,carrier,None,16,5,6069.0,9,47.1,47.1,68.1,1,36,0,0
CAB0101,2016,Africa-Coastal,carrier,None,17,5,6069.0,9,47.1,47.1,56.8,1,37,0,0
CAB0101,2017,Africa-Coastal,carrier,None,18,5,6069.0,9,47.1,47.1,47.7,1,40,0,0
CAB0101,2018,Africa-Coastal,carrier,None,19,5,6069.0,9,47.1,47.1,84.7,1,40,0,0
CAB0101,2019,Africa-Coastal,carrier,None,20,5,6069.0,9,47.1,47.1,60.3,1,42,0,0
CAB0101,2020,Africa-Coastal,carrier,None,21,5,6069.0,9,47.1,47.1,80.5,1,43,0,0
CAB0101,2021,Africa-Coastal,carrier,None,22,5,6069.0,9,47.1,47.1,98.9,1,44,0,0
CAB0101,2022,Africa-Coastal,carrier,None,23,5,6069.0,9,47.1,47.1,58.2,1,45,0,0
CAB0101,2023,Africa-Coastal,carrier,None,24,5,6069.0,9,47.1,47.1,100.0,1,47,0,0
CAB0101,2024,Africa-Coastal,carrier,None,25,5,6069.0,9,47.1,47.1,93.2,1,49,0,0
CAB0101,2025,Africa-Coastal,carrier,None,26,5,6069.0,9,47.1,47.1,81.1,1,52,0,0
CAB0102,2015,EMEA-Asia,carrier,Malacca,17,4,13754.0,6,32.0,32.0,55.3,1,27,1,0
CAB0102,2016,EMEA-Asia,carrier,Malacca,18,4,13754.0,6,32.0,32.0,83.4,1,29,0,0
CAB0102,2017,EMEA-Asia,carrier,Malacca,19,4,13754.0,6,32.0,32.0,89.1,1,32,0,0
CAB0102,2018,EMEA-Asia,carrier,Malacca,20,4,13754.0,6,32.0,32.0,63.3,1,34,0,0
CAB0102,2019,EMEA-Asia,carrier,Malacca,21,4,13754.0,6,32.0,32.0,100.0,1,37,0,0
CAB0102,2020,EMEA-Asia,carrier,Malacca,22,4,13754.0,6,32.0,32.0,99.4,1,40,0,0
CAB0102,2021,EMEA-Asia,carrier,Malacca,23,4,13754.0,6,32.0,32.0,99.3,1,44,0,0
CAB0102,2022,EMEA-Asia,carrier,Malacca,24,4,13754.0,6,32.0,32.0,90.1,1,45,0,0
CAB0102,2023,EMEA-Asia,carrier,Malacca,25,4,13754.0,6,32.0,32.0,82.9,1,47,0,1
CAB0103,2015,Indian-Ocean,hyperscaler,None,2,27,6774.0,2,794.6,289.0,42.4,0,31,0,0
CAB0103,2016,Indian-Ocean,hyperscaler,None,3,27,6774.0,2,794.6,357.0,51.7,0,33,0,0
CAB0103,2017,Indian-Ocean,hyperscaler,None,4,27,6774.0,2,794.6,375.6,14.6,0,33,0,0
CAB0103,2018,Indian-Ocean,hyperscaler,None,5,27,6774.0,2,794.6,412.1,66.2,0,35,0,1
CAB0103,2019,Indian-Ocean,hyperscaler,None,6,27,6774.0,2,794.6,460.7,50.5,0,35,1,0
CAB0103,2020,Indian-Ocean,hyperscaler,None,7,27,6774.0,2,794.6,519.5,64.1,0,36,0,0
CAB0103,2021,Indian-Ocean,hyperscaler,None,8,27,6774.0,2,794.6,610.6,23.7,0,39,0,0
CAB0103,2022,Indian-Ocean,hyperscaler,None,9,27,6774.0,2,794.6,655.4,25.7,0,39,0,1
CAB0103,2023,Indian-Ocean,hyperscaler,None,10,27,6774.0,2,794.6,718.9,30.0,0,40,1,0
CAB0103,2024,Indian-Ocean,hyperscaler,None,11,27,6774.0,2,794.6,726.5,100.0,0,41,0,0
CAB0103,2025,Indian-Ocean,hyperscaler,None,12,27,6774.0,2,794.6,715.6,42.8,0,44,0,0
CAB0104,2015,Intra-Pacific-Islands,carrier,None,9,3,3843.0,5,58.3,44.9,100.0,1,28,0,1
CAB0104,2016,Intra-Pacific-Islands,carrier,None,10,3,3843.0,5,58.3,47.0,52.1,1,29,1,0
CAB0104,2017,Intra-Pacific-Islands,carrier,None,11,3,3843.0,5,58.3,54.8,40.7,1,29,0,0
CAB0104,2018,Intra-Pacific-Islands,carrier,None,12,3,3843.0,5,58.3,58.3,86.3,1,30,0,0
CAB0104,2019,Intra-Pacific-Islands,carrier,None,13,3,3843.0,5,58.3,58.3,64.3,1,35,0,0
CAB0104,2020,Intra-Pacific-Islands,carrier,None,14,3,3843.0,5,58.3,58.3,100.0,1,40,0,0
CAB0104,2021,Intra-Pacific-Islands,carrier,None,15,3,3843.0,5,58.3,58.3,39.5,1,41,0,0
CAB0104,2022,Intra-Pacific-Islands,carrier,None,16,3,3843.0,5,58.3,58.3,52.9,1,43,0,0
CAB0104,2023,Intra-Pacific-Islands,carrier,None,17,3,3843.0,5,58.3,58.3,50.3,1,45,0,0
CAB0104,2024,Intra-Pacific-Islands,carrier,None,18,3,3843.0,5,58.3,58.3,100.0,1,48,0,0
CAB0104,2025,Intra-Pacific-Islands,carrier,None,19,3,3843.0,5,58.3,58.3,76.3,1,50,0,1
CAB0105,2025,Indian-Ocean,consortium,None,0,6,11696.0,4,279.4,86.3,11.7,1,44,0,0
CAB0106,2018,Americas,carrier,None,0,21,5371.0,3,768.0,244.1,40.8,1,31,0,0
CAB0106,2019,Americas,carrier,None,1,21,5371.0,3,768.0,243.5,17.2,1,32,0,0
CAB0106,2020,Americas,carrier,None,2,21,5371.0,3,768.0,351.4,34.3,1,33,0,0
CAB0106,2021,Americas,carrier,None,3,21,5371.0,3,768.0,338.6,27.2,1,37,0,0
CAB0106,2022,Americas,carrier,None,4,21,5371.0,3,768.0,356.4,18.5,1,37,0,0
CAB0106,2023,Americas,carrier,None,5,21,5371.0,3,768.0,377.7,49.1,1,37,0,0
CAB0106,2024,Americas,carrier,None,6,21,5371.0,3,768.0,431.1,31.0,1,39,0,0
CAB0106,2025,Americas,carrier,None,7,21,5371.0,3,768.0,557.0,28.8,1,39,0,0
CAB0107,2015,Africa-Coastal,hyperscaler,None,3,4,7718.0,6,112.0,49.5,58.6,0,36,1,1
CAB0107,2016,Africa-Coastal,hyperscaler,None,4,4,7718.0,6,112.0,61.8,52.0,0,37,1,0
CAB0107,2017,Africa-Coastal,hyperscaler,None,5,4,7718.0,6,112.0,61.8,85.5,0,40,0,1
CAB0107,2018,Africa-Coastal,hyperscaler,None,6,4,7718.0,6,112.0,74.1,40.5,0,40,1,1
CAB0107,2019,Africa-Coastal,hyperscaler,None,7,4,7718.0,6,112.0,86.2,68.8,0,42,1,0
CAB0107,2020,Africa-Coastal,hyperscaler,None,8,4,7718.0,6,112.0,77.1,55.5,0,43,0,0
CAB0107,2021,Africa-Coastal,hyperscaler,None,9,4,7718.0,6,112.0,90.3,26.3,0,44,0,0
CAB0107,2022,Africa-Coastal,hyperscaler,None,10,4,7718.0,6,112.0,93.7,56.5,0,45,0,1
CAB0107,2023,Africa-Coastal,hyperscaler,None,11,4,7718.0,6,112.0,104.6,63.8,0,47,1,0
CAB0107,2024,Africa-Coastal,hyperscaler,None,12,4,7718.0,6,112.0,106.5,93.9,0,49,0,0
CAB0107,2025,Africa-Coastal,hyperscaler,None,13,4,7718.0,6,112.0,112.0,83.0,0,52,0,0
CAB0108,2024,Intra-Asia,consortium,None,0,9,6120.0,6,406.3,82.7,5.0,0,75,0,0
CAB0108,2025,Intra-Asia,consortium,None,1,9,6120.0,6,406.3,99.9,34.5,0,77,0,0
CAB0109,2019,Intra-Pacific-Islands,consortium,None,0,16,2522.0,5,608.0,163.3,14.5,0,35,1,0
CAB0109,2020,Intra-Pacific-Islands,consortium,None,1,16,2522.0,5,608.0,212.7,79.0,0,40,0,0
CAB0109,2021,Intra-Pacific-Islands,consortium,None,2,16,2522.0,5,608.0,265.7,11.1,0,41,0,0
CAB0109,2022,Intra-Pacific-Islands,consortium,None,3,16,2522.0,5,608.0,304.3,62.0,0,43,0,0
CAB0109,2023,Intra-Pacific-Islands,consortium,None,4,16,2522.0,5,608.0,361.5,52.2,0,45,0,0
CAB0109,2024,Intra-Pacific-Islands,consortium,None,5,16,2522.0,5,608.0,294.8,78.0,0,48,0,0
CAB0109,2025,Intra-Pacific-Islands,consortium,None,6,16,2522.0,5,608.0,416.7,78.5,0,50,0,1
CAB0110,2015,Intra-Asia,consortium,None,15,5,2860.0,5,54.3,54.3,64.1,1,53,0,0
CAB0110,2016,Intra-Asia,consortium,None,16,5,2860.0,5,54.3,54.3,90.6,1,59,0,0
CAB0110,2017,Intra-Asia,consortium,None,17,5,2860.0,5,54.3,54.3,94.9,1,60,0,0
CAB0110,2018,Intra-Asia,consortium,None,18,5,2860.0,5,54.3,54.3,69.0,1,62,0,0
CAB0110,2019,Intra-Asia,consortium,None,19,5,2860.0,5,54.3,54.3,78.0,1,64,0,0
CAB0110,2020,Intra-Asia,consortium,None,20,5,2860.0,5,54.3,54.3,100.0,1,66,0,0
CAB0110,2021,Intra-Asia,consortium,None,21,5,2860.0,5,54.3,54.3,45.8,1,69,0,0
CAB0110,2022,Intra-Asia,consortium,None,22,5,2860.0,5,54.3,54.3,58.6,1,70,0,0
CAB0110,2023,Intra-Asia,consortium,None,23,5,2860.0,5,54.3,54.3,63.5,1,70,0,1
CAB0110,2024,Intra-Asia,consortium,None,24,5,2860.0,5,54.3,54.3,88.0,1,75,1,0
CAB0110,2025,Intra-Asia,consortium,None,25,5,2860.0,5,54.3,54.3,100.0,1,77,0,0
CAB0111,2025,Americas,carrier,None,0,6,6012.0,4,279.4,82.7,66.0,0,39,0,0
CAB0112,2015,Africa-Coastal,consortium,None,3,17,14941.0,7,476.0,199.4,53.9,0,36,0,1
CAB0112,2016,Africa-Coastal,consortium,None,4,17,14941.0,7,476.0,243.4,32.8,0,37,1,0
CAB0112,2017,Africa-Coastal,consortium,None,5,17,14941.0,7,476.0,273.3,71.2,0,40,0,1
CAB0112,2018,Africa-Coastal,consortium,None,6,17,14941.0,7,476.0,274.1,72.9,0,40,1,0
CAB0112,2019,Africa-Coastal,consortium,None,7,17,14941.0,7,476.0,313.2,32.9,0,42,0,0
CAB0112,2020,Africa-Coastal,consortium,None,8,17,14941.0,7,476.0,352.7,62.4,0,43,0,0
CAB0112,2021,Africa-Coastal,consortium,None,9,17,14941.0,7,476.0,445.1,27.7,0,44,0,1
CAB0112,2022,Africa-Coastal,consortium,None,10,17,14941.0,7,476.0,455.7,41.5,0,45,1,0
CAB0112,2023,Africa-Coastal,consortium,None,11,17,14941.0,7,476.0,408.2,46.5,0,47,0,0
CAB0112,2024,Africa-Coastal,consortium,None,12,17,14941.0,7,476.0,474.4,70.1,0,49,0,0
CAB0112,2025,Africa-Coastal,consortium,None,13,17,14941.0,7,476.0,463.7,40.6,0,52,0,0
CAB0113,2017,Intra-Asia,consortium,Luzon-Strait,0,46,6806.0,3,1616.6,375.0,52.5,1,60,0,0
CAB0113,2018,Intra-Asia,consortium,Luzon-Strait,1,46,6806.0,3,1616.6,539.6,68.5,1,62,0,0
CAB0113,2019,Intra-Asia,consortium,Luzon-Strait,2,46,6806.0,3,1616.6,517.9,38.2,1,64,0,0
CAB0113,2020,Intra-Asia,consortium,Luzon-Strait,3,46,6806.0,3,1616.6,680.9,68.0,1,66,0,0
CAB0113,2021,Intra-Asia,consortium,Luzon-Strait,4,46,6806.0,3,1616.6,801.4,59.8,1,69,0,0
CAB0113,2022,Intra-Asia,consortium,Luzon-Strait,5,46,6806.0,3,1616.6,807.8,22.9,1,70,0,0
CAB0113,2023,Intra-Asia,consortium,Luzon-Strait,6,46,6806.0,3,1616.6,978.3,15.3,1,70,0,0
CAB0113,2024,Intra-Asia,consortium,Luzon-Strait,7,46,6806.0,3,1616.6,1043.2,44.3,1,75,0,0
CAB0113,2025,Intra-Asia,consortium,Luzon-Strait,8,46,6806.0,3,1616.6,1120.0,30.6,1,77,0,0
CAB0114,2015,Intra-Asia,consortium,None,10,3,5905.0,4,54.0,47.4,57.7,1,53,0,0
CAB0114,2016,Intra-Asia,consortium,None,11,3,5905.0,4,54.0,48.6,70.0,1,59,0,0
CAB0114,2017,Intra-Asia,consortium,None,12,3,5905.0,4,54.0,49.4,98.6,1,60,0,1
CAB0114,2018,Intra-Asia,consortium,None,13,3,5905.0,4,54.0,54.0,45.4,1,62,1,0
CAB0114,2019,Intra-Asia,consortium,None,14,3,5905.0,4,54.0,54.0,50.4,1,64,0,0
CAB0114,2020,Intra-Asia,consortium,None,15,3,5905.0,4,54.0,54.0,61.6,1,66,0,0
CAB0114,2021,Intra-Asia,consortium,None,16,3,5905.0,4,54.0,54.0,100.0,1,69,0,0
CAB0114,2022,Intra-Asia,consortium,None,17,3,5905.0,4,54.0,54.0,60.6,1,70,0,0
CAB0114,2023,Intra-Asia,consortium,None,18,3,5905.0,4,54.0,54.0,66.2,1,70,0,0
CAB0114,2024,Intra-Asia,consortium,None,19,3,5905.0,4,54.0,54.0,100.0,1,75,0,0
CAB0114,2025,Intra-Asia,consortium,None,20,3,5905.0,4,54.0,54.0,92.4,1,77,0,0
CAB0115,2015,Americas,consortium,Panama,17,14,4341.0,7,112.0,112.0,55.4,1,28,0,0
CAB0115,2016,Americas,consortium,Panama,18,14,4341.0,7,112.0,112.0,92.9,1,29,0,1
CAB0115,2017,Americas,consortium,Panama,19,14,4341.0,7,112.0,112.0,61.4,1,29,1,0
CAB0115,2018,Americas,consortium,Panama,20,14,4341.0,7,112.0,112.0,58.3,1,31,0,0
CAB0115,2019,Americas,consortium,Panama,21,14,4341.0,7,112.0,112.0,62.4,1,32,0,0
CAB0115,2020,Americas,consortium,Panama,22,14,4341.0,7,112.0,112.0,91.4,1,33,0,0
CAB0115,2021,Americas,consortium,Panama,23,14,4341.0,7,112.0,112.0,89.8,1,37,0,0
CAB0115,2022,Americas,consortium,Panama,24,14,4341.0,7,112.0,112.0,100.0,1,37,0,1
CAB0115,2023,Americas,consortium,Panama,25,14,4341.0,7,112.0,112.0,89.0,1,37,1,1
CAB0117,2015,Trans-Pacific,carrier,None,3,26,13668.0,7,728.0,314.5,13.3,0,35,0,0
CAB0117,2016,Trans-Pacific,carrier,None,4,26,13668.0,7,728.0,301.2,39.2,0,37,0,0
CAB0117,2017,Trans-Pacific,carrier,None,5,26,13668.0,7,728.0,424.1,85.0,0,38,0,0
CAB0117,2018,Trans-Pacific,carrier,None,6,26,13668.0,7,728.0,430.4,60.0,0,39,0,0
CAB0117,2019,Trans-Pacific,carrier,None,7,26,13668.0,7,728.0,492.3,45.2,0,41,0,0
CAB0117,2020,Trans-Pacific,carrier,None,8,26,13668.0,7,728.0,565.6,56.9,0,42,0,0
CAB0117,2021,Trans-Pacific,carrier,None,9,26,13668.0,7,728.0,495.8,70.3,0,43,0,0
CAB0117,2022,Trans-Pacific,carrier,None,10,26,13668.0,7,728.0,632.6,70.2,0,45,0,0
CAB0117,2023,Trans-Pacific,carrier,None,11,26,13668.0,7,728.0,655.5,65.9,0,47,0,0
CAB0117,2024,Trans-Pacific,carrier,None,12,26,13668.0,7,728.0,694.6,94.1,0,49,0,0
CAB0117,2025,Trans-Pacific,carrier,None,13,26,13668.0,7,728.0,688.7,52.8,0,50,0,0
CAB0118,2020,EMEA-Asia,carrier,Bab-el-Mandeb,0,11,17677.0,7,433.7,95.6,42.1,1,40,0,0
CAB0118,2021,EMEA-Asia,carrier,Bab-el-Mandeb,1,11,17677.0,7,433.7,82.1,19.7,1,44,0,0
CAB0118,2022,EMEA-Asia,carrier,Bab-el-Mandeb,2,11,17677.0,7,433.7,159.1,55.9,1,45,0,1
CAB0118,2023,EMEA-Asia,carrier,Bab-el-Mandeb,3,11,17677.0,7,433.7,211.4,28.8,1,47,1,0
CAB0118,2024,EMEA-Asia,carrier,Bab-el-Mandeb,4,11,17677.0,7,433.7,224.0,22.1,1,48,0,1
CAB0118,2025,EMEA-Asia,carrier,Bab-el-Mandeb,5,11,17677.0,7,433.7,235.6,33.0,1,47,1,1
CAB0119,2015,Intra-Europe,carrier,None,10,10,2132.0,4,180.0,161.0,72.6,1,41,0,0
CAB0119,2016,Intra-Europe,carrier,None,11,10,2132.0,4,180.0,173.6,58.2,1,42,0,0
CAB0119,2017,Intra-Europe,carrier,None,12,10,2132.0,4,180.0,180.0,60.1,1,44,0,0
CAB0119,2018,Intra-Europe,carrier,None,13,10,2132.0,4,180.0,180.0,41.8,1,45,0,0
CAB0119,2019,Intra-Europe,carrier,None,14,10,2132.0,4,180.0,178.9,65.2,1,47,0,0
CAB0119,2020,Intra-Europe,carrier,None,15,10,2132.0,4,180.0,180.0,81.5,1,49,0,0
CAB0119,2021,Intra-Europe,carrier,None,16,10,2132.0,4,180.0,180.0,53.1,1,49,0,0
CAB0119,2022,Intra-Europe,carrier,None,17,10,2132.0,4,180.0,180.0,53.5,1,52,0,0
CAB0119,2023,Intra-Europe,carrier,None,18,10,2132.0,4,180.0,180.0,50.8,1,53,0,0
CAB0119,2024,Intra-Europe,carrier,None,19,10,2132.0,4,180.0,180.0,50.1,1,53,0,0
CAB0119,2025,Intra-Europe,carrier,None,20,10,2132.0,4,180.0,180.0,65.5,1,58,0,0
CAB0120,2015,Americas,hyperscaler,Panama,16,2,3240.0,3,18.9,18.9,43.4,1,28,1,1
CAB0120,2016,Americas,hyperscaler,Panama,17,2,3240.0,3,18.9,18.9,66.9,1,29,1,0
CAB0120,2017,Americas,hyperscaler,Panama,18,2,3240.0,3,18.9,18.9,52.5,1,29,0,0
CAB0120,2018,Americas,hyperscaler,Panama,19,2,3240.0,3,18.9,18.9,77.2,1,31,0,0
CAB0120,2019,Americas,hyperscaler,Panama,20,2,3240.0,3,18.9,18.9,84.2,1,32,0,1
CAB0120,2020,Americas,hyperscaler,Panama,21,2,3240.0,3,18.9,18.9,100.0,1,33,1,1
CAB0120,2021,Americas,hyperscaler,Panama,22,2,3240.0,3,18.9,18.9,58.1,1,37,1,0
CAB0120,2022,Americas,hyperscaler,Panama,23,2,3240.0,3,18.9,18.9,83.6,1,37,0,1
CAB0120,2023,Americas,hyperscaler,Panama,24,2,3240.0,3,18.9,18.9,100.0,1,37,1,1
CAB0120,2024,Americas,hyperscaler,Panama,25,2,3240.0,3,18.9,18.9,92.9,1,39,1,0
CAB0120,2025,Americas,hyperscaler,Panama,26,2,3240.0,3,18.9,18.9,68.9,1,39,0,0
CAB0121,2015,Americas,government,None,17,7,4904.0,4,56.0,56.0,64.9,0,28,0,0
CAB0121,2016,Americas,government,None,18,7,4904.0,4,56.0,56.0,57.6,0,29,0,1
CAB0121,2017,Americas,government,None,19,7,4904.0,4,56.0,56.0,64.7,0,29,1,1
CAB0121,2018,Americas,government,None,20,7,4904.0,4,56.0,56.0,70.1,0,31,1,1
CAB0121,2019,Americas,government,None,21,7,4904.0,4,56.0,56.0,83.9,0,32,1,1
CAB0121,2020,Americas,government,None,22,7,4904.0,4,56.0,56.0,73.4,0,33,1,1
CAB0121,2021,Americas,government,None,23,7,4904.0,4,56.0,56.0,100.0,0,37,1,1
CAB0121,2022,Americas,government,None,24,7,4904.0,4,56.0,56.0,89.0,0,37,1,0
CAB0121,2023,Americas,government,None,25,7,4904.0,4,56.0,56.0,80.1,0,37,0,0
CAB0121,2024,Americas,government,None,26,7,4904.0,4,56.0,56.0,75.9,0,39,0,1
CAB0121,2025,Americas,government,None,27,7,4904.0,4,56.0,56.0,97.0,0,39,1,0
CAB0122,2018,Trans-Pacific,carrier,None,0,21,9248.0,6,768.0,257.8,26.6,0,39,0,0
CAB0122,2019,Trans-Pacific,carrier,None,1,21,9248.0,6,768.0,193.9,46.1,0,41,0,0
CAB0122,2020,Trans-Pacific,carrier,None,2,21,9248.0,6,768.0,217.4,28.7,0,42,0,0
CAB0122,2021,Trans-Pacific,carrier,None,3,21,9248.0,6,768.0,351.5,44.1,0,43,0,1
CAB0122,2022,Trans-Pacific,carrier,None,4,21,9248.0,6,768.0,390.0,67.4,0,45,1,0
CAB0122,2023,Trans-Pacific,carrier,None,5,21,9248.0,6,768.0,404.1,74.2,0,47,0,0
CAB0122,2024,Trans-Pacific,carrier,None,6,21,9248.0,6,768.0,479.2,90.2,0,49,0,1
CAB0122,2025,Trans-Pacific,carrier,None,7,21,9248.0,6,768.0,498.8,69.3,0,50,1,0
CAB0123,2015,EMEA-Asia,carrier,None,10,30,15488.0,4,540.0,446.2,63.0,0,27,0,0
CAB0123,2016,EMEA-Asia,carrier,None,11,30,15488.0,4,540.0,521.2,42.0,0,29,0,0
CAB0123,2017,EMEA-Asia,carrier,None,12,30,15488.0,4,540.0,518.7,38.4,0,32,0,0
CAB0123,2018,EMEA-Asia,carrier,None,13,30,15488.0,4,540.0,540.0,100.0,0,34,0,0
CAB0123,2019,EMEA-Asia,carrier,None,14,30,15488.0,4,540.0,540.0,78.8,0,37,0,0
CAB0123,2020,EMEA-Asia,carrier,None,15,30,15488.0,4,540.0,540.0,50.4,0,40,0,0
CAB0123,2021,EMEA-Asia,carrier,None,16,30,15488.0,4,540.0,540.0,43.1,0,44,0,0
CAB0123,2022,EMEA-Asia,carrier,None,17,30,15488.0,4,540.0,540.0,67.1,0,45,0,0
CAB0123,2023,EMEA-Asia,carrier,None,18,30,15488.0,4,540.0,540.0,58.2,0,47,0,0
CAB0123,2024,EMEA-Asia,carrier,None,19,30,15488.0,4,540.0,540.0,73.7,0,48,0,1
CAB0123,2025,EMEA-Asia,carrier,None,20,30,15488.0,4,540.0,540.0,75.5,0,47,1,0
CAB0124,2024,Americas,consortium,None,0,24,3130.0,3,1083.4,281.8,16.0,0,39,0,0
CAB0124,2025,Americas,consortium,None,1,24,3130.0,3,1083.4,386.9,81.7,0,39,0,0
CAB0125,2025,Africa-Coastal,hyperscaler,None,0,25,3729.0,3,1164.3,181.1,32.9,1,52,0,0
CAB0126,2019,Trans-Pacific,hyperscaler,None,0,32,11075.0,7,1216.0,381.1,81.7,0,41,0,1
CAB0126,2020,Trans-Pacific,hyperscaler,None,1,32,11075.0,7,1216.0,381.0,49.8,0,42,1,0
CAB0126,2021,Trans-Pacific,hyperscaler,None,2,32,11075.0,7,1216.0,475.6,34.8,0,43,0,0
CAB0126,2022,Trans-Pacific,hyperscaler,None,3,32,11075.0,7,1216.0,544.7,66.6,0,45,0,0
CAB0126,2023,Trans-Pacific,hyperscaler,None,4,32,11075.0,7,1216.0,539.9,19.6,0,47,0,1
CAB0126,2024,Trans-Pacific,hyperscaler,None,5,32,11075.0,7,1216.0,618.5,62.8,0,49,1,0
CAB0126,2025,Trans-Pacific,hyperscaler,None,6,32,11075.0,7,1216.0,630.8,58.8,0,50,0,0
CAB0127,2015,Intra-Pacific-Islands,consortium,None,8,11,2352.0,4,229.4,167.2,59.9,0,28,0,1
CAB0127,2016,Intra-Pacific-Islands,consortium,None,9,11,2352.0,4,229.4,183.3,31.3,0,29,1,0
CAB0127,2017,Intra-Pacific-Islands,consortium,None,10,11,2352.0,4,229.4,218.1,22.0,0,29,0,0
CAB0127,2018,Intra-Pacific-Islands,consortium,None,11,11,2352.0,4,229.4,198.2,63.0,0,30,0,0
CAB0127,2019,Intra-Pacific-Islands,consortium,None,12,11,2352.0,4,229.4,215.2,62.9,0,35,0,0
CAB0127,2020,Intra-Pacific-Islands,consortium,None,13,11,2352.0,4,229.4,226.7,52.0,0,40,0,1
CAB0127,2021,Intra-Pacific-Islands,consortium,None,14,11,2352.0,4,229.4,229.4,100.0,0,41,1,1
CAB0127,2022,Intra-Pacific-Islands,consortium,None,15,11,2352.0,4,229.4,229.4,60.6,0,43,1,0
CAB0127,2023,Intra-Pacific-Islands,consortium,None,16,11,2352.0,4,229.4,229.4,51.6,0,45,0,1
CAB0127,2024,Intra-Pacific-Islands,consortium,None,17,11,2352.0,4,229.4,229.4,100.0,0,48,1,1
CAB0127,2025,Intra-Pacific-Islands,consortium,None,18,11,2352.0,4,229.4,229.4,73.5,0,50,1,0
CAB0128,2015,Trans-Pacific,consortium,None,17,3,11486.0,5,24.0,24.0,41.6,1,35,0,1
CAB0128,2016,Trans-Pacific,consortium,None,18,3,11486.0,5,24.0,24.0,79.8,1,37,1,0
CAB0128,2017,Trans-Pacific,consortium,None,19,3,11486.0,5,24.0,24.0,71.5,1,38,0,0
CAB0128,2018,Trans-Pacific,consortium,None,20,3,11486.0,5,24.0,24.0,66.3,1,39,0,0
CAB0128,2019,Trans-Pacific,consortium,None,21,3,11486.0,5,24.0,24.0,69.9,1,41,0,0
CAB0128,2020,Trans-Pacific,consortium,None,22,3,11486.0,5,24.0,24.0,78.3,1,42,0,0
CAB0128,2021,Trans-Pacific,consortium,None,23,3,11486.0,5,24.0,24.0,76.2,1,43,0,0
CAB0128,2022,Trans-Pacific,consortium,None,24,3,11486.0,5,24.0,24.0,100.0,1,45,0,0
CAB0128,2023,Trans-Pacific,consortium,None,25,3,11486.0,5,24.0,24.0,95.1,1,47,0,0
CAB0128,2024,Trans-Pacific,consortium,None,26,3,11486.0,5,24.0,24.0,70.2,1,49,0,0
CAB0128,2025,Trans-Pacific,consortium,None,27,3,11486.0,5,24.0,24.0,99.2,1,50,0,0
CAB0129,2016,Intra-Asia,consortium,Luzon-Strait,0,29,2599.0,4,977.7,184.1,6.6,1,59,0,0
CAB0129,2017,Intra-Asia,consortium,Luzon-Strait,1,29,2599.0,4,977.7,323.9,63.2,1,60,0,0
CAB0129,2018,Intra-Asia,consortium,Luzon-Strait,2,29,2599.0,4,977.7,285.7,35.3,1,62,0,0
CAB0129,2019,Intra-Asia,consortium,Luzon-Strait,3,29,2599.0,4,977.7,434.7,57.1,1,64,0,0
CAB0129,2020,Intra-Asia,consortium,Luzon-Strait,4,29,2599.0,4,977.7,496.0,47.4,1,66,0,0
CAB0129,2021,Intra-Asia,consortium,Luzon-Strait,5,29,2599.0,4,977.7,496.5,34.1,1,69,0,1
CAB0129,2022,Intra-Asia,consortium,Luzon-Strait,6,29,2599.0,4,977.7,658.1,39.5,1,70,1,0
CAB0129,2023,Intra-Asia,consortium,Luzon-Strait,7,29,2599.0,4,977.7,665.7,61.9,1,70,0,1
CAB0129,2024,Intra-Asia,consortium,Luzon-Strait,8,29,2599.0,4,977.7,706.4,41.1,1,75,1,1
CAB0129,2025,Intra-Asia,consortium,Luzon-Strait,9,29,2599.0,4,977.7,832.6,69.1,1,77,1,0
CAB0130,2016,Intra-Asia,consortium,None,0,4,3192.0,10,134.9,21.9,29.0,0,59,1,0
CAB0130,2017,Intra-Asia,consortium,None,1,4,3192.0,10,134.9,42.0,47.0,0,60,0,0
CAB0130,2018,Intra-Asia,consortium,None,2,4,3192.0,10,134.9,61.5,63.0,0,62,0,0
CAB0130,2019,Intra-Asia,consortium,None,3,4,3192.0,10,134.9,38.6,69.6,0,64,0,0
CAB0130,2020,Intra-Asia,consortium,None,4,4,3192.0,10,134.9,66.5,52.0,0,66,0,1
CAB0130,2021,Intra-Asia,consortium,None,5,4,3192.0,10,134.9,72.1,65.7,0,69,1,0
CAB0130,2022,Intra-Asia,consortium,None,6,4,3192.0,10,134.9,81.3,57.6,0,70,0,0
CAB0130,2023,Intra-Asia,consortium,None,7,4,3192.0,10,134.9,86.8,40.7,0,70,0,0
CAB0130,2024,Intra-Asia,consortium,None,8,4,3192.0,10,134.9,101.7,76.7,0,75,0,0
CAB0130,2025,Intra-Asia,consortium,None,9,4,3192.0,10,134.9,103.8,27.1,0,77,0,0
CAB0131,2015,Intra-Asia,consortium,None,14,16,6055.0,6,196.6,196.6,100.0,1,53,0,1
CAB0131,2016,Intra-Asia,consortium,None,15,16,6055.0,6,196.6,196.6,61.1,1,59,1,0
CAB0131,2017,Intra-Asia,consortium,None,16,16,6055.0,6,196.6,196.6,84.0,1,60,0,0
CAB0131,2018,Intra-Asia,consortium,None,17,16,6055.0,6,196.6,196.6,65.1,1,62,0,0
CAB0131,2019,Intra-Asia,consortium,None,18,16,6055.0,6,196.6,196.6,89.7,1,64,0,1
CAB0131,2020,Intra-Asia,consortium,None,19,16,6055.0,6,196.6,196.6,90.4,1,66,1,0
CAB0131,2021,Intra-Asia,consortium,None,20,16,6055.0,6,196.6,196.6,44.3,1,69,0,0
CAB0131,2022,Intra-Asia,consortium,None,21,16,6055.0,6,196.6,196.6,100.0,1,70,0,0
CAB0131,2023,Intra-Asia,consortium,None,22,16,6055.0,6,196.6,196.6,100.0,1,70,0,0
CAB0131,2024,Intra-Asia,consortium,None,23,16,6055.0,6,196.6,196.6,87.8,1,75,0,0
CAB0131,2025,Intra-Asia,consortium,None,24,16,6055.0,6,196.6,196.6,73.0,1,77,0,0
CAB0132,2015,Africa-Coastal,carrier,None,15,2,7442.0,3,21.7,21.7,83.9,0,36,0,1
CAB0132,2016,Africa-Coastal,carrier,None,16,2,7442.0,3,21.7,21.7,43.3,0,37,1,1
CAB0132,2017,Africa-Coastal,carrier,None,17,2,7442.0,3,21.7,21.7,86.7,0,40,1,0
CAB0132,2018,Africa-Coastal,carrier,None,18,2,7442.0,3,21.7,21.7,100.0,0,40,0,0
CAB0132,2019,Africa-Coastal,carrier,None,19,2,7442.0,3,21.7,21.7,91.1,0,42,0,0
CAB0132,2020,Africa-Coastal,carrier,None,20,2,7442.0,3,21.7,21.7,74.9,0,43,0,0
CAB0132,2021,Africa-Coastal,carrier,None,21,2,7442.0,3,21.7,21.7,78.6,0,44,0,1
CAB0132,2022,Africa-Coastal,carrier,None,22,2,7442.0,3,21.7,21.7,96.5,0,45,1,1
CAB0132,2023,Africa-Coastal,carrier,None,23,2,7442.0,3,21.7,21.7,100.0,0,47,1,0
CAB0132,2024,Africa-Coastal,carrier,None,24,2,7442.0,3,21.7,21.7,91.2,0,49,0,1
CAB0132,2025,Africa-Coastal,carrier,None,25,2,7442.0,3,21.7,21.7,82.4,0,52,1,0
CAB0133,2023,Trans-Atlantic,carrier,None,0,5,7322.0,4,218.6,76.2,14.5,1,54,0,0
CAB0133,2024,Trans-Atlantic,carrier,None,1,5,7322.0,4,218.6,72.1,19.1,1,58,0,1
CAB0133,2025,Trans-Atlantic,carrier,None,2,5,7322.0,4,218.6,95.3,31.1,1,62,1,0
CAB0134,2021,Americas,hyperscaler,None,0,34,7501.0,4,1389.1,393.8,41.4,0,37,0,0
CAB0134,2022,Americas,hyperscaler,None,1,34,7501.0,4,1389.1,482.9,16.9,0,37,0,1
CAB0134,2023,Americas,hyperscaler,None,2,34,7501.0,4,1389.1,485.5,29.6,0,37,1,0
CAB0134,2024,Americas,hyperscaler,None,3,34,7501.0,4,1389.1,702.9,52.8,0,39,0,1
CAB0134,2025,Americas,hyperscaler,None,4,34,7501.0,4,1389.1,683.6,57.4,0,39,1,0
CAB0135,2015,Indian-Ocean,government,Malacca,5,12,9258.0,4,301.7,179.6,47.6,0,31,0,1
CAB0135,2016,Indian-Ocean,government,Malacca,6,12,9258.0,4,301.7,175.3,39.2,0,33,1,0
CAB0135,2017,Indian-Ocean,government,Malacca,7,12,9258.0,4,301.7,232.8,22.3,0,33,0,0
CAB0135,2018,Indian-Ocean,government,Malacca,8,12,9258.0,4,301.7,221.8,43.2,0,35,0,1
CAB0135,2019,Indian-Ocean,government,Malacca,9,12,9258.0,4,301.7,229.4,42.0,0,35,1,0
CAB0135,2020,Indian-Ocean,government,Malacca,10,12,9258.0,4,301.7,275.0,90.6,0,36,0,1
CAB0135,2021,Indian-Ocean,government,Malacca,11,12,9258.0,4,301.7,253.1,71.1,0,39,1,0
CAB0135,2022,Indian-Ocean,government,Malacca,12,12,9258.0,4,301.7,301.7,57.1,0,39,0,1
CAB0135,2023,Indian-Ocean,government,Malacca,13,12,9258.0,4,301.7,296.2,70.8,0,40,1,1
CAB0135,2024,Indian-Ocean,government,Malacca,14,12,9258.0,4,301.7,301.7,65.1,0,41,1,0
CAB0135,2025,Indian-Ocean,government,Malacca,15,12,9258.0,4,301.7,301.7,49.0,0,44,0,1
CAB0136,2015,Trans-Atlantic,government,None,15,10,6685.0,4,108.6,108.6,86.6,0,33,0,0
CAB0136,2016,Trans-Atlantic,government,None,16,10,6685.0,4,108.6,108.6,96.6,0,37,0,0
CAB0136,2017,Trans-Atlantic,government,None,17,10,6685.0,4,108.6,108.6,86.7,0,37,0,0
CAB0136,2018,Trans-Atlantic,government,None,18,10,6685.0,4,108.6,108.6,100.0,0,40,0,1
CAB0136,2019,Trans-Atlantic,government,None,19,10,6685.0,4,108.6,108.6,58.3,0,45,1,0
CAB0136,2020,Trans-Atlantic,government,None,20,10,6685.0,4,108.6,108.6,94.8,0,48,0,0
CAB0136,2021,Trans-Atlantic,government,None,21,10,6685.0,4,108.6,108.6,100.0,0,50,0,0
CAB0136,2022,Trans-Atlantic,government,None,22,10,6685.0,4,108.6,108.6,82.0,0,51,0,0
CAB0136,2023,Trans-Atlantic,government,None,23,10,6685.0,4,108.6,108.6,100.0,0,54,0,0
CAB0136,2024,Trans-Atlantic,government,None,24,10,6685.0,4,108.6,108.6,83.5,0,58,0,1
CAB0136,2025,Trans-Atlantic,government,None,25,10,6685.0,4,108.6,108.6,79.4,0,62,1,1
CAB0138,2015,Intra-Asia,carrier,Luzon-Strait,12,12,5412.0,9,181.7,170.6,51.4,0,53,1,0
CAB0138,2016,Intra-Asia,carrier,Luzon-Strait,13,12,5412.0,9,181.7,181.7,46.9,0,59,0,0
CAB0138,2017,Intra-Asia,carrier,Luzon-Strait,14,12,5412.0,9,181.7,181.7,69.1,0,60,0,0
CAB0138,2018,Intra-Asia,carrier,Luzon-Strait,15,12,5412.0,9,181.7,181.7,56.6,0,62,0,0
CAB0138,2019,Intra-Asia,carrier,Luzon-Strait,16,12,5412.0,9,181.7,181.7,66.7,0,64,0,0
CAB0138,2020,Intra-Asia,carrier,Luzon-Strait,17,12,5412.0,9,181.7,181.7,75.1,0,66,0,0
CAB0138,2021,Intra-Asia,carrier,Luzon-Strait,18,12,5412.0,9,181.7,181.7,75.4,0,69,0,1
CAB0138,2022,Intra-Asia,carrier,Luzon-Strait,19,12,5412.0,9,181.7,181.7,94.7,0,70,1,0
CAB0138,2023,Intra-Asia,carrier,Luzon-Strait,20,12,5412.0,9,181.7,181.7,98.2,0,70,0,0
CAB0138,2024,Intra-Asia,carrier,Luzon-Strait,21,12,5412.0,9,181.7,181.7,93.7,0,75,0,0
CAB0138,2025,Intra-Asia,carrier,Luzon-Strait,22,12,5412.0,9,181.7,181.7,74.9,0,77,0,0
CAB0139,2024,Intra-Pacific-Islands,consortium,None,0,48,2596.0,4,2166.9,531.4,22.9,1,48,0,0
CAB0139,2025,Intra-Pacific-Islands,consortium,None,1,48,2596.0,4,2166.9,848.6,24.1,1,50,0,0
CAB0141,2016,Trans-Pacific,hyperscaler,None,0,4,10453.0,5,134.9,22.2,67.5,1,37,1,1
CAB0141,2017,Trans-Pacific,hyperscaler,None,1,4,10453.0,5,134.9,39.1,41.1,1,38,1,0
CAB0141,2018,Trans-Pacific,hyperscaler,None,2,4,10453.0,5,134.9,52.4,78.3,1,39,0,1
CAB0141,2019,Trans-Pacific,hyperscaler,None,3,4,10453.0,5,134.9,63.7,30.1,1,41,1,1
CAB0141,2020,Trans-Pacific,hyperscaler,None,4,4,10453.0,5,134.9,55.4,53.9,1,42,1,0
CAB0141,2021,Trans-Pacific,hyperscaler,None,5,4,10453.0,5,134.9,83.2,42.0,1,43,0,1
CAB0141,2022,Trans-Pacific,hyperscaler,None,6,4,10453.0,5,134.9,92.1,56.1,1,45,1,0
CAB0141,2023,Trans-Pacific,hyperscaler,None,7,4,10453.0,5,134.9,88.7,64.4,1,47,0,0
CAB0141,2024,Trans-Pacific,hyperscaler,None,8,4,10453.0,5,134.9,95.9,93.2,1,49,0,0
CAB0141,2025,Trans-Pacific,hyperscaler,None,9,4,10453.0,5,134.9,119.8,84.5,1,50,0,1
CAB0142,2015,EMEA-Asia,consortium,Bab-el-Mandeb,15,4,14981.0,4,43.4,43.4,86.1,0,27,1,0
CAB0142,2016,EMEA-Asia,consortium,Bab-el-Mandeb,16,4,14981.0,4,43.4,43.4,100.0,0,29,0,0
CAB0142,2017,EMEA-Asia,consortium,Bab-el-Mandeb,17,4,14981.0,4,43.4,43.4,53.7,0,32,0,0
CAB0142,2018,EMEA-Asia,consortium,Bab-el-Mandeb,18,4,14981.0,4,43.4,43.4,77.8,0,34,0,1
CAB0142,2019,EMEA-Asia,consortium,Bab-el-Mandeb,19,4,14981.0,4,43.4,43.4,89.9,0,37,1,0
CAB0142,2020,EMEA-Asia,consortium,Bab-el-Mandeb,20,4,14981.0,4,43.4,43.4,100.0,0,40,0,1
CAB0142,2021,EMEA-Asia,consortium,Bab-el-Mandeb,21,4,14981.0,4,43.4,43.4,100.0,0,44,1,1
CAB0142,2022,EMEA-Asia,consortium,Bab-el-Mandeb,22,4,14981.0,4,43.4,43.4,61.4,0,45,1,0
CAB0142,2023,EMEA-Asia,consortium,Bab-el-Mandeb,23,4,14981.0,4,43.4,43.4,90.9,0,47,0,0
CAB0142,2024,EMEA-Asia,consortium,Bab-el-Mandeb,24,4,14981.0,4,43.4,43.4,88.7,0,48,0,1
CAB0143,2015,Indian-Ocean,government,Malacca,17,14,11128.0,4,112.0,112.0,95.4,1,31,0,0
CAB0143,2016,Indian-Ocean,government,Malacca,18,14,11128.0,4,112.0,112.0,80.2,1,33,0,0
CAB0143,2017,Indian-Ocean,government,Malacca,19,14,11128.0,4,112.0,112.0,72.0,1,33,0,0
CAB0143,2018,Indian-Ocean,government,Malacca,20,14,11128.0,4,112.0,112.0,54.1,1,35,0,0
CAB0143,2019,Indian-Ocean,government,Malacca,21,14,11128.0,4,112.0,112.0,62.0,1,35,0,0
CAB0143,2020,Indian-Ocean,government,Malacca,22,14,11128.0,4,112.0,112.0,82.2,1,36,0,0
CAB0143,2021,Indian-Ocean,government,Malacca,23,14,11128.0,4,112.0,112.0,100.0,1,39,0,0
CAB0143,2022,Indian-Ocean,government,Malacca,24,14,11128.0,4,112.0,112.0,76.3,1,39,0,1
CAB0143,2023,Indian-Ocean,government,Malacca,25,14,11128.0,4,112.0,112.0,100.0,1,40,1,0
CAB0143,2024,Indian-Ocean,government,Malacca,26,14,11128.0,4,112.0,112.0,100.0,1,41,0,0
CAB0143,2025,Indian-Ocean,government,Malacca,27,14,11128.0,4,112.0,112.0,100.0,1,44,0,0
CAB0144,2020,Indian-Ocean,government,Malacca,0,33,6902.0,6,1301.1,362.6,20.8,0,36,1,1
CAB0144,2021,Indian-Ocean,government,Malacca,1,33,6902.0,6,1301.1,459.8,74.9,0,39,1,1
CAB0144,2022,Indian-Ocean,government,Malacca,2,33,6902.0,6,1301.1,506.8,54.0,0,39,1,1
CAB0144,2023,Indian-Ocean,government,Malacca,3,33,6902.0,6,1301.1,476.4,29.5,0,40,1,0
CAB0144,2024,Indian-Ocean,government,Malacca,4,33,6902.0,6,1301.1,516.4,46.3,0,41,0,0
CAB0144,2025,Indian-Ocean,government,Malacca,5,33,6902.0,6,1301.1,785.7,49.0,0,44,0,0
CAB0145,2015,Intra-Europe,consortium,None,15,2,1840.0,9,21.7,21.7,62.5,0,41,0,0
CAB0145,2016,Intra-Europe,consortium,None,16,2,1840.0,9,21.7,21.7,50.1,0,42,0,0
CAB0145,2017,Intra-Europe,consortium,None,17,2,1840.0,9,21.7,21.7,87.5,0,44,0,0
CAB0145,2018,Intra-Europe,consortium,None,18,2,1840.0,9,21.7,21.7,71.7,0,45,0,0
CAB0145,2019,Intra-Europe,consortium,None,19,2,1840.0,9,21.7,21.7,46.4,0,47,0,0
CAB0145,2020,Intra-Europe,consortium,None,20,2,1840.0,9,21.7,21.7,87.5,0,49,0,0
CAB0145,2021,Intra-Europe,consortium,None,21,2,1840.0,9,21.7,21.7,100.0,0,49,0,0
CAB0145,2022,Intra-Europe,consortium,None,22,2,1840.0,9,21.7,21.7,69.3,0,52,0,0
CAB0145,2023,Intra-Europe,consortium,None,23,2,1840.0,9,21.7,21.7,100.0,0,53,0,0
CAB0145,2024,Intra-Europe,consortium,None,24,2,1840.0,9,21.7,21.7,55.0,0,53,0,0
CAB0145,2025,Intra-Europe,consortium,None,25,2,1840.0,9,21.7,21.7,71.6,0,58,0,0
CAB0146,2015,Africa-Coastal,consortium,None,8,3,6237.0,3,62.6,51.6,76.9,1,36,0,1
CAB0146,2016,Africa-Coastal,consortium,None,9,3,6237.0,3,62.6,48.1,47.0,1,37,1,0
CAB0146,2017,Africa-Coastal,consortium,None,10,3,6237.0,3,62.6,53.6,57.6,1,40,0,0
CAB0146,2018,Africa-Coastal,consortium,None,11,3,6237.0,3,62.6,53.2,42.0,1,40,0,0
CAB0146,2019,Africa-Coastal,consortium,None,12,3,6237.0,3,62.6,60.8,29.6,1,42,0,0
CAB0146,2020,Africa-Coastal,consortium,None,13,3,6237.0,3,62.6,62.6,76.2,1,43,0,1
CAB0146,2021,Africa-Coastal,consortium,None,14,3,6237.0,3,62.6,62.6,66.9,1,44,1,1
CAB0146,2022,Africa-Coastal,consortium,None,15,3,6237.0,3,62.6,62.6,79.6,1,45,1,1
CAB0146,2023,Africa-Coastal,consortium,None,16,3,6237.0,3,62.6,62.6,65.8,1,47,1,0
CAB0146,2024,Africa-Coastal,consortium,None,17,3,6237.0,3,62.6,62.6,69.4,1,49,0,1
CAB0146,2025,Africa-Coastal,consortium,None,18,3,6237.0,3,62.6,62.6,68.5,1,52,1,1
CAB0147,2015,Intra-Europe,hyperscaler,None,13,8,1101.0,3,109.7,109.7,74.6,1,41,1,0
CAB0147,2016,Intra-Europe,hyperscaler,None,14,8,1101.0,3,109.7,109.7,62.9,1,42,0,0
CAB0147,2017,Intra-Europe,hyperscaler,None,15,8,1101.0,3,109.7,109.7,55.8,1,44,0,0
CAB0147,2018,Intra-Europe,hyperscaler,None,16,8,1101.0,3,109.7,109.7,70.2,1,45,0,0
CAB0147,2019,Intra-Europe,hyperscaler,None,17,8,1101.0,3,109.7,109.7,77.1,1,47,0,0
CAB0147,2020,Intra-Europe,hyperscaler,None,18,8,1101.0,3,109.7,109.7,45.5,1,49,0,0
CAB0147,2021,Intra-Europe,hyperscaler,None,19,8,1101.0,3,109.7,109.7,97.9,1,49,0,0
CAB0147,2022,Intra-Europe,hyperscaler,None,20,8,1101.0,3,109.7,109.7,42.7,1,52,0,0
CAB0147,2023,Intra-Europe,hyperscaler,None,21,8,1101.0,3,109.7,109.7,82.4,1,53,0,0
CAB0147,2024,Intra-Europe,hyperscaler,None,22,8,1101.0,3,109.7,109.7,96.7,1,53,0,0
CAB0147,2025,Intra-Europe,hyperscaler,None,23,8,1101.0,3,109.7,109.7,58.1,1,58,0,0
CAB0148,2015,Intra-Asia,carrier,None,6,23,4190.0,6,545.4,328.7,83.0,1,53,0,0
CAB0148,2016,Intra-Asia,carrier,None,7,23,4190.0,6,545.4,340.8,58.8,1,59,0,0
CAB0148,2017,Intra-Asia,carrier,None,8,23,4190.0,6,545.4,373.3,45.3,1,60,0,0
CAB0148,2018,Intra-Asia,carrier,None,9,23,4190.0,6,545.4,423.4,32.9,1,62,0,0
CAB0148,2019,Intra-Asia,carrier,None,10,23,4190.0,6,545.4,511.0,50.3,1,64,0,0
CAB0148,2020,Intra-Asia,carrier,None,11,23,4190.0,6,545.4,501.3,28.3,1,66,0,1
CAB0148,2021,Intra-Asia,carrier,None,12,23,4190.0,6,545.4,529.7,64.7,1,69,1,0
CAB0148,2022,Intra-Asia,carrier,None,13,23,4190.0,6,545.4,545.4,41.0,1,70,0,0
CAB0148,2023,Intra-Asia,carrier,None,14,23,4190.0,6,545.4,545.4,50.6,1,70,0,0
CAB0148,2024,Intra-Asia,carrier,None,15,23,4190.0,6,545.4,545.4,63.4,1,75,0,0
CAB0148,2025,Intra-Asia,carrier,None,16,23,4190.0,6,545.4,545.4,75.9,1,77,0,0
CAB0149,2015,Indian-Ocean,hyperscaler,Suez,14,4,10493.0,3,49.1,49.1,75.5,0,31,0,1
CAB0149,2016,Indian-Ocean,hyperscaler,Suez,15,4,10493.0,3,49.1,49.1,60.4,0,33,1,0
CAB0149,2017,Indian-Ocean,hyperscaler,Suez,16,4,10493.0,3,49.1,49.1,95.2,0,33,0,0
CAB0149,2018,Indian-Ocean,hyperscaler,Suez,17,4,10493.0,3,49.1,49.1,67.2,0,35,0,1
CAB0149,2019,Indian-Ocean,hyperscaler,Suez,18,4,10493.0,3,49.1,49.1,100.0,0,35,1,1
CAB0149,2020,Indian-Ocean,hyperscaler,Suez,19,4,10493.0,3,49.1,49.1,94.9,0,36,1,1
CAB0149,2021,Indian-Ocean,hyperscaler,Suez,20,4,10493.0,3,49.1,49.1,81.2,0,39,1,1
CAB0149,2022,Indian-Ocean,hyperscaler,Suez,21,4,10493.0,3,49.1,49.1,100.0,0,39,1,1
CAB0149,2023,Indian-Ocean,hyperscaler,Suez,22,4,10493.0,3,49.1,49.1,65.5,0,40,1,0
CAB0149,2024,Indian-Ocean,hyperscaler,Suez,23,4,10493.0,3,49.1,49.1,55.1,0,41,0,0
CAB0149,2025,Indian-Ocean,hyperscaler,Suez,24,4,10493.0,3,49.1,49.1,62.1,0,44,0,1
CAB0150,2015,Trans-Atlantic,carrier,None,2,27,7476.0,6,794.6,293.9,36.0,0,33,0,0
CAB0150,2016,Trans-Atlantic,carrier,None,3,27,7476.0,6,794.6,293.3,42.5,0,37,0,0
CAB0150,2017,Trans-Atlantic,carrier,None,4,27,7476.0,6,794.6,395.9,62.3,0,37,0,1
CAB0150,2018,Trans-Atlantic,carrier,None,5,27,7476.0,6,794.6,432.4,37.1,0,40,1,0
CAB0150,2019,Trans-Atlantic,carrier,None,6,27,7476.0,6,794.6,517.9,45.8,0,45,0,0
CAB0150,2020,Trans-Atlantic,carrier,None,7,27,7476.0,6,794.6,531.5,58.2,0,48,0,0
CAB0150,2021,Trans-Atlantic,carrier,None,8,27,7476.0,6,794.6,553.8,59.2,0,50,0,0
CAB0150,2022,Trans-Atlantic,carrier,None,9,27,7476.0,6,794.6,616.3,82.8,0,51,0,0
CAB0150,2023,Trans-Atlantic,carrier,None,10,27,7476.0,6,794.6,642.1,78.3,0,54,0,0
CAB0150,2024,Trans-Atlantic,carrier,None,11,27,7476.0,6,794.6,733.5,53.5,0,58,0,0
CAB0150,2025,Trans-Atlantic,carrier,None,12,27,7476.0,6,794.6,759.4,44.0,0,62,0,0
CAB0151,2015,Indian-Ocean,government,None,9,14,9685.0,5,272.0,209.1,53.8,0,31,1,0
CAB0151,2016,Indian-Ocean,government,None,10,14,9685.0,5,272.0,248.2,72.9,0,33,0,0
CAB0151,2017,Indian-Ocean,government,None,11,14,9685.0,5,272.0,260.5,64.2,0,33,0,1
CAB0151,2018,Indian-Ocean,government,None,12,14,9685.0,5,272.0,257.9,73.9,0,35,1,0
CAB0151,2019,Indian-Ocean,government,None,13,14,9685.0,5,272.0,272.0,42.3,0,35,0,1
CAB0151,2020,Indian-Ocean,government,None,14,14,9685.0,5,272.0,272.0,88.2,0,36,1,0
CAB0151,2021,Indian-Ocean,government,None,15,14,9685.0,5,272.0,272.0,52.2,0,39,0,0
CAB0151,2022,Indian-Ocean,government,None,16,14,9685.0,5,272.0,272.0,53.8,0,39,0,0
CAB0151,2023,Indian-Ocean,government,None,17,14,9685.0,5,272.0,272.0,72.9,0,40,0,1
CAB0151,2024,Indian-Ocean,government,None,18,14,9685.0,5,272.0,272.0,91.6,0,41,1,1
CAB0151,2025,Indian-Ocean,government,None,19,14,9685.0,5,272.0,272.0,66.1,0,44,1,0
CAB0152,2015,Intra-Asia,consortium,Malacca,17,14,2231.0,4,112.0,112.0,78.1,0,53,1,1
CAB0152,2016,Intra-Asia,consortium,Malacca,18,14,2231.0,4,112.0,112.0,63.7,0,59,1,1
CAB0152,2017,Intra-Asia,consortium,Malacca,19,14,2231.0,4,112.0,112.0,100.0,0,60,1,1
CAB0152,2018,Intra-Asia,consortium,Malacca,20,14,2231.0,4,112.0,112.0,66.5,0,62,1,0
CAB0152,2019,Intra-Asia,consortium,Malacca,21,14,2231.0,4,112.0,112.0,95.2,0,64,0,1
CAB0152,2020,Intra-Asia,consortium,Malacca,22,14,2231.0,4,112.0,112.0,81.8,0,66,1,0
CAB0152,2021,Intra-Asia,consortium,Malacca,23,14,2231.0,4,112.0,112.0,69.5,0,69,0,1
CAB0152,2022,Intra-Asia,consortium,Malacca,24,14,2231.0,4,112.0,112.0,58.8,0,70,1,1
CAB0153,2015,Intra-Pacific-Islands,consortium,None,15,4,3034.0,7,43.4,43.4,53.8,1,28,0,0
CAB0153,2016,Intra-Pacific-Islands,consortium,None,16,4,3034.0,7,43.4,43.4,63.5,1,29,0,1
CAB0153,2017,Intra-Pacific-Islands,consortium,None,17,4,3034.0,7,43.4,43.4,68.9,1,29,1,1
CAB0153,2018,Intra-Pacific-Islands,consortium,None,18,4,3034.0,7,43.4,43.4,69.3,1,30,1,1
CAB0153,2019,Intra-Pacific-Islands,consortium,None,19,4,3034.0,7,43.4,43.4,57.6,1,35,1,0
CAB0153,2020,Intra-Pacific-Islands,consortium,None,20,4,3034.0,7,43.4,43.4,88.5,1,40,0,0
CAB0153,2021,Intra-Pacific-Islands,consortium,None,21,4,3034.0,7,43.4,43.4,73.6,1,41,0,0
CAB0153,2022,Intra-Pacific-Islands,consortium,None,22,4,3034.0,7,43.4,43.4,94.7,1,43,0,0
CAB0153,2023,Intra-Pacific-Islands,consortium,None,23,4,3034.0,7,43.4,43.4,66.6,1,45,0,0
CAB0153,2024,Intra-Pacific-Islands,consortium,None,24,4,3034.0,7,43.4,43.4,74.6,1,48,0,0
CAB0153,2025,Intra-Pacific-Islands,consortium,None,25,4,3034.0,7,43.4,43.4,60.7,1,50,0,0
CAB0154,2015,Intra-Asia,consortium,Luzon-Strait,12,4,4924.0,4,60.6,58.0,53.6,0,53,0,1
CAB0154,2016,Intra-Asia,consortium,Luzon-Strait,13,4,4924.0,4,60.6,60.6,57.3,0,59,1,0
CAB0154,2017,Intra-Asia,consortium,Luzon-Strait,14,4,4924.0,4,60.6,60.6,74.1,0,60,0,0
CAB0154,2018,Intra-Asia,consortium,Luzon-Strait,15,4,4924.0,4,60.6,60.6,37.8,0,62,0,0
CAB0154,2019,Intra-Asia,consortium,Luzon-Strait,16,4,4924.0,4,60.6,60.6,78.8,0,64,0,0
CAB0154,2020,Intra-Asia,consortium,Luzon-Strait,17,4,4924.0,4,60.6,60.6,68.6,0,66,0,0
CAB0154,2021,Intra-Asia,consortium,Luzon-Strait,18,4,4924.0,4,60.6,60.6,51.9,0,69,0,1
CAB0154,2022,Intra-Asia,consortium,Luzon-Strait,19,4,4924.0,4,60.6,60.6,100.0,0,70,1,1
CAB0154,2023,Intra-Asia,consortium,Luzon-Strait,20,4,4924.0,4,60.6,60.6,88.3,0,70,1,0
CAB0154,2024,Intra-Asia,consortium,Luzon-Strait,21,4,4924.0,4,60.6,60.6,100.0,0,75,0,0
CAB0154,2025,Intra-Asia,consortium,Luzon-Strait,22,4,4924.0,4,60.6,60.6,74.0,0,77,0,0
CAB0155,2015,Indian-Ocean,carrier,Suez,16,10,9410.0,4,94.3,94.3,73.1,0,31,0,0
CAB0155,2016,Indian-Ocean,carrier,Suez,17,10,9410.0,4,94.3,94.3,79.2,0,33,0,0
CAB0155,2017,Indian-Ocean,carrier,Suez,18,10,9410.0,4,94.3,94.3,54.8,0,33,0,0
CAB0155,2018,Indian-Ocean,carrier,Suez,19,10,9410.0,4,94.3,94.3,75.8,0,35,0,1
CAB0155,2019,Indian-Ocean,carrier,Suez,20,10,9410.0,4,94.3,94.3,100.0,0,35,1,0
CAB0155,2020,Indian-Ocean,carrier,Suez,21,10,9410.0,4,94.3,94.3,91.0,0,36,0,0
CAB0155,2021,Indian-Ocean,carrier,Suez,22,10,9410.0,4,94.3,94.3,64.3,0,39,0,1
CAB0155,2022,Indian-Ocean,carrier,Suez,23,10,9410.0,4,94.3,94.3,64.5,0,39,1,0
CAB0155,2023,Indian-Ocean,carrier,Suez,24,10,9410.0,4,94.3,94.3,56.2,0,40,0,0
CAB0155,2024,Indian-Ocean,carrier,Suez,25,10,9410.0,4,94.3,94.3,81.9,0,41,0,1
CAB0156,2015,Trans-Pacific,government,None,8,5,11577.0,4,104.3,81.7,65.6,1,35,0,0
CAB0156,2016,Trans-Pacific,government,None,9,5,11577.0,4,104.3,72.4,94.8,1,37,0,0
CAB0156,2017,Trans-Pacific,government,None,10,5,11577.0,4,104.3,84.8,43.5,1,38,0,0
CAB0156,2018,Trans-Pacific,government,None,11,5,11577.0,4,104.3,88.3,70.5,1,39,0,0
CAB0156,2019,Trans-Pacific,government,None,12,5,11577.0,4,104.3,94.1,77.6,1,41,0,0
CAB0156,2020,Trans-Pacific,government,None,13,5,11577.0,4,104.3,104.3,51.0,1,42,0,0
CAB0156,2021,Trans-Pacific,government,None,14,5,11577.0,4,104.3,104.3,61.8,1,43,0,0
CAB0156,2022,Trans-Pacific,government,None,15,5,11577.0,4,104.3,104.3,46.2,1,45,0,0
CAB0156,2023,Trans-Pacific,government,None,16,5,11577.0,4,104.3,104.3,65.7,1,47,0,0
CAB0156,2024,Trans-Pacific,government,None,17,5,11577.0,4,104.3,104.3,67.2,1,49,0,0
CAB0156,2025,Trans-Pacific,government,None,18,5,11577.0,4,104.3,104.3,95.1,1,50,0,0
CAB0157,2015,Intra-Europe,consortium,None,15,5,2429.0,4,54.3,54.3,55.0,1,41,1,0
CAB0157,2016,Intra-Europe,consortium,None,16,5,2429.0,4,54.3,54.3,47.1,1,42,0,0
CAB0157,2017,Intra-Europe,consortium,None,17,5,2429.0,4,54.3,54.3,59.3,1,44,0,1
CAB0157,2018,Intra-Europe,consortium,None,18,5,2429.0,4,54.3,54.3,100.0,1,45,1,0
CAB0157,2019,Intra-Europe,consortium,None,19,5,2429.0,4,54.3,54.3,93.8,1,47,0,1
CAB0157,2020,Intra-Europe,consortium,None,20,5,2429.0,4,54.3,54.3,82.7,1,49,1,0
CAB0157,2021,Intra-Europe,consortium,None,21,5,2429.0,4,54.3,54.3,70.4,1,49,0,1
CAB0157,2022,Intra-Europe,consortium,None,22,5,2429.0,4,54.3,54.3,100.0,1,52,1,0
CAB0157,2023,Intra-Europe,consortium,None,23,5,2429.0,4,54.3,54.3,100.0,1,53,0,0
CAB0157,2024,Intra-Europe,consortium,None,24,5,2429.0,4,54.3,54.3,100.0,1,53,0,0
CAB0158,2015,EMEA-Asia,hyperscaler,None,13,8,15647.0,5,109.7,109.7,100.0,1,27,0,1
CAB0158,2016,EMEA-Asia,hyperscaler,None,14,8,15647.0,5,109.7,109.7,61.1,1,29,1,1
CAB0158,2017,EMEA-Asia,hyperscaler,None,15,8,15647.0,5,109.7,109.7,100.0,1,32,1,0
CAB0158,2018,EMEA-Asia,hyperscaler,None,16,8,15647.0,5,109.7,109.7,56.4,1,34,0,1
CAB0158,2019,EMEA-Asia,hyperscaler,None,17,8,15647.0,5,109.7,109.7,83.6,1,37,1,0
CAB0158,2020,EMEA-Asia,hyperscaler,None,18,8,15647.0,5,109.7,109.7,48.4,1,40,0,1
CAB0158,2021,EMEA-Asia,hyperscaler,None,19,8,15647.0,5,109.7,109.7,87.2,1,44,1,0
CAB0158,2022,EMEA-Asia,hyperscaler,None,20,8,15647.0,5,109.7,109.7,100.0,1,45,0,1
CAB0158,2023,EMEA-Asia,hyperscaler,None,21,8,15647.0,5,109.7,109.7,77.2,1,47,1,0
CAB0158,2024,EMEA-Asia,hyperscaler,None,22,8,15647.0,5,109.7,109.7,86.4,1,48,0,0
CAB0158,2025,EMEA-Asia,hyperscaler,None,23,8,15647.0,5,109.7,109.7,77.6,1,47,0,0
CAB0159,2015,Intra-Pacific-Islands,consortium,None,16,3,3754.0,5,28.3,28.3,95.2,0,28,0,1
CAB0159,2016,Intra-Pacific-Islands,consortium,None,17,3,3754.0,5,28.3,28.3,89.4,0,29,1,0
CAB0159,2017,Intra-Pacific-Islands,consortium,None,18,3,3754.0,5,28.3,28.3,99.6,0,29,0,0
CAB0159,2018,Intra-Pacific-Islands,consortium,None,19,3,3754.0,5,28.3,28.3,68.3,0,30,0,0
CAB0159,2019,Intra-Pacific-Islands,consortium,None,20,3,3754.0,5,28.3,28.3,100.0,0,35,0,0
CAB0159,2020,Intra-Pacific-Islands,consortium,None,21,3,3754.0,5,28.3,28.3,65.5,0,40,0,0
CAB0159,2021,Intra-Pacific-Islands,consortium,None,22,3,3754.0,5,28.3,28.3,81.9,0,41,0,0
CAB0159,2022,Intra-Pacific-Islands,consortium,None,23,3,3754.0,5,28.3,28.3,62.2,0,43,0,0
CAB0159,2023,Intra-Pacific-Islands,consortium,None,24,3,3754.0,5,28.3,28.3,100.0,0,45,0,1
CAB0159,2024,Intra-Pacific-Islands,consortium,None,25,3,3754.0,5,28.3,28.3,100.0,0,48,1,1
CAB0160,2015,Intra-Asia,hyperscaler,None,7,5,3829.0,8,111.4,78.7,55.7,0,53,0,0
CAB0160,2016,Intra-Asia,hyperscaler,None,8,5,3829.0,8,111.4,88.2,54.6,0,59,0,0
CAB0160,2017,Intra-Asia,hyperscaler,None,9,5,3829.0,8,111.4,91.8,65.1,0,60,0,0
CAB0160,2018,Intra-Asia,hyperscaler,None,10,5,3829.0,8,111.4,87.9,57.4,0,62,0,0
CAB0160,2019,Intra-Asia,hyperscaler,None,11,5,3829.0,8,111.4,107.6,49.1,0,64,0,0
CAB0160,2020,Intra-Asia,hyperscaler,None,12,5,3829.0,8,111.4,111.4,100.0,0,66,0,0
CAB0160,2021,Intra-Asia,hyperscaler,None,13,5,3829.0,8,111.4,111.4,54.7,0,69,0,0
CAB0160,2022,Intra-Asia,hyperscaler,None,14,5,3829.0,8,111.4,111.4,79.3,0,70,0,0
CAB0160,2023,Intra-Asia,hyperscaler,None,15,5,3829.0,8,111.4,111.4,73.9,0,70,0,0
CAB0160,2024,Intra-Asia,hyperscaler,None,16,5,3829.0,8,111.4,111.4,89.6,0,75,0,0
CAB0160,2025,Intra-Asia,hyperscaler,None,17,5,3829.0,8,111.4,111.4,69.6,0,77,0,0
CAB0162,2016,Intra-Pacific-Islands,government,None,0,7,845.0,4,236.0,77.4,27.8,1,29,0,0
CAB0162,2017,Intra-Pacific-Islands,government,None,1,7,845.0,4,236.0,84.1,27.2,1,29,0,0
CAB0162,2018,Intra-Pacific-Islands,government,None,2,7,845.0,4,236.0,62.5,15.2,1,30,0,0
CAB0162,2019,Intra-Pacific-Islands,government,None,3,7,845.0,4,236.0,106.2,51.2,1,35,0,0
CAB0162,2020,Intra-Pacific-Islands,government,None,4,7,845.0,4,236.0,107.6,21.9,1,40,0,0
CAB0162,2021,Intra-Pacific-Islands,government,None,5,7,845.0,4,236.0,113.5,39.8,1,41,0,0
CAB0162,2022,Intra-Pacific-Islands,government,None,6,7,845.0,4,236.0,123.4,20.9,1,43,0,0
CAB0162,2023,Intra-Pacific-Islands,government,None,7,7,845.0,4,236.0,143.9,79.0,1,45,0,0
CAB0162,2024,Intra-Pacific-Islands,government,None,8,7,845.0,4,236.0,173.2,81.4,1,48,0,0
CAB0162,2025,Intra-Pacific-Islands,government,None,9,7,845.0,4,236.0,176.1,72.1,1,50,0,0
CAB0163,2025,Intra-Pacific-Islands,government,None,0,25,191.0,5,1164.3,167.9,8.6,0,50,0,0
CAB0164,2015,Trans-Pacific,consortium,None,7,7,14668.0,4,156.0,102.3,51.1,0,35,0,0
CAB0164,2016,Trans-Pacific,consortium,None,8,7,14668.0,4,156.0,120.3,29.2,0,37,0,1
CAB0164,2017,Trans-Pacific,consortium,None,9,7,14668.0,4,156.0,115.8,98.1,0,38,1,1
CAB0164,2018,Trans-Pacific,consortium,None,10,7,14668.0,4,156.0,134.2,67.9,0,39,1,0
CAB0164,2019,Trans-Pacific,consortium,None,11,7,14668.0,4,156.0,141.0,85.9,0,41,0,1
CAB0164,2020,Trans-Pacific,consortium,None,12,7,14668.0,4,156.0,148.6,71.3,0,42,1,0
CAB0164,2021,Trans-Pacific,consortium,None,13,7,14668.0,4,156.0,149.2,41.0,0,43,0,0
CAB0164,2022,Trans-Pacific,consortium,None,14,7,14668.0,4,156.0,156.0,72.3,0,45,0,0
CAB0164,2023,Trans-Pacific,consortium,None,15,7,14668.0,4,156.0,156.0,68.8,0,47,0,1
CAB0164,2024,Trans-Pacific,consortium,None,16,7,14668.0,4,156.0,156.0,81.3,0,49,1,0
CAB0164,2025,Trans-Pacific,consortium,None,17,7,14668.0,4,156.0,156.0,54.1,0,50,0,1
CAB0165,2015,Intra-Asia,consortium,None,3,4,2886.0,7,112.0,44.1,41.6,1,53,0,0
CAB0165,2016,Intra-Asia,consortium,None,4,4,2886.0,7,112.0,61.2,81.4,1,59,0,0
CAB0165,2017,Intra-Asia,consortium,None,5,4,2886.0,7,112.0,61.6,12.8,1,60,0,0
CAB0165,2018,Intra-Asia,consortium,None,6,4,2886.0,7,112.0,63.6,65.4,1,62,0,0
CAB0165,2019,Intra-Asia,consortium,None,7,4,2886.0,7,112.0,81.9,46.0,1,64,0,0
CAB0165,2020,Intra-Asia,consortium,None,8,4,2886.0,7,112.0,74.6,51.2,1,66,0,0
CAB0165,2021,Intra-Asia,consortium,None,9,4,2886.0,7,112.0,81.6,28.7,1,69,0,0
CAB0165,2022,Intra-Asia,consortium,None,10,4,2886.0,7,112.0,100.1,62.8,1,70,0,1
CAB0165,2023,Intra-Asia,consortium,None,11,4,2886.0,7,112.0,109.1,42.8,1,70,1,0
CAB0165,2024,Intra-Asia,consortium,None,12,4,2886.0,7,112.0,109.4,85.7,1,75,0,0
CAB0165,2025,Intra-Asia,consortium,None,13,4,2886.0,7,112.0,112.0,39.3,1,77,0,0
CAB0166,2023,Intra-Europe,consortium,None,0,11,2164.0,4,480.9,90.9,71.4,0,53,0,0
CAB0166,2024,Intra-Europe,consortium,None,1,11,2164.0,4,480.9,151.3,68.4,0,53,0,0
CAB0166,2025,Intra-Europe,consortium,None,2,11,2164.0,4,480.9,160.6,69.3,0,58,0,0
CAB0167,2015,Africa-Coastal,consortium,None,17,3,10859.0,5,24.0,24.0,100.0,0,36,0,0
CAB0167,2016,Africa-Coastal,consortium,None,18,3,10859.0,5,24.0,24.0,76.9,0,37,0,0
CAB0167,2017,Africa-Coastal,consortium,None,19,3,10859.0,5,24.0,24.0,96.4,0,40,0,0
CAB0167,2018,Africa-Coastal,consortium,None,20,3,10859.0,5,24.0,24.0,56.8,0,40,0,0
CAB0167,2019,Africa-Coastal,consortium,None,21,3,10859.0,5,24.0,24.0,86.4,0,42,0,0
CAB0167,2020,Africa-Coastal,consortium,None,22,3,10859.0,5,24.0,24.0,49.7,0,43,0,0
CAB0167,2021,Africa-Coastal,consortium,None,23,3,10859.0,5,24.0,24.0,89.1,0,44,0,0
CAB0167,2022,Africa-Coastal,consortium,None,24,3,10859.0,5,24.0,24.0,85.8,0,45,0,0
CAB0167,2023,Africa-Coastal,consortium,None,25,3,10859.0,5,24.0,24.0,100.0,0,47,0,0
CAB0167,2024,Africa-Coastal,consortium,None,26,3,10859.0,5,24.0,24.0,95.1,0,49,0,0
CAB0167,2025,Africa-Coastal,consortium,None,27,3,10859.0,5,24.0,24.0,100.0,0,52,0,0
CAB0168,2019,Intra-Pacific-Islands,carrier,None,0,21,2572.0,6,798.0,255.7,1.0,0,35,0,0
CAB0168,2020,Intra-Pacific-Islands,carrier,None,1,21,2572.0,6,798.0,233.0,50.6,0,40,0,0
CAB0168,2021,Intra-Pacific-Islands,carrier,None,2,21,2572.0,6,798.0,280.1,63.3,0,41,0,0
CAB0168,2022,Intra-Pacific-Islands,carrier,None,3,21,2572.0,6,798.0,306.2,28.6,0,43,0,0
CAB0168,2023,Intra-Pacific-Islands,carrier,None,4,21,2572.0,6,798.0,454.7,34.1,0,45,0,1
CAB0168,2024,Intra-Pacific-Islands,carrier,None,5,21,2572.0,6,798.0,409.8,22.6,0,48,1,0
CAB0168,2025,Intra-Pacific-Islands,carrier,None,6,21,2572.0,6,798.0,532.2,100.0,0,50,0,1
CAB0169,2015,Indian-Ocean,government,None,11,6,4630.0,5,99.4,94.4,59.0,1,31,0,0
CAB0169,2016,Indian-Ocean,government,None,12,6,4630.0,5,99.4,94.2,65.3,1,33,0,0
CAB0169,2017,Indian-Ocean,government,None,13,6,4630.0,5,99.4,96.3,35.5,1,33,0,0
CAB0169,2018,Indian-Ocean,government,None,14,6,4630.0,5,99.4,99.4,88.5,1,35,0,1
CAB0169,2019,Indian-Ocean,government,None,15,6,4630.0,5,99.4,99.4,58.7,1,35,1,0
CAB0169,2020,Indian-Ocean,government,None,16,6,4630.0,5,99.4,99.4,74.9,1,36,0,0
CAB0169,2021,Indian-Ocean,government,None,17,6,4630.0,5,99.4,99.4,53.3,1,39,0,0
CAB0169,2022,Indian-Ocean,government,None,18,6,4630.0,5,99.4,99.4,86.9,1,39,0,0
CAB0169,2023,Indian-Ocean,government,None,19,6,4630.0,5,99.4,99.4,86.8,1,40,0,0
CAB0169,2024,Indian-Ocean,government,None,20,6,4630.0,5,99.4,99.4,81.5,1,41,0,0
CAB0169,2025,Indian-Ocean,government,None,21,6,4630.0,5,99.4,99.4,100.0,1,44,0,0
CAB0170,2015,Trans-Atlantic,consortium,None,0,4,6489.0,3,129.1,25.5,31.6,0,33,0,0
CAB0170,2016,Trans-Atlantic,consortium,None,1,4,6489.0,3,129.1,39.4,17.2,0,37,0,0
CAB0170,2017,Trans-Atlantic,consortium,None,2,4,6489.0,3,129.1,50.9,13.4,0,37,0,0
CAB0170,2018,Trans-Atlantic,consortium,None,3,4,6489.0,3,129.1,48.2,32.2,0,40,0,0
CAB0170,2019,Trans-Atlantic,consortium,None,4,4,6489.0,3,129.1,58.2,64.8,0,45,0,0
CAB0170,2020,Trans-Atlantic,consortium,None,5,4,6489.0,3,129.1,63.6,41.6,0,48,0,0
CAB0170,2021,Trans-Atlantic,consortium,None,6,4,6489.0,3,129.1,73.7,53.7,0,50,0,0
CAB0170,2022,Trans-Atlantic,consortium,None,7,4,6489.0,3,129.1,87.1,26.5,0,51,0,0
CAB0170,2023,Trans-Atlantic,consortium,None,8,4,6489.0,3,129.1,105.4,69.5,0,54,0,0
CAB0170,2024,Trans-Atlantic,consortium,None,9,4,6489.0,3,129.1,103.2,28.3,0,58,0,0
CAB0170,2025,Trans-Atlantic,consortium,None,10,4,6489.0,3,129.1,113.0,58.7,0,62,0,0
CAB0171,2024,Trans-Atlantic,consortium,None,0,48,6800.0,9,2166.9,528.6,12.5,1,58,0,1
CAB0171,2025,Trans-Atlantic,consortium,None,1,48,6800.0,9,2166.9,622.9,27.5,1,62,1,0
CAB0172,2018,EMEA-Asia,carrier,None,0,7,8219.0,3,256.0,72.1,27.1,0,34,0,0
CAB0172,2019,EMEA-Asia,carrier,None,1,7,8219.0,3,256.0,68.0,24.9,0,37,0,1
CAB0172,2020,EMEA-Asia,carrier,None,2,7,8219.0,3,256.0,106.8,58.3,0,40,1,0
CAB0172,2021,EMEA-Asia,carrier,None,3,7,8219.0,3,256.0,116.7,10.3,0,44,0,0
CAB0172,2022,EMEA-Asia,carrier,None,4,7,8219.0,3,256.0,128.0,63.5,0,45,0,0
CAB0172,2023,EMEA-Asia,carrier,None,5,7,8219.0,3,256.0,152.6,51.4,0,47,0,0
CAB0172,2024,EMEA-Asia,carrier,None,6,7,8219.0,3,256.0,169.0,34.8,0,48,0,1
CAB0172,2025,EMEA-Asia,carrier,None,7,7,8219.0,3,256.0,178.5,31.0,0,47,1,0
CAB0173,2015,Trans-Pacific,consortium,None,6,5,11018.0,7,118.6,67.9,51.5,0,35,1,0
CAB0173,2016,Trans-Pacific,consortium,None,7,5,11018.0,7,118.6,77.2,53.5,0,37,0,0
CAB0173,2017,Trans-Pacific,consortium,None,8,5,11018.0,7,118.6,96.5,83.0,0,38,0,0
CAB0173,2018,Trans-Pacific,consortium,None,9,5,11018.0,7,118.6,100.2,69.0,0,39,0,0
CAB0173,2019,Trans-Pacific,consortium,None,10,5,11018.0,7,118.6,95.6,49.7,0,41,0,0
CAB0173,2020,Trans-Pacific,consortium,None,11,5,11018.0,7,118.6,118.6,64.8,0,42,0,1
CAB0173,2021,Trans-Pacific,consortium,None,12,5,11018.0,7,118.6,106.9,60.9,0,43,1,0
CAB0173,2022,Trans-Pacific,consortium,None,13,5,11018.0,7,118.6,118.6,60.7,0,45,0,1
CAB0173,2023,Trans-Pacific,consortium,None,14,5,11018.0,7,118.6,118.6,42.0,0,47,1,1
CAB0173,2024,Trans-Pacific,consortium,None,15,5,11018.0,7,118.6,118.6,90.1,0,49,1,0
CAB0173,2025,Trans-Pacific,consortium,None,16,5,11018.0,7,118.6,118.6,88.9,0,50,0,1
CAB0174,2020,Trans-Pacific,hyperscaler,None,0,11,14421.0,5,433.7,128.7,29.8,1,42,1,0
CAB0174,2021,Trans-Pacific,hyperscaler,None,1,11,14421.0,5,433.7,117.8,47.2,1,43,0,0
CAB0174,2022,Trans-Pacific,hyperscaler,None,2,11,14421.0,5,433.7,152.4,84.8,1,45,0,0
CAB0174,2023,Trans-Pacific,hyperscaler,None,3,11,14421.0,5,433.7,186.4,29.8,1,47,0,1
CAB0174,2024,Trans-Pacific,hyperscaler,None,4,11,14421.0,5,433.7,201.8,43.6,1,49,1,0
CAB0174,2025,Trans-Pacific,hyperscaler,None,5,11,14421.0,5,433.7,202.4,61.5,1,50,0,0
CAB0175,2015,Intra-Europe,consortium,None,4,6,2749.0,4,159.4,95.6,27.2,1,41,0,0
CAB0175,2016,Intra-Europe,consortium,None,5,6,2749.0,4,159.4,84.2,44.9,1,42,0,0
CAB0175,2017,Intra-Europe,consortium,None,6,6,2749.0,4,159.4,95.9,54.0,1,44,0,0
CAB0175,2018,Intra-Europe,consortium,None,7,6,2749.0,4,159.4,101.8,49.2,1,45,0,0
CAB0175,2019,Intra-Europe,consortium,None,8,6,2749.0,4,159.4,122.7,58.5,1,47,0,0
CAB0175,2020,Intra-Europe,consortium,None,9,6,2749.0,4,159.4,127.7,72.8,1,49,0,0
CAB0175,2021,Intra-Europe,consortium,None,10,6,2749.0,4,159.4,142.9,39.3,1,49,0,0
CAB0175,2022,Intra-Europe,consortium,None,11,6,2749.0,4,159.4,142.9,69.1,1,52,0,0
CAB0175,2023,Intra-Europe,consortium,None,12,6,2749.0,4,159.4,154.2,63.5,1,53,0,0
CAB0175,2024,Intra-Europe,consortium,None,13,6,2749.0,4,159.4,159.4,80.9,1,53,0,0
CAB0175,2025,Intra-Europe,consortium,None,14,6,2749.0,4,159.4,159.4,69.5,1,58,0,0
CAB0176,2015,Trans-Pacific,consortium,None,1,7,11224.0,2,216.0,60.5,30.8,1,35,1,0
CAB0176,2016,Trans-Pacific,consortium,None,2,7,11224.0,2,216.0,88.1,18.5,1,37,0,0
CAB0176,2017,Trans-Pacific,consortium,None,3,7,11224.0,2,216.0,99.4,44.3,1,38,0,0
CAB0176,2018,Trans-Pacific,consortium,None,4,7,11224.0,2,216.0,125.1,66.1,1,39,0,1
CAB0176,2019,Trans-Pacific,consortium,None,5,7,11224.0,2,216.0,103.2,26.2,1,41,1,0
CAB0176,2020,Trans-Pacific,consortium,None,6,7,11224.0,2,216.0,127.7,33.8,1,42,0,0
CAB0176,2021,Trans-Pacific,consortium,None,7,7,11224.0,2,216.0,140.0,30.4,1,43,0,0
CAB0176,2022,Trans-Pacific,consortium,None,8,7,11224.0,2,216.0,160.0,47.0,1,45,0,0
CAB0176,2023,Trans-Pacific,consortium,None,9,7,11224.0,2,216.0,163.4,43.5,1,47,0,0
CAB0176,2024,Trans-Pacific,consortium,None,10,7,11224.0,2,216.0,184.4,80.1,1,49,0,0
CAB0176,2025,Trans-Pacific,consortium,None,11,7,11224.0,2,216.0,211.0,41.0,1,50,0,0
CAB0177,2015,Intra-Asia,hyperscaler,Taiwan-Strait,8,14,2944.0,4,292.0,200.0,58.8,0,53,0,1
CAB0177,2016,Intra-Asia,hyperscaler,Taiwan-Strait,9,14,2944.0,4,292.0,232.1,73.3,0,59,1,0
CAB0177,2017,Intra-Asia,hyperscaler,Taiwan-Strait,10,14,2944.0,4,292.0,226.8,46.6,0,60,0,0
CAB0177,2018,Intra-Asia,hyperscaler,Taiwan-Strait,11,14,2944.0,4,292.0,281.4,62.4,0,62,0,0
CAB0177,2019,Intra-Asia,hyperscaler,Taiwan-Strait,12,14,2944.0,4,292.0,285.2,55.3,0,64,0,0
CAB0177,2020,Intra-Asia,hyperscaler,Taiwan-Strait,13,14,2944.0,4,292.0,278.0,100.0,0,66,0,0
CAB0177,2021,Intra-Asia,hyperscaler,Taiwan-Strait,14,14,2944.0,4,292.0,292.0,60.3,0,69,0,0
CAB0177,2022,Intra-Asia,hyperscaler,Taiwan-Strait,15,14,2944.0,4,292.0,292.0,100.0,0,70,0,0
CAB0177,2023,Intra-Asia,hyperscaler,Taiwan-Strait,16,14,2944.0,4,292.0,292.0,87.8,0,70,0,0
CAB0177,2024,Intra-Asia,hyperscaler,Taiwan-Strait,17,14,2944.0,4,292.0,292.0,46.6,0,75,0,0
CAB0177,2025,Intra-Asia,hyperscaler,Taiwan-Strait,18,14,2944.0,4,292.0,292.0,65.1,0,77,0,0
CAB0178,2023,Intra-Pacific-Islands,carrier,None,0,23,851.0,4,1005.4,260.1,43.0,1,45,0,0
CAB0178,2024,Intra-Pacific-Islands,carrier,None,1,23,851.0,4,1005.4,410.9,70.0,1,48,0,0
CAB0178,2025,Intra-Pacific-Islands,carrier,None,2,23,851.0,4,1005.4,444.8,69.3,1,50,0,0
CAB0179,2015,Americas,carrier,None,6,5,7686.0,7,118.6,65.4,30.9,1,28,1,0
CAB0179,2016,Americas,carrier,None,7,5,7686.0,7,118.6,75.6,30.5,1,29,0,0
CAB0179,2017,Americas,carrier,None,8,5,7686.0,7,118.6,96.2,63.7,1,29,0,1
CAB0179,2018,Americas,carrier,None,9,5,7686.0,7,118.6,89.3,39.6,1,31,1,0
CAB0179,2019,Americas,carrier,None,10,5,7686.0,7,118.6,110.3,32.9,1,32,0,0
CAB0179,2020,Americas,carrier,None,11,5,7686.0,7,118.6,104.9,39.0,1,33,0,0
CAB0179,2021,Americas,carrier,None,12,5,7686.0,7,118.6,118.1,95.4,1,37,0,0
CAB0179,2022,Americas,carrier,None,13,5,7686.0,7,118.6,118.6,41.7,1,37,0,0
CAB0179,2023,Americas,carrier,None,14,5,7686.0,7,118.6,118.6,69.8,1,37,0,1
CAB0179,2024,Americas,carrier,None,15,5,7686.0,7,118.6,118.6,70.0,1,39,1,0
CAB0179,2025,Americas,carrier,None,16,5,7686.0,7,118.6,118.6,90.4,1,39,0,0
CAB0180,2015,EMEA-Asia,hyperscaler,Malacca,12,12,17190.0,8,181.7,166.8,77.2,0,27,1,1
CAB0180,2016,EMEA-Asia,hyperscaler,Malacca,13,12,17190.0,8,181.7,173.3,76.0,0,29,1,1
CAB0180,2017,EMEA-Asia,hyperscaler,Malacca,14,12,17190.0,8,181.7,181.6,53.0,0,32,1,0
CAB0180,2018,EMEA-Asia,hyperscaler,Malacca,15,12,17190.0,8,181.7,181.7,72.3,0,34,0,1
CAB0180,2019,EMEA-Asia,hyperscaler,Malacca,16,12,17190.0,8,181.7,181.7,64.8,0,37,1,1
CAB0180,2020,EMEA-Asia,hyperscaler,Malacca,17,12,17190.0,8,181.7,181.7,69.3,0,40,1,0
CAB0180,2021,EMEA-Asia,hyperscaler,Malacca,18,12,17190.0,8,181.7,181.7,45.1,0,44,0,1
CAB0180,2022,EMEA-Asia,hyperscaler,Malacca,19,12,17190.0,8,181.7,181.7,100.0,0,45,1,1
CAB0180,2023,EMEA-Asia,hyperscaler,Malacca,20,12,17190.0,8,181.7,181.7,87.6,0,47,1,1
CAB0180,2024,EMEA-Asia,hyperscaler,Malacca,21,12,17190.0,8,181.7,181.7,53.2,0,48,1,0
CAB0180,2025,EMEA-Asia,hyperscaler,Malacca,22,12,17190.0,8,181.7,181.7,88.3,0,47,0,1
CAB0181,2023,Trans-Pacific,hyperscaler,None,0,17,10976.0,4,743.1,164.7,23.8,0,47,1,0
CAB0181,2024,Trans-Pacific,hyperscaler,None,1,17,10976.0,4,743.1,240.0,9.7,0,49,0,1
CAB0181,2025,Trans-Pacific,hyperscaler,None,2,17,10976.0,4,743.1,242.9,13.4,0,50,1,1
CAB0182,2015,EMEA-Asia,carrier,Hormuz,16,2,17701.0,7,18.9,18.9,92.7,0,27,0,1
CAB0182,2016,EMEA-Asia,carrier,Hormuz,17,2,17701.0,7,18.9,18.9,100.0,0,29,1,1
CAB0182,2017,EMEA-Asia,carrier,Hormuz,18,2,17701.0,7,18.9,18.9,63.0,0,32,1,0
CAB0182,2018,EMEA-Asia,carrier,Hormuz,19,2,17701.0,7,18.9,18.9,100.0,0,34,0,1
CAB0182,2019,EMEA-Asia,carrier,Hormuz,20,2,17701.0,7,18.9,18.9,75.0,0,37,1,0
CAB0182,2020,EMEA-Asia,carrier,Hormuz,21,2,17701.0,7,18.9,18.9,100.0,0,40,0,1
CAB0182,2021,EMEA-Asia,carrier,Hormuz,22,2,17701.0,7,18.9,18.9,96.0,0,44,1,0
CAB0182,2022,EMEA-Asia,carrier,Hormuz,23,2,17701.0,7,18.9,18.9,92.0,0,45,0,1
CAB0182,2023,EMEA-Asia,carrier,Hormuz,24,2,17701.0,7,18.9,18.9,100.0,0,47,1,1
CAB0182,2024,EMEA-Asia,carrier,Hormuz,25,2,17701.0,7,18.9,18.9,86.3,0,48,1,1
CAB0182,2025,EMEA-Asia,carrier,Hormuz,26,2,17701.0,7,18.9,18.9,100.0,0,47,1,0
CAB0183,2019,EMEA-Asia,consortium,Suez,0,48,12923.0,6,1824.0,652.9,64.3,0,37,0,0
CAB0183,2020,EMEA-Asia,consortium,Suez,1,48,12923.0,6,1824.0,523.3,65.3,0,40,0,0
CAB0183,2021,EMEA-Asia,consortium,Suez,2,48,12923.0,6,1824.0,578.4,59.6,0,44,0,0
CAB0183,2022,EMEA-Asia,consortium,Suez,3,48,12923.0,6,1824.0,652.2,50.6,0,45,0,1
CAB0183,2023,EMEA-Asia,consortium,Suez,4,48,12923.0,6,1824.0,919.4,40.5,0,47,1,0
CAB0183,2024,EMEA-Asia,consortium,Suez,5,48,12923.0,6,1824.0,930.9,56.1,0,48,0,0
CAB0183,2025,EMEA-Asia,consortium,Suez,6,48,12923.0,6,1824.0,1012.9,70.9,0,47,0,0
CAB0184,2022,Intra-Europe,consortium,None,0,8,1892.0,6,338.3,87.5,54.3,0,52,0,0
CAB0184,2023,Intra-Europe,consortium,None,1,8,1892.0,6,338.3,98.7,55.0,0,53,0,0
CAB0184,2024,Intra-Europe,consortium,None,2,8,1892.0,6,338.3,117.4,59.8,0,53,0,0
CAB0184,2025,Intra-Europe,consortium,None,3,8,1892.0,6,338.3,126.6,57.2,0,58,0,0
CAB0185,2019,EMEA-Asia,hyperscaler,Malacca,0,8,8064.0,5,304.0,87.6,24.5,1,37,0,0
CAB0185,2020,EMEA-Asia,hyperscaler,Malacca,1,8,8064.0,5,304.0,111.7,63.6,1,40,0,0
CAB0185,2021,EMEA-Asia,hyperscaler,Malacca,2,8,8064.0,5,304.0,132.9,59.5,1,44,0,0
CAB0185,2022,EMEA-Asia,hyperscaler,Malacca,3,8,8064.0,5,304.0,159.6,38.1,1,45,0,0
CAB0185,2023,EMEA-Asia,hyperscaler,Malacca,4,8,8064.0,5,304.0,136.3,28.6,1,47,0,0
CAB0185,2024,EMEA-Asia,hyperscaler,Malacca,5,8,8064.0,5,304.0,178.2,79.7,1,48,0,0
CAB0185,2025,EMEA-Asia,hyperscaler,Malacca,6,8,8064.0,5,304.0,181.7,33.6,1,47,0,0
CAB0186,2015,Intra-Europe,government,None,4,6,1537.0,3,159.4,89.6,47.2,1,41,0,0
CAB0186,2016,Intra-Europe,government,None,5,6,1537.0,3,159.4,79.4,47.7,1,42,0,0
CAB0186,2017,Intra-Europe,government,None,6,6,1537.0,3,159.4,101.2,31.2,1,44,0,0
CAB0186,2018,Intra-Europe,government,None,7,6,1537.0,3,159.4,121.8,41.0,1,45,0,0
CAB0186,2019,Intra-Europe,government,None,8,6,1537.0,3,159.4,119.9,55.2,1,47,0,0
CAB0186,2020,Intra-Europe,government,None,9,6,1537.0,3,159.4,122.0,80.7,1,49,0,0
CAB0186,2021,Intra-Europe,government,None,10,6,1537.0,3,159.4,132.2,29.4,1,49,0,0
CAB0186,2022,Intra-Europe,government,None,11,6,1537.0,3,159.4,134.3,37.0,1,52,0,0
CAB0186,2023,Intra-Europe,government,None,12,6,1537.0,3,159.4,145.9,36.9,1,53,0,0
CAB0186,2024,Intra-Europe,government,None,13,6,1537.0,3,159.4,159.4,40.7,1,53,0,0
CAB0186,2025,Intra-Europe,government,None,14,6,1537.0,3,159.4,159.4,87.8,1,58,0,0
CAB0187,2015,Trans-Pacific,hyperscaler,None,1,14,13086.0,5,432.0,153.7,54.1,1,35,0,0
CAB0187,2016,Trans-Pacific,hyperscaler,None,2,14,13086.0,5,432.0,149.1,89.4,1,37,0,1
CAB0187,2017,Trans-Pacific,hyperscaler,None,3,14,13086.0,5,432.0,212.2,26.7,1,38,1,0
CAB0187,2018,Trans-Pacific,hyperscaler,None,4,14,13086.0,5,432.0,212.2,52.8,1,39,0,0
CAB0187,2019,Trans-Pacific,hyperscaler,None,5,14,13086.0,5,432.0,258.2,61.4,1,41,0,0
CAB0187,2020,Trans-Pacific,hyperscaler,None,6,14,13086.0,5,432.0,269.6,56.8,1,42,0,0
CAB0187,2021,Trans-Pacific,hyperscaler,None,7,14,13086.0,5,432.0,298.5,39.0,1,43,0,0
CAB0187,2022,Trans-Pacific,hyperscaler,None,8,14,13086.0,5,432.0,324.4,77.8,1,45,0,0
CAB0187,2023,Trans-Pacific,hyperscaler,None,9,14,13086.0,5,432.0,319.9,58.0,1,47,0,0
CAB0187,2024,Trans-Pacific,hyperscaler,None,10,14,13086.0,5,432.0,365.3,60.5,1,49,0,0
CAB0187,2025,Trans-Pacific,hyperscaler,None,11,14,13086.0,5,432.0,417.3,68.5,1,50,0,0
CAB0188,2015,Africa-Coastal,hyperscaler,None,8,22,10594.0,2,458.9,318.6,75.3,1,36,0,0
CAB0188,2016,Africa-Coastal,hyperscaler,None,9,22,10594.0,2,458.9,376.2,80.3,1,37,0,0
CAB0188,2017,Africa-Coastal,hyperscaler,None,10,22,10594.0,2,458.9,342.8,37.6,1,40,0,0
CAB0188,2018,Africa-Coastal,hyperscaler,None,11,22,10594.0,2,458.9,382.9,42.8,1,40,0,0
CAB0188,2019,Africa-Coastal,hyperscaler,None,12,22,10594.0,2,458.9,458.9,80.9,1,42,0,0
CAB0188,2020,Africa-Coastal,hyperscaler,None,13,22,10594.0,2,458.9,434.3,56.6,1,43,0,0
CAB0188,2021,Africa-Coastal,hyperscaler,None,14,22,10594.0,2,458.9,458.9,100.0,1,44,0,0
CAB0188,2022,Africa-Coastal,hyperscaler,None,15,22,10594.0,2,458.9,458.9,61.7,1,45,0,0
CAB0188,2023,Africa-Coastal,hyperscaler,None,16,22,10594.0,2,458.9,458.9,77.2,1,47,0,0
CAB0188,2024,Africa-Coastal,hyperscaler,None,17,22,10594.0,2,458.9,458.9,100.0,1,49,0,0
CAB0188,2025,Africa-Coastal,hyperscaler,None,18,22,10594.0,2,458.9,458.9,55.7,1,52,0,0
CAB0189,2019,Intra-Pacific-Islands,consortium,None,0,8,2875.0,2,304.0,96.5,60.3,1,35,0,0
CAB0189,2020,Intra-Pacific-Islands,consortium,None,1,8,2875.0,2,304.0,95.8,16.4,1,40,0,0
CAB0189,2021,Intra-Pacific-Islands,consortium,None,2,8,2875.0,2,304.0,69.0,52.6,1,41,0,1
CAB0189,2022,Intra-Pacific-Islands,consortium,None,3,8,2875.0,2,304.0,145.8,32.7,1,43,1,0
CAB0189,2023,Intra-Pacific-Islands,consortium,None,4,8,2875.0,2,304.0,159.2,70.3,1,45,0,1
CAB0189,2024,Intra-Pacific-Islands,consortium,None,5,8,2875.0,2,304.0,150.0,49.2,1,48,1,1
CAB0189,2025,Intra-Pacific-Islands,consortium,None,6,8,2875.0,2,304.0,192.3,75.4,1,50,1,0
CAB0190,2019,Africa-Coastal,consortium,None,0,10,10526.0,4,380.0,132.5,24.8,0,42,0,0
CAB0190,2020,Africa-Coastal,consortium,None,1,10,10526.0,4,380.0,103.8,23.7,0,43,0,1
CAB0190,2021,Africa-Coastal,consortium,None,2,10,10526.0,4,380.0,131.1,45.9,0,44,1,0
CAB0190,2022,Africa-Coastal,consortium,None,3,10,10526.0,4,380.0,176.7,75.5,0,45,0,0
CAB0190,2023,Africa-Coastal,consortium,None,4,10,10526.0,4,380.0,184.8,46.7,0,47,0,0
CAB0190,2024,Africa-Coastal,consortium,None,5,10,10526.0,4,380.0,173.7,65.0,0,49,0,0
CAB0190,2025,Africa-Coastal,consortium,None,6,10,10526.0,4,380.0,249.8,35.7,0,52,0,0
CAB0191,2024,Intra-Asia,consortium,None,0,9,6384.0,4,406.3,118.7,33.2,1,75,0,0
CAB0191,2025,Intra-Asia,consortium,None,1,9,6384.0,4,406.3,139.6,36.3,1,77,0,0
CAB0192,2015,Trans-Atlantic,carrier,None,14,5,7245.0,4,61.4,61.4,93.9,1,33,0,0
CAB0192,2016,Trans-Atlantic,carrier,None,15,5,7245.0,4,61.4,61.4,100.0,1,37,0,0
CAB0192,2017,Trans-Atlantic,carrier,None,16,5,7245.0,4,61.4,61.4,51.3,1,37,0,0
CAB0192,2018,Trans-Atlantic,carrier,None,17,5,7245.0,4,61.4,61.4,85.6,1,40,0,0
CAB0192,2019,Trans-Atlantic,carrier,None,18,5,7245.0,4,61.4,61.4,100.0,1,45,0,0
CAB0192,2020,Trans-Atlantic,carrier,None,19,5,7245.0,4,61.4,61.4,79.2,1,48,0,0
CAB0192,2021,Trans-Atlantic,carrier,None,20,5,7245.0,4,61.4,61.4,100.0,1,50,0,0
CAB0192,2022,Trans-Atlantic,carrier,None,21,5,7245.0,4,61.4,61.4,71.6,1,51,0,0
CAB0192,2023,Trans-Atlantic,carrier,None,22,5,7245.0,4,61.4,61.4,57.7,1,54,0,0
CAB0192,2024,Trans-Atlantic,carrier,None,23,5,7245.0,4,61.4,61.4,67.0,1,58,0,0
CAB0192,2025,Trans-Atlantic,carrier,None,24,5,7245.0,4,61.4,61.4,100.0,1,62,0,0
CAB0193,2025,Intra-Europe,carrier,None,0,18,1167.0,5,838.3,189.7,73.0,0,58,0,0
CAB0194,2015,Intra-Pacific-Islands,carrier,None,6,7,506.0,4,166.0,98.1,19.2,1,28,0,0
CAB0194,2016,Intra-Pacific-Islands,carrier,None,7,7,506.0,4,166.0,115.2,45.1,1,29,0,1
CAB0194,2017,Intra-Pacific-Islands,carrier,None,8,7,506.0,4,166.0,126.9,63.2,1,29,1,0
CAB0194,2018,Intra-Pacific-Islands,carrier,None,9,7,506.0,4,166.0,125.7,80.6,1,30,0,0
CAB0194,2019,Intra-Pacific-Islands,carrier,None,10,7,506.0,4,166.0,146.5,35.7,1,35,0,0
CAB0194,2020,Intra-Pacific-Islands,carrier,None,11,7,506.0,4,166.0,153.8,50.2,1,40,0,0
CAB0194,2021,Intra-Pacific-Islands,carrier,None,12,7,506.0,4,166.0,166.0,67.8,1,41,0,0
CAB0194,2022,Intra-Pacific-Islands,carrier,None,13,7,506.0,4,166.0,166.0,69.7,1,43,0,0
CAB0194,2023,Intra-Pacific-Islands,carrier,None,14,7,506.0,4,166.0,166.0,52.0,1,45,0,0
CAB0194,2024,Intra-Pacific-Islands,carrier,None,15,7,506.0,4,166.0,166.0,100.0,1,48,0,1
CAB0194,2025,Intra-Pacific-Islands,carrier,None,16,7,506.0,4,166.0,166.0,73.2,1,50,1,0
CAB0195,2015,Indian-Ocean,consortium,Bab-el-Mandeb,14,8,10027.0,4,98.3,98.3,78.9,0,31,0,1
CAB0195,2016,Indian-Ocean,consortium,Bab-el-Mandeb,15,8,10027.0,4,98.3,98.3,86.5,0,33,1,1
CAB0195,2017,Indian-Ocean,consortium,Bab-el-Mandeb,16,8,10027.0,4,98.3,98.3,100.0,0,33,1,0
CAB0195,2018,Indian-Ocean,consortium,Bab-el-Mandeb,17,8,10027.0,4,98.3,98.3,93.7,0,35,0,1
CAB0195,2019,Indian-Ocean,consortium,Bab-el-Mandeb,18,8,10027.0,4,98.3,98.3,52.8,0,35,1,1
CAB0195,2020,Indian-Ocean,consortium,Bab-el-Mandeb,19,8,10027.0,4,98.3,98.3,100.0,0,36,1,0
CAB0195,2021,Indian-Ocean,consortium,Bab-el-Mandeb,20,8,10027.0,4,98.3,98.3,65.8,0,39,0,0
CAB0195,2022,Indian-Ocean,consortium,Bab-el-Mandeb,21,8,10027.0,4,98.3,98.3,100.0,0,39,0,1
CAB0195,2023,Indian-Ocean,consortium,Bab-el-Mandeb,22,8,10027.0,4,98.3,98.3,99.2,0,40,1,0
CAB0195,2024,Indian-Ocean,consortium,Bab-el-Mandeb,23,8,10027.0,4,98.3,98.3,77.5,0,41,0,0
CAB0195,2025,Indian-Ocean,consortium,Bab-el-Mandeb,24,8,10027.0,4,98.3,98.3,88.5,0,44,0,1
CAB0196,2015,Trans-Atlantic,carrier,None,14,8,6219.0,3,98.3,98.3,40.5,0,33,0,0
CAB0196,2016,Trans-Atlantic,carrier,None,15,8,6219.0,3,98.3,98.3,81.6,0,37,0,0
CAB0196,2017,Trans-Atlantic,carrier,None,16,8,6219.0,3,98.3,98.3,68.4,0,37,0,0
CAB0196,2018,Trans-Atlantic,carrier,None,17,8,6219.0,3,98.3,98.3,46.9,0,40,0,0
CAB0196,2019,Trans-Atlantic,carrier,None,18,8,6219.0,3,98.3,98.3,57.8,0,45,0,1
CAB0196,2020,Trans-Atlantic,carrier,None,19,8,6219.0,3,98.3,98.3,100.0,0,48,1,1
CAB0196,2021,Trans-Atlantic,carrier,None,20,8,6219.0,3,98.3,98.3,77.3,0,50,1,0
CAB0196,2022,Trans-Atlantic,carrier,None,21,8,6219.0,3,98.3,98.3,90.9,0,51,0,0
CAB0196,2023,Trans-Atlantic,carrier,None,22,8,6219.0,3,98.3,98.3,100.0,0,54,0,0
CAB0196,2024,Trans-Atlantic,carrier,None,23,8,6219.0,3,98.3,98.3,100.0,0,58,0,0
CAB0196,2025,Trans-Atlantic,carrier,None,24,8,6219.0,3,98.3,98.3,100.0,0,62,0,0
CAB0197,2024,Trans-Atlantic,consortium,None,0,9,5720.0,3,406.3,113.2,53.3,1,58,1,0
CAB0197,2025,Trans-Atlantic,consortium,None,1,9,5720.0,3,406.3,101.4,67.7,1,62,0,0
CAB0198,2015,Trans-Atlantic,hyperscaler,None,5,24,7324.0,6,603.4,273.8,82.3,0,33,1,0
CAB0198,2016,Trans-Atlantic,hyperscaler,None,6,24,7324.0,6,603.4,389.2,14.5,0,37,0,0
CAB0198,2017,Trans-Atlantic,hyperscaler,None,7,24,7324.0,6,603.4,374.1,41.9,0,37,0,0
CAB0198,2018,Trans-Atlantic,hyperscaler,None,8,24,7324.0,6,603.4,444.4,37.2,0,40,0,0
CAB0198,2019,Trans-Atlantic,hyperscaler,None,9,24,7324.0,6,603.4,487.3,57.2,0,45,0,1
CAB0198,2020,Trans-Atlantic,hyperscaler,None,10,24,7324.0,6,603.4,514.8,49.1,0,48,1,0
CAB0198,2021,Trans-Atlantic,hyperscaler,None,11,24,7324.0,6,603.4,568.2,38.4,0,50,0,0
CAB0198,2022,Trans-Atlantic,hyperscaler,None,12,24,7324.0,6,603.4,585.2,52.5,0,51,0,1
CAB0198,2023,Trans-Atlantic,hyperscaler,None,13,24,7324.0,6,603.4,603.4,100.0,0,54,1,0
CAB0198,2024,Trans-Atlantic,hyperscaler,None,14,24,7324.0,6,603.4,603.4,85.7,0,58,0,0
CAB0198,2025,Trans-Atlantic,hyperscaler,None,15,24,7324.0,6,603.4,603.4,56.0,0,62,0,0
CAB0199,2015,Trans-Atlantic,consortium,None,9,7,5687.0,4,136.0,102.7,97.6,0,33,0,0
CAB0199,2016,Trans-Atlantic,consortium,None,10,7,5687.0,4,136.0,109.9,75.1,0,37,0,0
CAB0199,2017,Trans-Atlantic,consortium,None,11,7,5687.0,4,136.0,120.9,28.9,0,37,0,0
CAB0199,2018,Trans-Atlantic,consortium,None,12,7,5687.0,4,136.0,122.0,100.0,0,40,0,0
CAB0199,2019,Trans-Atlantic,consortium,None,13,7,5687.0,4,136.0,136.0,67.6,0,45,0,0
CAB0199,2020,Trans-Atlantic,consortium,None,14,7,5687.0,4,136.0,136.0,43.3,0,48,0,0
CAB0199,2021,Trans-Atlantic,consortium,None,15,7,5687.0,4,136.0,136.0,59.6,0,50,0,0
CAB0199,2022,Trans-Atlantic,consortium,None,16,7,5687.0,4,136.0,136.0,75.6,0,51,0,0
CAB0199,2023,Trans-Atlantic,consortium,None,17,7,5687.0,4,136.0,136.0,62.0,0,54,0,0
CAB0199,2024,Trans-Atlantic,consortium,None,18,7,5687.0,4,136.0,136.0,100.0,0,58,0,0
CAB0199,2025,Trans-Atlantic,consortium,None,19,7,5687.0,4,136.0,136.0,57.5,0,62,0,1
CAB0200,2015,EMEA-Asia,carrier,None,2,6,11299.0,3,176.6,59.3,82.2,1,27,0,1
CAB0200,2016,EMEA-Asia,carrier,None,3,6,11299.0,3,176.6,74.7,46.1,1,29,1,0
CAB0200,2017,EMEA-Asia,carrier,None,4,6,11299.0,3,176.6,102.0,37.7,1,32,0,0
CAB0200,2018,EMEA-Asia,carrier,None,5,6,11299.0,3,176.6,89.5,86.5,1,34,0,0
CAB0200,2019,EMEA-Asia,carrier,None,6,6,11299.0,3,176.6,101.0,41.8,1,37,0,0
CAB0200,2020,EMEA-Asia,carrier,None,7,6,11299.0,3,176.6,125.8,53.3,1,40,0,0
CAB0200,2021,EMEA-Asia,carrier,None,8,6,11299.0,3,176.6,135.3,65.1,1,44,0,0
CAB0200,2022,EMEA-Asia,carrier,None,9,6,11299.0,3,176.6,146.0,100.0,1,45,0,1
CAB0200,2023,EMEA-Asia,carrier,None,10,6,11299.0,3,176.6,147.7,97.9,1,47,1,0
CAB0200,2024,EMEA-Asia,carrier,None,11,6,11299.0,3,176.6,169.9,63.1,1,48,0,0
CAB0200,2025,EMEA-Asia,carrier,None,12,6,11299.0,3,176.6,172.4,33.9,1,47,0,0
CAB0201,2023,Indian-Ocean,carrier,Bab-el-Mandeb,0,17,4013.0,5,743.1,137.4,50.2,1,40,0,0
CAB0201,2024,Indian-Ocean,carrier,Bab-el-Mandeb,1,17,4013.0,5,743.1,248.2,39.1,1,41,0,0
CAB0201,2025,Indian-Ocean,carrier,Bab-el-Mandeb,2,17,4013.0,5,743.1,236.0,26.3,1,44,0,0
CAB0202,2015,Intra-Asia,hyperscaler,None,7,3,5120.0,6,66.9,43.5,50.3,1,53,0,0
CAB0202,2016,Intra-Asia,hyperscaler,None,8,3,5120.0,6,66.9,47.4,42.5,1,59,0,0
CAB0202,2017,Intra-Asia,hyperscaler,None,9,3,5120.0,6,66.9,56.3,31.8,1,60,0,0
CAB0202,2018,Intra-Asia,hyperscaler,None,10,3,5120.0,6,66.9,63.9,57.3,1,62,0,0
CAB0202,2019,Intra-Asia,hyperscaler,None,11,3,5120.0,6,66.9,57.4,40.4,1,64,0,1
CAB0202,2020,Intra-Asia,hyperscaler,None,12,3,5120.0,6,66.9,66.9,96.9,1,66,1,0
CAB0202,2021,Intra-Asia,hyperscaler,None,13,3,5120.0,6,66.9,66.9,37.7,1,69,0,0
CAB0202,2022,Intra-Asia,hyperscaler,None,14,3,5120.0,6,66.9,66.9,73.4,1,70,0,0
CAB0202,2023,Intra-Asia,hyperscaler,None,15,3,5120.0,6,66.9,66.9,61.5,1,70,0,0
CAB0202,2024,Intra-Asia,hyperscaler,None,16,3,5120.0,6,66.9,66.9,100.0,1,75,0,0
CAB0202,2025,Intra-Asia,hyperscaler,None,17,3,5120.0,6,66.9,66.9,61.1,1,77,0,0
CAB0203,2015,Africa-Coastal,hyperscaler,None,14,16,11761.0,3,196.6,196.6,59.4,1,36,1,1
CAB0203,2016,Africa-Coastal,hyperscaler,None,15,16,11761.0,3,196.6,196.6,60.9,1,37,1,0
CAB0203,2017,Africa-Coastal,hyperscaler,None,16,16,11761.0,3,196.6,196.6,71.8,1,40,0,0
CAB0203,2018,Africa-Coastal,hyperscaler,None,17,16,11761.0,3,196.6,196.6,79.7,1,40,0,0
CAB0203,2019,Africa-Coastal,hyperscaler,None,18,16,11761.0,3,196.6,196.6,62.3,1,42,0,1
CAB0203,2020,Africa-Coastal,hyperscaler,None,19,16,11761.0,3,196.6,196.6,97.5,1,43,1,1
CAB0203,2021,Africa-Coastal,hyperscaler,None,20,16,11761.0,3,196.6,196.6,64.3,1,44,1,1
CAB0203,2022,Africa-Coastal,hyperscaler,None,21,16,11761.0,3,196.6,196.6,98.2,1,45,1,0
CAB0203,2023,Africa-Coastal,hyperscaler,None,22,16,11761.0,3,196.6,196.6,100.0,1,47,0,0
CAB0203,2024,Africa-Coastal,hyperscaler,None,23,16,11761.0,3,196.6,196.6,83.1,1,49,0,0
CAB0203,2025,Africa-Coastal,hyperscaler,None,24,16,11761.0,3,196.6,196.6,67.1,1,52,0,1
CAB0204,2020,Intra-Asia,consortium,Luzon-Strait,0,8,2240.0,2,315.4,76.1,27.9,1,66,1,1
CAB0204,2021,Intra-Asia,consortium,Luzon-Strait,1,8,2240.0,2,315.4,87.9,66.5,1,69,1,0
CAB0204,2022,Intra-Asia,consortium,Luzon-Strait,2,8,2240.0,2,315.4,132.2,82.4,1,70,0,1
CAB0204,2023,Intra-Asia,consortium,Luzon-Strait,3,8,2240.0,2,315.4,131.5,10.0,1,70,1,0
CAB0204,2024,Intra-Asia,consortium,Luzon-Strait,4,8,2240.0,2,315.4,163.3,34.5,1,75,0,1
CAB0204,2025,Intra-Asia,consortium,Luzon-Strait,5,8,2240.0,2,315.4,196.6,60.4,1,77,1,0
CAB0205,2015,Indian-Ocean,consortium,Suez,8,7,7556.0,6,146.0,114.7,56.1,0,31,1,0
CAB0205,2016,Indian-Ocean,consortium,Suez,9,7,7556.0,6,146.0,122.7,75.6,0,33,0,1
CAB0205,2017,Indian-Ocean,consortium,Suez,10,7,7556.0,6,146.0,129.0,22.8,0,33,1,1
CAB0205,2018,Indian-Ocean,consortium,Suez,11,7,7556.0,6,146.0,130.2,54.2,0,35,1,0
CAB0205,2019,Indian-Ocean,consortium,Suez,12,7,7556.0,6,146.0,135.8,85.8,0,35,0,0
CAB0205,2020,Indian-Ocean,consortium,Suez,13,7,7556.0,6,146.0,144.3,73.1,0,36,0,0
CAB0205,2021,Indian-Ocean,consortium,Suez,14,7,7556.0,6,146.0,146.0,94.4,0,39,0,0
CAB0205,2022,Indian-Ocean,consortium,Suez,15,7,7556.0,6,146.0,146.0,66.4,0,39,0,0
CAB0205,2023,Indian-Ocean,consortium,Suez,16,7,7556.0,6,146.0,146.0,55.7,0,40,0,0
CAB0205,2024,Indian-Ocean,consortium,Suez,17,7,7556.0,6,146.0,146.0,68.1,0,41,0,0
CAB0205,2025,Indian-Ocean,consortium,Suez,18,7,7556.0,6,146.0,146.0,42.5,0,44,0,0
CAB0206,2016,Trans-Atlantic,carrier,None,0,4,5927.0,6,134.9,33.1,54.6,0,37,0,0
CAB0206,2017,Trans-Atlantic,carrier,None,1,4,5927.0,6,134.9,62.9,46.4,0,37,0,0
CAB0206,2018,Trans-Atlantic,carrier,None,2,4,5927.0,6,134.9,41.2,35.6,0,40,0,1
CAB0206,2019,Trans-Atlantic,carrier,None,3,4,5927.0,6,134.9,54.2,37.6,0,45,1,0
CAB0206,2020,Trans-Atlantic,carrier,None,4,4,5927.0,6,134.9,66.4,66.4,0,48,0,0
CAB0206,2021,Trans-Atlantic,carrier,None,5,4,5927.0,6,134.9,74.4,42.8,0,50,0,0
CAB0206,2022,Trans-Atlantic,carrier,None,6,4,5927.0,6,134.9,79.6,47.1,0,51,0,0
CAB0206,2023,Trans-Atlantic,carrier,None,7,4,5927.0,6,134.9,84.9,67.1,0,54,0,0
CAB0206,2024,Trans-Atlantic,carrier,None,8,4,5927.0,6,134.9,111.8,91.4,0,58,0,0
CAB0206,2025,Trans-Atlantic,carrier,None,9,4,5927.0,6,134.9,107.6,84.9,0,62,0,0
CAB0207,2015,Americas,consortium,Panama,15,16,2194.0,8,173.7,173.7,90.2,1,28,0,1
CAB0207,2016,Americas,consortium,Panama,16,16,2194.0,8,173.7,173.7,60.3,1,29,1,0
CAB0207,2017,Americas,consortium,Panama,17,16,2194.0,8,173.7,173.7,100.0,1,29,0,0
CAB0207,2018,Americas,consortium,Panama,18,16,2194.0,8,173.7,173.7,54.0,1,31,0,1
CAB0207,2019,Americas,consortium,Panama,19,16,2194.0,8,173.7,173.7,51.0,1,32,1,0
CAB0207,2020,Americas,consortium,Panama,20,16,2194.0,8,173.7,173.7,58.8,1,33,0,1
CAB0207,2021,Americas,consortium,Panama,21,16,2194.0,8,173.7,173.7,100.0,1,37,1,1
CAB0207,2022,Americas,consortium,Panama,22,16,2194.0,8,173.7,173.7,100.0,1,37,1,0
CAB0207,2023,Americas,consortium,Panama,23,16,2194.0,8,173.7,173.7,100.0,1,37,0,0
CAB0207,2024,Americas,consortium,Panama,24,16,2194.0,8,173.7,173.7,94.0,1,39,0,1
CAB0207,2025,Americas,consortium,Panama,25,16,2194.0,8,173.7,173.7,91.4,1,39,1,1
CAB0208,2016,Americas,consortium,None,0,19,2781.0,4,640.6,198.4,22.8,1,29,0,0
CAB0208,2017,Americas,consortium,None,1,19,2781.0,4,640.6,179.8,18.6,1,29,0,0
CAB0208,2018,Americas,consortium,None,2,19,2781.0,4,640.6,212.9,39.1,1,31,0,0
CAB0208,2019,Americas,consortium,None,3,19,2781.0,4,640.6,258.4,35.3,1,32,0,1
CAB0208,2020,Americas,consortium,None,4,19,2781.0,4,640.6,286.4,60.4,1,33,1,0
CAB0208,2021,Americas,consortium,None,5,19,2781.0,4,640.6,284.0,26.5,1,37,0,0
CAB0208,2022,Americas,consortium,None,6,19,2781.0,4,640.6,372.4,28.0,1,37,0,0
CAB0208,2023,Americas,consortium,None,7,19,2781.0,4,640.6,413.5,92.9,1,37,0,0
CAB0208,2024,Americas,consortium,None,8,19,2781.0,4,640.6,474.5,28.9,1,39,0,0
CAB0208,2025,Americas,consortium,None,9,19,2781.0,4,640.6,482.1,65.6,1,39,0,0
CAB0209,2019,Africa-Coastal,consortium,None,0,8,14104.0,6,304.0,48.7,11.2,0,42,0,0
CAB0209,2020,Africa-Coastal,consortium,None,1,8,14104.0,6,304.0,95.8,71.5,0,43,0,0
CAB0209,2021,Africa-Coastal,consortium,None,2,8,14104.0,6,304.0,130.0,41.5,0,44,0,0
CAB0209,2022,Africa-Coastal,consortium,None,3,8,14104.0,6,304.0,155.9,64.0,0,45,0,0
CAB0209,2023,Africa-Coastal,consortium,None,4,8,14104.0,6,304.0,112.2,55.1,0,47,0,0
CAB0209,2024,Africa-Coastal,consortium,None,5,8,14104.0,6,304.0,167.7,65.6,0,49,0,0
CAB0209,2025,Africa-Coastal,consortium,None,6,8,14104.0,6,304.0,190.9,35.7,0,52,0,0
CAB0210,2015,Trans-Atlantic,hyperscaler,None,11,4,6847.0,5,66.3,55.9,49.4,1,33,1,0
CAB0210,2016,Trans-Atlantic,hyperscaler,None,12,4,6847.0,5,66.3,64.3,100.0,1,37,0,1
CAB0210,2017,Trans-Atlantic,hyperscaler,None,13,4,6847.0,5,66.3,66.3,70.6,1,37,1,0
CAB0210,2018,Trans-Atlantic,hyperscaler,None,14,4,6847.0,5,66.3,66.3,56.4,1,40,0,0
CAB0210,2019,Trans-Atlantic,hyperscaler,None,15,4,6847.0,5,66.3,66.3,54.7,1,45,0,0
CAB0210,2020,Trans-Atlantic,hyperscaler,None,16,4,6847.0,5,66.3,66.3,47.4,1,48,0,0
CAB0210,2021,Trans-Atlantic,hyperscaler,None,17,4,6847.0,5,66.3,66.3,91.3,1,50,0,0
CAB0210,2022,Trans-Atlantic,hyperscaler,None,18,4,6847.0,5,66.3,66.3,47.0,1,51,0,0
CAB0210,2023,Trans-Atlantic,hyperscaler,None,19,4,6847.0,5,66.3,66.3,46.8,1,54,0,1
CAB0210,2024,Trans-Atlantic,hyperscaler,None,20,4,6847.0,5,66.3,66.3,97.6,1,58,1,0
CAB0210,2025,Trans-Atlantic,hyperscaler,None,21,4,6847.0,5,66.3,66.3,100.0,1,62,0,0
CAB0211,2021,EMEA-Asia,hyperscaler,Hormuz,0,8,14185.0,6,326.9,93.2,4.4,1,44,0,0
CAB0211,2022,EMEA-Asia,hyperscaler,Hormuz,1,8,14185.0,6,326.9,91.9,73.0,1,45,0,0
CAB0211,2023,EMEA-Asia,hyperscaler,Hormuz,2,8,14185.0,6,326.9,88.5,70.4,1,47,0,0
CAB0211,2024,EMEA-Asia,hyperscaler,Hormuz,3,8,14185.0,6,326.9,126.9,57.4,1,48,0,0
CAB0211,2025,EMEA-Asia,hyperscaler,Hormuz,4,8,14185.0,6,326.9,149.7,31.3,1,47,0,1
CAB0212,2015,Intra-Europe,carrier,None,1,9,2376.0,7,277.7,86.0,41.4,1,41,0,0
CAB0212,2016,Intra-Europe,carrier,None,2,9,2376.0,7,277.7,104.2,21.5,1,42,0,0
CAB0212,2017,Intra-Europe,carrier,None,3,9,2376.0,7,277.7,143.6,32.6,1,44,0,0
CAB0212,2018,Intra-Europe,carrier,None,4,9,2376.0,7,277.7,153.0,55.6,1,45,0,0
CAB0212,2019,Intra-Europe,carrier,None,5,9,2376.0,7,277.7,170.1,50.2,1,47,0,0
CAB0212,2020,Intra-Europe,carrier,None,6,9,2376.0,7,277.7,172.8,34.0,1,49,0,0
CAB0212,2021,Intra-Europe,carrier,None,7,9,2376.0,7,277.7,187.1,23.4,1,49,0,0
CAB0212,2022,Intra-Europe,carrier,None,8,9,2376.0,7,277.7,205.1,80.2,1,52,0,0
CAB0212,2023,Intra-Europe,carrier,None,9,9,2376.0,7,277.7,228.7,68.5,1,53,0,0
CAB0212,2024,Intra-Europe,carrier,None,10,9,2376.0,7,277.7,241.3,86.0,1,53,0,0
CAB0212,2025,Intra-Europe,carrier,None,11,9,2376.0,7,277.7,265.2,38.1,1,58,0,0
CAB0213,2015,Trans-Pacific,government,None,11,19,13864.0,3,314.9,277.6,40.9,0,35,0,0
CAB0213,2016,Trans-Pacific,government,None,12,19,13864.0,3,314.9,308.7,76.4,0,37,0,0
CAB0213,2017,Trans-Pacific,government,None,13,19,13864.0,3,314.9,314.9,66.6,0,38,0,0
CAB0213,2018,Trans-Pacific,government,None,14,19,13864.0,3,314.9,314.9,89.0,0,39,0,0
CAB0213,2019,Trans-Pacific,government,None,15,19,13864.0,3,314.9,314.9,62.3,0,41,0,0
CAB0213,2020,Trans-Pacific,government,None,16,19,13864.0,3,314.9,314.9,100.0,0,42,0,0
CAB0213,2021,Trans-Pacific,government,None,17,19,13864.0,3,314.9,314.9,55.0,0,43,0,0
CAB0213,2022,Trans-Pacific,government,None,18,19,13864.0,3,314.9,314.9,65.0,0,45,0,0
CAB0213,2023,Trans-Pacific,government,None,19,19,13864.0,3,314.9,314.9,77.8,0,47,0,1
CAB0213,2024,Trans-Pacific,government,None,20,19,13864.0,3,314.9,314.9,96.3,0,49,1,0
CAB0213,2025,Trans-Pacific,government,None,21,19,13864.0,3,314.9,314.9,90.9,0,50,0,0
CAB0214,2015,Intra-Pacific-Islands,hyperscaler,None,11,29,1615.0,4,480.6,428.9,47.3,1,28,0,1
CAB0214,2016,Intra-Pacific-Islands,hyperscaler,None,12,29,1615.0,4,480.6,440.6,48.7,1,29,1,1
CAB0214,2017,Intra-Pacific-Islands,hyperscaler,None,13,29,1615.0,4,480.6,470.7,100.0,1,29,1,0
CAB0214,2018,Intra-Pacific-Islands,hyperscaler,None,14,29,1615.0,4,480.6,480.6,76.0,1,30,0,0
CAB0214,2019,Intra-Pacific-Islands,hyperscaler,None,15,29,1615.0,4,480.6,480.6,38.2,1,35,0,0
CAB0214,2020,Intra-Pacific-Islands,hyperscaler,None,16,29,1615.0,4,480.6,480.6,71.6,1,40,0,0
CAB0214,2021,Intra-Pacific-Islands,hyperscaler,None,17,29,1615.0,4,480.6,480.6,86.8,1,41,0,0
CAB0214,2022,Intra-Pacific-Islands,hyperscaler,None,18,29,1615.0,4,480.6,480.6,83.3,1,43,0,0
CAB0214,2023,Intra-Pacific-Islands,hyperscaler,None,19,29,1615.0,4,480.6,480.6,75.5,1,45,0,0
CAB0214,2024,Intra-Pacific-Islands,hyperscaler,None,20,29,1615.0,4,480.6,480.6,100.0,1,48,0,0
CAB0214,2025,Intra-Pacific-Islands,hyperscaler,None,21,29,1615.0,4,480.6,480.6,83.9,1,50,0,0
CAB0215,2015,Intra-Pacific-Islands,consortium,None,8,5,2636.0,2,104.3,69.5,47.4,1,28,0,0
CAB0215,2016,Intra-Pacific-Islands,consortium,None,9,5,2636.0,2,104.3,85.2,56.6,1,29,0,0
CAB0215,2017,Intra-Pacific-Islands,consortium,None,10,5,2636.0,2,104.3,92.2,75.1,1,29,0,0
CAB0215,2018,Intra-Pacific-Islands,consortium,None,11,5,2636.0,2,104.3,95.6,82.5,1,30,0,0
CAB0215,2019,Intra-Pacific-Islands,consortium,None,12,5,2636.0,2,104.3,98.2,46.8,1,35,0,0
CAB0215,2020,Intra-Pacific-Islands,consortium,None,13,5,2636.0,2,104.3,104.3,78.5,1,40,0,0
CAB0215,2021,Intra-Pacific-Islands,consortium,None,14,5,2636.0,2,104.3,104.3,71.9,1,41,0,0
CAB0215,2022,Intra-Pacific-Islands,consortium,None,15,5,2636.0,2,104.3,104.3,48.5,1,43,0,0
CAB0215,2023,Intra-Pacific-Islands,consortium,None,16,5,2636.0,2,104.3,104.3,43.2,1,45,0,0
CAB0215,2024,Intra-Pacific-Islands,consortium,None,17,5,2636.0,2,104.3,104.3,47.3,1,48,0,0
CAB0215,2025,Intra-Pacific-Islands,consortium,None,18,5,2636.0,2,104.3,104.3,71.6,1,50,0,0
CAB0216,2025,Trans-Atlantic,consortium,None,0,25,7065.0,5,1164.3,314.7,56.6,1,62,0,0
CAB0217,2015,Indian-Ocean,carrier,None,4,12,5251.0,4,318.9,161.9,46.5,1,31,0,0
CAB0217,2016,Indian-Ocean,carrier,None,5,12,5251.0,4,318.9,167.1,19.9,1,33,0,0
CAB0217,2017,Indian-Ocean,carrier,None,6,12,5251.0,4,318.9,190.0,66.6,1,33,0,0
CAB0217,2018,Indian-Ocean,carrier,None,7,12,5251.0,4,318.9,185.4,32.9,1,35,0,1
CAB0217,2019,Indian-Ocean,carrier,None,8,12,5251.0,4,318.9,237.7,35.4,1,35,1,0
CAB0217,2020,Indian-Ocean,carrier,None,9,12,5251.0,4,318.9,242.6,75.5,1,36,0,0
CAB0217,2021,Indian-Ocean,carrier,None,10,12,5251.0,4,318.9,248.7,60.4,1,39,0,0
CAB0217,2022,Indian-Ocean,carrier,None,11,12,5251.0,4,318.9,315.8,45.1,1,39,0,0
CAB0217,2023,Indian-Ocean,carrier,None,12,12,5251.0,4,318.9,314.7,95.6,1,40,0,0
CAB0217,2024,Indian-Ocean,carrier,None,13,12,5251.0,4,318.9,318.9,73.8,1,41,0,0
CAB0217,2025,Indian-Ocean,carrier,None,14,12,5251.0,4,318.9,318.9,33.7,1,44,0,0
CAB0218,2024,Intra-Europe,hyperscaler,None,0,6,1898.0,8,270.9,60.4,31.2,1,53,0,1
CAB0218,2025,Intra-Europe,hyperscaler,None,1,6,1898.0,8,270.9,111.5,43.9,1,58,1,0
CAB0219,2015,Indian-Ocean,consortium,Suez,17,3,10198.0,6,24.0,24.0,54.8,1,31,0,1
CAB0219,2016,Indian-Ocean,consortium,Suez,18,3,10198.0,6,24.0,24.0,78.9,1,33,1,1
CAB0219,2017,Indian-Ocean,consortium,Suez,19,3,10198.0,6,24.0,24.0,72.0,1,33,1,0
CAB0219,2018,Indian-Ocean,consortium,Suez,20,3,10198.0,6,24.0,24.0,92.6,1,35,0,0
CAB0219,2019,Indian-Ocean,consortium,Suez,21,3,10198.0,6,24.0,24.0,76.3,1,35,0,0
CAB0219,2020,Indian-Ocean,consortium,Suez,22,3,10198.0,6,24.0,24.0,75.4,1,36,0,1
CAB0219,2021,Indian-Ocean,consortium,Suez,23,3,10198.0,6,24.0,24.0,77.1,1,39,1,0
CAB0219,2022,Indian-Ocean,consortium,Suez,24,3,10198.0,6,24.0,24.0,76.5,1,39,0,0
CAB0220,2021,Trans-Atlantic,consortium,None,0,11,5750.0,4,449.4,117.2,46.9,0,50,0,0
CAB0220,2022,Trans-Atlantic,consortium,None,1,11,5750.0,4,449.4,145.7,34.0,0,51,0,0
CAB0220,2023,Trans-Atlantic,consortium,None,2,11,5750.0,4,449.4,159.8,58.7,0,54,0,0
CAB0220,2024,Trans-Atlantic,consortium,None,3,11,5750.0,4,449.4,209.1,19.8,0,58,0,0
CAB0220,2025,Trans-Atlantic,consortium,None,4,11,5750.0,4,449.4,240.7,65.2,0,62,0,0
CAB0221,2015,Intra-Asia,consortium,None,1,7,5834.0,9,216.0,74.3,30.8,0,53,0,0
CAB0221,2016,Intra-Asia,consortium,None,2,7,5834.0,9,216.0,74.7,28.1,0,59,0,0
CAB0221,2017,Intra-Asia,consortium,None,3,7,5834.0,9,216.0,97.5,8.1,0,60,0,0
CAB0221,2018,Intra-Asia,consortium,None,4,7,5834.0,9,216.0,99.3,68.5,0,62,0,0
CAB0221,2019,Intra-Asia,consortium,None,5,7,5834.0,9,216.0,123.8,20.7,0,64,0,0
CAB0221,2020,Intra-Asia,consortium,None,6,7,5834.0,9,216.0,135.8,74.7,0,66,0,0
CAB0221,2021,Intra-Asia,consortium,None,7,7,5834.0,9,216.0,151.0,47.1,0,69,0,0
CAB0221,2022,Intra-Asia,consortium,None,8,7,5834.0,9,216.0,163.1,39.4,0,70,0,0
CAB0221,2023,Intra-Asia,consortium,None,9,7,5834.0,9,216.0,168.3,37.2,0,70,0,0
CAB0221,2024,Intra-Asia,consortium,None,10,7,5834.0,9,216.0,195.1,73.1,0,75,0,0
CAB0221,2025,Intra-Asia,consortium,None,11,7,5834.0,9,216.0,189.0,53.7,0,77,0,0
CAB0222,2015,Trans-Pacific,government,None,11,9,12908.0,5,149.1,149.1,56.1,1,35,0,0
CAB0222,2016,Trans-Pacific,government,None,12,9,12908.0,5,149.1,141.4,54.1,1,37,0,0
CAB0222,2017,Trans-Pacific,government,None,13,9,12908.0,5,149.1,149.1,38.2,1,38,0,0
CAB0222,2018,Trans-Pacific,government,None,14,9,12908.0,5,149.1,149.1,45.2,1,39,0,0
CAB0222,2019,Trans-Pacific,government,None,15,9,12908.0,5,149.1,149.1,87.8,1,41,0,0
CAB0222,2020,Trans-Pacific,government,None,16,9,12908.0,5,149.1,149.1,95.0,1,42,0,0
CAB0222,2021,Trans-Pacific,government,None,17,9,12908.0,5,149.1,149.1,59.0,1,43,0,0
CAB0222,2022,Trans-Pacific,government,None,18,9,12908.0,5,149.1,149.1,78.1,1,45,0,0
CAB0222,2023,Trans-Pacific,government,None,19,9,12908.0,5,149.1,149.1,100.0,1,47,0,0
CAB0222,2024,Trans-Pacific,government,None,20,9,12908.0,5,149.1,149.1,100.0,1,49,0,0
CAB0222,2025,Trans-Pacific,government,None,21,9,12908.0,5,149.1,149.1,81.2,1,50,0,0
CAB0223,2015,Intra-Asia,government,Luzon-Strait,14,2,5761.0,6,24.6,24.6,100.0,0,53,0,0
CAB0223,2016,Intra-Asia,government,Luzon-Strait,15,2,5761.0,6,24.6,24.6,89.6,0,59,0,0
CAB0223,2017,Intra-Asia,government,Luzon-Strait,16,2,5761.0,6,24.6,24.6,55.9,0,60,0,1
CAB0223,2018,Intra-Asia,government,Luzon-Strait,17,2,5761.0,6,24.6,24.6,65.8,0,62,1,0
CAB0223,2019,Intra-Asia,government,Luzon-Strait,18,2,5761.0,6,24.6,24.6,86.0,0,64,0,0
CAB0223,2020,Intra-Asia,government,Luzon-Strait,19,2,5761.0,6,24.6,24.6,80.8,0,66,0,0
CAB0223,2021,Intra-Asia,government,Luzon-Strait,20,2,5761.0,6,24.6,24.6,70.0,0,69,0,0
CAB0223,2022,Intra-Asia,government,Luzon-Strait,21,2,5761.0,6,24.6,24.6,95.4,0,70,0,0
CAB0223,2023,Intra-Asia,government,Luzon-Strait,22,2,5761.0,6,24.6,24.6,56.1,0,70,0,0
CAB0223,2024,Intra-Asia,government,Luzon-Strait,23,2,5761.0,6,24.6,24.6,81.5,0,75,0,0
CAB0223,2025,Intra-Asia,government,Luzon-Strait,24,2,5761.0,6,24.6,24.6,57.6,0,77,0,0
CAB0224,2015,Trans-Atlantic,consortium,None,7,7,7196.0,7,156.0,109.6,96.4,1,33,0,0
CAB0224,2016,Trans-Atlantic,consortium,None,8,7,7196.0,7,156.0,126.4,57.8,1,37,0,0
CAB0224,2017,Trans-Atlantic,consortium,None,9,7,7196.0,7,156.0,125.0,66.1,1,37,0,0
CAB0224,2018,Trans-Atlantic,consortium,None,10,7,7196.0,7,156.0,131.3,77.1,1,40,0,0
CAB0224,2019,Trans-Atlantic,consortium,None,11,7,7196.0,7,156.0,153.8,56.6,1,45,0,0
CAB0224,2020,Trans-Atlantic,consortium,None,12,7,7196.0,7,156.0,147.2,38.2,1,48,0,1
CAB0224,2021,Trans-Atlantic,consortium,None,13,7,7196.0,7,156.0,156.0,66.4,1,50,1,0
CAB0224,2022,Trans-Atlantic,consortium,None,14,7,7196.0,7,156.0,156.0,44.0,1,51,0,0
CAB0224,2023,Trans-Atlantic,consortium,None,15,7,7196.0,7,156.0,156.0,55.4,1,54,0,0
CAB0224,2024,Trans-Atlantic,consortium,None,16,7,7196.0,7,156.0,156.0,65.7,1,58,0,0
CAB0224,2025,Trans-Atlantic,consortium,None,17,7,7196.0,7,156.0,156.0,85.3,1,62,0,1
CAB0225,2015,Intra-Europe,government,None,10,30,775.0,3,540.0,471.3,78.4,1,41,0,1
CAB0225,2016,Intra-Europe,government,None,11,30,775.0,3,540.0,452.7,78.5,1,42,1,0
CAB0225,2017,Intra-Europe,government,None,12,30,775.0,3,540.0,516.2,51.6,1,44,0,0
CAB0225,2018,Intra-Europe,government,None,13,30,775.0,3,540.0,540.0,69.5,1,45,0,0
CAB0225,2019,Intra-Europe,government,None,14,30,775.0,3,540.0,540.0,49.5,1,47,0,0
CAB0225,2020,Intra-Europe,government,None,15,30,775.0,3,540.0,540.0,69.6,1,49,0,0
CAB0225,2021,Intra-Europe,government,None,16,30,775.0,3,540.0,540.0,66.4,1,49,0,1
CAB0225,2022,Intra-Europe,government,None,17,30,775.0,3,540.0,540.0,100.0,1,52,1,0
CAB0225,2023,Intra-Europe,government,None,18,30,775.0,3,540.0,540.0,42.3,1,53,0,0
CAB0225,2024,Intra-Europe,government,None,19,30,775.0,3,540.0,540.0,100.0,1,53,0,0
CAB0225,2025,Intra-Europe,government,None,20,30,775.0,3,540.0,540.0,97.5,1,58,0,0
CAB0226,2015,Intra-Asia,consortium,None,0,14,3487.0,4,452.0,116.1,82.1,0,53,0,0
CAB0226,2016,Intra-Asia,consortium,None,1,14,3487.0,4,452.0,142.4,3.7,0,59,0,0
CAB0226,2017,Intra-Asia,consortium,None,2,14,3487.0,4,452.0,149.9,72.6,0,60,0,0
CAB0226,2018,Intra-Asia,consortium,None,3,14,3487.0,4,452.0,178.7,34.9,0,62,0,0
CAB0226,2019,Intra-Asia,consortium,None,4,14,3487.0,4,452.0,220.4,64.0,0,64,0,0
CAB0226,2020,Intra-Asia,consortium,None,5,14,3487.0,4,452.0,243.6,25.4,0,66,0,0
CAB0226,2021,Intra-Asia,consortium,None,6,14,3487.0,4,452.0,271.6,47.1,0,69,0,0
CAB0226,2022,Intra-Asia,consortium,None,7,14,3487.0,4,452.0,286.2,28.5,0,70,0,0
CAB0226,2023,Intra-Asia,consortium,None,8,14,3487.0,4,452.0,337.1,61.7,0,70,0,0
CAB0226,2024,Intra-Asia,consortium,None,9,14,3487.0,4,452.0,304.2,92.1,0,75,0,0
CAB0226,2025,Intra-Asia,consortium,None,10,14,3487.0,4,452.0,374.9,50.9,0,77,0,0
CAB0227,2015,Intra-Asia,consortium,Luzon-Strait,3,39,1735.0,3,1092.0,432.5,40.6,1,53,0,0
CAB0227,2016,Intra-Asia,consortium,Luzon-Strait,4,39,1735.0,3,1092.0,474.3,90.0,1,59,0,0
CAB0227,2017,Intra-Asia,consortium,Luzon-Strait,5,39,1735.0,3,1092.0,647.3,23.7,1,60,0,0
CAB0227,2018,Intra-Asia,consortium,Luzon-Strait,6,39,1735.0,3,1092.0,547.2,28.8,1,62,0,0
CAB0227,2019,Intra-Asia,consortium,Luzon-Strait,7,39,1735.0,3,1092.0,772.8,53.0,1,64,0,0
CAB0227,2020,Intra-Asia,consortium,Luzon-Strait,8,39,1735.0,3,1092.0,782.9,76.2,1,66,0,0
CAB0227,2021,Intra-Asia,consortium,Luzon-Strait,9,39,1735.0,3,1092.0,849.6,24.3,1,69,0,0
CAB0227,2022,Intra-Asia,consortium,Luzon-Strait,10,39,1735.0,3,1092.0,950.6,37.0,1,70,0,1
CAB0227,2023,Intra-Asia,consortium,Luzon-Strait,11,39,1735.0,3,1092.0,1009.0,45.4,1,70,1,0
CAB0227,2024,Intra-Asia,consortium,Luzon-Strait,12,39,1735.0,3,1092.0,1092.0,77.2,1,75,0,0
CAB0227,2025,Intra-Asia,consortium,Luzon-Strait,13,39,1735.0,3,1092.0,1031.9,40.4,1,77,0,0
CAB0228,2015,Africa-Coastal,hyperscaler,None,14,2,12306.0,6,24.6,24.6,72.7,0,36,0,0
CAB0228,2016,Africa-Coastal,hyperscaler,None,15,2,12306.0,6,24.6,24.6,100.0,0,37,0,1
CAB0228,2017,Africa-Coastal,hyperscaler,None,16,2,12306.0,6,24.6,24.6,61.1,0,40,1,0
CAB0228,2018,Africa-Coastal,hyperscaler,None,17,2,12306.0,6,24.6,24.6,77.3,0,40,0,0
CAB0228,2019,Africa-Coastal,hyperscaler,None,18,2,12306.0,6,24.6,24.6,62.3,0,42,0,0
CAB0228,2020,Africa-Coastal,hyperscaler,None,19,2,12306.0,6,24.6,24.6,51.3,0,43,0,0
CAB0228,2021,Africa-Coastal,hyperscaler,None,20,2,12306.0,6,24.6,24.6,51.9,0,44,0,0
CAB0228,2022,Africa-Coastal,hyperscaler,None,21,2,12306.0,6,24.6,24.6,99.6,0,45,0,0
CAB0228,2023,Africa-Coastal,hyperscaler,None,22,2,12306.0,6,24.6,24.6,100.0,0,47,0,1
CAB0228,2024,Africa-Coastal,hyperscaler,None,23,2,12306.0,6,24.6,24.6,67.3,0,49,1,0
CAB0228,2025,Africa-Coastal,hyperscaler,None,24,2,12306.0,6,24.6,24.6,83.0,0,52,0,0
CAB0229,2015,EMEA-Asia,consortium,Suez,1,4,18652.0,4,123.4,53.2,64.9,1,27,1,1
CAB0229,2016,EMEA-Asia,consortium,Suez,2,4,18652.0,4,123.4,57.6,41.0,1,29,1,0
CAB0229,2017,EMEA-Asia,consortium,Suez,3,4,18652.0,4,123.4,47.5,24.5,1,32,0,0
CAB0229,2018,EMEA-Asia,consortium,Suez,4,4,18652.0,4,123.4,62.8,96.2,1,34,0,0
CAB0229,2019,EMEA-Asia,consortium,Suez,5,4,18652.0,4,123.4,60.3,50.2,1,37,0,1
CAB0229,2020,EMEA-Asia,consortium,Suez,6,4,18652.0,4,123.4,70.1,80.7,1,40,1,1
CAB0229,2021,EMEA-Asia,consortium,Suez,7,4,18652.0,4,123.4,75.1,84.1,1,44,1,0
CAB0229,2022,EMEA-Asia,consortium,Suez,8,4,18652.0,4,123.4,86.9,70.1,1,45,0,1
CAB0229,2023,EMEA-Asia,consortium,Suez,9,4,18652.0,4,123.4,91.8,97.4,1,47,1,0
CAB0229,2024,EMEA-Asia,consortium,Suez,10,4,18652.0,4,123.4,99.1,52.3,1,48,0,0
CAB0229,2025,EMEA-Asia,consortium,Suez,11,4,18652.0,4,123.4,120.6,49.9,1,47,0,1
CAB0230,2020,Intra-Pacific-Islands,carrier,None,0,8,2573.0,5,315.4,70.4,25.2,1,40,0,0
CAB0230,2021,Intra-Pacific-Islands,carrier,None,1,8,2573.0,5,315.4,105.6,54.2,1,41,0,0
CAB0230,2022,Intra-Pacific-Islands,carrier,None,2,8,2573.0,5,315.4,130.7,20.8,1,43,0,0
CAB0230,2023,Intra-Pacific-Islands,carrier,None,3,8,2573.0,5,315.4,135.1,63.2,1,45,0,0
CAB0230,2024,Intra-Pacific-Islands,carrier,None,4,8,2573.0,5,315.4,144.4,80.3,1,48,0,0
CAB0230,2025,Intra-Pacific-Islands,carrier,None,5,8,2573.0,5,315.4,154.7,56.8,1,50,0,0
CAB0231,2015,Americas,consortium,None,7,22,5466.0,4,490.3,316.1,49.4,0,28,1,0
CAB0231,2016,Americas,consortium,None,8,22,5466.0,4,490.3,363.4,52.0,0,29,0,1
CAB0231,2017,Americas,consortium,None,9,22,5466.0,4,490.3,356.7,40.4,0,29,1,0
CAB0231,2018,Americas,consortium,None,10,22,5466.0,4,490.3,421.3,39.7,0,31,0,0
CAB0231,2019,Americas,consortium,None,11,22,5466.0,4,490.3,471.7,67.7,0,32,0,0
CAB0231,2020,Americas,consortium,None,12,22,5466.0,4,490.3,490.3,43.2,0,33,0,0
CAB0231,2021,Americas,consortium,None,13,22,5466.0,4,490.3,465.1,31.2,0,37,0,0
CAB0231,2022,Americas,consortium,None,14,22,5466.0,4,490.3,490.3,85.6,0,37,0,1
CAB0231,2023,Americas,consortium,None,15,22,5466.0,4,490.3,490.3,52.8,0,37,1,1
CAB0231,2024,Americas,consortium,None,16,22,5466.0,4,490.3,490.3,97.5,0,39,1,0
CAB0231,2025,Americas,consortium,None,17,22,5466.0,4,490.3,490.3,73.4,0,39,0,1
CAB0232,2015,Indian-Ocean,consortium,None,4,12,5487.0,7,318.9,161.6,28.8,1,31,0,1
CAB0232,2016,Indian-Ocean,consortium,None,5,12,5487.0,7,318.9,169.7,49.0,1,33,1,0
CAB0232,2017,Indian-Ocean,consortium,None,6,12,5487.0,7,318.9,173.1,55.2,1,33,0,0
CAB0232,2018,Indian-Ocean,consortium,None,7,12,5487.0,7,318.9,208.6,57.4,1,35,0,1
CAB0232,2019,Indian-Ocean,consortium,None,8,12,5487.0,7,318.9,241.3,29.0,1,35,1,0
CAB0232,2020,Indian-Ocean,consortium,None,9,12,5487.0,7,318.9,239.1,79.4,1,36,0,0
CAB0232,2021,Indian-Ocean,consortium,None,10,12,5487.0,7,318.9,255.3,85.4,1,39,0,0
CAB0232,2022,Indian-Ocean,consortium,None,11,12,5487.0,7,318.9,296.7,90.3,1,39,0,0
CAB0232,2023,Indian-Ocean,consortium,None,12,12,5487.0,7,318.9,318.9,43.6,1,40,0,1
CAB0232,2024,Indian-Ocean,consortium,None,13,12,5487.0,7,318.9,310.3,76.5,1,41,1,1
CAB0232,2025,Indian-Ocean,consortium,None,14,12,5487.0,7,318.9,318.9,48.7,1,44,1,0
CAB0233,2015,Trans-Pacific,hyperscaler,None,11,6,10577.0,4,99.4,89.8,63.8,1,35,0,0
CAB0233,2016,Trans-Pacific,hyperscaler,None,12,6,10577.0,4,99.4,93.3,83.4,1,37,0,0
CAB0233,2017,Trans-Pacific,hyperscaler,None,13,6,10577.0,4,99.4,99.4,90.1,1,38,0,1
CAB0233,2018,Trans-Pacific,hyperscaler,None,14,6,10577.0,4,99.4,99.4,60.2,1,39,1,0
CAB0233,2019,Trans-Pacific,hyperscaler,None,15,6,10577.0,4,99.4,99.4,53.5,1,41,0,0
CAB0233,2020,Trans-Pacific,hyperscaler,None,16,6,10577.0,4,99.4,99.4,75.6,1,42,0,0
CAB0233,2021,Trans-Pacific,hyperscaler,None,17,6,10577.0,4,99.4,99.4,86.5,1,43,0,0
CAB0233,2022,Trans-Pacific,hyperscaler,None,18,6,10577.0,4,99.4,99.4,48.3,1,45,0,0
CAB0233,2023,Trans-Pacific,hyperscaler,None,19,6,10577.0,4,99.4,99.4,86.6,1,47,0,0
CAB0233,2024,Trans-Pacific,hyperscaler,None,20,6,10577.0,4,99.4,99.4,84.8,1,49,0,0
CAB0233,2025,Trans-Pacific,hyperscaler,None,21,6,10577.0,4,99.4,99.4,100.0,1,50,0,0
CAB0234,2015,Trans-Atlantic,carrier,None,1,7,5200.0,6,216.0,42.7,84.6,0,33,0,0
CAB0234,2016,Trans-Atlantic,carrier,None,2,7,5200.0,6,216.0,84.8,36.3,0,37,0,0
CAB0234,2017,Trans-Atlantic,carrier,None,3,7,5200.0,6,216.0,98.2,33.3,0,37,0,0
CAB0234,2018,Trans-Atlantic,carrier,None,4,7,5200.0,6,216.0,107.1,42.1,0,40,0,0
CAB0234,2019,Trans-Atlantic,carrier,None,5,7,5200.0,6,216.0,113.1,45.9,0,45,0,0
CAB0234,2020,Trans-Atlantic,carrier,None,6,7,5200.0,6,216.0,142.3,40.0,0,48,0,0
CAB0234,2021,Trans-Atlantic,carrier,None,7,7,5200.0,6,216.0,148.6,48.7,0,50,0,0
CAB0234,2022,Trans-Atlantic,carrier,None,8,7,5200.0,6,216.0,148.2,61.6,0,51,0,0
CAB0234,2023,Trans-Atlantic,carrier,None,9,7,5200.0,6,216.0,174.5,33.2,0,54,0,0
CAB0234,2024,Trans-Atlantic,carrier,None,10,7,5200.0,6,216.0,196.7,46.8,0,58,0,0
CAB0234,2025,Trans-Atlantic,carrier,None,11,7,5200.0,6,216.0,191.1,58.1,0,62,0,0
CAB0235,2015,Intra-Pacific-Islands,consortium,None,10,13,266.0,2,234.0,207.6,69.2,0,28,0,0
CAB0235,2016,Intra-Pacific-Islands,consortium,None,11,13,266.0,2,234.0,234.0,50.2,0,29,0,0
CAB0235,2017,Intra-Pacific-Islands,consortium,None,12,13,266.0,2,234.0,216.6,49.2,0,29,0,0
CAB0235,2018,Intra-Pacific-Islands,consortium,None,13,13,266.0,2,234.0,230.7,36.5,0,30,0,0
CAB0235,2019,Intra-Pacific-Islands,consortium,None,14,13,266.0,2,234.0,234.0,31.7,0,35,0,0
CAB0235,2020,Intra-Pacific-Islands,consortium,None,15,13,266.0,2,234.0,234.0,43.3,0,40,0,0
CAB0235,2021,Intra-Pacific-Islands,consortium,None,16,13,266.0,2,234.0,234.0,67.4,0,41,0,0
CAB0235,2022,Intra-Pacific-Islands,consortium,None,17,13,266.0,2,234.0,234.0,83.5,0,43,0,0
CAB0235,2023,Intra-Pacific-Islands,consortium,None,18,13,266.0,2,234.0,234.0,87.8,0,45,0,0
CAB0235,2024,Intra-Pacific-Islands,consortium,None,19,13,266.0,2,234.0,234.0,100.0,0,48,0,0
CAB0235,2025,Intra-Pacific-Islands,consortium,None,20,13,266.0,2,234.0,234.0,70.8,0,50,0,0
CAB0236,2023,Trans-Atlantic,consortium,None,0,5,5892.0,6,218.6,46.9,24.3,0,54,0,0
CAB0236,2024,Trans-Atlantic,consortium,None,1,5,5892.0,6,218.6,62.1,26.6,0,58,0,0
CAB0236,2025,Trans-Atlantic,consortium,None,2,5,5892.0,6,218.6,77.1,31.0,0,62,0,0
CAB0237,2020,Trans-Atlantic,consortium,None,0,33,5519.0,8,1301.1,164.5,34.6,1,48,0,0
CAB0237,2021,Trans-Atlantic,consortium,None,1,33,5519.0,8,1301.1,486.2,49.0,1,50,0,0
CAB0237,2022,Trans-Atlantic,consortium,None,2,33,5519.0,8,1301.1,657.3,32.6,1,51,0,0
CAB0237,2023,Trans-Atlantic,consortium,None,3,33,5519.0,8,1301.1,560.0,31.6,1,54,0,1
CAB0237,2024,Trans-Atlantic,consortium,None,4,33,5519.0,8,1301.1,579.9,16.3,1,58,1,1
CAB0237,2025,Trans-Atlantic,consortium,None,5,33,5519.0,8,1301.1,704.6,55.1,1,62,1,0
CAB0238,2015,Africa-Coastal,consortium,None,10,3,10096.0,6,54.0,46.6,55.3,0,36,0,0
CAB0238,2016,Africa-Coastal,consortium,None,11,3,10096.0,6,54.0,49.2,79.1,0,37,0,1
CAB0238,2017,Africa-Coastal,consortium,None,12,3,10096.0,6,54.0,48.7,50.7,0,40,1,0
CAB0238,2018,Africa-Coastal,consortium,None,13,3,10096.0,6,54.0,54.0,39.6,0,40,0,1
CAB0238,2019,Africa-Coastal,consortium,None,14,3,10096.0,6,54.0,54.0,32.4,0,42,1,0
CAB0238,2020,Africa-Coastal,consortium,None,15,3,10096.0,6,54.0,54.0,56.4,0,43,0,0
CAB0238,2021,Africa-Coastal,consortium,None,16,3,10096.0,6,54.0,54.0,100.0,0,44,0,0
CAB0238,2022,Africa-Coastal,consortium,None,17,3,10096.0,6,54.0,54.0,100.0,0,45,0,0
CAB0238,2023,Africa-Coastal,consortium,None,18,3,10096.0,6,54.0,54.0,40.1,0,47,0,0
CAB0238,2024,Africa-Coastal,consortium,None,19,3,10096.0,6,54.0,54.0,85.5,0,49,0,0
CAB0238,2025,Africa-Coastal,consortium,None,20,3,10096.0,6,54.0,54.0,100.0,0,52,0,0
CAB0239,2015,Intra-Asia,carrier,Malacca,5,4,2524.0,3,100.6,49.3,93.3,1,53,1,1
CAB0239,2016,Intra-Asia,carrier,Malacca,6,4,2524.0,3,100.6,62.6,50.2,1,59,1,1
CAB0239,2017,Intra-Asia,carrier,Malacca,7,4,2524.0,3,100.6,60.8,37.1,1,60,1,0
CAB0239,2018,Intra-Asia,carrier,Malacca,8,4,2524.0,3,100.6,81.8,28.2,1,62,0,1
CAB0239,2019,Intra-Asia,carrier,Malacca,9,4,2524.0,3,100.6,86.3,43.4,1,64,1,0
CAB0239,2020,Intra-Asia,carrier,Malacca,10,4,2524.0,3,100.6,96.9,48.3,1,66,0,1
CAB0239,2021,Intra-Asia,carrier,Malacca,11,4,2524.0,3,100.6,89.5,72.8,1,69,1,0
CAB0239,2022,Intra-Asia,carrier,Malacca,12,4,2524.0,3,100.6,88.4,33.6,1,70,0,1
CAB0239,2023,Intra-Asia,carrier,Malacca,13,4,2524.0,3,100.6,100.6,36.8,1,70,1,0
CAB0239,2024,Intra-Asia,carrier,Malacca,14,4,2524.0,3,100.6,100.6,73.4,1,75,0,0
CAB0239,2025,Intra-Asia,carrier,Malacca,15,4,2524.0,3,100.6,100.6,100.0,1,77,0,0
CAB0240,2015,EMEA-Asia,carrier,Suez,14,2,12820.0,7,24.6,24.2,57.3,0,27,1,0
CAB0240,2016,EMEA-Asia,carrier,Suez,15,2,12820.0,7,24.6,24.6,91.0,0,29,0,0
CAB0240,2017,EMEA-Asia,carrier,Suez,16,2,12820.0,7,24.6,24.6,100.0,0,32,0,0
CAB0240,2018,EMEA-Asia,carrier,Suez,17,2,12820.0,7,24.6,24.6,59.1,0,34,0,1
CAB0240,2019,EMEA-Asia,carrier,Suez,18,2,12820.0,7,24.6,24.6,70.3,0,37,1,0
CAB0240,2020,EMEA-Asia,carrier,Suez,19,2,12820.0,7,24.6,24.6,81.3,0,40,0,1
CAB0240,2021,EMEA-Asia,carrier,Suez,20,2,12820.0,7,24.6,24.6,100.0,0,44,1,0
CAB0240,2022,EMEA-Asia,carrier,Suez,21,2,12820.0,7,24.6,24.6,62.3,0,45,0,0
CAB0240,2023,EMEA-Asia,carrier,Suez,22,2,12820.0,7,24.6,24.6,100.0,0,47,0,1
CAB0240,2024,EMEA-Asia,carrier,Suez,23,2,12820.0,7,24.6,24.6,100.0,0,48,1,0
CAB0240,2025,EMEA-Asia,carrier,Suez,24,2,12820.0,7,24.6,24.6,76.0,0,47,0,0
CAB0241,2015,Americas,carrier,None,7,5,6875.0,4,111.4,73.2,25.9,1,28,1,0
CAB0241,2016,Americas,carrier,None,8,5,6875.0,4,111.4,76.3,62.1,1,29,0,0
CAB0241,2017,Americas,carrier,None,9,5,6875.0,4,111.4,87.5,22.2,1,29,0,0
CAB0241,2018,Americas,carrier,None,10,5,6875.0,4,111.4,89.6,37.6,1,31,0,0
CAB0241,2019,Americas,carrier,None,11,5,6875.0,4,111.4,99.5,48.1,1,32,0,0
CAB0241,2020,Americas,carrier,None,12,5,6875.0,4,111.4,107.9,68.4,1,33,0,1
CAB0241,2021,Americas,carrier,None,13,5,6875.0,4,111.4,111.4,40.9,1,37,1,0
CAB0241,2022,Americas,carrier,None,14,5,6875.0,4,111.4,111.4,38.1,1,37,0,0
CAB0241,2023,Americas,carrier,None,15,5,6875.0,4,111.4,111.4,100.0,1,37,0,0
CAB0241,2024,Americas,carrier,None,16,5,6875.0,4,111.4,111.4,77.5,1,39,0,1
CAB0241,2025,Americas,carrier,None,17,5,6875.0,4,111.4,111.4,67.4,1,39,1,0
CAB0242,2015,Indian-Ocean,carrier,None,6,15,10273.0,4,355.7,204.8,86.6,1,31,0,1
CAB0242,2016,Indian-Ocean,carrier,None,7,15,10273.0,4,355.7,239.7,56.0,1,33,1,0
CAB0242,2017,Indian-Ocean,carrier,None,8,15,10273.0,4,355.7,270.3,94.7,1,33,0,0
CAB0242,2018,Indian-Ocean,carrier,None,9,15,10273.0,4,355.7,286.5,67.8,1,35,0,0
CAB0242,2019,Indian-Ocean,carrier,None,10,15,10273.0,4,355.7,288.7,70.2,1,35,0,0
CAB0242,2020,Indian-Ocean,carrier,None,11,15,10273.0,4,355.7,342.5,78.3,1,36,0,0
CAB0242,2021,Indian-Ocean,carrier,None,12,15,10273.0,4,355.7,341.6,89.2,1,39,0,0
CAB0242,2022,Indian-Ocean,carrier,None,13,15,10273.0,4,355.7,355.7,40.2,1,39,0,0
CAB0242,2023,Indian-Ocean,carrier,None,14,15,10273.0,4,355.7,355.7,73.1,1,40,0,0
CAB0242,2024,Indian-Ocean,carrier,None,15,15,10273.0,4,355.7,355.7,52.2,1,41,0,0
CAB0242,2025,Indian-Ocean,carrier,None,16,15,10273.0,4,355.7,355.7,85.7,1,44,0,0
CAB0243,2017,Intra-Europe,carrier,None,0,10,2939.0,9,351.4,85.9,54.2,0,44,1,0
CAB0243,2018,Intra-Europe,carrier,None,1,10,2939.0,9,351.4,108.9,17.5,0,45,0,1
CAB0243,2019,Intra-Europe,carrier,None,2,10,2939.0,9,351.4,158.3,35.9,0,47,1,0
CAB0243,2020,Intra-Europe,carrier,None,3,10,2939.0,9,351.4,152.6,17.5,0,49,0,1
CAB0243,2021,Intra-Europe,carrier,None,4,10,2939.0,9,351.4,181.1,42.0,0,49,1,0
CAB0243,2022,Intra-Europe,carrier,None,5,10,2939.0,9,351.4,169.9,92.8,0,52,0,0
CAB0243,2023,Intra-Europe,carrier,None,6,10,2939.0,9,351.4,244.1,79.7,0,53,0,0
CAB0243,2024,Intra-Europe,carrier,None,7,10,2939.0,9,351.4,227.8,69.4,0,53,0,0
CAB0243,2025,Intra-Europe,carrier,None,8,10,2939.0,9,351.4,255.1,48.0,0,58,0,0
CAB0244,2015,Trans-Pacific,carrier,None,5,6,9341.0,7,150.9,95.4,54.5,1,35,0,0
CAB0244,2016,Trans-Pacific,carrier,None,6,6,9341.0,7,150.9,88.0,54.5,1,37,0,0
CAB0244,2017,Trans-Pacific,carrier,None,7,6,9341.0,7,150.9,102.2,30.9,1,38,0,1
CAB0244,2018,Trans-Pacific,carrier,None,8,6,9341.0,7,150.9,108.4,48.6,1,39,1,0
CAB0244,2019,Trans-Pacific,carrier,None,9,6,9341.0,7,150.9,129.2,57.0,1,41,0,0
CAB0244,2020,Trans-Pacific,carrier,None,10,6,9341.0,7,150.9,140.7,53.3,1,42,0,1
CAB0244,2021,Trans-Pacific,carrier,None,11,6,9341.0,7,150.9,135.6,58.1,1,43,1,1
CAB0244,2022,Trans-Pacific,carrier,None,12,6,9341.0,7,150.9,140.2,100.0,1,45,1,0
CAB0244,2023,Trans-Pacific,carrier,None,13,6,9341.0,7,150.9,150.9,53.5,1,47,0,0
CAB0244,2024,Trans-Pacific,carrier,None,14,6,9341.0,7,150.9,150.9,64.4,1,49,0,0
CAB0244,2025,Trans-Pacific,carrier,None,15,6,9341.0,7,150.9,150.9,53.3,1,50,0,1
CAB0245,2015,Africa-Coastal,consortium,None,0,14,8315.0,6,452.0,133.8,73.0,1,36,0,0
CAB0245,2016,Africa-Coastal,consortium,None,1,14,8315.0,6,452.0,119.0,20.6,1,37,0,0
CAB0245,2017,Africa-Coastal,consortium,None,2,14,8315.0,6,452.0,164.2,66.0,1,40,0,0
CAB0245,2018,Africa-Coastal,consortium,None,3,14,8315.0,6,452.0,163.7,37.6,1,40,0,0
CAB0245,2019,Africa-Coastal,consortium,None,4,14,8315.0,6,452.0,231.5,40.7,1,42,0,0
CAB0245,2020,Africa-Coastal,consortium,None,5,14,8315.0,6,452.0,225.8,37.4,1,43,0,0
CAB0245,2021,Africa-Coastal,consortium,None,6,14,8315.0,6,452.0,292.3,41.4,1,44,0,1
CAB0245,2022,Africa-Coastal,consortium,None,7,14,8315.0,6,452.0,296.1,57.8,1,45,1,0
CAB0245,2023,Africa-Coastal,consortium,None,8,14,8315.0,6,452.0,316.1,42.1,1,47,0,0
CAB0245,2024,Africa-Coastal,consortium,None,9,14,8315.0,6,452.0,356.8,74.0,1,49,0,1
CAB0245,2025,Africa-Coastal,consortium,None,10,14,8315.0,6,452.0,400.3,32.5,1,52,1,1
CAB0246,2019,Intra-Asia,carrier,Taiwan-Strait,0,8,4148.0,5,304.0,64.2,74.6,1,64,0,0
CAB0246,2020,Intra-Asia,carrier,Taiwan-Strait,1,8,4148.0,5,304.0,118.6,22.8,1,66,0,0
CAB0246,2021,Intra-Asia,carrier,Taiwan-Strait,2,8,4148.0,5,304.0,125.0,65.4,1,69,0,0
CAB0246,2022,Intra-Asia,carrier,Taiwan-Strait,3,8,4148.0,5,304.0,169.9,14.5,1,70,0,0
CAB0246,2023,Intra-Asia,carrier,Taiwan-Strait,4,8,4148.0,5,304.0,168.6,40.4,1,70,0,0
CAB0246,2024,Intra-Asia,carrier,Taiwan-Strait,5,8,4148.0,5,304.0,142.2,27.3,1,75,0,0
CAB0246,2025,Intra-Asia,carrier,Taiwan-Strait,6,8,4148.0,5,304.0,182.8,59.8,1,77,0,0
CAB0247,2015,Intra-Asia,consortium,None,8,11,6643.0,4,229.4,177.0,64.4,1,53,0,0
CAB0247,2016,Intra-Asia,consortium,None,9,11,6643.0,4,229.4,192.4,67.9,1,59,0,0
CAB0247,2017,Intra-Asia,consortium,None,10,11,6643.0,4,229.4,190.9,68.2,1,60,0,0
CAB0247,2018,Intra-Asia,consortium,None,11,11,6643.0,4,229.4,223.2,42.9,1,62,0,0
CAB0247,2019,Intra-Asia,consortium,None,12,11,6643.0,4,229.4,210.4,61.0,1,64,0,0
CAB0247,2020,Intra-Asia,consortium,None,13,11,6643.0,4,229.4,229.4,39.9,1,66,0,0
CAB0247,2021,Intra-Asia,consortium,None,14,11,6643.0,4,229.4,229.4,41.9,1,69,0,0
CAB0247,2022,Intra-Asia,consortium,None,15,11,6643.0,4,229.4,229.4,76.2,1,70,0,0
CAB0247,2023,Intra-Asia,consortium,None,16,11,6643.0,4,229.4,229.4,82.4,1,70,0,1
CAB0247,2024,Intra-Asia,consortium,None,17,11,6643.0,4,229.4,229.4,100.0,1,75,1,0
CAB0247,2025,Intra-Asia,consortium,None,18,11,6643.0,4,229.4,229.4,100.0,1,77,0,1
CAB0248,2020,Trans-Atlantic,hyperscaler,None,0,16,6628.0,4,630.9,127.9,41.5,1,48,0,0
CAB0248,2021,Trans-Atlantic,hyperscaler,None,1,16,6628.0,4,630.9,246.2,15.5,1,50,0,0
CAB0248,2022,Trans-Atlantic,hyperscaler,None,2,16,6628.0,4,630.9,226.7,26.9,1,51,0,0
CAB0248,2023,Trans-Atlantic,hyperscaler,None,3,16,6628.0,4,630.9,301.7,34.7,1,54,0,0
CAB0248,2024,Trans-Atlantic,hyperscaler,None,4,16,6628.0,4,630.9,334.9,39.0,1,58,0,0
CAB0248,2025,Trans-Atlantic,hyperscaler,None,5,16,6628.0,4,630.9,360.1,47.5,1,62,0,0
CAB0249,2015,Intra-Pacific-Islands,carrier,None,13,26,2539.0,2,356.6,352.1,74.8,1,28,0,0
CAB0249,2016,Intra-Pacific-Islands,carrier,None,14,26,2539.0,2,356.6,356.6,69.2,1,29,0,0
CAB0249,2017,Intra-Pacific-Islands,carrier,None,15,26,2539.0,2,356.6,356.6,100.0,1,29,0,0
CAB0249,2018,Intra-Pacific-Islands,carrier,None,16,26,2539.0,2,356.6,356.6,97.9,1,30,0,0
CAB0249,2019,Intra-Pacific-Islands,carrier,None,17,26,2539.0,2,356.6,356.6,93.2,1,35,0,0
CAB0249,2020,Intra-Pacific-Islands,carrier,None,18,26,2539.0,2,356.6,356.6,100.0,1,40,0,1
CAB0249,2021,Intra-Pacific-Islands,carrier,None,19,26,2539.0,2,356.6,356.6,100.0,1,41,1,1
CAB0249,2022,Intra-Pacific-Islands,carrier,None,20,26,2539.0,2,356.6,356.6,98.0,1,43,1,0
CAB0249,2023,Intra-Pacific-Islands,carrier,None,21,26,2539.0,2,356.6,356.6,54.1,1,45,0,0
CAB0249,2024,Intra-Pacific-Islands,carrier,None,22,26,2539.0,2,356.6,356.6,61.5,1,48,0,0
CAB0249,2025,Intra-Pacific-Islands,carrier,None,23,26,2539.0,2,356.6,356.6,80.9,1,50,0,0
CAB0250,2020,Intra-Europe,consortium,None,0,5,1825.0,5,197.1,28.2,59.7,0,49,0,0
CAB0250,2021,Intra-Europe,consortium,None,1,5,1825.0,5,197.1,59.3,19.7,0,49,0,0
CAB0250,2022,Intra-Europe,consortium,None,2,5,1825.0,5,197.1,96.9,9.7,0,52,0,0
CAB0250,2023,Intra-Europe,consortium,None,3,5,1825.0,5,197.1,77.8,47.7,0,53,0,0
CAB0250,2024,Intra-Europe,consortium,None,4,5,1825.0,5,197.1,109.6,66.8,0,53,0,0
CAB0250,2025,Intra-Europe,consortium,None,5,5,1825.0,5,197.1,106.4,93.8,0,58,0,0
CAB0251,2015,Intra-Europe,consortium,None,1,42,2571.0,5,1296.0,387.6,46.9,0,41,0,0
CAB0251,2016,Intra-Europe,consortium,None,2,42,2571.0,5,1296.0,410.1,54.0,0,42,0,1
CAB0251,2017,Intra-Europe,consortium,None,3,42,2571.0,5,1296.0,507.0,83.3,0,44,1,0
CAB0251,2018,Intra-Europe,consortium,None,4,42,2571.0,5,1296.0,620.3,35.7,0,45,0,0
CAB0251,2019,Intra-Europe,consortium,None,5,42,2571.0,5,1296.0,589.3,59.6,0,47,0,0
CAB0251,2020,Intra-Europe,consortium,None,6,42,2571.0,5,1296.0,732.1,39.5,0,49,0,0
CAB0251,2021,Intra-Europe,consortium,None,7,42,2571.0,5,1296.0,838.9,61.4,0,49,0,0
CAB0251,2022,Intra-Europe,consortium,None,8,42,2571.0,5,1296.0,935.0,57.8,0,52,0,0
CAB0251,2023,Intra-Europe,consortium,None,9,42,2571.0,5,1296.0,910.1,57.8,0,53,0,0
CAB0251,2024,Intra-Europe,consortium,None,10,42,2571.0,5,1296.0,1074.8,53.9,0,53,0,0
CAB0251,2025,Intra-Europe,consortium,None,11,42,2571.0,5,1296.0,1292.8,35.0,0,58,0,0
CAB0252,2015,Africa-Coastal,carrier,None,7,34,10369.0,6,757.7,487.1,53.5,0,36,0,0
CAB0252,2016,Africa-Coastal,carrier,None,8,34,10369.0,6,757.7,609.9,47.9,0,37,0,0
CAB0252,2017,Africa-Coastal,carrier,None,9,34,10369.0,6,757.7,593.6,72.4,0,40,0,1
CAB0252,2018,Africa-Coastal,carrier,None,10,34,10369.0,6,757.7,713.1,26.1,0,40,1,0
CAB0252,2019,Africa-Coastal,carrier,None,11,34,10369.0,6,757.7,730.1,47.9,0,42,0,0
CAB0252,2020,Africa-Coastal,carrier,None,12,34,10369.0,6,757.7,757.7,100.0,0,43,0,0
CAB0252,2021,Africa-Coastal,carrier,None,13,34,10369.0,6,757.7,726.2,55.0,0,44,0,1
CAB0252,2022,Africa-Coastal,carrier,None,14,34,10369.0,6,757.7,757.7,49.4,0,45,1,0
CAB0252,2023,Africa-Coastal,carrier,None,15,34,10369.0,6,757.7,757.7,55.5,0,47,0,0
CAB0252,2024,Africa-Coastal,carrier,None,16,34,10369.0,6,757.7,757.7,68.0,0,49,0,0
CAB0252,2025,Africa-Coastal,carrier,None,17,34,10369.0,6,757.7,757.7,100.0,0,52,0,0
CAB0253,2015,Trans-Pacific,consortium,None,5,6,12489.0,9,150.9,84.2,23.8,1,35,0,0
CAB0253,2016,Trans-Pacific,consortium,None,6,6,12489.0,9,150.9,91.4,82.0,1,37,0,0
CAB0253,2017,Trans-Pacific,consortium,None,7,6,12489.0,9,150.9,87.2,25.2,1,38,0,1
CAB0253,2018,Trans-Pacific,consortium,None,8,6,12489.0,9,150.9,119.1,44.5,1,39,1,0
CAB0253,2019,Trans-Pacific,consortium,None,9,6,12489.0,9,150.9,121.8,52.4,1,41,0,0
CAB0253,2020,Trans-Pacific,consortium,None,10,6,12489.0,9,150.9,141.0,45.1,1,42,0,0
CAB0253,2021,Trans-Pacific,consortium,None,11,6,12489.0,9,150.9,136.3,34.4,1,43,0,0
CAB0253,2022,Trans-Pacific,consortium,None,12,6,12489.0,9,150.9,149.1,100.0,1,45,0,0
CAB0253,2023,Trans-Pacific,consortium,None,13,6,12489.0,9,150.9,150.1,96.0,1,47,0,0
CAB0253,2024,Trans-Pacific,consortium,None,14,6,12489.0,9,150.9,150.9,60.4,1,49,0,0
CAB0253,2025,Trans-Pacific,consortium,None,15,6,12489.0,9,150.9,150.9,65.1,1,50,0,0
CAB0254,2015,Trans-Pacific,carrier,None,8,14,14822.0,5,292.0,228.3,71.8,0,35,1,0
CAB0254,2016,Trans-Pacific,carrier,None,9,14,14822.0,5,292.0,254.7,59.4,0,37,0,0
CAB0254,2017,Trans-Pacific,carrier,None,10,14,14822.0,5,292.0,231.9,50.5,0,38,0,0
CAB0254,2018,Trans-Pacific,carrier,None,11,14,14822.0,5,292.0,267.8,45.1,0,39,0,1
CAB0254,2019,Trans-Pacific,carrier,None,12,14,14822.0,5,292.0,273.0,78.6,0,41,1,0
CAB0254,2020,Trans-Pacific,carrier,None,13,14,14822.0,5,292.0,292.0,57.0,0,42,0,0
CAB0254,2021,Trans-Pacific,carrier,None,14,14,14822.0,5,292.0,292.0,68.3,0,43,0,0
CAB0254,2022,Trans-Pacific,carrier,None,15,14,14822.0,5,292.0,292.0,44.3,0,45,0,1
CAB0254,2023,Trans-Pacific,carrier,None,16,14,14822.0,5,292.0,292.0,100.0,0,47,1,0
CAB0254,2024,Trans-Pacific,carrier,None,17,14,14822.0,5,292.0,292.0,100.0,0,49,0,0
CAB0254,2025,Trans-Pacific,carrier,None,18,14,14822.0,5,292.0,292.0,100.0,0,50,0,0
CAB0255,2025,Intra-Europe,consortium,None,0,12,2199.0,5,558.9,90.2,25.3,0,58,0,0
CAB0256,2015,Intra-Asia,hyperscaler,None,7,22,3060.0,5,490.3,350.1,38.9,1,53,0,0
CAB0256,2016,Intra-Asia,hyperscaler,None,8,22,3060.0,5,490.3,376.3,45.3,1,59,0,0
CAB0256,2017,Intra-Asia,hyperscaler,None,9,22,3060.0,5,490.3,417.5,28.8,1,60,0,0
CAB0256,2018,Intra-Asia,hyperscaler,None,10,22,3060.0,5,490.3,405.3,37.9,1,62,0,0
CAB0256,2019,Intra-Asia,hyperscaler,None,11,22,3060.0,5,490.3,440.3,39.3,1,64,0,0
CAB0256,2020,Intra-Asia,hyperscaler,None,12,22,3060.0,5,490.3,490.3,96.4,1,66,0,0
CAB0256,2021,Intra-Asia,hyperscaler,None,13,22,3060.0,5,490.3,490.3,90.2,1,69,0,0
CAB0256,2022,Intra-Asia,hyperscaler,None,14,22,3060.0,5,490.3,490.3,72.0,1,70,0,1
CAB0256,2023,Intra-Asia,hyperscaler,None,15,22,3060.0,5,490.3,490.3,82.4,1,70,1,0
CAB0256,2024,Intra-Asia,hyperscaler,None,16,22,3060.0,5,490.3,490.3,77.8,1,75,0,0
CAB0256,2025,Intra-Asia,hyperscaler,None,17,22,3060.0,5,490.3,490.3,97.0,1,77,0,0
CAB0257,2017,EMEA-Asia,government,Suez,0,20,19122.0,9,702.9,196.6,36.6,0,32,1,1
CAB0257,2018,EMEA-Asia,government,Suez,1,20,19122.0,9,702.9,326.7,16.2,0,34,1,0
CAB0257,2019,EMEA-Asia,government,Suez,2,20,19122.0,9,702.9,256.2,14.0,0,37,0,1
CAB0257,2020,EMEA-Asia,government,Suez,3,20,19122.0,9,702.9,285.7,77.0,0,40,1,0
CAB0257,2021,EMEA-Asia,government,Suez,4,20,19122.0,9,702.9,341.6,49.0,0,44,0,0
CAB0257,2022,EMEA-Asia,government,Suez,5,20,19122.0,9,702.9,424.3,35.2,0,45,0,1
CAB0257,2023,EMEA-Asia,government,Suez,6,20,19122.0,9,702.9,369.9,21.7,0,47,1,1
CAB0257,2024,EMEA-Asia,government,Suez,7,20,19122.0,9,702.9,505.0,20.3,0,48,1,1
CAB0257,2025,EMEA-Asia,government,Suez,8,20,19122.0,9,702.9,436.5,49.5,0,47,1,1
CAB0258,2015,Indian-Ocean,carrier,Bab-el-Mandeb,5,4,11240.0,6,100.6,59.7,31.4,1,31,0,0
CAB0258,2016,Indian-Ocean,carrier,Bab-el-Mandeb,6,4,11240.0,6,100.6,62.9,36.1,1,33,0,0
CAB0258,2017,Indian-Ocean,carrier,Bab-el-Mandeb,7,4,11240.0,6,100.6,57.4,17.8,1,33,0,1
CAB0258,2018,Indian-Ocean,carrier,Bab-el-Mandeb,8,4,11240.0,6,100.6,60.4,84.5,1,35,1,0
CAB0258,2019,Indian-Ocean,carrier,Bab-el-Mandeb,9,4,11240.0,6,100.6,77.4,50.9,1,35,0,0
CAB0258,2020,Indian-Ocean,carrier,Bab-el-Mandeb,10,4,11240.0,6,100.6,90.3,60.7,1,36,0,0
CAB0258,2021,Indian-Ocean,carrier,Bab-el-Mandeb,11,4,11240.0,6,100.6,92.2,42.0,1,39,0,0
CAB0258,2022,Indian-Ocean,carrier,Bab-el-Mandeb,12,4,11240.0,6,100.6,91.1,91.9,1,39,0,0
CAB0258,2023,Indian-Ocean,carrier,Bab-el-Mandeb,13,4,11240.0,6,100.6,90.8,58.5,1,40,0,1
CAB0258,2024,Indian-Ocean,carrier,Bab-el-Mandeb,14,4,11240.0,6,100.6,100.6,80.6,1,41,1,0
CAB0258,2025,Indian-Ocean,carrier,Bab-el-Mandeb,15,4,11240.0,6,100.6,100.6,82.5,1,44,0,1
CAB0259,2018,Trans-Atlantic,consortium,None,0,5,6951.0,7,182.9,42.6,29.4,1,40,1,0
CAB0259,2019,Trans-Atlantic,consortium,None,1,5,6951.0,7,182.9,51.5,56.2,1,45,0,1
CAB0259,2020,Trans-Atlantic,consortium,None,2,5,6951.0,7,182.9,57.6,23.3,1,48,1,0
CAB0259,2021,Trans-Atlantic,consortium,None,3,5,6951.0,7,182.9,89.5,28.7,1,50,0,0
CAB0259,2022,Trans-Atlantic,consortium,None,4,5,6951.0,7,182.9,85.1,34.7,1,51,0,0
CAB0259,2023,Trans-Atlantic,consortium,None,5,5,6951.0,7,182.9,110.1,71.8,1,54,0,0
CAB0259,2024,Trans-Atlantic,consortium,None,6,5,6951.0,7,182.9,101.6,28.2,1,58,0,0
CAB0259,2025,Trans-Atlantic,consortium,None,7,5,6951.0,7,182.9,111.3,47.1,1,62,0,0
CAB0260,2015,Africa-Coastal,government,None,16,2,13904.0,4,18.9,18.9,89.4,0,36,0,1
CAB0260,2016,Africa-Coastal,government,None,17,2,13904.0,4,18.9,18.9,51.7,0,37,1,1
CAB0260,2017,Africa-Coastal,government,None,18,2,13904.0,4,18.9,18.9,49.9,0,40,1,0
CAB0260,2018,Africa-Coastal,government,None,19,2,13904.0,4,18.9,18.9,50.1,0,40,0,0
CAB0260,2019,Africa-Coastal,government,None,20,2,13904.0,4,18.9,18.9,100.0,0,42,0,0
CAB0260,2020,Africa-Coastal,government,None,21,2,13904.0,4,18.9,18.9,56.3,0,43,0,1
CAB0260,2021,Africa-Coastal,government,None,22,2,13904.0,4,18.9,18.9,82.3,0,44,1,1
CAB0260,2022,Africa-Coastal,government,None,23,2,13904.0,4,18.9,18.9,90.6,0,45,1,0
CAB0260,2023,Africa-Coastal,government,None,24,2,13904.0,4,18.9,18.9,90.6,0,47,0,0
CAB0260,2024,Africa-Coastal,government,None,25,2,13904.0,4,18.9,18.9,100.0,0,49,0,0
CAB0260,2025,Africa-Coastal,government,None,26,2,13904.0,4,18.9,18.9,100.0,0,52,0,1
CAB0261,2017,Africa-Coastal,consortium,None,0,20,6256.0,3,702.9,178.0,6.1,1,40,0,0
CAB0261,2018,Africa-Coastal,consortium,None,1,20,6256.0,3,702.9,224.1,22.4,1,40,0,0
CAB0261,2019,Africa-Coastal,consortium,None,2,20,6256.0,3,702.9,192.1,70.8,1,42,0,0
CAB0261,2020,Africa-Coastal,consortium,None,3,20,6256.0,3,702.9,272.5,55.3,1,43,0,0
CAB0261,2021,Africa-Coastal,consortium,None,4,20,6256.0,3,702.9,373.1,44.8,1,44,0,1
CAB0261,2022,Africa-Coastal,consortium,None,5,20,6256.0,3,702.9,408.1,34.1,1,45,1,0
CAB0261,2023,Africa-Coastal,consortium,None,6,20,6256.0,3,702.9,408.0,77.8,1,47,0,0
CAB0261,2024,Africa-Coastal,consortium,None,7,20,6256.0,3,702.9,438.9,28.8,1,49,0,0
CAB0261,2025,Africa-Coastal,consortium,None,8,20,6256.0,3,702.9,539.5,38.6,1,52,0,0
CAB0262,2015,Africa-Coastal,carrier,None,0,14,3724.0,4,452.0,93.8,57.9,1,36,0,0
CAB0262,2016,Africa-Coastal,carrier,None,1,14,3724.0,4,452.0,162.7,34.5,1,37,0,0
CAB0262,2017,Africa-Coastal,carrier,None,2,14,3724.0,4,452.0,201.8,31.4,1,40,0,0
CAB0262,2018,Africa-Coastal,carrier,None,3,14,3724.0,4,452.0,223.2,59.6,1,40,0,0
CAB0262,2019,Africa-Coastal,carrier,None,4,14,3724.0,4,452.0,202.0,66.1,1,42,0,0
CAB0262,2020,Africa-Coastal,carrier,None,5,14,3724.0,4,452.0,288.1,40.0,1,43,0,0
CAB0262,2021,Africa-Coastal,carrier,None,6,14,3724.0,4,452.0,297.0,70.1,1,44,0,0
CAB0262,2022,Africa-Coastal,carrier,None,7,14,3724.0,4,452.0,295.4,58.8,1,45,0,0
CAB0262,2023,Africa-Coastal,carrier,None,8,14,3724.0,4,452.0,361.8,68.1,1,47,0,0
CAB0262,2024,Africa-Coastal,carrier,None,9,14,3724.0,4,452.0,314.5,38.7,1,49,0,0
CAB0262,2025,Africa-Coastal,carrier,None,10,14,3724.0,4,452.0,401.3,74.9,1,52,0,0
CAB0263,2015,Americas,carrier,None,7,5,3976.0,5,111.4,67.6,43.8,0,28,1,0
CAB0263,2016,Americas,carrier,None,8,5,3976.0,5,111.4,74.1,34.7,0,29,0,0
CAB0263,2017,Americas,carrier,None,9,5,3976.0,5,111.4,77.1,33.5,0,29,0,0
CAB0263,2018,Americas,carrier,None,10,5,3976.0,5,111.4,96.2,78.2,0,31,0,1
CAB0263,2019,Americas,carrier,None,11,5,3976.0,5,111.4,109.7,83.6,0,32,1,0
CAB0263,2020,Americas,carrier,None,12,5,3976.0,5,111.4,105.1,36.7,0,33,0,0
CAB0263,2021,Americas,carrier,None,13,5,3976.0,5,111.4,111.4,74.2,0,37,0,0
CAB0263,2022,Americas,carrier,None,14,5,3976.0,5,111.4,111.4,64.9,0,37,0,1
CAB0263,2023,Americas,carrier,None,15,5,3976.0,5,111.4,111.4,100.0,0,37,1,1
CAB0263,2024,Americas,carrier,None,16,5,3976.0,5,111.4,111.4,97.3,0,39,1,1
CAB0263,2025,Americas,carrier,None,17,5,3976.0,5,111.4,111.4,97.7,0,39,1,1
CAB0264,2024,Trans-Atlantic,carrier,None,0,6,7219.0,6,270.9,73.2,8.6,0,58,0,1
CAB0264,2025,Trans-Atlantic,carrier,None,1,6,7219.0,6,270.9,90.7,31.3,0,62,1,0
CAB0265,2015,Trans-Atlantic,carrier,None,15,10,5104.0,9,108.6,108.6,69.8,1,33,0,0
CAB0265,2016,Trans-Atlantic,carrier,None,16,10,5104.0,9,108.6,108.6,67.9,1,37,0,1
CAB0265,2017,Trans-Atlantic,carrier,None,17,10,5104.0,9,108.6,108.6,64.2,1,37,1,0
CAB0265,2018,Trans-Atlantic,carrier,None,18,10,5104.0,9,108.6,108.6,45.3,1,40,0,0
CAB0265,2019,Trans-Atlantic,carrier,None,19,10,5104.0,9,108.6,108.6,89.5,1,45,0,0
CAB0265,2020,Trans-Atlantic,carrier,None,20,10,5104.0,9,108.6,108.6,72.5,1,48,0,0
CAB0265,2021,Trans-Atlantic,carrier,None,21,10,5104.0,9,108.6,108.6,62.3,1,50,0,0
CAB0265,2022,Trans-Atlantic,carrier,None,22,10,5104.0,9,108.6,108.6,91.4,1,51,0,0
CAB0265,2023,Trans-Atlantic,carrier,None,23,10,5104.0,9,108.6,108.6,63.6,1,54,0,1
CAB0265,2024,Trans-Atlantic,carrier,None,24,10,5104.0,9,108.6,108.6,94.6,1,58,1,0
CAB0266,2015,Africa-Coastal,consortium,None,8,5,9029.0,3,104.3,82.1,39.0,0,36,1,0
CAB0266,2016,Africa-Coastal,consortium,None,9,5,9029.0,3,104.3,75.7,74.4,0,37,0,0
CAB0266,2017,Africa-Coastal,consortium,None,10,5,9029.0,3,104.3,85.4,71.6,0,40,0,0
CAB0266,2018,Africa-Coastal,consortium,None,11,5,9029.0,3,104.3,98.4,61.0,0,40,0,0
CAB0266,2019,Africa-Coastal,consortium,None,12,5,9029.0,3,104.3,104.3,41.7,0,42,0,1
CAB0266,2020,Africa-Coastal,consortium,None,13,5,9029.0,3,104.3,100.6,70.6,0,43,1,0
CAB0266,2021,Africa-Coastal,consortium,None,14,5,9029.0,3,104.3,104.3,46.3,0,44,0,1
CAB0266,2022,Africa-Coastal,consortium,None,15,5,9029.0,3,104.3,104.3,52.0,0,45,1,0
CAB0266,2023,Africa-Coastal,consortium,None,16,5,9029.0,3,104.3,104.3,100.0,0,47,0,1
CAB0266,2024,Africa-Coastal,consortium,None,17,5,9029.0,3,104.3,104.3,73.5,0,49,1,0
CAB0266,2025,Africa-Coastal,consortium,None,18,5,9029.0,3,104.3,104.3,100.0,0,52,0,0
CAB0267,2020,Intra-Pacific-Islands,carrier,None,0,8,2327.0,8,315.4,47.9,41.9,0,40,0,0
CAB0267,2021,Intra-Pacific-Islands,carrier,None,1,8,2327.0,8,315.4,112.7,48.3,0,41,0,0
CAB0267,2022,Intra-Pacific-Islands,carrier,None,2,8,2327.0,8,315.4,97.5,49.0,0,43,0,0
CAB0267,2023,Intra-Pacific-Islands,carrier,None,3,8,2327.0,8,315.4,118.1,58.4,0,45,0,1
CAB0267,2024,Intra-Pacific-Islands,carrier,None,4,8,2327.0,8,315.4,144.4,40.9,0,48,1,0
CAB0267,2025,Intra-Pacific-Islands,carrier,None,5,8,2327.0,8,315.4,168.7,42.0,0,50,0,0
CAB0268,2015,Trans-Atlantic,consortium,None,4,25,5530.0,2,664.3,322.9,45.7,1,33,1,0
CAB0268,2016,Trans-Atlantic,consortium,None,5,25,5530.0,2,664.3,314.3,67.6,1,37,0,0
CAB0268,2017,Trans-Atlantic,consortium,None,6,25,5530.0,2,664.3,413.7,39.9,1,37,0,0
CAB0268,2018,Trans-Atlantic,consortium,None,7,25,5530.0,2,664.3,457.6,79.9,1,40,0,0
CAB0268,2019,Trans-Atlantic,consortium,None,8,25,5530.0,2,664.3,472.6,57.4,1,45,0,1
CAB0268,2020,Trans-Atlantic,consortium,None,9,25,5530.0,2,664.3,471.1,39.3,1,48,1,0
CAB0268,2021,Trans-Atlantic,consortium,None,10,25,5530.0,2,664.3,521.3,58.3,1,50,0,0
CAB0268,2022,Trans-Atlantic,consortium,None,11,25,5530.0,2,664.3,606.9,100.0,1,51,0,1
CAB0268,2023,Trans-Atlantic,consortium,None,12,25,5530.0,2,664.3,664.3,84.6,1,54,1,0
CAB0268,2024,Trans-Atlantic,consortium,None,13,25,5530.0,2,664.3,664.3,52.9,1,58,0,0
CAB0268,2025,Trans-Atlantic,consortium,None,14,25,5530.0,2,664.3,664.3,37.3,1,62,0,0
CAB0269,2015,Trans-Atlantic,consortium,None,11,19,6711.0,11,314.9,268.3,91.1,0,33,0,0
CAB0269,2016,Trans-Atlantic,consortium,None,12,19,6711.0,11,314.9,304.4,92.9,0,37,0,1
CAB0269,2017,Trans-Atlantic,consortium,None,13,19,6711.0,11,314.9,314.9,92.4,0,37,1,0
CAB0269,2018,Trans-Atlantic,consortium,None,14,19,6711.0,11,314.9,314.9,42.3,0,40,0,0
CAB0269,2019,Trans-Atlantic,consortium,None,15,19,6711.0,11,314.9,314.9,73.0,0,45,0,0
CAB0269,2020,Trans-Atlantic,consortium,None,16,19,6711.0,11,314.9,314.9,61.0,0,48,0,0
CAB0269,2021,Trans-Atlantic,consortium,None,17,19,6711.0,11,314.9,314.9,76.0,0,50,0,0
CAB0269,2022,Trans-Atlantic,consortium,None,18,19,6711.0,11,314.9,314.9,53.4,0,51,0,1
CAB0269,2023,Trans-Atlantic,consortium,None,19,19,6711.0,11,314.9,314.9,80.2,0,54,1,0
CAB0269,2024,Trans-Atlantic,consortium,None,20,19,6711.0,11,314.9,314.9,100.0,0,58,0,1
CAB0269,2025,Trans-Atlantic,consortium,None,21,19,6711.0,11,314.9,314.9,70.7,0,62,1,0
CAB0270,2015,Americas,carrier,None,11,19,8750.0,7,314.9,297.0,51.9,1,28,0,0
CAB0270,2016,Americas,carrier,None,12,19,8750.0,7,314.9,314.9,54.3,1,29,0,0
CAB0270,2017,Americas,carrier,None,13,19,8750.0,7,314.9,314.9,78.1,1,29,0,1
CAB0270,2018,Americas,carrier,None,14,19,8750.0,7,314.9,314.9,100.0,1,31,1,0
CAB0270,2019,Americas,carrier,None,15,19,8750.0,7,314.9,314.9,65.4,1,32,0,1
CAB0270,2020,Americas,carrier,None,16,19,8750.0,7,314.9,314.9,83.0,1,33,1,0
CAB0270,2021,Americas,carrier,None,17,19,8750.0,7,314.9,314.9,99.6,1,37,0,0
CAB0270,2022,Americas,carrier,None,18,19,8750.0,7,314.9,314.9,67.3,1,37,0,0
CAB0270,2023,Americas,carrier,None,19,19,8750.0,7,314.9,314.9,52.4,1,37,0,0
CAB0270,2024,Americas,carrier,None,20,19,8750.0,7,314.9,314.9,81.9,1,39,0,0
CAB0270,2025,Americas,carrier,None,21,19,8750.0,7,314.9,314.9,86.8,1,39,0,0
CAB0271,2015,Intra-Asia,government,None,0,28,6875.0,4,904.0,154.5,43.6,1,53,0,1
CAB0271,2016,Intra-Asia,government,None,1,28,6875.0,4,904.0,205.7,31.9,1,59,1,0
CAB0271,2017,Intra-Asia,government,None,2,28,6875.0,4,904.0,313.7,54.7,1,60,0,0
CAB0271,2018,Intra-Asia,government,None,3,28,6875.0,4,904.0,373.3,25.5,1,62,0,0
CAB0271,2019,Intra-Asia,government,None,4,28,6875.0,4,904.0,476.9,10.9,1,64,0,0
CAB0271,2020,Intra-Asia,government,None,5,28,6875.0,4,904.0,541.7,59.4,1,66,0,0
CAB0271,2021,Intra-Asia,government,None,6,28,6875.0,4,904.0,551.7,96.1,1,69,0,0
CAB0271,2022,Intra-Asia,government,None,7,28,6875.0,4,904.0,601.7,60.3,1,70,0,0
CAB0271,2023,Intra-Asia,government,None,8,28,6875.0,4,904.0,679.4,55.4,1,70,0,0
CAB0271,2024,Intra-Asia,government,None,9,28,6875.0,4,904.0,710.3,22.6,1,75,0,0
CAB0271,2025,Intra-Asia,government,None,10,28,6875.0,4,904.0,736.9,42.7,1,77,0,0
CAB0272,2015,Americas,hyperscaler,Panama,12,12,4089.0,2,181.7,172.1,45.3,1,28,0,0
CAB0272,2016,Americas,hyperscaler,Panama,13,12,4089.0,2,181.7,181.7,66.1,1,29,0,0
CAB0272,2017,Americas,hyperscaler,Panama,14,12,4089.0,2,181.7,181.7,95.2,1,29,0,1
CAB0272,2018,Americas,hyperscaler,Panama,15,12,4089.0,2,181.7,181.7,53.9,1,31,1,0
CAB0272,2019,Americas,hyperscaler,Panama,16,12,4089.0,2,181.7,181.7,59.8,1,32,0,1
CAB0272,2020,Americas,hyperscaler,Panama,17,12,4089.0,2,181.7,181.7,74.1,1,33,1,1
CAB0272,2021,Americas,hyperscaler,Panama,18,12,4089.0,2,181.7,181.7,54.4,1,37,1,0
CAB0272,2022,Americas,hyperscaler,Panama,19,12,4089.0,2,181.7,181.7,93.5,1,37,0,1
CAB0272,2023,Americas,hyperscaler,Panama,20,12,4089.0,2,181.7,181.7,97.8,1,37,1,1
CAB0272,2024,Americas,hyperscaler,Panama,21,12,4089.0,2,181.7,181.7,98.1,1,39,1,1
CAB0272,2025,Americas,hyperscaler,Panama,22,12,4089.0,2,181.7,181.7,68.5,1,39,1,1
CAB0273,2020,Intra-Asia,carrier,Luzon-Strait,0,5,4232.0,4,197.1,63.3,67.8,0,66,0,1
CAB0273,2021,Intra-Asia,carrier,Luzon-Strait,1,5,4232.0,4,197.1,69.5,24.8,0,69,1,0
CAB0273,2022,Intra-Asia,carrier,Luzon-Strait,2,5,4232.0,4,197.1,96.5,15.9,0,70,0,0
CAB0273,2023,Intra-Asia,carrier,Luzon-Strait,3,5,4232.0,4,197.1,81.0,51.3,0,70,0,0
CAB0273,2024,Intra-Asia,carrier,Luzon-Strait,4,5,4232.0,4,197.1,95.0,20.8,0,75,0,0
CAB0273,2025,Intra-Asia,carrier,Luzon-Strait,5,5,4232.0,4,197.1,112.1,75.0,0,77,0,0
CAB0274,2023,Intra-Pacific-Islands,consortium,None,0,23,2049.0,7,1005.4,309.7,21.6,0,45,0,0
CAB0274,2024,Intra-Pacific-Islands,consortium,None,1,23,2049.0,7,1005.4,271.2,52.2,0,48,0,0
CAB0274,2025,Intra-Pacific-Islands,consortium,None,2,23,2049.0,7,1005.4,304.8,55.8,0,50,0,0
CAB0275,2015,Intra-Asia,consortium,None,14,5,6251.0,3,61.4,61.4,88.9,1,53,1,0
CAB0275,2016,Intra-Asia,consortium,None,15,5,6251.0,3,61.4,61.4,52.7,1,59,0,1
CAB0275,2017,Intra-Asia,consortium,None,16,5,6251.0,3,61.4,61.4,73.1,1,60,1,0
CAB0275,2018,Intra-Asia,consortium,None,17,5,6251.0,3,61.4,61.4,72.1,1,62,0,1
CAB0275,2019,Intra-Asia,consortium,None,18,5,6251.0,3,61.4,61.4,62.3,1,64,1,1
CAB0275,2020,Intra-Asia,consortium,None,19,5,6251.0,3,61.4,61.4,100.0,1,66,1,1
CAB0275,2021,Intra-Asia,consortium,None,20,5,6251.0,3,61.4,61.4,69.3,1,69,1,1
CAB0275,2022,Intra-Asia,consortium,None,21,5,6251.0,3,61.4,61.4,88.0,1,70,1,1
CAB0275,2023,Intra-Asia,consortium,None,22,5,6251.0,3,61.4,61.4,100.0,1,70,1,0
CAB0275,2024,Intra-Asia,consortium,None,23,5,6251.0,3,61.4,61.4,100.0,1,75,0,1
CAB0275,2025,Intra-Asia,consortium,None,24,5,6251.0,3,61.4,61.4,100.0,1,77,1,0
CAB0276,2015,Intra-Asia,hyperscaler,None,17,2,2804.0,4,16.0,16.0,47.0,1,53,0,0
CAB0276,2016,Intra-Asia,hyperscaler,None,18,2,2804.0,4,16.0,16.0,69.8,1,59,0,0
CAB0276,2017,Intra-Asia,hyperscaler,None,19,2,2804.0,4,16.0,16.0,95.7,1,60,0,0
CAB0276,2018,Intra-Asia,hyperscaler,None,20,2,2804.0,4,16.0,16.0,84.8,1,62,0,0
CAB0276,2019,Intra-Asia,hyperscaler,None,21,2,2804.0,4,16.0,16.0,75.7,1,64,0,0
CAB0276,2020,Intra-Asia,hyperscaler,None,22,2,2804.0,4,16.0,16.0,70.9,1,66,0,1
CAB0276,2021,Intra-Asia,hyperscaler,None,23,2,2804.0,4,16.0,16.0,98.6,1,69,1,0
CAB0276,2022,Intra-Asia,hyperscaler,None,24,2,2804.0,4,16.0,16.0,100.0,1,70,0,1
CAB0276,2023,Intra-Asia,hyperscaler,None,25,2,2804.0,4,16.0,16.0,68.0,1,70,1,0
CAB0276,2024,Intra-Asia,hyperscaler,None,26,2,2804.0,4,16.0,16.0,54.3,1,75,0,0
CAB0276,2025,Intra-Asia,hyperscaler,None,27,2,2804.0,4,16.0,16.0,100.0,1,77,0,0
CAB0277,2015,Americas,consortium,Panama,13,5,4155.0,5,68.6,68.6,49.0,0,28,1,1
CAB0277,2016,Americas,consortium,Panama,14,5,4155.0,5,68.6,68.6,43.8,0,29,1,0
CAB0277,2017,Americas,consortium,Panama,15,5,4155.0,5,68.6,68.6,90.2,0,29,0,1
CAB0277,2018,Americas,consortium,Panama,16,5,4155.0,5,68.6,68.6,85.2,0,31,1,1
CAB0277,2019,Americas,consortium,Panama,17,5,4155.0,5,68.6,68.6,55.4,0,32,1,1
CAB0277,2020,Americas,consortium,Panama,18,5,4155.0,5,68.6,68.6,82.5,0,33,1,1
CAB0277,2021,Americas,consortium,Panama,19,5,4155.0,5,68.6,68.6,64.9,0,37,1,0
CAB0277,2022,Americas,consortium,Panama,20,5,4155.0,5,68.6,68.6,85.5,0,37,0,1
CAB0277,2023,Americas,consortium,Panama,21,5,4155.0,5,68.6,68.6,86.4,0,37,1,1
CAB0277,2024,Americas,consortium,Panama,22,5,4155.0,5,68.6,68.6,84.5,0,39,1,1
CAB0277,2025,Americas,consortium,Panama,23,5,4155.0,5,68.6,68.6,55.1,0,39,1,0
CAB0278,2015,Intra-Europe,consortium,None,15,2,487.0,5,21.7,21.7,54.8,0,41,0,0
CAB0278,2016,Intra-Europe,consortium,None,16,2,487.0,5,21.7,21.7,67.8,0,42,0,0
CAB0278,2017,Intra-Europe,consortium,None,17,2,487.0,5,21.7,21.7,89.7,0,44,0,0
CAB0278,2018,Intra-Europe,consortium,None,18,2,487.0,5,21.7,21.7,70.9,0,45,0,1
CAB0278,2019,Intra-Europe,consortium,None,19,2,487.0,5,21.7,21.7,72.9,0,47,1,0
CAB0278,2020,Intra-Europe,consortium,None,20,2,487.0,5,21.7,21.7,92.9,0,49,0,0
CAB0278,2021,Intra-Europe,consortium,None,21,2,487.0,5,21.7,21.7,100.0,0,49,0,0
CAB0278,2022,Intra-Europe,consortium,None,22,2,487.0,5,21.7,21.7,58.1,0,52,0,0
CAB0278,2023,Intra-Europe,consortium,None,23,2,487.0,5,21.7,21.7,74.4,0,53,0,0
CAB0278,2024,Intra-Europe,consortium,None,24,2,487.0,5,21.7,21.7,84.7,0,53,0,0
CAB0278,2025,Intra-Europe,consortium,None,25,2,487.0,5,21.7,21.7,100.0,0,58,0,0
CAB0280,2015,Trans-Pacific,consortium,None,8,14,13092.0,9,292.0,211.4,35.9,1,35,0,0
CAB0280,2016,Trans-Pacific,consortium,None,9,14,13092.0,9,292.0,230.8,72.6,1,37,0,1
CAB0280,2017,Trans-Pacific,consortium,None,10,14,13092.0,9,292.0,247.2,60.0,1,38,1,0
CAB0280,2018,Trans-Pacific,consortium,None,11,14,13092.0,9,292.0,252.7,35.1,1,39,0,1
CAB0280,2019,Trans-Pacific,consortium,None,12,14,13092.0,9,292.0,269.4,51.0,1,41,1,0
CAB0280,2020,Trans-Pacific,consortium,None,13,14,13092.0,9,292.0,292.0,85.4,1,42,0,1
CAB0280,2021,Trans-Pacific,consortium,None,14,14,13092.0,9,292.0,292.0,34.8,1,43,1,1
CAB0280,2022,Trans-Pacific,consortium,None,15,14,13092.0,9,292.0,292.0,55.7,1,45,1,1
CAB0280,2023,Trans-Pacific,consortium,None,16,14,13092.0,9,292.0,292.0,57.1,1,47,1,0
CAB0280,2024,Trans-Pacific,consortium,None,17,14,13092.0,9,292.0,292.0,69.9,1,49,0,1
CAB0280,2025,Trans-Pacific,consortium,None,18,14,13092.0,9,292.0,292.0,61.8,1,50,1,0
CAB0281,2015,Indian-Ocean,carrier,None,16,3,12717.0,4,28.3,28.3,67.6,1,31,0,0
CAB0281,2016,Indian-Ocean,carrier,None,17,3,12717.0,4,28.3,28.3,81.6,1,33,0,0
CAB0281,2017,Indian-Ocean,carrier,None,18,3,12717.0,4,28.3,28.3,100.0,1,33,0,0
CAB0281,2018,Indian-Ocean,carrier,None,19,3,12717.0,4,28.3,28.3,76.9,1,35,0,0
CAB0281,2019,Indian-Ocean,carrier,None,20,3,12717.0,4,28.3,28.3,74.9,1,35,0,1
CAB0281,2020,Indian-Ocean,carrier,None,21,3,12717.0,4,28.3,28.3,74.0,1,36,1,0
CAB0281,2021,Indian-Ocean,carrier,None,22,3,12717.0,4,28.3,28.3,79.8,1,39,0,1
CAB0281,2022,Indian-Ocean,carrier,None,23,3,12717.0,4,28.3,28.3,52.3,1,39,1,0
CAB0281,2023,Indian-Ocean,carrier,None,24,3,12717.0,4,28.3,28.3,69.4,1,40,0,0
CAB0281,2024,Indian-Ocean,carrier,None,25,3,12717.0,4,28.3,28.3,68.5,1,41,0,1
CAB0282,2025,Trans-Atlantic,government,None,0,9,5277.0,4,419.1,118.8,16.3,0,62,0,0
CAB0283,2015,Intra-Pacific-Islands,carrier,None,6,15,3633.0,6,355.7,227.3,67.1,1,28,0,0
CAB0283,2016,Intra-Pacific-Islands,carrier,None,7,15,3633.0,6,355.7,208.9,42.3,1,29,0,0
CAB0283,2017,Intra-Pacific-Islands,carrier,None,8,15,3633.0,6,355.7,282.7,68.1,1,29,0,0
CAB0283,2018,Intra-Pacific-Islands,carrier,None,9,15,3633.0,6,355.7,278.0,38.2,1,30,0,0
CAB0283,2019,Intra-Pacific-Islands,carrier,None,10,15,3633.0,6,355.7,300.9,43.0,1,35,0,0
CAB0283,2020,Intra-Pacific-Islands,carrier,None,11,15,3633.0,6,355.7,307.3,60.1,1,40,0,0
CAB0283,2021,Intra-Pacific-Islands,carrier,None,12,15,3633.0,6,355.7,345.1,45.4,1,41,0,0
CAB0283,2022,Intra-Pacific-Islands,carrier,None,13,15,3633.0,6,355.7,355.7,47.3,1,43,0,0
CAB0283,2023,Intra-Pacific-Islands,carrier,None,14,15,3633.0,6,355.7,355.7,41.5,1,45,0,0
CAB0283,2024,Intra-Pacific-Islands,carrier,None,15,15,3633.0,6,355.7,355.7,56.5,1,48,0,0
CAB0283,2025,Intra-Pacific-Islands,carrier,None,16,15,3633.0,6,355.7,355.7,100.0,1,50,0,0
CAB0284,2025,Indian-Ocean,consortium,None,0,48,11564.0,2,2235.4,616.8,28.0,1,44,0,1
CAB0285,2025,Africa-Coastal,consortium,None,0,25,7709.0,5,1164.3,220.3,30.9,1,52,0,0
CAB0287,2015,Trans-Pacific,consortium,None,8,14,12004.0,3,292.0,234.0,39.1,1,35,1,1
CAB0287,2016,Trans-Pacific,consortium,None,9,14,12004.0,3,292.0,220.5,32.4,1,37,1,0
CAB0287,2017,Trans-Pacific,consortium,None,10,14,12004.0,3,292.0,289.6,40.5,1,38,0,0
CAB0287,2018,Trans-Pacific,consortium,None,11,14,12004.0,3,292.0,274.3,76.2,1,39,0,0
CAB0287,2019,Trans-Pacific,consortium,None,12,14,12004.0,3,292.0,291.4,49.7,1,41,0,0
CAB0287,2020,Trans-Pacific,consortium,None,13,14,12004.0,3,292.0,288.8,42.4,1,42,0,0
CAB0287,2021,Trans-Pacific,consortium,None,14,14,12004.0,3,292.0,292.0,68.0,1,43,0,0
CAB0287,2022,Trans-Pacific,consortium,None,15,14,12004.0,3,292.0,292.0,53.6,1,45,0,0
CAB0287,2023,Trans-Pacific,consortium,None,16,14,12004.0,3,292.0,292.0,53.0,1,47,0,0
CAB0287,2024,Trans-Pacific,consortium,None,17,14,12004.0,3,292.0,292.0,89.7,1,49,0,0
CAB0287,2025,Trans-Pacific,consortium,None,18,14,12004.0,3,292.0,292.0,76.4,1,50,0,0
CAB0289,2015,Intra-Pacific-Islands,hyperscaler,None,3,8,1579.0,3,224.0,79.1,14.3,0,28,0,0
CAB0289,2016,Intra-Pacific-Islands,hyperscaler,None,4,8,1579.0,3,224.0,104.7,20.6,0,29,0,0
CAB0289,2017,Intra-Pacific-Islands,hyperscaler,None,5,8,1579.0,3,224.0,138.3,21.7,0,29,0,0
CAB0289,2018,Intra-Pacific-Islands,hyperscaler,None,6,8,1579.0,3,224.0,126.0,50.2,0,30,0,0
CAB0289,2019,Intra-Pacific-Islands,hyperscaler,None,7,8,1579.0,3,224.0,146.0,45.0,0,35,0,0
CAB0289,2020,Intra-Pacific-Islands,hyperscaler,None,8,8,1579.0,3,224.0,166.4,36.7,0,40,0,0
CAB0289,2021,Intra-Pacific-Islands,hyperscaler,None,9,8,1579.0,3,224.0,177.8,33.7,0,41,0,0
CAB0289,2022,Intra-Pacific-Islands,hyperscaler,None,10,8,1579.0,3,224.0,195.0,46.5,0,43,0,1
CAB0289,2023,Intra-Pacific-Islands,hyperscaler,None,11,8,1579.0,3,224.0,224.0,43.0,0,45,1,0
CAB0289,2024,Intra-Pacific-Islands,hyperscaler,None,12,8,1579.0,3,224.0,224.0,33.7,0,48,0,0
CAB0289,2025,Intra-Pacific-Islands,hyperscaler,None,13,8,1579.0,3,224.0,224.0,84.4,0,50,0,0
CAB0290,2020,Africa-Coastal,carrier,None,0,11,5740.0,6,433.7,119.7,13.3,0,43,0,0
CAB0290,2021,Africa-Coastal,carrier,None,1,11,5740.0,6,433.7,150.0,43.6,0,44,0,0
CAB0290,2022,Africa-Coastal,carrier,None,2,11,5740.0,6,433.7,167.9,43.1,0,45,0,0
CAB0290,2023,Africa-Coastal,carrier,None,3,11,5740.0,6,433.7,183.9,35.9,0,47,0,0
CAB0290,2024,Africa-Coastal,carrier,None,4,11,5740.0,6,433.7,216.6,10.6,0,49,0,0
CAB0290,2025,Africa-Coastal,carrier,None,5,11,5740.0,6,433.7,250.6,46.5,0,52,0,0
CAB0292,2016,Africa-Coastal,hyperscaler,None,0,4,3667.0,4,134.9,36.9,41.4,1,37,0,0
CAB0292,2017,Africa-Coastal,hyperscaler,None,1,4,3667.0,4,134.9,31.4,45.4,1,40,0,0
CAB0292,2018,Africa-Coastal,hyperscaler,None,2,4,3667.0,4,134.9,46.3,71.1,1,40,0,0
CAB0292,2019,Africa-Coastal,hyperscaler,None,3,4,3667.0,4,134.9,64.2,13.7,1,42,0,0
CAB0292,2020,Africa-Coastal,hyperscaler,None,4,4,3667.0,4,134.9,69.0,52.3,1,43,0,0
CAB0292,2021,Africa-Coastal,hyperscaler,None,5,4,3667.0,4,134.9,71.8,40.7,1,44,0,0
CAB0292,2022,Africa-Coastal,hyperscaler,None,6,4,3667.0,4,134.9,86.5,43.8,1,45,0,0
CAB0292,2023,Africa-Coastal,hyperscaler,None,7,4,3667.0,4,134.9,90.5,54.7,1,47,0,0
CAB0292,2024,Africa-Coastal,hyperscaler,None,8,4,3667.0,4,134.9,98.3,29.7,1,49,0,0
CAB0292,2025,Africa-Coastal,hyperscaler,None,9,4,3667.0,4,134.9,111.0,53.3,1,52,0,0
CAB0293,2019,Intra-Europe,government,None,0,48,1013.0,5,1824.0,360.1,48.0,1,47,0,0
CAB0293,2020,Intra-Europe,government,None,1,48,1013.0,5,1824.0,584.1,15.9,1,49,0,0
CAB0293,2021,Intra-Europe,government,None,2,48,1013.0,5,1824.0,562.4,24.8,1,49,0,0
CAB0293,2022,Intra-Europe,government,None,3,48,1013.0,5,1824.0,870.2,30.4,1,52,0,0
CAB0293,2023,Intra-Europe,government,None,4,48,1013.0,5,1824.0,774.8,27.1,1,53,0,0
CAB0293,2024,Intra-Europe,government,None,5,48,1013.0,5,1824.0,928.0,40.6,1,53,0,0
CAB0293,2025,Intra-Europe,government,None,6,48,1013.0,5,1824.0,1092.4,69.8,1,58,0,0
CAB0294,2015,EMEA-Asia,hyperscaler,Bab-el-Mandeb,14,5,17896.0,5,61.4,61.4,75.5,0,27,1,1
CAB0294,2016,EMEA-Asia,hyperscaler,Bab-el-Mandeb,15,5,17896.0,5,61.4,61.4,79.4,0,29,1,1
CAB0294,2017,EMEA-Asia,hyperscaler,Bab-el-Mandeb,16,5,17896.0,5,61.4,61.4,74.8,0,32,1,1
CAB0294,2018,EMEA-Asia,hyperscaler,Bab-el-Mandeb,17,5,17896.0,5,61.4,61.4,75.4,0,34,1,1
CAB0294,2019,EMEA-Asia,hyperscaler,Bab-el-Mandeb,18,5,17896.0,5,61.4,61.4,81.2,0,37,1,1
CAB0294,2020,EMEA-Asia,hyperscaler,Bab-el-Mandeb,19,5,17896.0,5,61.4,61.4,92.7,0,40,1,1
CAB0294,2021,EMEA-Asia,hyperscaler,Bab-el-Mandeb,20,5,17896.0,5,61.4,61.4,67.9,0,44,1,1
CAB0294,2022,EMEA-Asia,hyperscaler,Bab-el-Mandeb,21,5,17896.0,5,61.4,61.4,53.5,0,45,1,1
CAB0294,2023,EMEA-Asia,hyperscaler,Bab-el-Mandeb,22,5,17896.0,5,61.4,61.4,100.0,0,47,1,1
CAB0294,2024,EMEA-Asia,hyperscaler,Bab-el-Mandeb,23,5,17896.0,5,61.4,61.4,90.6,0,48,1,1
CAB0294,2025,EMEA-Asia,hyperscaler,Bab-el-Mandeb,24,5,17896.0,5,61.4,61.4,94.4,0,47,1,0
CAB0295,2015,Trans-Pacific,carrier,None,12,28,10145.0,8,424.0,378.2,99.1,1,35,0,0
CAB0295,2016,Trans-Pacific,carrier,None,13,28,10145.0,8,424.0,424.0,92.2,1,37,0,0
CAB0295,2017,Trans-Pacific,carrier,None,14,28,10145.0,8,424.0,424.0,54.4,1,38,0,1
CAB0295,2018,Trans-Pacific,carrier,None,15,28,10145.0,8,424.0,424.0,78.3,1,39,1,0
CAB0295,2019,Trans-Pacific,carrier,None,16,28,10145.0,8,424.0,424.0,44.9,1,41,0,0
CAB0295,2020,Trans-Pacific,carrier,None,17,28,10145.0,8,424.0,424.0,71.5,1,42,0,1
CAB0295,2021,Trans-Pacific,carrier,None,18,28,10145.0,8,424.0,424.0,56.1,1,43,1,0
CAB0295,2022,Trans-Pacific,carrier,None,19,28,10145.0,8,424.0,424.0,42.9,1,45,0,0
CAB0295,2023,Trans-Pacific,carrier,None,20,28,10145.0,8,424.0,424.0,64.7,1,47,0,1
CAB0295,2024,Trans-Pacific,carrier,None,21,28,10145.0,8,424.0,424.0,95.9,1,49,1,0
CAB0295,2025,Trans-Pacific,carrier,None,22,28,10145.0,8,424.0,424.0,97.6,1,50,0,0
CAB0296,2015,Indian-Ocean,hyperscaler,None,10,13,8916.0,7,234.0,184.1,56.8,0,31,1,0
CAB0296,2016,Indian-Ocean,hyperscaler,None,11,13,8916.0,7,234.0,214.4,92.2,0,33,0,0
CAB0296,2017,Indian-Ocean,hyperscaler,None,12,13,8916.0,7,234.0,227.0,88.6,0,33,0,1
CAB0296,2018,Indian-Ocean,hyperscaler,None,13,13,8916.0,7,234.0,225.2,66.6,0,35,1,0
CAB0296,2019,Indian-Ocean,hyperscaler,None,14,13,8916.0,7,234.0,234.0,42.4,0,35,0,0
CAB0296,2020,Indian-Ocean,hyperscaler,None,15,13,8916.0,7,234.0,234.0,48.1,0,36,0,0
CAB0296,2021,Indian-Ocean,hyperscaler,None,16,13,8916.0,7,234.0,234.0,75.2,0,39,0,0
CAB0296,2022,Indian-Ocean,hyperscaler,None,17,13,8916.0,7,234.0,234.0,100.0,0,39,0,0
CAB0296,2023,Indian-Ocean,hyperscaler,None,18,13,8916.0,7,234.0,234.0,67.8,0,40,0,0
CAB0296,2024,Indian-Ocean,hyperscaler,None,19,13,8916.0,7,234.0,234.0,69.1,0,41,0,1
CAB0296,2025,Indian-Ocean,hyperscaler,None,20,13,8916.0,7,234.0,234.0,62.8,0,44,1,0
CAB0297,2019,Intra-Europe,consortium,None,0,10,741.0,6,380.0,103.4,25.3,1,47,0,0
CAB0297,2020,Intra-Europe,consortium,None,1,10,741.0,6,380.0,108.1,7.8,1,49,0,0
CAB0297,2021,Intra-Europe,consortium,None,2,10,741.0,6,380.0,126.1,92.0,1,49,0,0
CAB0297,2022,Intra-Europe,consortium,None,3,10,741.0,6,380.0,177.2,61.5,1,52,0,0
CAB0297,2023,Intra-Europe,consortium,None,4,10,741.0,6,380.0,220.9,64.5,1,53,0,0
CAB0297,2024,Intra-Europe,consortium,None,5,10,741.0,6,380.0,232.5,60.6,1,53,0,0
CAB0297,2025,Intra-Europe,consortium,None,6,10,741.0,6,380.0,208.1,64.1,1,58,0,0
CAB0298,2015,Africa-Coastal,hyperscaler,None,13,4,11243.0,5,54.9,54.9,61.1,0,36,1,1
CAB0298,2016,Africa-Coastal,hyperscaler,None,14,4,11243.0,5,54.9,54.9,100.0,0,37,1,0
CAB0298,2017,Africa-Coastal,hyperscaler,None,15,4,11243.0,5,54.9,54.9,87.1,0,40,0,0
CAB0298,2018,Africa-Coastal,hyperscaler,None,16,4,11243.0,5,54.9,54.9,80.3,0,40,0,0
CAB0298,2019,Africa-Coastal,hyperscaler,None,17,4,11243.0,5,54.9,54.9,46.2,0,42,0,0
CAB0298,2020,Africa-Coastal,hyperscaler,None,18,4,11243.0,5,54.9,54.9,77.8,0,43,0,0
CAB0298,2021,Africa-Coastal,hyperscaler,None,19,4,11243.0,5,54.9,54.9,70.1,0,44,0,0
CAB0298,2022,Africa-Coastal,hyperscaler,None,20,4,11243.0,5,54.9,54.9,61.3,0,45,0,0
CAB0298,2023,Africa-Coastal,hyperscaler,None,21,4,11243.0,5,54.9,54.9,100.0,0,47,0,0
CAB0298,2024,Africa-Coastal,hyperscaler,None,22,4,11243.0,5,54.9,54.9,93.2,0,49,0,1
CAB0298,2025,Africa-Coastal,hyperscaler,None,23,4,11243.0,5,54.9,54.9,86.8,0,52,1,0
CAB0299,2017,EMEA-Asia,government,None,0,10,12414.0,2,351.4,76.7,42.0,1,32,0,0
CAB0299,2018,EMEA-Asia,government,None,1,10,12414.0,2,351.4,127.2,15.6,1,34,0,0
CAB0299,2019,EMEA-Asia,government,None,2,10,12414.0,2,351.4,102.4,12.9,1,37,0,0
CAB0299,2020,EMEA-Asia,government,None,3,10,12414.0,2,351.4,155.3,31.9,1,40,0,1
CAB0299,2021,EMEA-Asia,government,None,4,10,12414.0,2,351.4,140.7,80.5,1,44,1,1
CAB0299,2022,EMEA-Asia,government,None,5,10,12414.0,2,351.4,143.5,40.2,1,45,1,0
CAB0299,2023,EMEA-Asia,government,None,6,10,12414.0,2,351.4,215.5,67.7,1,47,0,0
CAB0299,2024,EMEA-Asia,government,None,7,10,12414.0,2,351.4,242.1,54.7,1,48,0,0
CAB0299,2025,EMEA-Asia,government,None,8,10,12414.0,2,351.4,253.2,58.5,1,47,0,1
CAB0300,2018,Intra-Europe,consortium,None,0,5,1637.0,2,182.9,43.9,38.4,1,45,0,0
CAB0300,2019,Intra-Europe,consortium,None,1,5,1637.0,2,182.9,66.4,57.1,1,47,0,0
CAB0300,2020,Intra-Europe,consortium,None,2,5,1637.0,2,182.9,70.7,41.6,1,49,0,0
CAB0300,2021,Intra-Europe,consortium,None,3,5,1637.0,2,182.9,73.3,59.5,1,49,0,0
CAB0300,2022,Intra-Europe,consortium,None,4,5,1637.0,2,182.9,91.3,40.3,1,52,0,0
CAB0300,2023,Intra-Europe,consortium,None,5,5,1637.0,2,182.9,109.4,35.4,1,53,0,0
CAB0300,2024,Intra-Europe,consortium,None,6,5,1637.0,2,182.9,109.7,32.0,1,53,0,0
CAB0300,2025,Intra-Europe,consortium,None,7,5,1637.0,2,182.9,122.7,49.6,1,58,0,0
CAB0301,2015,Intra-Europe,consortium,None,14,4,309.0,6,49.1,49.1,74.4,0,41,0,1
CAB0301,2016,Intra-Europe,consortium,None,15,4,309.0,6,49.1,49.1,69.3,0,42,1,0
CAB0301,2017,Intra-Europe,consortium,None,16,4,309.0,6,49.1,49.1,51.6,0,44,0,0
CAB0301,2018,Intra-Europe,consortium,None,17,4,309.0,6,49.1,49.1,74.3,0,45,0,0
CAB0301,2019,Intra-Europe,consortium,None,18,4,309.0,6,49.1,49.1,76.0,0,47,0,0
CAB0301,2020,Intra-Europe,consortium,None,19,4,309.0,6,49.1,49.1,77.6,0,49,0,0
CAB0301,2021,Intra-Europe,consortium,None,20,4,309.0,6,49.1,49.1,70.7,0,49,0,0
CAB0301,2022,Intra-Europe,consortium,None,21,4,309.0,6,49.1,49.1,100.0,0,52,0,1
CAB0301,2023,Intra-Europe,consortium,None,22,4,309.0,6,49.1,49.1,99.0,0,53,1,0
CAB0301,2024,Intra-Europe,consortium,None,23,4,309.0,6,49.1,49.1,82.8,0,53,0,0
CAB0301,2025,Intra-Europe,consortium,None,24,4,309.0,6,49.1,49.1,100.0,0,58,0,0
CAB0302,2015,Intra-Asia,carrier,None,15,16,4495.0,6,173.7,173.7,100.0,1,53,1,1
CAB0302,2016,Intra-Asia,carrier,None,16,16,4495.0,6,173.7,173.7,69.5,1,59,1,0
CAB0302,2017,Intra-Asia,carrier,None,17,16,4495.0,6,173.7,173.7,96.6,1,60,0,1
CAB0302,2018,Intra-Asia,carrier,None,18,16,4495.0,6,173.7,173.7,68.0,1,62,1,0
CAB0302,2019,Intra-Asia,carrier,None,19,16,4495.0,6,173.7,173.7,52.1,1,64,0,0
CAB0302,2020,Intra-Asia,carrier,None,20,16,4495.0,6,173.7,173.7,67.2,1,66,0,0
CAB0302,2021,Intra-Asia,carrier,None,21,16,4495.0,6,173.7,173.7,87.3,1,69,0,1
CAB0302,2022,Intra-Asia,carrier,None,22,16,4495.0,6,173.7,173.7,98.0,1,70,1,0
CAB0302,2023,Intra-Asia,carrier,None,23,16,4495.0,6,173.7,173.7,100.0,1,70,0,0
CAB0302,2024,Intra-Asia,carrier,None,24,16,4495.0,6,173.7,173.7,80.9,1,75,0,0
CAB0302,2025,Intra-Asia,carrier,None,25,16,4495.0,6,173.7,173.7,100.0,1,77,0,0
CAB0303,2024,Trans-Pacific,carrier,None,0,18,13579.0,5,812.6,163.6,41.5,0,49,0,1
CAB0303,2025,Trans-Pacific,carrier,None,1,18,13579.0,5,812.6,260.7,45.5,0,50,1,0
CAB0304,2023,Trans-Atlantic,hyperscaler,None,0,23,7457.0,4,1005.4,248.6,18.9,0,54,0,0
CAB0304,2024,Trans-Atlantic,hyperscaler,None,1,23,7457.0,4,1005.4,328.0,56.2,0,58,0,0
CAB0304,2025,Trans-Atlantic,hyperscaler,None,2,23,7457.0,4,1005.4,431.8,61.3,0,62,0,0
CAB0305,2015,Africa-Coastal,consortium,None,5,12,5931.0,9,301.7,166.0,27.4,0,36,1,0
CAB0305,2016,Africa-Coastal,consortium,None,6,12,5931.0,9,301.7,193.9,86.8,0,37,0,0
CAB0305,2017,Africa-Coastal,consortium,None,7,12,5931.0,9,301.7,221.8,31.4,0,40,0,0
CAB0305,2018,Africa-Coastal,consortium,None,8,12,5931.0,9,301.7,219.2,31.9,0,40,0,0
CAB0305,2019,Africa-Coastal,consortium,None,9,12,5931.0,9,301.7,248.8,40.2,0,42,0,1
CAB0305,2020,Africa-Coastal,consortium,None,10,12,5931.0,9,301.7,246.3,39.2,0,43,1,0
CAB0305,2021,Africa-Coastal,consortium,None,11,12,5931.0,9,301.7,262.5,85.9,0,44,0,1
CAB0305,2022,Africa-Coastal,consortium,None,12,12,5931.0,9,301.7,281.5,48.0,0,45,1,1
CAB0305,2023,Africa-Coastal,consortium,None,13,12,5931.0,9,301.7,285.0,45.7,0,47,1,1
CAB0305,2024,Africa-Coastal,consortium,None,14,12,5931.0,9,301.7,301.7,100.0,0,49,1,0
CAB0305,2025,Africa-Coastal,consortium,None,15,12,5931.0,9,301.7,301.7,68.0,0,52,0,0
CAB0306,2015,Intra-Europe,carrier,None,2,40,2410.0,6,1177.1,467.3,54.7,1,41,0,0
CAB0306,2016,Intra-Europe,carrier,None,3,40,2410.0,6,1177.1,610.0,50.0,1,42,0,0
CAB0306,2017,Intra-Europe,carrier,None,4,40,2410.0,6,1177.1,575.4,75.9,1,44,0,0
CAB0306,2018,Intra-Europe,carrier,None,5,40,2410.0,6,1177.1,690.6,78.3,1,45,0,0
CAB0306,2019,Intra-Europe,carrier,None,6,40,2410.0,6,1177.1,756.7,54.2,1,47,0,0
CAB0306,2020,Intra-Europe,carrier,None,7,40,2410.0,6,1177.1,807.3,52.8,1,49,0,0
CAB0306,2021,Intra-Europe,carrier,None,8,40,2410.0,6,1177.1,929.1,38.9,1,49,0,0
CAB0306,2022,Intra-Europe,carrier,None,9,40,2410.0,6,1177.1,878.6,100.0,1,52,0,0
CAB0306,2023,Intra-Europe,carrier,None,10,40,2410.0,6,1177.1,1035.8,75.9,1,53,0,0
CAB0306,2024,Intra-Europe,carrier,None,11,40,2410.0,6,1177.1,1110.0,67.4,1,53,0,0
CAB0306,2025,Intra-Europe,carrier,None,12,40,2410.0,6,1177.1,1177.1,48.1,1,58,0,0
CAB0307,2015,Americas,hyperscaler,None,1,7,6252.0,4,216.0,76.2,62.6,0,28,0,0
CAB0307,2016,Americas,hyperscaler,None,2,7,6252.0,4,216.0,78.1,75.0,0,29,0,0
CAB0307,2017,Americas,hyperscaler,None,3,7,6252.0,4,216.0,97.9,34.9,0,29,0,0
CAB0307,2018,Americas,hyperscaler,None,4,7,6252.0,4,216.0,126.1,31.6,0,31,0,0
CAB0307,2019,Americas,hyperscaler,None,5,7,6252.0,4,216.0,108.9,71.6,0,32,0,0
CAB0307,2020,Americas,hyperscaler,None,6,7,6252.0,4,216.0,130.5,66.5,0,33,0,1
CAB0307,2021,Americas,hyperscaler,None,7,7,6252.0,4,216.0,118.2,62.1,0,37,1,0
CAB0307,2022,Americas,hyperscaler,None,8,7,6252.0,4,216.0,173.1,53.4,0,37,0,1
CAB0307,2023,Americas,hyperscaler,None,9,7,6252.0,4,216.0,181.4,58.4,0,37,1,0
CAB0307,2024,Americas,hyperscaler,None,10,7,6252.0,4,216.0,189.4,51.8,0,39,0,0
CAB0307,2025,Americas,hyperscaler,None,11,7,6252.0,4,216.0,190.1,100.0,0,39,0,0
CAB0308,2024,Trans-Atlantic,carrier,None,0,48,5687.0,4,2166.9,446.6,44.0,0,58,0,0
CAB0308,2025,Trans-Atlantic,carrier,None,1,48,5687.0,4,2166.9,850.8,15.5,0,62,0,1
CAB0309,2015,EMEA-Asia,consortium,Hormuz,1,7,16635.0,6,216.0,55.6,50.8,0,27,0,0
CAB0309,2016,EMEA-Asia,consortium,Hormuz,2,7,16635.0,6,216.0,68.4,44.5,0,29,0,0
CAB0309,2017,EMEA-Asia,consortium,Hormuz,3,7,16635.0,6,216.0,99.9,11.5,0,32,0,0
CAB0309,2018,EMEA-Asia,consortium,Hormuz,4,7,16635.0,6,216.0,97.0,23.4,0,34,0,1
CAB0309,2019,EMEA-Asia,consortium,Hormuz,5,7,16635.0,6,216.0,112.5,53.3,0,37,1,0
CAB0309,2020,EMEA-Asia,consortium,Hormuz,6,7,16635.0,6,216.0,115.6,34.4,0,40,0,0
CAB0309,2021,EMEA-Asia,consortium,Hormuz,7,7,16635.0,6,216.0,160.4,24.9,0,44,0,0
CAB0309,2022,EMEA-Asia,consortium,Hormuz,8,7,16635.0,6,216.0,137.5,51.0,0,45,0,0
CAB0309,2023,EMEA-Asia,consortium,Hormuz,9,7,16635.0,6,216.0,161.5,83.8,0,47,0,0
CAB0309,2024,EMEA-Asia,consortium,Hormuz,10,7,16635.0,6,216.0,184.9,82.3,0,48,0,0
CAB0309,2025,EMEA-Asia,consortium,Hormuz,11,7,16635.0,6,216.0,211.1,63.5,0,47,0,0
CAB0310,2020,Americas,carrier,None,0,22,5575.0,6,867.4,168.0,24.0,1,33,0,0
CAB0310,2021,Americas,carrier,None,1,22,5575.0,6,867.4,298.5,31.6,1,37,0,1
CAB0310,2022,Americas,carrier,None,2,22,5575.0,6,867.4,292.4,83.0,1,37,1,0
CAB0310,2023,Americas,carrier,None,3,22,5575.0,6,867.4,307.6,57.3,1,37,0,1
CAB0310,2024,Americas,carrier,None,4,22,5575.0,6,867.4,394.3,46.1,1,39,1,0
CAB0310,2025,Americas,carrier,None,5,22,5575.0,6,867.4,528.8,39.7,1,39,0,0
CAB0311,2015,Trans-Atlantic,carrier,None,7,7,7196.0,5,156.0,90.2,70.1,0,33,0,1
CAB0311,2016,Trans-Atlantic,carrier,None,8,7,7196.0,5,156.0,99.5,23.7,0,37,1,1
CAB0311,2017,Trans-Atlantic,carrier,None,9,7,7196.0,5,156.0,120.8,77.1,0,37,1,0
CAB0311,2018,Trans-Atlantic,carrier,None,10,7,7196.0,5,156.0,132.7,52.8,0,40,0,0
CAB0311,2019,Trans-Atlantic,carrier,None,11,7,7196.0,5,156.0,130.4,76.3,0,45,0,0
CAB0311,2020,Trans-Atlantic,carrier,None,12,7,7196.0,5,156.0,130.8,66.1,0,48,0,1
CAB0311,2021,Trans-Atlantic,carrier,None,13,7,7196.0,5,156.0,155.6,46.6,0,50,1,1
CAB0311,2022,Trans-Atlantic,carrier,None,14,7,7196.0,5,156.0,156.0,48.8,0,51,1,1
CAB0311,2023,Trans-Atlantic,carrier,None,15,7,7196.0,5,156.0,156.0,60.5,0,54,1,0
CAB0311,2024,Trans-Atlantic,carrier,None,16,7,7196.0,5,156.0,156.0,54.7,0,58,0,0
CAB0311,2025,Trans-Atlantic,carrier,None,17,7,7196.0,5,156.0,156.0,69.2,0,62,0,0
CAB0312,2022,Intra-Europe,hyperscaler,None,0,48,2490.0,6,2029.7,425.8,12.9,0,52,0,1
CAB0312,2023,Intra-Europe,hyperscaler,None,1,48,2490.0,6,2029.7,634.6,24.5,0,53,1,1
CAB0312,2024,Intra-Europe,hyperscaler,None,2,48,2490.0,6,2029.7,670.6,49.9,0,53,1,0
CAB0312,2025,Intra-Europe,hyperscaler,None,3,48,2490.0,6,2029.7,710.1,44.3,0,58,0,1
CAB0313,2021,Indian-Ocean,carrier,None,0,22,11310.0,5,898.9,243.7,52.8,1,39,0,0
CAB0313,2022,Indian-Ocean,carrier,None,1,22,11310.0,5,898.9,283.3,65.9,1,39,0,0
CAB0313,2023,Indian-Ocean,carrier,None,2,22,11310.0,5,898.9,297.0,67.4,1,40,0,0
CAB0313,2024,Indian-Ocean,carrier,None,3,22,11310.0,5,898.9,460.7,38.0,1,41,0,0
CAB0313,2025,Indian-Ocean,carrier,None,4,22,11310.0,5,898.9,359.8,35.8,1,44,0,0
CAB0314,2015,Africa-Coastal,consortium,None,14,25,6052.0,5,307.1,307.1,57.1,0,36,0,0
CAB0314,2016,Africa-Coastal,consortium,None,15,25,6052.0,5,307.1,307.1,58.5,0,37,0,0
CAB0314,2017,Africa-Coastal,consortium,None,16,25,6052.0,5,307.1,307.1,100.0,0,40,0,1
CAB0314,2018,Africa-Coastal,consortium,None,17,25,6052.0,5,307.1,307.1,79.5,0,40,1,0
CAB0314,2019,Africa-Coastal,consortium,None,18,25,6052.0,5,307.1,307.1,100.0,0,42,0,1
CAB0314,2020,Africa-Coastal,consortium,None,19,25,6052.0,5,307.1,307.1,85.1,0,43,1,0
CAB0314,2021,Africa-Coastal,consortium,None,20,25,6052.0,5,307.1,307.1,94.9,0,44,0,0
CAB0314,2022,Africa-Coastal,consortium,None,21,25,6052.0,5,307.1,307.1,76.5,0,45,0,0
CAB0314,2023,Africa-Coastal,consortium,None,22,25,6052.0,5,307.1,307.1,60.1,0,47,0,0
CAB0314,2024,Africa-Coastal,consortium,None,23,25,6052.0,5,307.1,307.1,83.9,0,49,0,0
CAB0314,2025,Africa-Coastal,consortium,None,24,25,6052.0,5,307.1,307.1,60.8,0,52,0,0
CAB0315,2019,Intra-Pacific-Islands,consortium,None,0,5,978.0,2,190.0,53.8,67.3,1,35,0,0
CAB0315,2020,Intra-Pacific-Islands,consortium,None,1,5,978.0,2,190.0,62.4,18.8,1,40,0,1
CAB0315,2021,Intra-Pacific-Islands,consortium,None,2,5,978.0,2,190.0,60.0,43.3,1,41,1,0
CAB0315,2022,Intra-Pacific-Islands,consortium,None,3,5,978.0,2,190.0,87.9,88.4,1,43,0,0
CAB0315,2023,Intra-Pacific-Islands,consortium,None,4,5,978.0,2,190.0,95.2,87.4,1,45,0,1
CAB0315,2024,Intra-Pacific-Islands,consortium,None,5,5,978.0,2,190.0,109.3,20.5,1,48,1,1
CAB0315,2025,Intra-Pacific-Islands,consortium,None,6,5,978.0,2,190.0,124.0,48.7,1,50,1,0
CAB0316,2015,Intra-Asia,hyperscaler,Luzon-Strait,2,18,4487.0,3,529.7,151.4,16.5,0,53,0,0
CAB0316,2016,Intra-Asia,hyperscaler,Luzon-Strait,3,18,4487.0,3,529.7,235.2,59.4,0,59,0,1
CAB0316,2017,Intra-Asia,hyperscaler,Luzon-Strait,4,18,4487.0,3,529.7,249.9,80.1,0,60,1,0
CAB0316,2018,Intra-Asia,hyperscaler,Luzon-Strait,5,18,4487.0,3,529.7,292.0,69.4,0,62,0,0
CAB0316,2019,Intra-Asia,hyperscaler,Luzon-Strait,6,18,4487.0,3,529.7,317.3,80.1,0,64,0,0
CAB0316,2020,Intra-Asia,hyperscaler,Luzon-Strait,7,18,4487.0,3,529.7,379.9,78.9,0,66,0,0
CAB0316,2021,Intra-Asia,hyperscaler,Luzon-Strait,8,18,4487.0,3,529.7,377.2,23.8,0,69,0,0
CAB0316,2022,Intra-Asia,hyperscaler,Luzon-Strait,9,18,4487.0,3,529.7,401.9,58.2,0,70,0,0
CAB0316,2023,Intra-Asia,hyperscaler,Luzon-Strait,10,18,4487.0,3,529.7,441.2,100.0,0,70,0,1
CAB0316,2024,Intra-Asia,hyperscaler,Luzon-Strait,11,18,4487.0,3,529.7,499.3,73.7,0,75,1,0
CAB0316,2025,Intra-Asia,hyperscaler,Luzon-Strait,12,18,4487.0,3,529.7,529.7,37.7,0,77,0,0
CAB0317,2015,Intra-Europe,government,None,17,14,2350.0,4,112.0,112.0,81.0,0,41,0,0
CAB0317,2016,Intra-Europe,government,None,18,14,2350.0,4,112.0,112.0,83.6,0,42,0,0
CAB0317,2017,Intra-Europe,government,None,19,14,2350.0,4,112.0,112.0,61.9,0,44,0,0
CAB0317,2018,Intra-Europe,government,None,20,14,2350.0,4,112.0,112.0,72.1,0,45,0,1
CAB0317,2019,Intra-Europe,government,None,21,14,2350.0,4,112.0,112.0,71.9,0,47,1,0
CAB0317,2020,Intra-Europe,government,None,22,14,2350.0,4,112.0,112.0,71.3,0,49,0,0
CAB0317,2021,Intra-Europe,government,None,23,14,2350.0,4,112.0,112.0,57.1,0,49,0,0
CAB0317,2022,Intra-Europe,government,None,24,14,2350.0,4,112.0,112.0,68.1,0,52,0,0
CAB0317,2023,Intra-Europe,government,None,25,14,2350.0,4,112.0,112.0,82.2,0,53,0,1
CAB0318,2015,Intra-Asia,government,Luzon-Strait,2,18,2072.0,4,529.7,183.7,67.8,1,53,0,0
CAB0318,2016,Intra-Asia,government,Luzon-Strait,3,18,2072.0,4,529.7,207.7,64.9,1,59,0,0
CAB0318,2017,Intra-Asia,government,Luzon-Strait,4,18,2072.0,4,529.7,238.9,24.0,1,60,0,0
CAB0318,2018,Intra-Asia,government,Luzon-Strait,5,18,2072.0,4,529.7,284.3,77.4,1,62,0,0
CAB0318,2019,Intra-Asia,government,Luzon-Strait,6,18,2072.0,4,529.7,376.4,73.5,1,64,0,0
CAB0318,2020,Intra-Asia,government,Luzon-Strait,7,18,2072.0,4,529.7,339.0,48.1,1,66,0,0
CAB0318,2021,Intra-Asia,government,Luzon-Strait,8,18,2072.0,4,529.7,361.0,46.1,1,69,0,0
CAB0318,2022,Intra-Asia,government,Luzon-Strait,9,18,2072.0,4,529.7,447.9,59.7,1,70,0,0
CAB0318,2023,Intra-Asia,government,Luzon-Strait,10,18,2072.0,4,529.7,435.6,81.3,1,70,0,0
CAB0318,2024,Intra-Asia,government,Luzon-Strait,11,18,2072.0,4,529.7,469.2,40.7,1,75,0,0
CAB0318,2025,Intra-Asia,government,Luzon-Strait,12,18,2072.0,4,529.7,529.7,97.0,1,77,0,0
CAB0319,2015,Intra-Europe,government,None,10,10,2998.0,4,180.0,167.7,66.4,0,41,1,0
CAB0319,2016,Intra-Europe,government,None,11,10,2998.0,4,180.0,157.6,48.8,0,42,0,0
CAB0319,2017,Intra-Europe,government,None,12,10,2998.0,4,180.0,179.3,100.0,0,44,0,0
CAB0319,2018,Intra-Europe,government,None,13,10,2998.0,4,180.0,168.0,36.0,0,45,0,0
CAB0319,2019,Intra-Europe,government,None,14,10,2998.0,4,180.0,180.0,76.0,0,47,0,0
CAB0319,2020,Intra-Europe,government,None,15,10,2998.0,4,180.0,180.0,65.6,0,49,0,1
CAB0319,2021,Intra-Europe,government,None,16,10,2998.0,4,180.0,180.0,94.3,0,49,1,0
CAB0319,2022,Intra-Europe,government,None,17,10,2998.0,4,180.0,180.0,43.7,0,52,0,0
CAB0319,2023,Intra-Europe,government,None,18,10,2998.0,4,180.0,180.0,67.8,0,53,0,0
CAB0319,2024,Intra-Europe,government,None,19,10,2998.0,4,180.0,180.0,66.0,0,53,0,0
CAB0319,2025,Intra-Europe,government,None,20,10,2998.0,4,180.0,180.0,50.0,0,58,0,0
CAB0320,2015,EMEA-Asia,hyperscaler,Bab-el-Mandeb,8,3,11542.0,6,62.6,48.5,63.8,0,27,0,0
CAB0320,2016,EMEA-Asia,hyperscaler,Bab-el-Mandeb,9,3,11542.0,6,62.6,48.9,79.7,0,29,0,0
CAB0320,2017,EMEA-Asia,hyperscaler,Bab-el-Mandeb,10,3,11542.0,6,62.6,53.8,53.4,0,32,0,0
CAB0320,2018,EMEA-Asia,hyperscaler,Bab-el-Mandeb,11,3,11542.0,6,62.6,60.2,54.9,0,34,0,0
CAB0320,2019,EMEA-Asia,hyperscaler,Bab-el-Mandeb,12,3,11542.0,6,62.6,62.0,73.8,0,37,0,0
CAB0320,2020,EMEA-Asia,hyperscaler,Bab-el-Mandeb,13,3,11542.0,6,62.6,62.6,67.9,0,40,0,0
CAB0320,2021,EMEA-Asia,hyperscaler,Bab-el-Mandeb,14,3,11542.0,6,62.6,62.6,100.0,0,44,0,0
CAB0320,2022,EMEA-Asia,hyperscaler,Bab-el-Mandeb,15,3,11542.0,6,62.6,62.6,44.5,0,45,0,0
CAB0320,2023,EMEA-Asia,hyperscaler,Bab-el-Mandeb,16,3,11542.0,6,62.6,62.6,61.9,0,47,0,0
CAB0320,2024,EMEA-Asia,hyperscaler,Bab-el-Mandeb,17,3,11542.0,6,62.6,62.6,76.2,0,48,0,0
CAB0320,2025,EMEA-Asia,hyperscaler,Bab-el-Mandeb,18,3,11542.0,6,62.6,62.6,63.4,0,47,0,0
CAB0321,2015,Intra-Pacific-Islands,consortium,None,3,8,324.0,2,224.0,109.5,43.3,0,28,0,0
CAB0321,2016,Intra-Pacific-Islands,consortium,None,4,8,324.0,2,224.0,112.0,16.8,0,29,0,0
CAB0321,2017,Intra-Pacific-Islands,consortium,None,5,8,324.0,2,224.0,111.9,47.2,0,29,0,0
CAB0321,2018,Intra-Pacific-Islands,consortium,None,6,8,324.0,2,224.0,145.8,42.5,0,30,0,0
CAB0321,2019,Intra-Pacific-Islands,consortium,None,7,8,324.0,2,224.0,153.8,23.7,0,35,0,1
CAB0321,2020,Intra-Pacific-Islands,consortium,None,8,8,324.0,2,224.0,146.1,34.2,0,40,1,0
CAB0321,2021,Intra-Pacific-Islands,consortium,None,9,8,324.0,2,224.0,187.0,53.2,0,41,0,0
CAB0321,2022,Intra-Pacific-Islands,consortium,None,10,8,324.0,2,224.0,189.7,80.1,0,43,0,0
CAB0321,2023,Intra-Pacific-Islands,consortium,None,11,8,324.0,2,224.0,200.7,98.0,0,45,0,0
CAB0321,2024,Intra-Pacific-Islands,consortium,None,12,8,324.0,2,224.0,201.0,28.7,0,48,0,0
CAB0321,2025,Intra-Pacific-Islands,consortium,None,13,8,324.0,2,224.0,218.9,66.7,0,50,0,0
CAB0322,2015,EMEA-Asia,consortium,Bab-el-Mandeb,1,14,14057.0,3,432.0,124.1,6.2,0,27,1,0
CAB0322,2016,EMEA-Asia,consortium,Bab-el-Mandeb,2,14,14057.0,3,432.0,177.4,67.9,0,29,0,0
CAB0322,2017,EMEA-Asia,consortium,Bab-el-Mandeb,3,14,14057.0,3,432.0,194.9,57.9,0,32,0,1
CAB0322,2018,EMEA-Asia,consortium,Bab-el-Mandeb,4,14,14057.0,3,432.0,193.0,60.0,0,34,1,0
CAB0322,2019,EMEA-Asia,consortium,Bab-el-Mandeb,5,14,14057.0,3,432.0,238.8,49.3,0,37,0,0
CAB0322,2020,EMEA-Asia,consortium,Bab-el-Mandeb,6,14,14057.0,3,432.0,297.9,65.0,0,40,0,0
CAB0322,2021,EMEA-Asia,consortium,Bab-el-Mandeb,7,14,14057.0,3,432.0,284.4,60.2,0,44,0,0
CAB0322,2022,EMEA-Asia,consortium,Bab-el-Mandeb,8,14,14057.0,3,432.0,297.8,55.0,0,45,0,0
CAB0322,2023,EMEA-Asia,consortium,Bab-el-Mandeb,9,14,14057.0,3,432.0,323.5,58.9,0,47,0,0
CAB0322,2024,EMEA-Asia,consortium,Bab-el-Mandeb,10,14,14057.0,3,432.0,376.6,59.4,0,48,0,0
CAB0322,2025,EMEA-Asia,consortium,Bab-el-Mandeb,11,14,14057.0,3,432.0,385.1,83.0,0,47,0,0
CAB0323,2019,Trans-Pacific,hyperscaler,None,0,21,14093.0,6,798.0,222.5,1.9,0,41,0,0
CAB0323,2020,Trans-Pacific,hyperscaler,None,1,21,14093.0,6,798.0,309.1,15.8,0,42,0,0
CAB0323,2021,Trans-Pacific,hyperscaler,None,2,21,14093.0,6,798.0,240.6,43.8,0,43,0,0
CAB0323,2022,Trans-Pacific,hyperscaler,None,3,21,14093.0,6,798.0,307.3,37.9,0,45,0,0
CAB0323,2023,Trans-Pacific,hyperscaler,None,4,21,14093.0,6,798.0,438.4,51.3,0,47,0,1
CAB0323,2024,Trans-Pacific,hyperscaler,None,5,21,14093.0,6,798.0,371.6,79.0,0,49,1,0
CAB0323,2025,Trans-Pacific,hyperscaler,None,6,21,14093.0,6,798.0,498.3,66.5,0,50,0,1
CAB0324,2017,Intra-Europe,carrier,None,0,7,2951.0,7,246.0,86.3,42.6,0,44,0,0
CAB0324,2018,Intra-Europe,carrier,None,1,7,2951.0,7,246.0,82.4,51.9,0,45,0,0
CAB0324,2019,Intra-Europe,carrier,None,2,7,2951.0,7,246.0,100.9,16.8,0,47,0,0
CAB0324,2020,Intra-Europe,carrier,None,3,7,2951.0,7,246.0,112.0,51.6,0,49,0,1
CAB0324,2021,Intra-Europe,carrier,None,4,7,2951.0,7,246.0,109.1,15.3,0,49,1,0
CAB0324,2022,Intra-Europe,carrier,None,5,7,2951.0,7,246.0,144.6,47.9,0,52,0,1
CAB0324,2023,Intra-Europe,carrier,None,6,7,2951.0,7,246.0,151.6,28.3,0,53,1,1
CAB0324,2024,Intra-Europe,carrier,None,7,7,2951.0,7,246.0,156.3,91.0,0,53,1,1
CAB0324,2025,Intra-Europe,carrier,None,8,7,2951.0,7,246.0,158.2,75.0,0,58,1,0
CAB0325,2015,Trans-Pacific,consortium,None,9,3,9414.0,2,58.3,41.8,97.1,1,35,1,0
CAB0325,2016,Trans-Pacific,consortium,None,10,3,9414.0,2,58.3,49.6,21.7,1,37,0,0
CAB0325,2017,Trans-Pacific,consortium,None,11,3,9414.0,2,58.3,50.2,87.3,1,38,0,0
CAB0325,2018,Trans-Pacific,consortium,None,12,3,9414.0,2,58.3,58.3,57.1,1,39,0,0
CAB0325,2019,Trans-Pacific,consortium,None,13,3,9414.0,2,58.3,57.4,41.7,1,41,0,0
CAB0325,2020,Trans-Pacific,consortium,None,14,3,9414.0,2,58.3,58.3,60.0,1,42,0,0
CAB0325,2021,Trans-Pacific,consortium,None,15,3,9414.0,2,58.3,58.3,100.0,1,43,0,0
CAB0325,2022,Trans-Pacific,consortium,None,16,3,9414.0,2,58.3,58.3,83.0,1,45,0,0
CAB0325,2023,Trans-Pacific,consortium,None,17,3,9414.0,2,58.3,58.3,100.0,1,47,0,0
CAB0325,2024,Trans-Pacific,consortium,None,18,3,9414.0,2,58.3,58.3,59.9,1,49,0,0
CAB0325,2025,Trans-Pacific,consortium,None,19,3,9414.0,2,58.3,58.3,51.2,1,50,0,1
CAB0326,2015,Trans-Pacific,consortium,None,16,5,10979.0,4,47.1,47.1,95.0,0,35,1,1
CAB0326,2016,Trans-Pacific,consortium,None,17,5,10979.0,4,47.1,47.1,43.1,0,37,1,1
CAB0326,2017,Trans-Pacific,consortium,None,18,5,10979.0,4,47.1,47.1,76.9,0,38,1,1
CAB0326,2018,Trans-Pacific,consortium,None,19,5,10979.0,4,47.1,47.1,62.8,0,39,1,0
CAB0326,2019,Trans-Pacific,consortium,None,20,5,10979.0,4,47.1,47.1,55.6,0,41,0,1
CAB0326,2020,Trans-Pacific,consortium,None,21,5,10979.0,4,47.1,47.1,82.6,0,42,1,1
CAB0326,2021,Trans-Pacific,consortium,None,22,5,10979.0,4,47.1,47.1,96.8,0,43,1,0
CAB0326,2022,Trans-Pacific,consortium,None,23,5,10979.0,4,47.1,47.1,100.0,0,45,0,0
CAB0326,2023,Trans-Pacific,consortium,None,24,5,10979.0,4,47.1,47.1,65.8,0,47,0,0
CAB0326,2024,Trans-Pacific,consortium,None,25,5,10979.0,4,47.1,47.1,62.7,0,49,0,0
CAB0326,2025,Trans-Pacific,consortium,None,26,5,10979.0,4,47.1,47.1,100.0,0,50,0,0
CAB0327,2024,Trans-Pacific,carrier,None,0,12,11143.0,7,541.7,129.2,15.3,0,49,1,0
CAB0327,2025,Trans-Pacific,carrier,None,1,12,11143.0,7,541.7,184.9,22.7,0,50,0,0
CAB0329,2015,Intra-Europe,consortium,None,1,9,1659.0,3,277.7,77.4,64.3,0,41,0,0
CAB0329,2016,Intra-Europe,consortium,None,2,9,1659.0,3,277.7,111.1,46.6,0,42,0,0
CAB0329,2017,Intra-Europe,consortium,None,3,9,1659.0,3,277.7,132.7,70.4,0,44,0,0
CAB0329,2018,Intra-Europe,consortium,None,4,9,1659.0,3,277.7,118.8,52.0,0,45,0,0
CAB0329,2019,Intra-Europe,consortium,None,5,9,1659.0,3,277.7,173.1,38.0,0,47,0,0
CAB0329,2020,Intra-Europe,consortium,None,6,9,1659.0,3,277.7,182.6,58.8,0,49,0,0
CAB0329,2021,Intra-Europe,consortium,None,7,9,1659.0,3,277.7,187.9,83.7,0,49,0,0
CAB0329,2022,Intra-Europe,consortium,None,8,9,1659.0,3,277.7,226.3,49.4,0,52,0,0
CAB0329,2023,Intra-Europe,consortium,None,9,9,1659.0,3,277.7,220.6,59.7,0,53,0,0
CAB0329,2024,Intra-Europe,consortium,None,10,9,1659.0,3,277.7,253.1,59.5,0,53,0,0
CAB0329,2025,Intra-Europe,consortium,None,11,9,1659.0,3,277.7,246.0,78.0,0,58,0,0
CAB0330,2015,Intra-Pacific-Islands,carrier,None,2,4,3950.0,6,117.7,43.6,60.3,0,28,0,1
CAB0330,2016,Intra-Pacific-Islands,carrier,None,3,4,3950.0,6,117.7,46.3,72.4,0,29,1,1
CAB0330,2017,Intra-Pacific-Islands,carrier,None,4,4,3950.0,6,117.7,61.5,30.6,0,29,1,0
CAB0330,2018,Intra-Pacific-Islands,carrier,None,5,4,3950.0,6,117.7,59.2,23.5,0,30,0,0
CAB0330,2019,Intra-Pacific-Islands,carrier,None,6,4,3950.0,6,117.7,72.2,65.8,0,35,0,0
CAB0330,2020,Intra-Pacific-Islands,carrier,None,7,4,3950.0,6,117.7,83.3,79.9,0,40,0,0
CAB0330,2021,Intra-Pacific-Islands,carrier,None,8,4,3950.0,6,117.7,85.4,95.1,0,41,0,1
CAB0330,2022,Intra-Pacific-Islands,carrier,None,9,4,3950.0,6,117.7,88.5,43.4,0,43,1,0
CAB0330,2023,Intra-Pacific-Islands,carrier,None,10,4,3950.0,6,117.7,86.7,100.0,0,45,0,0
CAB0330,2024,Intra-Pacific-Islands,carrier,None,11,4,3950.0,6,117.7,104.6,44.1,0,48,0,0
CAB0330,2025,Intra-Pacific-Islands,carrier,None,12,4,3950.0,6,117.7,115.2,55.4,0,50,0,0
CAB0331,2023,Africa-Coastal,carrier,None,0,11,5015.0,7,480.9,166.0,83.4,0,47,0,0
CAB0331,2024,Africa-Coastal,carrier,None,1,11,5015.0,7,480.9,140.4,58.9,0,49,0,0
CAB0331,2025,Africa-Coastal,carrier,None,2,11,5015.0,7,480.9,198.3,51.6,0,52,0,0
CAB0332,2021,Intra-Asia,carrier,None,0,17,3274.0,5,694.6,202.5,64.0,1,69,0,0
CAB0332,2022,Intra-Asia,carrier,None,1,17,3274.0,5,694.6,230.2,33.1,1,70,0,0
CAB0332,2023,Intra-Asia,carrier,None,2,17,3274.0,5,694.6,203.3,33.9,1,70,0,0
CAB0332,2024,Intra-Asia,carrier,None,3,17,3274.0,5,694.6,274.5,68.2,1,75,0,0
CAB0332,2025,Intra-Asia,carrier,None,4,17,3274.0,5,694.6,316.3,17.6,1,77,0,0
CAB0333,2015,Intra-Asia,consortium,Taiwan-Strait,13,8,2813.0,7,109.7,109.7,34.9,0,53,1,1
CAB0333,2016,Intra-Asia,consortium,Taiwan-Strait,14,8,2813.0,7,109.7,106.3,70.5,0,59,1,0
CAB0333,2017,Intra-Asia,consortium,Taiwan-Strait,15,8,2813.0,7,109.7,109.7,67.6,0,60,0,0
CAB0333,2018,Intra-Asia,consortium,Taiwan-Strait,16,8,2813.0,7,109.7,109.7,100.0,0,62,0,0
CAB0333,2019,Intra-Asia,consortium,Taiwan-Strait,17,8,2813.0,7,109.7,109.7,47.9,0,64,0,1
CAB0333,2020,Intra-Asia,consortium,Taiwan-Strait,18,8,2813.0,7,109.7,109.7,89.1,0,66,1,0
CAB0333,2021,Intra-Asia,consortium,Taiwan-Strait,19,8,2813.0,7,109.7,109.7,98.2,0,69,0,0
CAB0333,2022,Intra-Asia,consortium,Taiwan-Strait,20,8,2813.0,7,109.7,109.7,100.0,0,70,0,0
CAB0333,2023,Intra-Asia,consortium,Taiwan-Strait,21,8,2813.0,7,109.7,109.7,100.0,0,70,0,0
CAB0333,2024,Intra-Asia,consortium,Taiwan-Strait,22,8,2813.0,7,109.7,109.7,82.9,0,75,0,1
CAB0333,2025,Intra-Asia,consortium,Taiwan-Strait,23,8,2813.0,7,109.7,109.7,100.0,0,77,1,0
CAB0334,2015,Intra-Europe,consortium,None,13,5,496.0,2,68.6,68.6,65.2,1,41,0,0
CAB0334,2016,Intra-Europe,consortium,None,14,5,496.0,2,68.6,68.6,74.0,1,42,0,0
CAB0334,2017,Intra-Europe,consortium,None,15,5,496.0,2,68.6,68.6,55.9,1,44,0,0
CAB0334,2018,Intra-Europe,consortium,None,16,5,496.0,2,68.6,68.6,54.4,1,45,0,0
CAB0334,2019,Intra-Europe,consortium,None,17,5,496.0,2,68.6,68.6,50.6,1,47,0,0
CAB0334,2020,Intra-Europe,consortium,None,18,5,496.0,2,68.6,68.6,49.0,1,49,0,0
CAB0334,2021,Intra-Europe,consortium,None,19,5,496.0,2,68.6,68.6,100.0,1,49,0,0
CAB0334,2022,Intra-Europe,consortium,None,20,5,496.0,2,68.6,68.6,55.5,1,52,0,0
CAB0334,2023,Intra-Europe,consortium,None,21,5,496.0,2,68.6,68.6,85.2,1,53,0,0
CAB0334,2024,Intra-Europe,consortium,None,22,5,496.0,2,68.6,68.6,77.2,1,53,0,0
CAB0334,2025,Intra-Europe,consortium,None,23,5,496.0,2,68.6,68.6,65.6,1,58,0,0
CAB0335,2015,Trans-Atlantic,hyperscaler,None,9,3,6062.0,3,58.3,42.5,100.0,1,33,0,0
CAB0335,2016,Trans-Atlantic,hyperscaler,None,10,3,6062.0,3,58.3,50.4,45.1,1,37,0,0
CAB0335,2017,Trans-Atlantic,hyperscaler,None,11,3,6062.0,3,58.3,50.1,40.4,1,37,0,0
CAB0335,2018,Trans-Atlantic,hyperscaler,None,12,3,6062.0,3,58.3,52.8,74.4,1,40,0,0
CAB0335,2019,Trans-Atlantic,hyperscaler,None,13,3,6062.0,3,58.3,58.3,31.9,1,45,0,1
CAB0335,2020,Trans-Atlantic,hyperscaler,None,14,3,6062.0,3,58.3,58.3,100.0,1,48,1,1
CAB0335,2021,Trans-Atlantic,hyperscaler,None,15,3,6062.0,3,58.3,58.3,79.7,1,50,1,0
CAB0335,2022,Trans-Atlantic,hyperscaler,None,16,3,6062.0,3,58.3,58.3,92.6,1,51,0,0
CAB0335,2023,Trans-Atlantic,hyperscaler,None,17,3,6062.0,3,58.3,58.3,54.3,1,54,0,1
CAB0335,2024,Trans-Atlantic,hyperscaler,None,18,3,6062.0,3,58.3,58.3,89.6,1,58,1,1
CAB0335,2025,Trans-Atlantic,hyperscaler,None,19,3,6062.0,3,58.3,58.3,78.2,1,62,1,0
CAB0336,2015,Indian-Ocean,carrier,None,8,22,7411.0,3,458.9,355.0,25.8,0,31,0,0
CAB0336,2016,Indian-Ocean,carrier,None,9,22,7411.0,3,458.9,420.7,63.9,0,33,0,0
CAB0336,2017,Indian-Ocean,carrier,None,10,22,7411.0,3,458.9,383.8,31.0,0,33,0,0
CAB0336,2018,Indian-Ocean,carrier,None,11,22,7411.0,3,458.9,424.3,73.3,0,35,0,1
CAB0336,2019,Indian-Ocean,carrier,None,12,22,7411.0,3,458.9,436.6,34.4,0,35,1,1
CAB0336,2020,Indian-Ocean,carrier,None,13,22,7411.0,3,458.9,458.9,49.8,0,36,1,1
CAB0336,2021,Indian-Ocean,carrier,None,14,22,7411.0,3,458.9,458.9,78.3,0,39,1,0
CAB0336,2022,Indian-Ocean,carrier,None,15,22,7411.0,3,458.9,458.9,58.5,0,39,0,1
CAB0336,2023,Indian-Ocean,carrier,None,16,22,7411.0,3,458.9,458.9,73.4,0,40,1,0
CAB0336,2024,Indian-Ocean,carrier,None,17,22,7411.0,3,458.9,458.9,73.5,0,41,0,1
CAB0336,2025,Indian-Ocean,carrier,None,18,22,7411.0,3,458.9,458.9,100.0,0,44,1,1
CAB0337,2015,Trans-Atlantic,hyperscaler,None,14,4,5781.0,5,49.1,49.1,75.6,1,33,0,0
CAB0337,2016,Trans-Atlantic,hyperscaler,None,15,4,5781.0,5,49.1,49.1,79.4,1,37,0,0
CAB0337,2017,Trans-Atlantic,hyperscaler,None,16,4,5781.0,5,49.1,49.1,48.0,1,37,0,0
CAB0337,2018,Trans-Atlantic,hyperscaler,None,17,4,5781.0,5,49.1,49.1,86.1,1,40,0,1
CAB0337,2019,Trans-Atlantic,hyperscaler,None,18,4,5781.0,5,49.1,49.1,100.0,1,45,1,0
CAB0337,2020,Trans-Atlantic,hyperscaler,None,19,4,5781.0,5,49.1,49.1,100.0,1,48,0,0
CAB0337,2021,Trans-Atlantic,hyperscaler,None,20,4,5781.0,5,49.1,49.1,65.9,1,50,0,0
CAB0337,2022,Trans-Atlantic,hyperscaler,None,21,4,5781.0,5,49.1,49.1,100.0,1,51,0,0
CAB0337,2023,Trans-Atlantic,hyperscaler,None,22,4,5781.0,5,49.1,49.1,60.2,1,54,0,0
CAB0337,2024,Trans-Atlantic,hyperscaler,None,23,4,5781.0,5,49.1,49.1,61.5,1,58,0,0
CAB0337,2025,Trans-Atlantic,hyperscaler,None,24,4,5781.0,5,49.1,49.1,100.0,1,62,0,0
CAB0338,2015,Intra-Asia,hyperscaler,None,6,15,6778.0,4,355.7,215.1,26.6,1,53,0,1
CAB0338,2016,Intra-Asia,hyperscaler,None,7,15,6778.0,4,355.7,241.5,29.9,1,59,1,0
CAB0338,2017,Intra-Asia,hyperscaler,None,8,15,6778.0,4,355.7,271.6,26.8,1,60,0,0
CAB0338,2018,Intra-Asia,hyperscaler,None,9,15,6778.0,4,355.7,314.7,45.2,1,62,0,0
CAB0338,2019,Intra-Asia,hyperscaler,None,10,15,6778.0,4,355.7,305.0,79.2,1,64,0,0
CAB0338,2020,Intra-Asia,hyperscaler,None,11,15,6778.0,4,355.7,330.4,52.3,1,66,0,0
CAB0338,2021,Intra-Asia,hyperscaler,None,12,15,6778.0,4,355.7,332.7,100.0,1,69,0,0
CAB0338,2022,Intra-Asia,hyperscaler,None,13,15,6778.0,4,355.7,355.7,53.6,1,70,0,0
CAB0338,2023,Intra-Asia,hyperscaler,None,14,15,6778.0,4,355.7,355.7,38.0,1,70,0,1
CAB0338,2024,Intra-Asia,hyperscaler,None,15,15,6778.0,4,355.7,355.7,74.7,1,75,1,0
CAB0338,2025,Intra-Asia,hyperscaler,None,16,15,6778.0,4,355.7,355.7,78.5,1,77,0,0
CAB0339,2015,EMEA-Asia,hyperscaler,Bab-el-Mandeb,3,4,18537.0,9,112.0,43.4,39.8,0,27,0,0
CAB0339,2016,EMEA-Asia,hyperscaler,Bab-el-Mandeb,4,4,18537.0,9,112.0,54.9,41.2,0,29,0,0
CAB0339,2017,EMEA-Asia,hyperscaler,Bab-el-Mandeb,5,4,18537.0,9,112.0,64.7,23.5,0,32,0,0
CAB0339,2018,EMEA-Asia,hyperscaler,Bab-el-Mandeb,6,4,18537.0,9,112.0,59.3,58.8,0,34,0,0
CAB0339,2019,EMEA-Asia,hyperscaler,Bab-el-Mandeb,7,4,18537.0,9,112.0,71.9,81.8,0,37,0,0
CAB0339,2020,EMEA-Asia,hyperscaler,Bab-el-Mandeb,8,4,18537.0,9,112.0,97.9,43.4,0,40,0,0
CAB0339,2021,EMEA-Asia,hyperscaler,Bab-el-Mandeb,9,4,18537.0,9,112.0,90.1,49.8,0,44,0,0
CAB0339,2022,EMEA-Asia,hyperscaler,Bab-el-Mandeb,10,4,18537.0,9,112.0,93.8,63.5,0,45,0,1
CAB0339,2023,EMEA-Asia,hyperscaler,Bab-el-Mandeb,11,4,18537.0,9,112.0,105.2,82.8,0,47,1,0
CAB0339,2024,EMEA-Asia,hyperscaler,Bab-el-Mandeb,12,4,18537.0,9,112.0,112.0,71.7,0,48,0,0
CAB0339,2025,EMEA-Asia,hyperscaler,Bab-el-Mandeb,13,4,18537.0,9,112.0,112.0,76.0,0,47,0,0
CAB0340,2015,Trans-Atlantic,consortium,None,17,21,5749.0,4,168.0,168.0,52.5,1,33,0,0
CAB0340,2016,Trans-Atlantic,consortium,None,18,21,5749.0,4,168.0,168.0,37.3,1,37,0,0
CAB0340,2017,Trans-Atlantic,consortium,None,19,21,5749.0,4,168.0,168.0,58.7,1,37,0,0
CAB0340,2018,Trans-Atlantic,consortium,None,20,21,5749.0,4,168.0,168.0,67.1,1,40,0,0
CAB0340,2019,Trans-Atlantic,consortium,None,21,21,5749.0,4,168.0,168.0,70.8,1,45,0,0
CAB0340,2020,Trans-Atlantic,consortium,None,22,21,5749.0,4,168.0,168.0,99.6,1,48,0,1
CAB0340,2021,Trans-Atlantic,consortium,None,23,21,5749.0,4,168.0,168.0,62.7,1,50,1,0
CAB0340,2022,Trans-Atlantic,consortium,None,24,21,5749.0,4,168.0,168.0,52.5,1,51,0,0
CAB0340,2023,Trans-Atlantic,consortium,None,25,21,5749.0,4,168.0,168.0,100.0,1,54,0,1
CAB0340,2024,Trans-Atlantic,consortium,None,26,21,5749.0,4,168.0,168.0,83.2,1,58,1,0
CAB0340,2025,Trans-Atlantic,consortium,None,27,21,5749.0,4,168.0,168.0,68.0,1,62,0,0
CAB0341,2025,Intra-Pacific-Islands,consortium,None,0,9,1788.0,2,419.1,122.4,28.1,0,50,0,0
CAB0342,2015,Indian-Ocean,carrier,None,5,6,10453.0,5,150.9,89.7,58.6,0,31,0,0
CAB0342,2016,Indian-Ocean,carrier,None,6,6,10453.0,5,150.9,89.1,65.7,0,33,0,0
CAB0342,2017,Indian-Ocean,carrier,None,7,6,10453.0,5,150.9,103.7,67.0,0,33,0,0
CAB0342,2018,Indian-Ocean,carrier,None,8,6,10453.0,5,150.9,109.2,68.0,0,35,0,0
CAB0342,2019,Indian-Ocean,carrier,None,9,6,10453.0,5,150.9,112.6,58.7,0,35,0,1
CAB0342,2020,Indian-Ocean,carrier,None,10,6,10453.0,5,150.9,137.5,46.6,0,36,1,0
CAB0342,2021,Indian-Ocean,carrier,None,11,6,10453.0,5,150.9,138.3,69.9,0,39,0,0
CAB0342,2022,Indian-Ocean,carrier,None,12,6,10453.0,5,150.9,140.2,69.1,0,39,0,0
CAB0342,2023,Indian-Ocean,carrier,None,13,6,10453.0,5,150.9,150.9,72.1,0,40,0,0
CAB0342,2024,Indian-Ocean,carrier,None,14,6,10453.0,5,150.9,150.9,67.5,0,41,0,0
CAB0342,2025,Indian-Ocean,carrier,None,15,6,10453.0,5,150.9,150.9,68.7,0,44,0,0
CAB0343,2015,Intra-Asia,consortium,None,13,17,3213.0,4,233.1,220.9,55.6,1,53,0,0
CAB0343,2016,Intra-Asia,consortium,None,14,17,3213.0,4,233.1,223.1,73.0,1,59,0,0
CAB0343,2017,Intra-Asia,consortium,None,15,17,3213.0,4,233.1,233.1,46.6,1,60,0,0
CAB0343,2018,Intra-Asia,consortium,None,16,17,3213.0,4,233.1,233.1,81.1,1,62,0,0
CAB0343,2019,Intra-Asia,consortium,None,17,17,3213.0,4,233.1,233.1,93.7,1,64,0,0
CAB0343,2020,Intra-Asia,consortium,None,18,17,3213.0,4,233.1,233.1,81.6,1,66,0,0
CAB0343,2021,Intra-Asia,consortium,None,19,17,3213.0,4,233.1,233.1,100.0,1,69,0,0
CAB0343,2022,Intra-Asia,consortium,None,20,17,3213.0,4,233.1,233.1,70.0,1,70,0,0
CAB0343,2023,Intra-Asia,consortium,None,21,17,3213.0,4,233.1,233.1,56.9,1,70,0,1
CAB0343,2024,Intra-Asia,consortium,None,22,17,3213.0,4,233.1,233.1,82.0,1,75,1,0
CAB0343,2025,Intra-Asia,consortium,None,23,17,3213.0,4,233.1,233.1,100.0,1,77,0,0
CAB0344,2015,Trans-Pacific,carrier,None,13,8,10878.0,7,109.7,109.7,51.4,0,35,1,0
CAB0344,2016,Trans-Pacific,carrier,None,14,8,10878.0,7,109.7,109.7,74.4,0,37,0,0
CAB0344,2017,Trans-Pacific,carrier,None,15,8,10878.0,7,109.7,109.7,58.8,0,38,0,1
CAB0344,2018,Trans-Pacific,carrier,None,16,8,10878.0,7,109.7,109.7,55.7,0,39,1,0
CAB0344,2019,Trans-Pacific,carrier,None,17,8,10878.0,7,109.7,109.7,81.8,0,41,0,1
CAB0344,2020,Trans-Pacific,carrier,None,18,8,10878.0,7,109.7,109.7,73.6,0,42,1,1
CAB0344,2021,Trans-Pacific,carrier,None,19,8,10878.0,7,109.7,109.7,52.1,0,43,1,0
CAB0344,2022,Trans-Pacific,carrier,None,20,8,10878.0,7,109.7,109.7,87.0,0,45,0,0
CAB0344,2023,Trans-Pacific,carrier,None,21,8,10878.0,7,109.7,109.7,48.2,0,47,0,0
CAB0344,2024,Trans-Pacific,carrier,None,22,8,10878.0,7,109.7,109.7,73.8,0,49,0,0
CAB0344,2025,Trans-Pacific,carrier,None,23,8,10878.0,7,109.7,109.7,100.0,0,50,0,0
CAB0345,2015,Americas,carrier,None,11,19,7213.0,5,314.9,291.3,38.0,1,28,0,0
CAB0345,2016,Americas,carrier,None,12,19,7213.0,5,314.9,301.5,48.4,1,29,0,0
CAB0345,2017,Americas,carrier,None,13,19,7213.0,5,314.9,314.9,64.4,1,29,0,0
CAB0345,2018,Americas,carrier,None,14,19,7213.0,5,314.9,314.9,39.5,1,31,0,1
CAB0345,2019,Americas,carrier,None,15,19,7213.0,5,314.9,314.9,80.3,1,32,1,1
CAB0345,2020,Americas,carrier,None,16,19,7213.0,5,314.9,314.9,66.3,1,33,1,0
CAB0345,2021,Americas,carrier,None,17,19,7213.0,5,314.9,314.9,41.1,1,37,0,0
CAB0345,2022,Americas,carrier,None,18,19,7213.0,5,314.9,314.9,89.7,1,37,0,0
CAB0345,2023,Americas,carrier,None,19,19,7213.0,5,314.9,314.9,84.2,1,37,0,0
CAB0345,2024,Americas,carrier,None,20,19,7213.0,5,314.9,314.9,100.0,1,39,0,1
CAB0345,2025,Americas,carrier,None,21,19,7213.0,5,314.9,314.9,67.9,1,39,1,0
CAB0346,2015,Americas,consortium,None,11,3,6614.0,2,49.7,41.9,69.2,0,28,0,0
CAB0346,2016,Americas,consortium,None,12,3,6614.0,2,49.7,49.7,52.4,0,29,0,0
CAB0346,2017,Americas,consortium,None,13,3,6614.0,2,49.7,49.7,76.3,0,29,0,0
CAB0346,2018,Americas,consortium,None,14,3,6614.0,2,49.7,49.7,47.3,0,31,0,0
CAB0346,2019,Americas,consortium,None,15,3,6614.0,2,49.7,49.7,72.9,0,32,0,0
CAB0346,2020,Americas,consortium,None,16,3,6614.0,2,49.7,49.7,98.6,0,33,0,0
CAB0346,2021,Americas,consortium,None,17,3,6614.0,2,49.7,49.7,47.3,0,37,0,0
CAB0346,2022,Americas,consortium,None,18,3,6614.0,2,49.7,49.7,80.1,0,37,0,0
CAB0346,2023,Americas,consortium,None,19,3,6614.0,2,49.7,49.7,58.1,0,37,0,1
CAB0346,2024,Americas,consortium,None,20,3,6614.0,2,49.7,49.7,87.2,0,39,1,1
CAB0346,2025,Americas,consortium,None,21,3,6614.0,2,49.7,49.7,79.7,0,39,1,0
CAB0347,2024,Indian-Ocean,carrier,Malacca,0,6,7716.0,3,270.9,52.5,20.2,1,41,0,0
CAB0347,2025,Indian-Ocean,carrier,Malacca,1,6,7716.0,3,270.9,82.1,39.4,1,44,0,0
CAB0349,2015,Americas,hyperscaler,None,8,22,5379.0,3,458.9,375.9,24.3,1,28,0,0
CAB0349,2016,Americas,hyperscaler,None,9,22,5379.0,3,458.9,334.4,62.7,1,29,0,0
CAB0349,2017,Americas,hyperscaler,None,10,22,5379.0,3,458.9,431.4,76.9,1,29,0,0
CAB0349,2018,Americas,hyperscaler,None,11,22,5379.0,3,458.9,435.9,73.9,1,31,0,0
CAB0349,2019,Americas,hyperscaler,None,12,22,5379.0,3,458.9,397.4,94.9,1,32,0,0
CAB0349,2020,Americas,hyperscaler,None,13,22,5379.0,3,458.9,458.9,80.7,1,33,0,0
CAB0349,2021,Americas,hyperscaler,None,14,22,5379.0,3,458.9,458.9,79.6,1,37,0,0
CAB0349,2022,Americas,hyperscaler,None,15,22,5379.0,3,458.9,458.9,98.6,1,37,0,0
CAB0349,2023,Americas,hyperscaler,None,16,22,5379.0,3,458.9,458.9,48.0,1,37,0,0
CAB0349,2024,Americas,hyperscaler,None,17,22,5379.0,3,458.9,458.9,88.2,1,39,0,0
CAB0349,2025,Americas,hyperscaler,None,18,22,5379.0,3,458.9,458.9,74.8,1,39,0,0
CAB0350,2015,EMEA-Asia,hyperscaler,None,15,2,18233.0,6,21.7,21.7,51.8,0,27,0,1
CAB0350,2016,EMEA-Asia,hyperscaler,None,16,2,18233.0,6,21.7,21.7,51.7,0,29,1,1
CAB0350,2017,EMEA-Asia,hyperscaler,None,17,2,18233.0,6,21.7,21.7,100.0,0,32,1,1
CAB0350,2018,EMEA-Asia,hyperscaler,None,18,2,18233.0,6,21.7,21.7,57.3,0,34,1,0
CAB0350,2019,EMEA-Asia,hyperscaler,None,19,2,18233.0,6,21.7,21.7,100.0,0,37,0,0
CAB0350,2020,EMEA-Asia,hyperscaler,None,20,2,18233.0,6,21.7,21.7,98.1,0,40,0,0
CAB0350,2021,EMEA-Asia,hyperscaler,None,21,2,18233.0,6,21.7,21.7,66.9,0,44,0,0
CAB0350,2022,EMEA-Asia,hyperscaler,None,22,2,18233.0,6,21.7,21.7,51.1,0,45,0,0
CAB0350,2023,EMEA-Asia,hyperscaler,None,23,2,18233.0,6,21.7,21.7,56.2,0,47,0,1
CAB0350,2024,EMEA-Asia,hyperscaler,None,24,2,18233.0,6,21.7,21.7,100.0,0,48,1,0
CAB0350,2025,EMEA-Asia,hyperscaler,None,25,2,18233.0,6,21.7,21.7,83.7,0,47,0,0
CAB0351,2017,Trans-Pacific,consortium,None,0,20,11297.0,5,702.9,195.4,59.8,0,38,0,0
CAB0351,2018,Trans-Pacific,consortium,None,1,20,11297.0,5,702.9,220.0,55.7,0,39,0,0
CAB0351,2019,Trans-Pacific,consortium,None,2,20,11297.0,5,702.9,240.5,47.5,0,41,0,0
CAB0351,2020,Trans-Pacific,consortium,None,3,20,11297.0,5,702.9,353.9,42.6,0,42,0,0
CAB0351,2021,Trans-Pacific,consortium,None,4,20,11297.0,5,702.9,315.3,37.7,0,43,0,0
CAB0351,2022,Trans-Pacific,consortium,None,5,20,11297.0,5,702.9,376.6,48.5,0,45,0,0
CAB0351,2023,Trans-Pacific,consortium,None,6,20,11297.0,5,702.9,440.7,53.8,0,47,0,0
CAB0351,2024,Trans-Pacific,consortium,None,7,20,11297.0,5,702.9,450.8,54.4,0,49,0,0
CAB0351,2025,Trans-Pacific,consortium,None,8,20,11297.0,5,702.9,533.9,64.5,0,50,0,0
CAB0352,2015,Trans-Pacific,hyperscaler,None,13,17,11798.0,3,233.1,233.1,72.4,1,35,0,0
CAB0352,2016,Trans-Pacific,hyperscaler,None,14,17,11798.0,3,233.1,233.1,60.3,1,37,0,1
CAB0352,2017,Trans-Pacific,hyperscaler,None,15,17,11798.0,3,233.1,233.1,88.6,1,38,1,0
CAB0352,2018,Trans-Pacific,hyperscaler,None,16,17,11798.0,3,233.1,233.1,100.0,1,39,0,0
CAB0352,2019,Trans-Pacific,hyperscaler,None,17,17,11798.0,3,233.1,233.1,39.4,1,41,0,0
CAB0352,2020,Trans-Pacific,hyperscaler,None,18,17,11798.0,3,233.1,233.1,49.2,1,42,0,0
CAB0352,2021,Trans-Pacific,hyperscaler,None,19,17,11798.0,3,233.1,233.1,81.7,1,43,0,0
CAB0352,2022,Trans-Pacific,hyperscaler,None,20,17,11798.0,3,233.1,233.1,88.2,1,45,0,0
CAB0352,2023,Trans-Pacific,hyperscaler,None,21,17,11798.0,3,233.1,233.1,75.7,1,47,0,1
CAB0352,2024,Trans-Pacific,hyperscaler,None,22,17,11798.0,3,233.1,233.1,98.8,1,49,1,0
CAB0352,2025,Trans-Pacific,hyperscaler,None,23,17,11798.0,3,233.1,233.1,84.6,1,50,0,1
CAB0353,2015,EMEA-Asia,government,Hormuz,3,17,16358.0,5,476.0,185.7,81.0,1,27,1,0
CAB0353,2016,EMEA-Asia,government,Hormuz,4,17,16358.0,5,476.0,190.7,31.5,1,29,0,0
CAB0353,2017,EMEA-Asia,government,Hormuz,5,17,16358.0,5,476.0,297.1,64.4,1,32,0,0
CAB0353,2018,EMEA-Asia,government,Hormuz,6,17,16358.0,5,476.0,275.7,90.7,1,34,0,0
CAB0353,2019,EMEA-Asia,government,Hormuz,7,17,16358.0,5,476.0,328.1,62.8,1,37,0,1
CAB0353,2020,EMEA-Asia,government,Hormuz,8,17,16358.0,5,476.0,371.3,87.7,1,40,1,1
CAB0353,2021,EMEA-Asia,government,Hormuz,9,17,16358.0,5,476.0,381.3,78.5,1,44,1,0
CAB0353,2022,EMEA-Asia,government,Hormuz,10,17,16358.0,5,476.0,375.0,75.9,1,45,0,0
CAB0353,2023,EMEA-Asia,government,Hormuz,11,17,16358.0,5,476.0,404.9,94.4,1,47,0,1
CAB0353,2024,EMEA-Asia,government,Hormuz,12,17,16358.0,5,476.0,456.5,73.0,1,48,1,0
CAB0353,2025,EMEA-Asia,government,Hormuz,13,17,16358.0,5,476.0,476.0,35.0,1,47,0,0
CAB0354,2015,Trans-Pacific,consortium,None,13,5,11614.0,6,68.6,68.6,72.6,0,35,0,0
CAB0354,2016,Trans-Pacific,consortium,None,14,5,11614.0,6,68.6,68.6,87.3,0,37,0,0
CAB0354,2017,Trans-Pacific,consortium,None,15,5,11614.0,6,68.6,68.6,66.7,0,38,0,0
CAB0354,2018,Trans-Pacific,consortium,None,16,5,11614.0,6,68.6,68.6,59.8,0,39,0,1
CAB0354,2019,Trans-Pacific,consortium,None,17,5,11614.0,6,68.6,68.6,66.2,0,41,1,0
CAB0354,2020,Trans-Pacific,consortium,None,18,5,11614.0,6,68.6,68.6,59.1,0,42,0,1
CAB0354,2021,Trans-Pacific,consortium,None,19,5,11614.0,6,68.6,68.6,100.0,0,43,1,1
CAB0354,2022,Trans-Pacific,consortium,None,20,5,11614.0,6,68.6,68.6,98.6,0,45,1,0
CAB0354,2023,Trans-Pacific,consortium,None,21,5,11614.0,6,68.6,68.6,71.3,0,47,0,0
CAB0354,2024,Trans-Pacific,consortium,None,22,5,11614.0,6,68.6,68.6,100.0,0,49,0,0
CAB0354,2025,Trans-Pacific,consortium,None,23,5,11614.0,6,68.6,68.6,100.0,0,50,0,0
CAB0355,2015,Americas,carrier,None,9,7,3724.0,4,136.0,108.6,64.1,1,28,0,0
CAB0355,2016,Americas,carrier,None,10,7,3724.0,4,136.0,114.0,38.2,1,29,0,0
CAB0355,2017,Americas,carrier,None,11,7,3724.0,4,136.0,125.7,95.8,1,29,0,0
CAB0355,2018,Americas,carrier,None,12,7,3724.0,4,136.0,135.3,69.9,1,31,0,0
CAB0355,2019,Americas,carrier,None,13,7,3724.0,4,136.0,136.0,72.2,1,32,0,0
CAB0355,2020,Americas,carrier,None,14,7,3724.0,4,136.0,136.0,49.1,1,33,0,0
CAB0355,2021,Americas,carrier,None,15,7,3724.0,4,136.0,136.0,59.9,1,37,0,1
CAB0355,2022,Americas,carrier,None,16,7,3724.0,4,136.0,136.0,69.2,1,37,1,1
CAB0355,2023,Americas,carrier,None,17,7,3724.0,4,136.0,136.0,56.1,1,37,1,0
CAB0355,2024,Americas,carrier,None,18,7,3724.0,4,136.0,136.0,59.4,1,39,0,0
CAB0355,2025,Americas,carrier,None,19,7,3724.0,4,136.0,136.0,100.0,1,39,0,0
CAB0356,2019,Trans-Atlantic,consortium,None,0,8,6074.0,4,304.0,58.4,28.8,0,45,0,0
CAB0356,2020,Trans-Atlantic,consortium,None,1,8,6074.0,4,304.0,76.7,18.9,0,48,0,0
CAB0356,2021,Trans-Atlantic,consortium,None,2,8,6074.0,4,304.0,139.0,75.2,0,50,0,0
CAB0356,2022,Trans-Atlantic,consortium,None,3,8,6074.0,4,304.0,129.6,54.5,0,51,0,0
CAB0356,2023,Trans-Atlantic,consortium,None,4,8,6074.0,4,304.0,138.1,74.9,0,54,0,0
CAB0356,2024,Trans-Atlantic,consortium,None,5,8,6074.0,4,304.0,177.2,52.4,0,58,0,0
CAB0356,2025,Trans-Atlantic,consortium,None,6,8,6074.0,4,304.0,193.5,58.0,0,62,0,0
CAB0357,2015,Intra-Europe,carrier,None,10,30,1834.0,3,540.0,492.3,88.8,0,41,0,0
CAB0357,2016,Intra-Europe,carrier,None,11,30,1834.0,3,540.0,480.2,100.0,0,42,0,0
CAB0357,2017,Intra-Europe,carrier,None,12,30,1834.0,3,540.0,540.0,100.0,0,44,0,0
CAB0357,2018,Intra-Europe,carrier,None,13,30,1834.0,3,540.0,540.0,58.2,0,45,0,0
CAB0357,2019,Intra-Europe,carrier,None,14,30,1834.0,3,540.0,540.0,100.0,0,47,0,0
CAB0357,2020,Intra-Europe,carrier,None,15,30,1834.0,3,540.0,540.0,91.8,0,49,0,0
CAB0357,2021,Intra-Europe,carrier,None,16,30,1834.0,3,540.0,540.0,62.0,0,49,0,0
CAB0357,2022,Intra-Europe,carrier,None,17,30,1834.0,3,540.0,540.0,41.6,0,52,0,0
CAB0357,2023,Intra-Europe,carrier,None,18,30,1834.0,3,540.0,540.0,100.0,0,53,0,0
CAB0357,2024,Intra-Europe,carrier,None,19,30,1834.0,3,540.0,540.0,91.3,0,53,0,0
CAB0357,2025,Intra-Europe,carrier,None,20,30,1834.0,3,540.0,540.0,100.0,0,58,0,0
CAB0358,2015,Intra-Asia,carrier,None,4,25,5561.0,7,664.3,357.3,17.0,1,53,0,1
CAB0358,2016,Intra-Asia,carrier,None,5,25,5561.0,7,664.3,418.5,77.5,1,59,1,1
CAB0358,2017,Intra-Asia,carrier,None,6,25,5561.0,7,664.3,439.8,48.7,1,60,1,0
CAB0358,2018,Intra-Asia,carrier,None,7,25,5561.0,7,664.3,417.3,26.7,1,62,0,0
CAB0358,2019,Intra-Asia,carrier,None,8,25,5561.0,7,664.3,453.5,57.1,1,64,0,0
CAB0358,2020,Intra-Asia,carrier,None,9,25,5561.0,7,664.3,545.3,74.3,1,66,0,0
CAB0358,2021,Intra-Asia,carrier,None,10,25,5561.0,7,664.3,515.8,61.6,1,69,0,0
CAB0358,2022,Intra-Asia,carrier,None,11,25,5561.0,7,664.3,625.1,37.8,1,70,0,0
CAB0358,2023,Intra-Asia,carrier,None,12,25,5561.0,7,664.3,664.3,40.0,1,70,0,0
CAB0358,2024,Intra-Asia,carrier,None,13,25,5561.0,7,664.3,664.3,75.2,1,75,0,0
CAB0358,2025,Intra-Asia,carrier,None,14,25,5561.0,7,664.3,664.3,93.2,1,77,0,0
CAB0359,2015,Africa-Coastal,hyperscaler,None,15,2,11523.0,5,21.7,21.7,55.0,0,36,0,0
CAB0359,2016,Africa-Coastal,hyperscaler,None,16,2,11523.0,5,21.7,21.7,100.0,0,37,0,0
CAB0359,2017,Africa-Coastal,hyperscaler,None,17,2,11523.0,5,21.7,21.7,89.8,0,40,0,1
CAB0359,2018,Africa-Coastal,hyperscaler,None,18,2,11523.0,5,21.7,21.7,81.1,0,40,1,1
CAB0359,2019,Africa-Coastal,hyperscaler,None,19,2,11523.0,5,21.7,21.7,64.0,0,42,1,1
CAB0359,2020,Africa-Coastal,hyperscaler,None,20,2,11523.0,5,21.7,21.7,100.0,0,43,1,0
CAB0359,2021,Africa-Coastal,hyperscaler,None,21,2,11523.0,5,21.7,21.7,65.8,0,44,0,1
CAB0359,2022,Africa-Coastal,hyperscaler,None,22,2,11523.0,5,21.7,21.7,66.9,0,45,1,0
CAB0359,2023,Africa-Coastal,hyperscaler,None,23,2,11523.0,5,21.7,21.7,62.4,0,47,0,0
CAB0359,2024,Africa-Coastal,hyperscaler,None,24,2,11523.0,5,21.7,21.7,89.7,0,49,0,0
CAB0359,2025,Africa-Coastal,hyperscaler,None,25,2,11523.0,5,21.7,21.7,88.3,0,52,0,1
CAB0360,2015,Africa-Coastal,consortium,None,12,6,8624.0,7,90.9,90.1,69.4,1,36,0,1
CAB0360,2016,Africa-Coastal,consortium,None,13,6,8624.0,7,90.9,90.9,41.7,1,37,1,0
CAB0360,2017,Africa-Coastal,consortium,None,14,6,8624.0,7,90.9,90.9,68.6,1,40,0,0
CAB0360,2018,Africa-Coastal,consortium,None,15,6,8624.0,7,90.9,90.9,77.0,1,40,0,1
CAB0360,2019,Africa-Coastal,consortium,None,16,6,8624.0,7,90.9,90.9,99.6,1,42,1,1
CAB0360,2020,Africa-Coastal,consortium,None,17,6,8624.0,7,90.9,90.9,45.3,1,43,1,0
CAB0360,2021,Africa-Coastal,consortium,None,18,6,8624.0,7,90.9,90.9,97.2,1,44,0,0
CAB0360,2022,Africa-Coastal,consortium,None,19,6,8624.0,7,90.9,90.9,74.5,1,45,0,1
CAB0360,2023,Africa-Coastal,consortium,None,20,6,8624.0,7,90.9,90.9,77.4,1,47,1,0
CAB0360,2024,Africa-Coastal,consortium,None,21,6,8624.0,7,90.9,90.9,89.9,1,49,0,0
CAB0360,2025,Africa-Coastal,consortium,None,22,6,8624.0,7,90.9,90.9,54.7,1,52,0,1
CAB0361,2015,Trans-Pacific,consortium,None,14,8,14154.0,4,98.3,98.3,57.1,0,35,0,0
CAB0361,2016,Trans-Pacific,consortium,None,15,8,14154.0,4,98.3,98.3,48.2,0,37,0,0
CAB0361,2017,Trans-Pacific,consortium,None,16,8,14154.0,4,98.3,98.3,48.6,0,38,0,1
CAB0361,2018,Trans-Pacific,consortium,None,17,8,14154.0,4,98.3,98.3,64.8,0,39,1,1
CAB0361,2019,Trans-Pacific,consortium,None,18,8,14154.0,4,98.3,98.3,69.4,0,41,1,1
CAB0361,2020,Trans-Pacific,consortium,None,19,8,14154.0,4,98.3,98.3,73.9,0,42,1,0
CAB0361,2021,Trans-Pacific,consortium,None,20,8,14154.0,4,98.3,98.3,55.5,0,43,0,0
CAB0361,2022,Trans-Pacific,consortium,None,21,8,14154.0,4,98.3,98.3,76.1,0,45,0,0
CAB0361,2023,Trans-Pacific,consortium,None,22,8,14154.0,4,98.3,98.3,100.0,0,47,0,0
CAB0361,2024,Trans-Pacific,consortium,None,23,8,14154.0,4,98.3,98.3,73.8,0,49,0,1
CAB0361,2025,Trans-Pacific,consortium,None,24,8,14154.0,4,98.3,98.3,89.5,0,50,1,0
CAB0362,2015,Americas,carrier,Panama,7,5,2295.0,6,111.4,79.8,86.6,0,28,0,0
CAB0362,2016,Americas,carrier,Panama,8,5,2295.0,6,111.4,87.0,36.6,0,29,0,1
CAB0362,2017,Americas,carrier,Panama,9,5,2295.0,6,111.4,85.6,74.1,0,29,1,0
CAB0362,2018,Americas,carrier,Panama,10,5,2295.0,6,111.4,89.4,63.1,0,31,0,0
CAB0362,2019,Americas,carrier,Panama,11,5,2295.0,6,111.4,107.7,46.1,0,32,0,0
CAB0362,2020,Americas,carrier,Panama,12,5,2295.0,6,111.4,91.6,47.9,0,33,0,0
CAB0362,2021,Americas,carrier,Panama,13,5,2295.0,6,111.4,111.4,100.0,0,37,0,1
CAB0362,2022,Americas,carrier,Panama,14,5,2295.0,6,111.4,111.4,58.4,0,37,1,0
CAB0362,2023,Americas,carrier,Panama,15,5,2295.0,6,111.4,111.4,71.0,0,37,0,1
CAB0362,2024,Americas,carrier,Panama,16,5,2295.0,6,111.4,111.4,98.9,0,39,1,0
CAB0362,2025,Americas,carrier,Panama,17,5,2295.0,6,111.4,111.4,76.1,0,39,0,0
CAB0363,2015,Indian-Ocean,carrier,None,0,4,4915.0,2,129.1,40.9,57.2,0,31,0,0
CAB0363,2016,Indian-Ocean,carrier,None,1,4,4915.0,2,129.1,30.9,74.2,0,33,0,0
CAB0363,2017,Indian-Ocean,carrier,None,2,4,4915.0,2,129.1,36.8,33.4,0,33,0,0
CAB0363,2018,Indian-Ocean,carrier,None,3,4,4915.0,2,129.1,60.5,49.4,0,35,0,0
CAB0363,2019,Indian-Ocean,carrier,None,4,4,4915.0,2,129.1,59.0,80.6,0,35,0,0
CAB0363,2020,Indian-Ocean,carrier,None,5,4,4915.0,2,129.1,72.9,57.1,0,36,0,0
CAB0363,2021,Indian-Ocean,carrier,None,6,4,4915.0,2,129.1,78.8,78.3,0,39,0,1
CAB0363,2022,Indian-Ocean,carrier,None,7,4,4915.0,2,129.1,81.9,67.9,0,39,1,0
CAB0363,2023,Indian-Ocean,carrier,None,8,4,4915.0,2,129.1,102.9,43.3,0,40,0,0
CAB0363,2024,Indian-Ocean,carrier,None,9,4,4915.0,2,129.1,89.2,32.7,0,41,0,0
CAB0363,2025,Indian-Ocean,carrier,None,10,4,4915.0,2,129.1,115.2,65.2,0,44,0,0
CAB0364,2016,Indian-Ocean,carrier,Suez,0,14,11470.0,7,472.0,123.3,49.8,1,33,0,0
CAB0364,2017,Indian-Ocean,carrier,Suez,1,14,11470.0,7,472.0,157.3,31.0,1,33,0,1
CAB0364,2018,Indian-Ocean,carrier,Suez,2,14,11470.0,7,472.0,181.2,70.5,1,35,1,0
CAB0364,2019,Indian-Ocean,carrier,Suez,3,14,11470.0,7,472.0,191.2,30.0,1,35,0,1
CAB0364,2020,Indian-Ocean,carrier,Suez,4,14,11470.0,7,472.0,253.0,15.1,1,36,1,1
CAB0364,2021,Indian-Ocean,carrier,Suez,5,14,11470.0,7,472.0,253.1,72.7,1,39,1,0
CAB0364,2022,Indian-Ocean,carrier,Suez,6,14,11470.0,7,472.0,312.3,62.0,1,39,0,0
CAB0364,2023,Indian-Ocean,carrier,Suez,7,14,11470.0,7,472.0,307.5,24.8,1,40,0,0
CAB0364,2024,Indian-Ocean,carrier,Suez,8,14,11470.0,7,472.0,340.5,34.0,1,41,0,0
CAB0364,2025,Indian-Ocean,carrier,Suez,9,14,11470.0,7,472.0,356.6,63.8,1,44,0,1
CAB0365,2015,Africa-Coastal,hyperscaler,None,11,9,15010.0,5,149.1,133.8,40.5,0,36,1,0
CAB0365,2016,Africa-Coastal,hyperscaler,None,12,9,15010.0,5,149.1,148.2,100.0,0,37,0,1
CAB0365,2017,Africa-Coastal,hyperscaler,None,13,9,15010.0,5,149.1,146.3,41.4,0,40,1,1
CAB0365,2018,Africa-Coastal,hyperscaler,None,14,9,15010.0,5,149.1,149.1,60.4,0,40,1,0
CAB0365,2019,Africa-Coastal,hyperscaler,None,15,9,15010.0,5,149.1,149.1,52.7,0,42,0,1
CAB0365,2020,Africa-Coastal,hyperscaler,None,16,9,15010.0,5,149.1,149.1,58.0,0,43,1,0
CAB0365,2021,Africa-Coastal,hyperscaler,None,17,9,15010.0,5,149.1,149.1,100.0,0,44,0,0
CAB0365,2022,Africa-Coastal,hyperscaler,None,18,9,15010.0,5,149.1,149.1,80.4,0,45,0,0
CAB0365,2023,Africa-Coastal,hyperscaler,None,19,9,15010.0,5,149.1,149.1,48.4,0,47,0,0
CAB0365,2024,Africa-Coastal,hyperscaler,None,20,9,15010.0,5,149.1,149.1,77.4,0,49,0,0
CAB0365,2025,Africa-Coastal,hyperscaler,None,21,9,15010.0,5,149.1,149.1,69.6,0,52,0,0
CAB0366,2022,Intra-Asia,consortium,None,0,34,6141.0,5,1437.7,367.3,26.7,1,70,0,0
CAB0366,2023,Intra-Asia,consortium,None,1,34,6141.0,5,1437.7,437.7,34.8,1,70,0,1
CAB0366,2024,Intra-Asia,consortium,None,2,34,6141.0,5,1437.7,670.6,61.0,1,75,1,0
CAB0366,2025,Intra-Asia,consortium,None,3,34,6141.0,5,1437.7,598.9,94.9,1,77,0,0
CAB0367,2018,Intra-Asia,hyperscaler,None,0,10,3485.0,2,365.7,114.7,34.0,1,62,0,0
CAB0367,2019,Intra-Asia,hyperscaler,None,1,10,3485.0,2,365.7,106.8,66.8,1,64,0,0
CAB0367,2020,Intra-Asia,hyperscaler,None,2,10,3485.0,2,365.7,145.8,63.3,1,66,0,0
CAB0367,2021,Intra-Asia,hyperscaler,None,3,10,3485.0,2,365.7,153.2,96.9,1,69,0,0
CAB0367,2022,Intra-Asia,hyperscaler,None,4,10,3485.0,2,365.7,195.9,44.8,1,70,0,1
CAB0367,2023,Intra-Asia,hyperscaler,None,5,10,3485.0,2,365.7,214.7,38.3,1,70,1,0
CAB0367,2024,Intra-Asia,hyperscaler,None,6,10,3485.0,2,365.7,236.6,68.2,1,75,0,0
CAB0367,2025,Intra-Asia,hyperscaler,None,7,10,3485.0,2,365.7,232.5,65.7,1,77,0,0
CAB0368,2015,Intra-Europe,hyperscaler,None,15,2,2609.0,6,21.7,21.7,50.1,1,41,0,0
CAB0368,2016,Intra-Europe,hyperscaler,None,16,2,2609.0,6,21.7,21.7,83.2,1,42,0,0
CAB0368,2017,Intra-Europe,hyperscaler,None,17,2,2609.0,6,21.7,21.7,76.0,1,44,0,0
CAB0368,2018,Intra-Europe,hyperscaler,None,18,2,2609.0,6,21.7,21.7,43.0,1,45,0,0
CAB0368,2019,Intra-Europe,hyperscaler,None,19,2,2609.0,6,21.7,21.7,71.7,1,47,0,1
CAB0368,2020,Intra-Europe,hyperscaler,None,20,2,2609.0,6,21.7,21.7,71.2,1,49,1,1
CAB0368,2021,Intra-Europe,hyperscaler,None,21,2,2609.0,6,21.7,21.7,47.8,1,49,1,0
CAB0368,2022,Intra-Europe,hyperscaler,None,22,2,2609.0,6,21.7,21.7,72.8,1,52,0,0
CAB0368,2023,Intra-Europe,hyperscaler,None,23,2,2609.0,6,21.7,21.7,100.0,1,53,0,0
CAB0368,2024,Intra-Europe,hyperscaler,None,24,2,2609.0,6,21.7,21.7,98.8,1,53,0,0
CAB0368,2025,Intra-Europe,hyperscaler,None,25,2,2609.0,6,21.7,21.7,63.2,1,58,0,0
CAB0369,2022,Intra-Pacific-Islands,carrier,None,0,8,3302.0,5,338.3,90.0,65.9,1,43,0,0
CAB0369,2023,Intra-Pacific-Islands,carrier,None,1,8,3302.0,5,338.3,106.3,18.4,1,45,0,0
CAB0369,2024,Intra-Pacific-Islands,carrier,None,2,8,3302.0,5,338.3,118.4,24.4,1,48,0,1
CAB0369,2025,Intra-Pacific-Islands,carrier,None,3,8,3302.0,5,338.3,149.7,66.0,1,50,1,0
CAB0370,2015,Intra-Asia,carrier,Malacca,12,12,3543.0,4,181.7,181.2,30.4,1,53,0,0
CAB0370,2016,Intra-Asia,carrier,Malacca,13,12,3543.0,4,181.7,177.9,99.4,1,59,0,0
CAB0370,2017,Intra-Asia,carrier,Malacca,14,12,3543.0,4,181.7,181.7,51.7,1,60,0,0
CAB0370,2018,Intra-Asia,carrier,Malacca,15,12,3543.0,4,181.7,181.7,87.0,1,62,0,0
CAB0370,2019,Intra-Asia,carrier,Malacca,16,12,3543.0,4,181.7,181.7,100.0,1,64,0,0
CAB0370,2020,Intra-Asia,carrier,Malacca,17,12,3543.0,4,181.7,181.7,60.6,1,66,0,0
CAB0370,2021,Intra-Asia,carrier,Malacca,18,12,3543.0,4,181.7,181.7,100.0,1,69,0,0
CAB0370,2022,Intra-Asia,carrier,Malacca,19,12,3543.0,4,181.7,181.7,92.0,1,70,0,1
CAB0370,2023,Intra-Asia,carrier,Malacca,20,12,3543.0,4,181.7,181.7,93.2,1,70,1,0
CAB0370,2024,Intra-Asia,carrier,Malacca,21,12,3543.0,4,181.7,181.7,88.4,1,75,0,0
CAB0370,2025,Intra-Asia,carrier,Malacca,22,12,3543.0,4,181.7,181.7,54.8,1,77,0,1
CAB0371,2015,Intra-Asia,consortium,Taiwan-Strait,10,3,3748.0,5,54.0,45.3,74.6,1,53,0,0
CAB0371,2016,Intra-Asia,consortium,Taiwan-Strait,11,3,3748.0,5,54.0,48.9,53.6,1,59,0,0
CAB0371,2017,Intra-Asia,consortium,Taiwan-Strait,12,3,3748.0,5,54.0,49.2,60.3,1,60,0,0
CAB0371,2018,Intra-Asia,consortium,Taiwan-Strait,13,3,3748.0,5,54.0,54.0,41.2,1,62,0,0
CAB0371,2019,Intra-Asia,consortium,Taiwan-Strait,14,3,3748.0,5,54.0,54.0,70.9,1,64,0,0
CAB0371,2020,Intra-Asia,consortium,Taiwan-Strait,15,3,3748.0,5,54.0,54.0,100.0,1,66,0,0
CAB0371,2021,Intra-Asia,consortium,Taiwan-Strait,16,3,3748.0,5,54.0,54.0,95.9,1,69,0,0
CAB0371,2022,Intra-Asia,consortium,Taiwan-Strait,17,3,3748.0,5,54.0,54.0,51.1,1,70,0,0
CAB0371,2023,Intra-Asia,consortium,Taiwan-Strait,18,3,3748.0,5,54.0,54.0,94.8,1,70,0,1
CAB0371,2024,Intra-Asia,consortium,Taiwan-Strait,19,3,3748.0,5,54.0,54.0,47.6,1,75,1,0
CAB0371,2025,Intra-Asia,consortium,Taiwan-Strait,20,3,3748.0,5,54.0,54.0,100.0,1,77,0,1
CAB0372,2015,Intra-Europe,government,None,13,11,1542.0,5,150.9,150.9,47.0,0,41,0,0
CAB0372,2016,Intra-Europe,government,None,14,11,1542.0,5,150.9,150.9,100.0,0,42,0,1
CAB0372,2017,Intra-Europe,government,None,15,11,1542.0,5,150.9,150.9,63.9,0,44,1,0
CAB0372,2018,Intra-Europe,government,None,16,11,1542.0,5,150.9,150.9,34.7,0,45,0,0
CAB0372,2019,Intra-Europe,government,None,17,11,1542.0,5,150.9,150.9,100.0,0,47,0,1
CAB0372,2020,Intra-Europe,government,None,18,11,1542.0,5,150.9,150.9,61.9,0,49,1,1
CAB0372,2021,Intra-Europe,government,None,19,11,1542.0,5,150.9,150.9,100.0,0,49,1,0
CAB0372,2022,Intra-Europe,government,None,20,11,1542.0,5,150.9,150.9,57.5,0,52,0,0
CAB0372,2023,Intra-Europe,government,None,21,11,1542.0,5,150.9,150.9,100.0,0,53,0,0
CAB0372,2024,Intra-Europe,government,None,22,11,1542.0,5,150.9,150.9,64.2,0,53,0,0
CAB0372,2025,Intra-Europe,government,None,23,11,1542.0,5,150.9,150.9,92.8,0,58,0,0
CAB0373,2016,Intra-Asia,carrier,None,0,14,3300.0,6,472.0,131.3,37.8,1,59,1,1
CAB0373,2017,Intra-Asia,carrier,None,1,14,3300.0,6,472.0,143.5,72.9,1,60,1,0
CAB0373,2018,Intra-Asia,carrier,None,2,14,3300.0,6,472.0,204.1,26.2,1,62,0,1
CAB0373,2019,Intra-Asia,carrier,None,3,14,3300.0,6,472.0,243.8,38.7,1,64,1,0
CAB0373,2020,Intra-Asia,carrier,None,4,14,3300.0,6,472.0,227.1,73.9,1,66,0,0
CAB0373,2021,Intra-Asia,carrier,None,5,14,3300.0,6,472.0,254.4,73.3,1,69,0,1
CAB0373,2022,Intra-Asia,carrier,None,6,14,3300.0,6,472.0,274.5,81.9,1,70,1,1
CAB0373,2023,Intra-Asia,carrier,None,7,14,3300.0,6,472.0,320.9,49.4,1,70,1,0
CAB0373,2024,Intra-Asia,carrier,None,8,14,3300.0,6,472.0,369.1,100.0,1,75,0,0
CAB0373,2025,Intra-Asia,carrier,None,9,14,3300.0,6,472.0,340.3,84.3,1,77,0,1
CAB0374,2017,Africa-Coastal,consortium,None,0,20,4988.0,6,702.9,159.6,39.2,0,40,0,0
CAB0374,2018,Africa-Coastal,consortium,None,1,20,4988.0,6,702.9,223.0,60.0,0,40,0,0
CAB0374,2019,Africa-Coastal,consortium,None,2,20,4988.0,6,702.9,241.8,55.4,0,42,0,0
CAB0374,2020,Africa-Coastal,consortium,None,3,20,4988.0,6,702.9,281.7,38.0,0,43,0,0
CAB0374,2021,Africa-Coastal,consortium,None,4,20,4988.0,6,702.9,337.2,15.9,0,44,0,0
CAB0374,2022,Africa-Coastal,consortium,None,5,20,4988.0,6,702.9,377.8,39.2,0,45,0,0
CAB0374,2023,Africa-Coastal,consortium,None,6,20,4988.0,6,702.9,411.2,31.6,0,47,0,0
CAB0374,2024,Africa-Coastal,consortium,None,7,20,4988.0,6,702.9,496.9,92.1,0,49,0,0
CAB0374,2025,Africa-Coastal,consortium,None,8,20,4988.0,6,702.9,526.3,41.0,0,52,0,0
CAB0375,2025,Intra-Asia,consortium,Taiwan-Strait,0,48,6556.0,10,2235.4,587.4,2.9,0,77,0,0
CAB0376,2015,Intra-Europe,carrier,None,16,2,579.0,4,18.9,18.9,68.4,0,41,0,0
CAB0376,2016,Intra-Europe,carrier,None,17,2,579.0,4,18.9,18.9,100.0,0,42,0,0
CAB0376,2017,Intra-Europe,carrier,None,18,2,579.0,4,18.9,18.9,59.6,0,44,0,1
CAB0376,2018,Intra-Europe,carrier,None,19,2,579.0,4,18.9,18.9,79.9,0,45,1,0
CAB0376,2019,Intra-Europe,carrier,None,20,2,579.0,4,18.9,18.9,79.6,0,47,0,0
CAB0376,2020,Intra-Europe,carrier,None,21,2,579.0,4,18.9,18.9,100.0,0,49,0,0
CAB0376,2021,Intra-Europe,carrier,None,22,2,579.0,4,18.9,18.9,100.0,0,49,0,0
CAB0376,2022,Intra-Europe,carrier,None,23,2,579.0,4,18.9,18.9,100.0,0,52,0,0
CAB0376,2023,Intra-Europe,carrier,None,24,2,579.0,4,18.9,18.9,100.0,0,53,0,0
CAB0376,2024,Intra-Europe,carrier,None,25,2,579.0,4,18.9,18.9,92.0,0,53,0,0
CAB0376,2025,Intra-Europe,carrier,None,26,2,579.0,4,18.9,18.9,93.2,0,58,0,0
CAB0377,2015,EMEA-Asia,consortium,None,1,4,10438.0,3,123.4,35.0,65.1,1,27,0,0
CAB0377,2016,EMEA-Asia,consortium,None,2,4,10438.0,3,123.4,46.6,10.5,1,29,0,0
CAB0377,2017,EMEA-Asia,consortium,None,3,4,10438.0,3,123.4,48.1,55.4,1,32,0,0
CAB0377,2018,EMEA-Asia,consortium,None,4,4,10438.0,3,123.4,54.8,47.6,1,34,0,0
CAB0377,2019,EMEA-Asia,consortium,None,5,4,10438.0,3,123.4,62.5,42.4,1,37,0,0
CAB0377,2020,EMEA-Asia,consortium,None,6,4,10438.0,3,123.4,75.2,25.6,1,40,0,0
CAB0377,2021,EMEA-Asia,consortium,None,7,4,10438.0,3,123.4,69.2,59.1,1,44,0,0
CAB0377,2022,EMEA-Asia,consortium,None,8,4,10438.0,3,123.4,92.3,70.6,1,45,0,0
CAB0377,2023,EMEA-Asia,consortium,None,9,4,10438.0,3,123.4,103.0,35.7,1,47,0,0
CAB0377,2024,EMEA-Asia,consortium,None,10,4,10438.0,3,123.4,99.9,46.2,1,48,0,0
CAB0377,2025,EMEA-Asia,consortium,None,11,4,10438.0,3,123.4,102.0,69.6,1,47,0,0
CAB0378,2021,Indian-Ocean,carrier,Malacca,0,8,9403.0,4,326.9,90.1,61.9,0,39,0,0
CAB0378,2022,Indian-Ocean,carrier,Malacca,1,8,9403.0,4,326.9,99.1,27.3,0,39,0,0
CAB0378,2023,Indian-Ocean,carrier,Malacca,2,8,9403.0,4,326.9,132.9,51.4,0,40,0,0
CAB0378,2024,Indian-Ocean,carrier,Malacca,3,8,9403.0,4,326.9,154.3,45.4,0,41,0,0
CAB0378,2025,Indian-Ocean,carrier,Malacca,4,8,9403.0,4,326.9,163.5,51.5,0,44,0,0
CAB0379,2015,Indian-Ocean,consortium,Bab-el-Mandeb,6,7,6044.0,3,166.0,101.7,61.6,1,31,0,0
CAB0379,2016,Indian-Ocean,consortium,Bab-el-Mandeb,7,7,6044.0,3,166.0,111.8,65.9,1,33,0,1
CAB0379,2017,Indian-Ocean,consortium,Bab-el-Mandeb,8,7,6044.0,3,166.0,125.6,32.7,1,33,1,0
CAB0379,2018,Indian-Ocean,consortium,Bab-el-Mandeb,9,7,6044.0,3,166.0,138.5,87.8,1,35,0,1
CAB0379,2019,Indian-Ocean,consortium,Bab-el-Mandeb,10,7,6044.0,3,166.0,140.1,69.9,1,35,1,0
CAB0379,2020,Indian-Ocean,consortium,Bab-el-Mandeb,11,7,6044.0,3,166.0,159.9,52.2,1,36,0,0
CAB0379,2021,Indian-Ocean,consortium,Bab-el-Mandeb,12,7,6044.0,3,166.0,166.0,73.6,1,39,0,0
CAB0379,2022,Indian-Ocean,consortium,Bab-el-Mandeb,13,7,6044.0,3,166.0,166.0,46.4,1,39,0,0
CAB0379,2023,Indian-Ocean,consortium,Bab-el-Mandeb,14,7,6044.0,3,166.0,163.5,60.3,1,40,0,1
CAB0379,2024,Indian-Ocean,consortium,Bab-el-Mandeb,15,7,6044.0,3,166.0,166.0,85.5,1,41,1,0
CAB0379,2025,Indian-Ocean,consortium,Bab-el-Mandeb,16,7,6044.0,3,166.0,166.0,79.0,1,44,0,1
CAB0380,2024,Intra-Asia,consortium,Taiwan-Strait,0,24,5230.0,4,1083.4,242.9,13.2,1,75,0,0
CAB0380,2025,Intra-Asia,consortium,Taiwan-Strait,1,24,5230.0,4,1083.4,389.0,75.6,1,77,0,0
CAB0381,2015,Trans-Pacific,consortium,None,6,3,11882.0,3,71.1,41.3,65.3,1,35,0,0
CAB0381,2016,Trans-Pacific,consortium,None,7,3,11882.0,3,71.1,50.8,84.4,1,37,0,0
CAB0381,2017,Trans-Pacific,consortium,None,8,3,11882.0,3,71.1,51.6,45.5,1,38,0,0
CAB0381,2018,Trans-Pacific,consortium,None,9,3,11882.0,3,71.1,53.4,62.2,1,39,0,0
CAB0381,2019,Trans-Pacific,consortium,None,10,3,11882.0,3,71.1,64.4,31.3,1,41,0,1
CAB0381,2020,Trans-Pacific,consortium,None,11,3,11882.0,3,71.1,67.3,52.1,1,42,1,0
CAB0381,2021,Trans-Pacific,consortium,None,12,3,11882.0,3,71.1,64.0,53.4,1,43,0,0
CAB0381,2022,Trans-Pacific,consortium,None,13,3,11882.0,3,71.1,71.1,66.9,1,45,0,0
CAB0381,2023,Trans-Pacific,consortium,None,14,3,11882.0,3,71.1,71.1,71.1,1,47,0,1
CAB0381,2024,Trans-Pacific,consortium,None,15,3,11882.0,3,71.1,71.1,46.3,1,49,1,0
CAB0381,2025,Trans-Pacific,consortium,None,16,3,11882.0,3,71.1,71.1,98.3,1,50,0,1
CAB0382,2015,Africa-Coastal,consortium,None,2,9,9099.0,2,264.9,112.4,18.0,0,36,1,0
CAB0382,2016,Africa-Coastal,consortium,None,3,9,9099.0,2,264.9,113.1,54.4,0,37,0,0
CAB0382,2017,Africa-Coastal,consortium,None,4,9,9099.0,2,264.9,109.2,30.1,0,40,0,0
CAB0382,2018,Africa-Coastal,consortium,None,5,9,9099.0,2,264.9,150.7,30.4,0,40,0,0
CAB0382,2019,Africa-Coastal,consortium,None,6,9,9099.0,2,264.9,163.2,74.7,0,42,0,0
CAB0382,2020,Africa-Coastal,consortium,None,7,9,9099.0,2,264.9,178.5,87.2,0,43,0,0
CAB0382,2021,Africa-Coastal,consortium,None,8,9,9099.0,2,264.9,186.2,38.2,0,44,0,0
CAB0382,2022,Africa-Coastal,consortium,None,9,9,9099.0,2,264.9,179.3,59.6,0,45,0,0
CAB0382,2023,Africa-Coastal,consortium,None,10,9,9099.0,2,264.9,226.6,76.8,0,47,0,0
CAB0382,2024,Africa-Coastal,consortium,None,11,9,9099.0,2,264.9,234.0,37.8,0,49,0,0
CAB0382,2025,Africa-Coastal,consortium,None,12,9,9099.0,2,264.9,261.5,79.6,0,52,0,1
CAB0383,2015,Trans-Atlantic,consortium,None,5,16,7326.0,2,402.3,228.6,47.0,0,33,0,0
CAB0383,2016,Trans-Atlantic,consortium,None,6,16,7326.0,2,402.3,262.6,46.9,0,37,0,0
CAB0383,2017,Trans-Atlantic,consortium,None,7,16,7326.0,2,402.3,278.6,45.0,0,37,0,0
CAB0383,2018,Trans-Atlantic,consortium,None,8,16,7326.0,2,402.3,283.1,63.1,0,40,0,0
CAB0383,2019,Trans-Atlantic,consortium,None,9,16,7326.0,2,402.3,300.5,43.4,0,45,0,0
CAB0383,2020,Trans-Atlantic,consortium,None,10,16,7326.0,2,402.3,339.6,76.0,0,48,0,0
CAB0383,2021,Trans-Atlantic,consortium,None,11,16,7326.0,2,402.3,378.7,66.7,0,50,0,0
CAB0383,2022,Trans-Atlantic,consortium,None,12,16,7326.0,2,402.3,357.5,63.8,0,51,0,0
CAB0383,2023,Trans-Atlantic,consortium,None,13,16,7326.0,2,402.3,386.0,53.4,0,54,0,0
CAB0383,2024,Trans-Atlantic,consortium,None,14,16,7326.0,2,402.3,402.3,51.7,0,58,0,0
CAB0383,2025,Trans-Atlantic,consortium,None,15,16,7326.0,2,402.3,402.3,39.5,0,62,0,1
CAB0384,2016,Trans-Atlantic,consortium,None,0,7,5041.0,3,236.0,57.9,28.3,0,37,0,0
CAB0384,2017,Trans-Atlantic,consortium,None,1,7,5041.0,3,236.0,63.8,14.3,0,37,0,0
CAB0384,2018,Trans-Atlantic,consortium,None,2,7,5041.0,3,236.0,72.4,68.2,0,40,0,0
CAB0384,2019,Trans-Atlantic,consortium,None,3,7,5041.0,3,236.0,91.5,22.1,0,45,0,0
CAB0384,2020,Trans-Atlantic,consortium,None,4,7,5041.0,3,236.0,113.9,82.2,0,48,0,1
CAB0384,2021,Trans-Atlantic,consortium,None,5,7,5041.0,3,236.0,110.0,58.6,0,50,1,1
CAB0384,2022,Trans-Atlantic,consortium,None,6,7,5041.0,3,236.0,145.8,35.5,0,51,1,0
CAB0384,2023,Trans-Atlantic,consortium,None,7,7,5041.0,3,236.0,159.1,65.0,0,54,0,0
CAB0384,2024,Trans-Atlantic,consortium,None,8,7,5041.0,3,236.0,160.4,26.2,0,58,0,0
CAB0384,2025,Trans-Atlantic,consortium,None,9,7,5041.0,3,236.0,169.9,100.0,0,62,0,0
CAB0385,2015,Intra-Europe,consortium,None,7,15,2629.0,10,334.3,231.0,45.8,0,41,0,0
CAB0385,2016,Intra-Europe,consortium,None,8,15,2629.0,10,334.3,234.0,66.5,0,42,0,1
CAB0385,2017,Intra-Europe,consortium,None,9,15,2629.0,10,334.3,264.2,32.4,0,44,1,0
CAB0385,2018,Intra-Europe,consortium,None,10,15,2629.0,10,334.3,261.8,45.7,0,45,0,0
CAB0385,2019,Intra-Europe,consortium,None,11,15,2629.0,10,334.3,274.0,30.5,0,47,0,1
CAB0385,2020,Intra-Europe,consortium,None,12,15,2629.0,10,334.3,310.4,45.7,0,49,1,1
CAB0385,2021,Intra-Europe,consortium,None,13,15,2629.0,10,334.3,334.3,86.1,0,49,1,0
CAB0385,2022,Intra-Europe,consortium,None,14,15,2629.0,10,334.3,334.3,61.1,0,52,0,0
CAB0385,2023,Intra-Europe,consortium,None,15,15,2629.0,10,334.3,334.3,85.7,0,53,0,0
CAB0385,2024,Intra-Europe,consortium,None,16,15,2629.0,10,334.3,334.3,100.0,0,53,0,0
CAB0385,2025,Intra-Europe,consortium,None,17,15,2629.0,10,334.3,334.3,37.4,0,58,0,0
CAB0386,2023,EMEA-Asia,consortium,Suez,0,11,10366.0,5,480.9,139.4,10.0,1,47,0,0
CAB0386,2024,EMEA-Asia,consortium,Suez,1,11,10366.0,5,480.9,170.5,11.5,1,48,0,1
CAB0386,2025,EMEA-Asia,consortium,Suez,2,11,10366.0,5,480.9,147.4,59.4,1,47,1,0
CAB0387,2018,Indian-Ocean,hyperscaler,None,0,21,10736.0,7,768.0,180.3,60.2,0,35,0,1
CAB0387,2019,Indian-Ocean,hyperscaler,None,1,21,10736.0,7,768.0,250.4,70.0,0,35,1,1
CAB0387,2020,Indian-Ocean,hyperscaler,None,2,21,10736.0,7,768.0,306.7,78.2,0,36,1,0
CAB0387,2021,Indian-Ocean,hyperscaler,None,3,21,10736.0,7,768.0,353.4,21.4,0,39,0,0
CAB0387,2022,Indian-Ocean,hyperscaler,None,4,21,10736.0,7,768.0,361.1,52.9,0,39,0,0
CAB0387,2023,Indian-Ocean,hyperscaler,None,5,21,10736.0,7,768.0,404.0,52.8,0,40,0,0
CAB0387,2024,Indian-Ocean,hyperscaler,None,6,21,10736.0,7,768.0,380.2,50.0,0,41,0,0
CAB0387,2025,Indian-Ocean,hyperscaler,None,7,21,10736.0,7,768.0,535.1,53.9,0,44,0,0
CAB0388,2015,Indian-Ocean,consortium,Suez,3,13,12946.0,9,364.0,166.3,83.7,1,31,0,0
CAB0388,2016,Indian-Ocean,consortium,Suez,4,13,12946.0,9,364.0,170.4,83.9,1,33,0,0
CAB0388,2017,Indian-Ocean,consortium,Suez,5,13,12946.0,9,364.0,230.6,64.2,1,33,0,0
CAB0388,2018,Indian-Ocean,consortium,Suez,6,13,12946.0,9,364.0,243.0,44.3,1,35,0,0
CAB0388,2019,Indian-Ocean,consortium,Suez,7,13,12946.0,9,364.0,241.5,20.0,1,35,0,1
CAB0388,2020,Indian-Ocean,consortium,Suez,8,13,12946.0,9,364.0,247.2,70.5,1,36,1,0
CAB0388,2021,Indian-Ocean,consortium,Suez,9,13,12946.0,9,364.0,279.2,29.9,1,39,0,0
CAB0388,2022,Indian-Ocean,consortium,Suez,10,13,12946.0,9,364.0,311.7,57.3,1,39,0,1
CAB0388,2023,Indian-Ocean,consortium,Suez,11,13,12946.0,9,364.0,323.0,74.4,1,40,1,0
CAB0388,2024,Indian-Ocean,consortium,Suez,12,13,12946.0,9,364.0,352.8,72.1,1,41,0,0
CAB0388,2025,Indian-Ocean,consortium,Suez,13,13,12946.0,9,364.0,356.5,100.0,1,44,0,0
CAB0389,2015,Intra-Asia,consortium,Malacca,14,8,2936.0,7,98.3,98.3,62.4,1,53,1,0
CAB0389,2016,Intra-Asia,consortium,Malacca,15,8,2936.0,7,98.3,98.3,62.7,1,59,0,0
CAB0389,2017,Intra-Asia,consortium,Malacca,16,8,2936.0,7,98.3,98.3,62.0,1,60,0,0
CAB0389,2018,Intra-Asia,consortium,Malacca,17,8,2936.0,7,98.3,98.3,100.0,1,62,0,0
CAB0389,2019,Intra-Asia,consortium,Malacca,18,8,2936.0,7,98.3,98.3,75.7,1,64,0,0
CAB0389,2020,Intra-Asia,consortium,Malacca,19,8,2936.0,7,98.3,98.3,80.3,1,66,0,0
CAB0389,2021,Intra-Asia,consortium,Malacca,20,8,2936.0,7,98.3,98.3,100.0,1,69,0,0
CAB0389,2022,Intra-Asia,consortium,Malacca,21,8,2936.0,7,98.3,98.3,100.0,1,70,0,0
CAB0389,2023,Intra-Asia,consortium,Malacca,22,8,2936.0,7,98.3,98.3,100.0,1,70,0,1
CAB0389,2024,Intra-Asia,consortium,Malacca,23,8,2936.0,7,98.3,98.3,84.9,1,75,1,0
CAB0389,2025,Intra-Asia,consortium,Malacca,24,8,2936.0,7,98.3,98.3,74.3,1,77,0,1
CAB0390,2015,Indian-Ocean,hyperscaler,None,2,27,9180.0,2,794.6,251.7,18.0,0,31,0,0
CAB0390,2016,Indian-Ocean,hyperscaler,None,3,27,9180.0,2,794.6,296.7,82.3,0,33,0,0
CAB0390,2017,Indian-Ocean,hyperscaler,None,4,27,9180.0,2,794.6,432.3,50.5,0,33,0,0
CAB0390,2018,Indian-Ocean,hyperscaler,None,5,27,9180.0,2,794.6,383.7,43.5,0,35,0,0
CAB0390,2019,Indian-Ocean,hyperscaler,None,6,27,9180.0,2,794.6,479.8,24.5,0,35,0,1
CAB0390,2020,Indian-Ocean,hyperscaler,None,7,27,9180.0,2,794.6,585.2,32.0,0,36,1,0
CAB0390,2021,Indian-Ocean,hyperscaler,None,8,27,9180.0,2,794.6,597.8,54.5,0,39,0,0
CAB0390,2022,Indian-Ocean,hyperscaler,None,9,27,9180.0,2,794.6,654.4,53.8,0,39,0,0
CAB0390,2023,Indian-Ocean,hyperscaler,None,10,27,9180.0,2,794.6,636.0,41.9,0,40,0,0
CAB0390,2024,Indian-Ocean,hyperscaler,None,11,27,9180.0,2,794.6,722.7,67.6,0,41,0,0
CAB0390,2025,Indian-Ocean,hyperscaler,None,12,27,9180.0,2,794.6,713.2,63.1,0,44,0,0
CAB0391,2015,EMEA-Asia,hyperscaler,None,12,12,16405.0,5,181.7,177.3,42.8,0,27,0,0
CAB0391,2016,EMEA-Asia,hyperscaler,None,13,12,16405.0,5,181.7,177.0,45.4,0,29,0,1
CAB0391,2017,EMEA-Asia,hyperscaler,None,14,12,16405.0,5,181.7,181.7,67.7,0,32,1,0
CAB0391,2018,EMEA-Asia,hyperscaler,None,15,12,16405.0,5,181.7,181.7,57.2,0,34,0,0
CAB0391,2019,EMEA-Asia,hyperscaler,None,16,12,16405.0,5,181.7,181.7,100.0,0,37,0,0
CAB0391,2020,EMEA-Asia,hyperscaler,None,17,12,16405.0,5,181.7,181.7,98.3,0,40,0,1
CAB0391,2021,EMEA-Asia,hyperscaler,None,18,12,16405.0,5,181.7,181.7,100.0,0,44,1,1
CAB0391,2022,EMEA-Asia,hyperscaler,None,19,12,16405.0,5,181.7,181.7,56.5,0,45,1,0
CAB0391,2023,EMEA-Asia,hyperscaler,None,20,12,16405.0,5,181.7,181.7,74.3,0,47,0,0
CAB0391,2024,EMEA-Asia,hyperscaler,None,21,12,16405.0,5,181.7,181.7,100.0,0,48,0,0
CAB0391,2025,EMEA-Asia,hyperscaler,None,22,12,16405.0,5,181.7,181.7,70.4,0,47,0,0
CAB0392,2015,EMEA-Asia,consortium,None,16,2,11717.0,7,18.9,18.9,53.1,1,27,0,0
CAB0392,2016,EMEA-Asia,consortium,None,17,2,11717.0,7,18.9,18.9,100.0,1,29,0,0
CAB0392,2017,EMEA-Asia,consortium,None,18,2,11717.0,7,18.9,18.9,100.0,1,32,0,0
CAB0392,2018,EMEA-Asia,consortium,None,19,2,11717.0,7,18.9,18.9,70.8,1,34,0,0
CAB0392,2019,EMEA-Asia,consortium,None,20,2,11717.0,7,18.9,18.9,78.6,1,37,0,0
CAB0392,2020,EMEA-Asia,consortium,None,21,2,11717.0,7,18.9,18.9,90.1,1,40,0,0
CAB0392,2021,EMEA-Asia,consortium,None,22,2,11717.0,7,18.9,18.9,100.0,1,44,0,0
CAB0392,2022,EMEA-Asia,consortium,None,23,2,11717.0,7,18.9,18.9,77.6,1,45,0,0
CAB0392,2023,EMEA-Asia,consortium,None,24,2,11717.0,7,18.9,18.9,100.0,1,47,0,0
CAB0392,2024,EMEA-Asia,consortium,None,25,2,11717.0,7,18.9,18.9,65.0,1,48,0,0
CAB0393,2015,Trans-Pacific,carrier,None,5,8,14258.0,5,201.1,113.6,50.0,0,35,0,1
CAB0393,2016,Trans-Pacific,carrier,None,6,8,14258.0,5,201.1,124.9,87.8,0,37,1,1
CAB0393,2017,Trans-Pacific,carrier,None,7,8,14258.0,5,201.1,131.4,65.0,0,38,1,1
CAB0393,2018,Trans-Pacific,carrier,None,8,8,14258.0,5,201.1,139.8,40.3,0,39,1,0
CAB0393,2019,Trans-Pacific,carrier,None,9,8,14258.0,5,201.1,163.8,84.5,0,41,0,1
CAB0393,2020,Trans-Pacific,carrier,None,10,8,14258.0,5,201.1,167.5,82.4,0,42,1,1
CAB0393,2021,Trans-Pacific,carrier,None,11,8,14258.0,5,201.1,179.0,62.6,0,43,1,1
CAB0393,2022,Trans-Pacific,carrier,None,12,8,14258.0,5,201.1,201.1,88.9,0,45,1,0
CAB0393,2023,Trans-Pacific,carrier,None,13,8,14258.0,5,201.1,201.1,31.8,0,47,0,0
CAB0393,2024,Trans-Pacific,carrier,None,14,8,14258.0,5,201.1,201.1,63.4,0,49,0,0
CAB0393,2025,Trans-Pacific,carrier,None,15,8,14258.0,5,201.1,201.1,58.5,0,50,0,1
CAB0394,2022,EMEA-Asia,hyperscaler,None,0,8,17095.0,3,338.3,87.5,47.9,1,45,1,1
CAB0394,2023,EMEA-Asia,hyperscaler,None,1,8,17095.0,3,338.3,125.5,65.9,1,47,1,0
CAB0394,2024,EMEA-Asia,hyperscaler,None,2,8,17095.0,3,338.3,108.6,46.2,1,48,0,0
CAB0394,2025,EMEA-Asia,hyperscaler,None,3,8,17095.0,3,338.3,158.4,46.9,1,47,0,0
CAB0395,2021,Americas,consortium,None,0,8,5776.0,3,326.9,65.7,19.1,0,37,0,0
CAB0395,2022,Americas,consortium,None,1,8,5776.0,3,326.9,119.6,30.4,0,37,0,0
CAB0395,2023,Americas,consortium,None,2,8,5776.0,3,326.9,122.3,10.6,0,37,0,0
CAB0395,2024,Americas,consortium,None,3,8,5776.0,3,326.9,140.0,83.3,0,39,0,1
CAB0395,2025,Americas,consortium,None,4,8,5776.0,3,326.9,139.0,54.7,0,39,1,0
CAB0396,2019,Trans-Atlantic,consortium,None,0,16,6550.0,7,608.0,134.5,58.5,0,45,0,0
CAB0396,2020,Trans-Atlantic,consortium,None,1,16,6550.0,7,608.0,239.4,35.1,0,48,0,0
CAB0396,2021,Trans-Atlantic,consortium,None,2,16,6550.0,7,608.0,251.9,41.6,0,50,0,0
CAB0396,2022,Trans-Atlantic,consortium,None,3,16,6550.0,7,608.0,245.9,40.0,0,51,0,0
CAB0396,2023,Trans-Atlantic,consortium,None,4,16,6550.0,7,608.0,288.9,74.2,0,54,0,0
CAB0396,2024,Trans-Atlantic,consortium,None,5,16,6550.0,7,608.0,326.5,55.4,0,58,0,0
CAB0396,2025,Trans-Atlantic,consortium,None,6,16,6550.0,7,608.0,400.5,40.0,0,62,0,0
CAB0397,2015,Intra-Europe,consortium,None,13,2,1028.0,11,27.4,27.4,59.6,0,41,0,0
CAB0397,2016,Intra-Europe,consortium,None,14,2,1028.0,11,27.4,27.4,42.9,0,42,0,0
CAB0397,2017,Intra-Europe,consortium,None,15,2,1028.0,11,27.4,27.4,70.5,0,44,0,0
CAB0397,2018,Intra-Europe,consortium,None,16,2,1028.0,11,27.4,27.4,58.8,0,45,0,0
CAB0397,2019,Intra-Europe,consortium,None,17,2,1028.0,11,27.4,27.4,73.5,0,47,0,0
CAB0397,2020,Intra-Europe,consortium,None,18,2,1028.0,11,27.4,27.4,96.4,0,49,0,1
CAB0397,2021,Intra-Europe,consortium,None,19,2,1028.0,11,27.4,27.4,100.0,0,49,1,0
CAB0397,2022,Intra-Europe,consortium,None,20,2,1028.0,11,27.4,27.4,62.1,0,52,0,0
CAB0397,2023,Intra-Europe,consortium,None,21,2,1028.0,11,27.4,27.4,93.5,0,53,0,0
CAB0397,2024,Intra-Europe,consortium,None,22,2,1028.0,11,27.4,27.4,71.0,0,53,0,0
CAB0397,2025,Intra-Europe,consortium,None,23,2,1028.0,11,27.4,27.4,66.0,0,58,0,1
CAB0398,2015,Intra-Pacific-Islands,hyperscaler,None,0,14,2508.0,4,452.0,143.4,15.8,1,28,0,0
CAB0398,2016,Intra-Pacific-Islands,hyperscaler,None,1,14,2508.0,4,452.0,102.6,56.3,1,29,0,0
CAB0398,2017,Intra-Pacific-Islands,hyperscaler,None,2,14,2508.0,4,452.0,144.1,48.2,1,29,0,0
CAB0398,2018,Intra-Pacific-Islands,hyperscaler,None,3,14,2508.0,4,452.0,197.5,39.9,1,30,0,0
CAB0398,2019,Intra-Pacific-Islands,hyperscaler,None,4,14,2508.0,4,452.0,227.6,23.7,1,35,0,0
CAB0398,2020,Intra-Pacific-Islands,hyperscaler,None,5,14,2508.0,4,452.0,216.0,15.3,1,40,0,0
CAB0398,2021,Intra-Pacific-Islands,hyperscaler,None,6,14,2508.0,4,452.0,246.4,26.3,1,41,0,0
CAB0398,2022,Intra-Pacific-Islands,hyperscaler,None,7,14,2508.0,4,452.0,257.9,40.5,1,43,0,0
CAB0398,2023,Intra-Pacific-Islands,hyperscaler,None,8,14,2508.0,4,452.0,346.1,55.7,1,45,0,0
CAB0398,2024,Intra-Pacific-Islands,hyperscaler,None,9,14,2508.0,4,452.0,346.9,52.9,1,48,0,0
CAB0398,2025,Intra-Pacific-Islands,hyperscaler,None,10,14,2508.0,4,452.0,412.4,55.5,1,50,0,0
CAB0399,2015,Americas,consortium,None,13,17,2541.0,7,233.1,233.1,91.6,1,28,1,0
CAB0399,2016,Americas,consortium,None,14,17,2541.0,7,233.1,233.1,76.3,1,29,0,0
CAB0399,2017,Americas,consortium,None,15,17,2541.0,7,233.1,233.1,64.8,1,29,0,1
CAB0399,2018,Americas,consortium,None,16,17,2541.0,7,233.1,233.1,58.6,1,31,1,0
CAB0399,2019,Americas,consortium,None,17,17,2541.0,7,233.1,233.1,76.5,1,32,0,0
CAB0399,2020,Americas,consortium,None,18,17,2541.0,7,233.1,233.1,100.0,1,33,0,0
CAB0399,2021,Americas,consortium,None,19,17,2541.0,7,233.1,233.1,60.5,1,37,0,0
CAB0399,2022,Americas,consortium,None,20,17,2541.0,7,233.1,233.1,80.8,1,37,0,0
CAB0399,2023,Americas,consortium,None,21,17,2541.0,7,233.1,233.1,67.7,1,37,0,0
CAB0399,2024,Americas,consortium,None,22,17,2541.0,7,233.1,233.1,100.0,1,39,0,0
CAB0399,2025,Americas,consortium,None,23,17,2541.0,7,233.1,233.1,90.0,1,39,0,0
CAB0400,2015,Intra-Asia,hyperscaler,Luzon-Strait,15,2,5961.0,4,21.7,21.7,73.3,1,53,0,0
CAB0400,2016,Intra-Asia,hyperscaler,Luzon-Strait,16,2,5961.0,4,21.7,21.7,63.6,1,59,0,1
CAB0400,2017,Intra-Asia,hyperscaler,Luzon-Strait,17,2,5961.0,4,21.7,21.7,46.1,1,60,1,1
CAB0400,2018,Intra-Asia,hyperscaler,Luzon-Strait,18,2,5961.0,4,21.7,21.7,100.0,1,62,1,1
CAB0400,2019,Intra-Asia,hyperscaler,Luzon-Strait,19,2,5961.0,4,21.7,21.7,64.3,1,64,1,1
CAB0400,2020,Intra-Asia,hyperscaler,Luzon-Strait,20,2,5961.0,4,21.7,21.7,68.5,1,66,1,1
CAB0400,2021,Intra-Asia,hyperscaler,Luzon-Strait,21,2,5961.0,4,21.7,21.7,100.0,1,69,1,1
CAB0400,2022,Intra-Asia,hyperscaler,Luzon-Strait,22,2,5961.0,4,21.7,21.7,100.0,1,70,1,0
CAB0400,2023,Intra-Asia,hyperscaler,Luzon-Strait,23,2,5961.0,4,21.7,21.7,94.5,1,70,0,0
CAB0400,2024,Intra-Asia,hyperscaler,Luzon-Strait,24,2,5961.0,4,21.7,21.7,100.0,1,75,0,1
CAB0400,2025,Intra-Asia,hyperscaler,Luzon-Strait,25,2,5961.0,4,21.7,21.7,97.6,1,77,1,0
CAB0401,2025,Intra-Asia,consortium,None,0,12,1650.0,3,558.9,115.6,69.3,0,77,0,0
CAB0402,2015,Intra-Asia,government,Luzon-Strait,5,4,4409.0,7,100.6,56.3,31.3,0,53,0,0
CAB0402,2016,Intra-Asia,government,Luzon-Strait,6,4,4409.0,7,100.6,56.5,65.3,0,59,0,0
CAB0402,2017,Intra-Asia,government,Luzon-Strait,7,4,4409.0,7,100.6,67.5,61.7,0,60,0,0
CAB0402,2018,Intra-Asia,government,Luzon-Strait,8,4,4409.0,7,100.6,78.7,71.0,0,62,0,0
CAB0402,2019,Intra-Asia,government,Luzon-Strait,9,4,4409.0,7,100.6,73.0,63.9,0,64,0,1
CAB0402,2020,Intra-Asia,government,Luzon-Strait,10,4,4409.0,7,100.6,84.5,63.9,0,66,1,0
CAB0402,2021,Intra-Asia,government,Luzon-Strait,11,4,4409.0,7,100.6,87.1,85.3,0,69,0,0
CAB0402,2022,Intra-Asia,government,Luzon-Strait,12,4,4409.0,7,100.6,95.5,63.3,0,70,0,0
CAB0402,2023,Intra-Asia,government,Luzon-Strait,13,4,4409.0,7,100.6,100.6,73.3,0,70,0,1
CAB0402,2024,Intra-Asia,government,Luzon-Strait,14,4,4409.0,7,100.6,100.6,71.7,0,75,1,0
CAB0402,2025,Intra-Asia,government,Luzon-Strait,15,4,4409.0,7,100.6,100.6,98.4,0,77,0,0
CAB0403,2015,Intra-Europe,consortium,None,11,3,1646.0,7,49.7,45.1,97.3,1,41,0,0
CAB0403,2016,Intra-Europe,consortium,None,12,3,1646.0,7,49.7,45.8,63.5,1,42,0,0
CAB0403,2017,Intra-Europe,consortium,None,13,3,1646.0,7,49.7,49.7,72.1,1,44,0,0
CAB0403,2018,Intra-Europe,consortium,None,14,3,1646.0,7,49.7,49.7,93.9,1,45,0,0
CAB0403,2019,Intra-Europe,consortium,None,15,3,1646.0,7,49.7,49.7,96.4,1,47,0,0
CAB0403,2020,Intra-Europe,consortium,None,16,3,1646.0,7,49.7,49.7,63.3,1,49,0,1
CAB0403,2021,Intra-Europe,consortium,None,17,3,1646.0,7,49.7,49.7,100.0,1,49,1,0
CAB0403,2022,Intra-Europe,consortium,None,18,3,1646.0,7,49.7,49.7,88.9,1,52,0,0
CAB0403,2023,Intra-Europe,consortium,None,19,3,1646.0,7,49.7,49.7,55.4,1,53,0,0
CAB0403,2024,Intra-Europe,consortium,None,20,3,1646.0,7,49.7,49.7,100.0,1,53,0,0
CAB0403,2025,Intra-Europe,consortium,None,21,3,1646.0,7,49.7,49.7,65.6,1,58,0,0
CAB0404,2015,Americas,government,Panama,6,11,2788.0,7,260.9,161.5,26.0,0,28,1,0
CAB0404,2016,Americas,government,Panama,7,11,2788.0,7,260.9,173.7,46.1,0,29,0,1
CAB0404,2017,Americas,government,Panama,8,11,2788.0,7,260.9,172.0,44.9,0,29,1,1
CAB0404,2018,Americas,government,Panama,9,11,2788.0,7,260.9,196.2,80.5,0,31,1,0
CAB0404,2019,Americas,government,Panama,10,11,2788.0,7,260.9,206.7,41.2,0,32,0,1
CAB0404,2020,Americas,government,Panama,11,11,2788.0,7,260.9,230.2,56.1,0,33,1,1
CAB0404,2021,Americas,government,Panama,12,11,2788.0,7,260.9,247.5,58.4,0,37,1,1
CAB0404,2022,Americas,government,Panama,13,11,2788.0,7,260.9,260.9,64.6,0,37,1,1
CAB0404,2023,Americas,government,Panama,14,11,2788.0,7,260.9,260.9,33.0,0,37,1,1
CAB0404,2024,Americas,government,Panama,15,11,2788.0,7,260.9,260.9,64.2,0,39,1,0
CAB0404,2025,Americas,government,Panama,16,11,2788.0,7,260.9,260.9,39.9,0,39,0,1
CAB0405,2015,Africa-Coastal,hyperscaler,None,13,17,10177.0,6,233.1,229.5,80.4,1,36,0,1
CAB0405,2016,Africa-Coastal,hyperscaler,None,14,17,10177.0,6,233.1,233.1,65.9,1,37,1,0
CAB0405,2017,Africa-Coastal,hyperscaler,None,15,17,10177.0,6,233.1,233.1,83.6,1,40,0,1
CAB0405,2018,Africa-Coastal,hyperscaler,None,16,17,10177.0,6,233.1,233.1,94.8,1,40,1,0
CAB0405,2019,Africa-Coastal,hyperscaler,None,17,17,10177.0,6,233.1,233.1,78.6,1,42,0,0
CAB0405,2020,Africa-Coastal,hyperscaler,None,18,17,10177.0,6,233.1,233.1,57.2,1,43,0,1
CAB0405,2021,Africa-Coastal,hyperscaler,None,19,17,10177.0,6,233.1,233.1,100.0,1,44,1,0
CAB0405,2022,Africa-Coastal,hyperscaler,None,20,17,10177.0,6,233.1,233.1,85.3,1,45,0,0
CAB0405,2023,Africa-Coastal,hyperscaler,None,21,17,10177.0,6,233.1,233.1,100.0,1,47,0,0
CAB0405,2024,Africa-Coastal,hyperscaler,None,22,17,10177.0,6,233.1,233.1,81.8,1,49,0,0
CAB0405,2025,Africa-Coastal,hyperscaler,None,23,17,10177.0,6,233.1,233.1,65.2,1,52,0,0
CAB0406,2017,EMEA-Asia,carrier,Bab-el-Mandeb,0,30,16244.0,4,1054.3,227.2,50.8,0,32,1,0
CAB0406,2018,EMEA-Asia,carrier,Bab-el-Mandeb,1,30,16244.0,4,1054.3,333.9,43.5,0,34,0,0
CAB0406,2019,EMEA-Asia,carrier,Bab-el-Mandeb,2,30,16244.0,4,1054.3,420.6,21.3,0,37,0,1
CAB0406,2020,EMEA-Asia,carrier,Bab-el-Mandeb,3,30,16244.0,4,1054.3,425.6,18.4,0,40,1,1
CAB0406,2021,EMEA-Asia,carrier,Bab-el-Mandeb,4,30,16244.0,4,1054.3,520.7,67.3,0,44,1,0
CAB0406,2022,EMEA-Asia,carrier,Bab-el-Mandeb,5,30,16244.0,4,1054.3,588.0,35.8,0,45,0,1
CAB0406,2023,EMEA-Asia,carrier,Bab-el-Mandeb,6,30,16244.0,4,1054.3,517.4,40.1,0,47,1,1
CAB0406,2024,EMEA-Asia,carrier,Bab-el-Mandeb,7,30,16244.0,4,1054.3,656.6,31.2,0,48,1,0
CAB0406,2025,EMEA-Asia,carrier,Bab-el-Mandeb,8,30,16244.0,4,1054.3,788.4,100.0,0,47,0,0
CAB0407,2025,Trans-Atlantic,consortium,None,0,12,5268.0,7,558.9,131.1,19.6,1,62,0,0
CAB0408,2015,Africa-Coastal,carrier,None,2,4,13828.0,7,117.7,49.0,62.2,0,36,0,0
CAB0408,2016,Africa-Coastal,carrier,None,3,4,13828.0,7,117.7,44.8,44.8,0,37,0,0
CAB0408,2017,Africa-Coastal,carrier,None,4,4,13828.0,7,117.7,70.3,27.4,0,40,0,1
CAB0408,2018,Africa-Coastal,carrier,None,5,4,13828.0,7,117.7,66.7,30.8,0,40,1,0
CAB0408,2019,Africa-Coastal,carrier,None,6,4,13828.0,7,117.7,59.2,42.4,0,42,0,0
CAB0408,2020,Africa-Coastal,carrier,None,7,4,13828.0,7,117.7,80.7,61.3,0,43,0,0
CAB0408,2021,Africa-Coastal,carrier,None,8,4,13828.0,7,117.7,85.3,72.3,0,44,0,1
CAB0408,2022,Africa-Coastal,carrier,None,9,4,13828.0,7,117.7,85.2,64.4,0,45,1,0
CAB0408,2023,Africa-Coastal,carrier,None,10,4,13828.0,7,117.7,101.2,66.4,0,47,0,0
CAB0408,2024,Africa-Coastal,carrier,None,11,4,13828.0,7,117.7,112.6,67.8,0,49,0,0
CAB0408,2025,Africa-Coastal,carrier,None,12,4,13828.0,7,117.7,117.7,74.3,0,52,0,1
CAB0409,2023,Trans-Pacific,consortium,None,0,8,9494.0,4,349.7,108.7,50.9,0,47,0,0
CAB0409,2024,Trans-Pacific,consortium,None,1,8,9494.0,4,349.7,103.8,23.7,0,49,0,0
CAB0409,2025,Trans-Pacific,consortium,None,2,8,9494.0,4,349.7,95.3,65.6,0,50,0,0
CAB0410,2015,Intra-Asia,consortium,None,1,7,5630.0,5,216.0,73.8,84.1,0,53,0,0
CAB0410,2016,Intra-Asia,consortium,None,2,7,5630.0,5,216.0,87.1,33.5,0,59,0,0
CAB0410,2017,Intra-Asia,consortium,None,3,7,5630.0,5,216.0,94.0,40.7,0,60,0,0
CAB0410,2018,Intra-Asia,consortium,None,4,7,5630.0,5,216.0,95.1,42.3,0,62,0,0
CAB0410,2019,Intra-Asia,consortium,None,5,7,5630.0,5,216.0,138.9,53.7,0,64,0,0
CAB0410,2020,Intra-Asia,consortium,None,6,7,5630.0,5,216.0,133.2,46.3,0,66,0,0
CAB0410,2021,Intra-Asia,consortium,None,7,7,5630.0,5,216.0,151.3,46.6,0,69,0,0
CAB0410,2022,Intra-Asia,consortium,None,8,7,5630.0,5,216.0,154.2,73.5,0,70,0,0
CAB0410,2023,Intra-Asia,consortium,None,9,7,5630.0,5,216.0,157.2,57.2,0,70,0,0
CAB0410,2024,Intra-Asia,consortium,None,10,7,5630.0,5,216.0,180.3,38.0,0,75,0,0
CAB0410,2025,Intra-Asia,consortium,None,11,7,5630.0,5,216.0,206.1,31.3,0,77,0,0
CAB0411,2020,Intra-Europe,consortium,None,0,33,2646.0,6,1301.1,460.4,35.7,1,49,0,0
CAB0411,2021,Intra-Europe,consortium,None,1,33,2646.0,6,1301.1,443.0,39.1,1,49,0,0
CAB0411,2022,Intra-Europe,consortium,None,2,33,2646.0,6,1301.1,559.8,37.6,1,52,0,0
CAB0411,2023,Intra-Europe,consortium,None,3,33,2646.0,6,1301.1,524.9,23.2,1,53,0,0
CAB0411,2024,Intra-Europe,consortium,None,4,33,2646.0,6,1301.1,668.5,55.8,1,53,0,0
CAB0411,2025,Intra-Europe,consortium,None,5,33,2646.0,6,1301.1,696.7,50.4,1,58,0,1
CAB0412,2024,Americas,consortium,None,0,18,2303.0,5,812.6,245.1,37.7,1,39,0,0
CAB0412,2025,Americas,consortium,None,1,18,2303.0,5,812.6,211.4,21.8,1,39,0,0
CAB0413,2015,Americas,carrier,None,2,9,8464.0,4,264.9,115.7,16.1,0,28,0,1
CAB0413,2016,Americas,carrier,None,3,9,8464.0,4,264.9,114.2,50.1,0,29,1,0
CAB0413,2017,Americas,carrier,None,4,9,8464.0,4,264.9,146.0,31.7,0,29,0,0
CAB0413,2018,Americas,carrier,None,5,9,8464.0,4,264.9,127.6,51.0,0,31,0,0
CAB0413,2019,Americas,carrier,None,6,9,8464.0,4,264.9,169.6,51.3,0,32,0,1
CAB0413,2020,Americas,carrier,None,7,9,8464.0,4,264.9,179.2,73.7,0,33,1,1
CAB0413,2021,Americas,carrier,None,8,9,8464.0,4,264.9,195.9,97.7,0,37,1,1
CAB0413,2022,Americas,carrier,None,9,9,8464.0,4,264.9,208.4,74.3,0,37,1,1
CAB0413,2023,Americas,carrier,None,10,9,8464.0,4,264.9,202.0,100.0,0,37,1,1
CAB0413,2024,Americas,carrier,None,11,9,8464.0,4,264.9,225.3,43.4,0,39,1,0
CAB0413,2025,Americas,carrier,None,12,9,8464.0,4,264.9,264.9,47.6,0,39,0,0
CAB0414,2015,Intra-Asia,hyperscaler,None,5,6,5494.0,4,150.9,100.4,33.9,1,53,0,0
CAB0414,2016,Intra-Asia,hyperscaler,None,6,6,5494.0,4,150.9,98.5,73.1,1,59,0,0
CAB0414,2017,Intra-Asia,hyperscaler,None,7,6,5494.0,4,150.9,94.9,73.8,1,60,0,0
CAB0414,2018,Intra-Asia,hyperscaler,None,8,6,5494.0,4,150.9,110.3,22.2,1,62,0,1
CAB0414,2019,Intra-Asia,hyperscaler,None,9,6,5494.0,4,150.9,132.5,68.5,1,64,1,0
CAB0414,2020,Intra-Asia,hyperscaler,None,10,6,5494.0,4,150.9,131.3,43.8,1,66,0,0
CAB0414,2021,Intra-Asia,hyperscaler,None,11,6,5494.0,4,150.9,130.8,60.9,1,69,0,0
CAB0414,2022,Intra-Asia,hyperscaler,None,12,6,5494.0,4,150.9,130.7,75.6,1,70,0,0
CAB0414,2023,Intra-Asia,hyperscaler,None,13,6,5494.0,4,150.9,150.9,60.0,1,70,0,0
CAB0414,2024,Intra-Asia,hyperscaler,None,14,6,5494.0,4,150.9,150.9,39.2,1,75,0,0
CAB0414,2025,Intra-Asia,hyperscaler,None,15,6,5494.0,4,150.9,150.9,78.0,1,77,0,0
CAB0415,2015,Intra-Pacific-Islands,carrier,None,2,6,3576.0,5,176.6,60.1,51.8,1,28,0,0
CAB0415,2016,Intra-Pacific-Islands,carrier,None,3,6,3576.0,5,176.6,51.1,45.7,1,29,0,1
CAB0415,2017,Intra-Pacific-Islands,carrier,None,4,6,3576.0,5,176.6,87.8,70.5,1,29,1,0
CAB0415,2018,Intra-Pacific-Islands,carrier,None,5,6,3576.0,5,176.6,94.1,45.9,1,30,0,0
CAB0415,2019,Intra-Pacific-Islands,carrier,None,6,6,3576.0,5,176.6,110.2,59.8,1,35,0,0
CAB0415,2020,Intra-Pacific-Islands,carrier,None,7,6,3576.0,5,176.6,122.5,70.3,1,40,0,0
CAB0415,2021,Intra-Pacific-Islands,carrier,None,8,6,3576.0,5,176.6,137.1,52.1,1,41,0,0
CAB0415,2022,Intra-Pacific-Islands,carrier,None,9,6,3576.0,5,176.6,150.1,72.7,1,43,0,0
CAB0415,2023,Intra-Pacific-Islands,carrier,None,10,6,3576.0,5,176.6,147.5,52.1,1,45,0,0
CAB0415,2024,Intra-Pacific-Islands,carrier,None,11,6,3576.0,5,176.6,171.8,49.6,1,48,0,1
CAB0415,2025,Intra-Pacific-Islands,carrier,None,12,6,3576.0,5,176.6,166.5,86.0,1,50,1,0
CAB0416,2015,Trans-Atlantic,carrier,None,0,7,7378.0,3,226.0,80.1,36.4,0,33,1,0
CAB0416,2016,Trans-Atlantic,carrier,None,1,7,7378.0,3,226.0,61.4,8.5,0,37,0,0
CAB0416,2017,Trans-Atlantic,carrier,None,2,7,7378.0,3,226.0,76.9,29.4,0,37,0,1
CAB0416,2018,Trans-Atlantic,carrier,None,3,7,7378.0,3,226.0,92.4,15.1,0,40,1,0
CAB0416,2019,Trans-Atlantic,carrier,None,4,7,7378.0,3,226.0,117.0,62.6,0,45,0,1
CAB0416,2020,Trans-Atlantic,carrier,None,5,7,7378.0,3,226.0,122.6,70.4,0,48,1,0
CAB0416,2021,Trans-Atlantic,carrier,None,6,7,7378.0,3,226.0,126.9,95.3,0,50,0,1
CAB0416,2022,Trans-Atlantic,carrier,None,7,7,7378.0,3,226.0,161.6,43.6,0,51,1,1
CAB0416,2023,Trans-Atlantic,carrier,None,8,7,7378.0,3,226.0,162.6,78.8,0,54,1,1
CAB0416,2024,Trans-Atlantic,carrier,None,9,7,7378.0,3,226.0,173.0,86.1,0,58,1,0
CAB0416,2025,Trans-Atlantic,carrier,None,10,7,7378.0,3,226.0,195.4,58.2,0,62,0,0
CAB0417,2015,Trans-Pacific,carrier,None,8,33,13108.0,5,688.3,456.5,49.5,0,35,1,0
CAB0417,2016,Trans-Pacific,carrier,None,9,33,13108.0,5,688.3,547.9,54.8,0,37,0,0
CAB0417,2017,Trans-Pacific,carrier,None,10,33,13108.0,5,688.3,585.6,67.2,0,38,0,0
CAB0417,2018,Trans-Pacific,carrier,None,11,33,13108.0,5,688.3,623.7,93.7,0,39,0,0
CAB0417,2019,Trans-Pacific,carrier,None,12,33,13108.0,5,688.3,588.5,53.1,0,41,0,0
CAB0417,2020,Trans-Pacific,carrier,None,13,33,13108.0,5,688.3,688.3,57.6,0,42,0,0
CAB0417,2021,Trans-Pacific,carrier,None,14,33,13108.0,5,688.3,688.3,76.0,0,43,0,0
CAB0417,2022,Trans-Pacific,carrier,None,15,33,13108.0,5,688.3,688.3,85.6,0,45,0,0
CAB0417,2023,Trans-Pacific,carrier,None,16,33,13108.0,5,688.3,688.3,100.0,0,47,0,0
CAB0417,2024,Trans-Pacific,carrier,None,17,33,13108.0,5,688.3,688.3,64.2,0,49,0,0
CAB0417,2025,Trans-Pacific,carrier,None,18,33,13108.0,5,688.3,688.3,51.1,0,50,0,0
CAB0418,2018,Intra-Asia,consortium,None,0,7,3575.0,5,256.0,74.3,59.1,1,62,0,0
CAB0418,2019,Intra-Asia,consortium,None,1,7,3575.0,5,256.0,86.6,86.9,1,64,0,0
CAB0418,2020,Intra-Asia,consortium,None,2,7,3575.0,5,256.0,79.0,44.8,1,66,0,1
CAB0418,2021,Intra-Asia,consortium,None,3,7,3575.0,5,256.0,116.8,30.3,1,69,1,0
CAB0418,2022,Intra-Asia,consortium,None,4,7,3575.0,5,256.0,131.3,41.8,1,70,0,1
CAB0418,2023,Intra-Asia,consortium,None,5,7,3575.0,5,256.0,140.1,20.4,1,70,1,1
CAB0418,2024,Intra-Asia,consortium,None,6,7,3575.0,5,256.0,164.0,45.2,1,75,1,0
CAB0418,2025,Intra-Asia,consortium,None,7,7,3575.0,5,256.0,164.2,51.4,1,77,0,1
CAB0419,2015,Indian-Ocean,hyperscaler,Hormuz,2,18,11123.0,7,529.7,211.5,29.2,0,31,1,0
CAB0419,2016,Indian-Ocean,hyperscaler,Hormuz,3,18,11123.0,7,529.7,240.2,58.3,0,33,0,1
CAB0419,2017,Indian-Ocean,hyperscaler,Hormuz,4,18,11123.0,7,529.7,267.2,37.9,0,33,1,1
CAB0419,2018,Indian-Ocean,hyperscaler,Hormuz,5,18,11123.0,7,529.7,302.2,40.3,0,35,1,1
CAB0419,2019,Indian-Ocean,hyperscaler,Hormuz,6,18,11123.0,7,529.7,317.9,28.4,0,35,1,1
CAB0419,2020,Indian-Ocean,hyperscaler,Hormuz,7,18,11123.0,7,529.7,361.3,82.6,0,36,1,1
CAB0419,2021,Indian-Ocean,hyperscaler,Hormuz,8,18,11123.0,7,529.7,373.4,51.7,0,39,1,0
CAB0419,2022,Indian-Ocean,hyperscaler,Hormuz,9,18,11123.0,7,529.7,388.2,64.9,0,39,0,1
CAB0419,2023,Indian-Ocean,hyperscaler,Hormuz,10,18,11123.0,7,529.7,478.6,79.9,0,40,1,1
CAB0419,2024,Indian-Ocean,hyperscaler,Hormuz,11,18,11123.0,7,529.7,507.5,47.4,0,41,1,1
CAB0419,2025,Indian-Ocean,hyperscaler,Hormuz,12,18,11123.0,7,529.7,516.3,43.1,0,44,1,1
CAB0420,2015,Trans-Atlantic,carrier,None,0,14,6401.0,6,452.0,103.8,68.7,0,33,0,0
CAB0420,2016,Trans-Atlantic,carrier,None,1,14,6401.0,6,452.0,173.4,52.5,0,37,0,0
CAB0420,2017,Trans-Atlantic,carrier,None,2,14,6401.0,6,452.0,196.2,74.9,0,37,0,0
CAB0420,2018,Trans-Atlantic,carrier,None,3,14,6401.0,6,452.0,191.9,59.7,0,40,0,0
CAB0420,2019,Trans-Atlantic,carrier,None,4,14,6401.0,6,452.0,237.4,33.8,0,45,0,0
CAB0420,2020,Trans-Atlantic,carrier,None,5,14,6401.0,6,452.0,247.6,87.6,0,48,0,1
CAB0420,2021,Trans-Atlantic,carrier,None,6,14,6401.0,6,452.0,283.9,74.5,0,50,1,0
CAB0420,2022,Trans-Atlantic,carrier,None,7,14,6401.0,6,452.0,306.5,36.5,0,51,0,0
CAB0420,2023,Trans-Atlantic,carrier,None,8,14,6401.0,6,452.0,305.1,97.1,0,54,0,0
CAB0420,2024,Trans-Atlantic,carrier,None,9,14,6401.0,6,452.0,371.6,31.4,0,58,0,0
CAB0420,2025,Trans-Atlantic,carrier,None,10,14,6401.0,6,452.0,369.8,89.2,0,62,0,0
CAB0421,2016,EMEA-Asia,hyperscaler,Hormuz,0,7,17350.0,6,236.0,64.3,54.0,0,29,0,0
CAB0421,2017,EMEA-Asia,hyperscaler,Hormuz,1,7,17350.0,6,236.0,78.2,57.9,0,32,0,0
CAB0421,2018,EMEA-Asia,hyperscaler,Hormuz,2,7,17350.0,6,236.0,93.7,63.1,0,34,0,0
CAB0421,2019,EMEA-Asia,hyperscaler,Hormuz,3,7,17350.0,6,236.0,102.1,30.1,0,37,0,0
CAB0421,2020,EMEA-Asia,hyperscaler,Hormuz,4,7,17350.0,6,236.0,125.9,19.6,0,40,0,0
CAB0421,2021,EMEA-Asia,hyperscaler,Hormuz,5,7,17350.0,6,236.0,130.3,45.5,0,44,0,0
CAB0421,2022,EMEA-Asia,hyperscaler,Hormuz,6,7,17350.0,6,236.0,165.2,27.3,0,45,0,0
CAB0421,2023,EMEA-Asia,hyperscaler,Hormuz,7,7,17350.0,6,236.0,162.3,56.2,0,47,0,0
CAB0421,2024,EMEA-Asia,hyperscaler,Hormuz,8,7,17350.0,6,236.0,172.2,44.3,0,48,0,0
CAB0421,2025,EMEA-Asia,hyperscaler,Hormuz,9,7,17350.0,6,236.0,189.1,98.1,0,47,0,0
CAB0422,2015,Trans-Atlantic,consortium,None,1,4,5288.0,6,123.4,32.9,41.5,1,33,1,1
CAB0422,2016,Trans-Atlantic,consortium,None,2,4,5288.0,6,123.4,54.1,54.1,1,37,1,0
CAB0422,2017,Trans-Atlantic,consortium,None,3,4,5288.0,6,123.4,55.6,62.0,1,37,0,1
CAB0422,2018,Trans-Atlantic,consortium,None,4,4,5288.0,6,123.4,66.3,34.0,1,40,1,0
CAB0422,2019,Trans-Atlantic,consortium,None,5,4,5288.0,6,123.4,69.4,30.2,1,45,0,0
CAB0422,2020,Trans-Atlantic,consortium,None,6,4,5288.0,6,123.4,82.1,50.7,1,48,0,0
CAB0422,2021,Trans-Atlantic,consortium,None,7,4,5288.0,6,123.4,84.2,47.2,1,50,0,0
CAB0422,2022,Trans-Atlantic,consortium,None,8,4,5288.0,6,123.4,91.4,42.7,1,51,0,0
CAB0422,2023,Trans-Atlantic,consortium,None,9,4,5288.0,6,123.4,99.9,67.4,1,54,0,0
CAB0422,2024,Trans-Atlantic,consortium,None,10,4,5288.0,6,123.4,96.0,71.2,1,58,0,0
CAB0422,2025,Trans-Atlantic,consortium,None,11,4,5288.0,6,123.4,119.1,91.7,1,62,0,0
CAB0423,2024,Intra-Asia,carrier,None,0,36,3820.0,6,1625.1,302.8,17.3,0,75,0,1
CAB0423,2025,Intra-Asia,carrier,None,1,36,3820.0,6,1625.1,557.5,63.9,0,77,1,0
CAB0424,2015,Intra-Asia,government,None,14,5,3264.0,5,61.4,61.4,85.7,1,53,0,0
CAB0424,2016,Intra-Asia,government,None,15,5,3264.0,5,61.4,61.4,41.5,1,59,0,0
CAB0424,2017,Intra-Asia,government,None,16,5,3264.0,5,61.4,61.4,84.1,1,60,0,0
CAB0424,2018,Intra-Asia,government,None,17,5,3264.0,5,61.4,61.4,74.9,1,62,0,0
CAB0424,2019,Intra-Asia,government,None,18,5,3264.0,5,61.4,61.4,87.4,1,64,0,0
CAB0424,2020,Intra-Asia,government,None,19,5,3264.0,5,61.4,61.4,63.3,1,66,0,0
CAB0424,2021,Intra-Asia,government,None,20,5,3264.0,5,61.4,61.4,100.0,1,69,0,0
CAB0424,2022,Intra-Asia,government,None,21,5,3264.0,5,61.4,61.4,70.9,1,70,0,0
CAB0424,2023,Intra-Asia,government,None,22,5,3264.0,5,61.4,61.4,61.4,1,70,0,0
CAB0424,2024,Intra-Asia,government,None,23,5,3264.0,5,61.4,61.4,87.2,1,75,0,0
CAB0424,2025,Intra-Asia,government,None,24,5,3264.0,5,61.4,61.4,98.0,1,77,0,0
CAB0425,2015,Trans-Atlantic,carrier,None,2,6,5639.0,5,176.6,50.2,21.5,1,33,0,0
CAB0425,2016,Trans-Atlantic,carrier,None,3,6,5639.0,5,176.6,77.2,72.3,1,37,0,0
CAB0425,2017,Trans-Atlantic,carrier,None,4,6,5639.0,5,176.6,85.9,48.1,1,37,0,0
CAB0425,2018,Trans-Atlantic,carrier,None,5,6,5639.0,5,176.6,91.7,45.2,1,40,0,0
CAB0425,2019,Trans-Atlantic,carrier,None,6,6,5639.0,5,176.6,112.7,36.8,1,45,0,0
CAB0425,2020,Trans-Atlantic,carrier,None,7,6,5639.0,5,176.6,129.5,55.1,1,48,0,0
CAB0425,2021,Trans-Atlantic,carrier,None,8,6,5639.0,5,176.6,116.7,52.7,1,50,0,0
CAB0425,2022,Trans-Atlantic,carrier,None,9,6,5639.0,5,176.6,151.8,71.0,1,51,0,0
CAB0425,2023,Trans-Atlantic,carrier,None,10,6,5639.0,5,176.6,155.0,50.7,1,54,0,0
CAB0425,2024,Trans-Atlantic,carrier,None,11,6,5639.0,5,176.6,167.1,31.3,1,58,0,0
CAB0425,2025,Trans-Atlantic,carrier,None,12,6,5639.0,5,176.6,155.0,64.0,1,62,0,0
CAB0426,2015,Intra-Pacific-Islands,carrier,None,4,6,3396.0,3,159.4,88.9,61.0,0,28,0,0
CAB0426,2016,Intra-Pacific-Islands,carrier,None,5,6,3396.0,3,159.4,86.7,16.1,0,29,0,0
CAB0426,2017,Intra-Pacific-Islands,carrier,None,6,6,3396.0,3,159.4,103.8,41.2,0,29,0,0
CAB0426,2018,Intra-Pacific-Islands,carrier,None,7,6,3396.0,3,159.4,100.3,77.4,0,30,0,0
CAB0426,2019,Intra-Pacific-Islands,carrier,None,8,6,3396.0,3,159.4,113.5,80.1,0,35,0,0
CAB0426,2020,Intra-Pacific-Islands,carrier,None,9,6,3396.0,3,159.4,123.5,51.1,0,40,0,0
CAB0426,2021,Intra-Pacific-Islands,carrier,None,10,6,3396.0,3,159.4,131.5,57.6,0,41,0,1
CAB0426,2022,Intra-Pacific-Islands,carrier,None,11,6,3396.0,3,159.4,144.0,95.4,0,43,1,0
CAB0426,2023,Intra-Pacific-Islands,carrier,None,12,6,3396.0,3,159.4,155.1,47.5,0,45,0,0
CAB0426,2024,Intra-Pacific-Islands,carrier,None,13,6,3396.0,3,159.4,159.4,63.3,0,48,0,0
CAB0426,2025,Intra-Pacific-Islands,carrier,None,14,6,3396.0,3,159.4,159.4,100.0,0,50,0,0
CAB0427,2015,Trans-Atlantic,hyperscaler,None,13,8,5510.0,5,109.7,109.7,92.1,0,33,0,0
CAB0427,2016,Trans-Atlantic,hyperscaler,None,14,8,5510.0,5,109.7,109.7,100.0,0,37,0,0
CAB0427,2017,Trans-Atlantic,hyperscaler,None,15,8,5510.0,5,109.7,109.7,84.0,0,37,0,0
CAB0427,2018,Trans-Atlantic,hyperscaler,None,16,8,5510.0,5,109.7,109.7,48.7,0,40,0,0
CAB0427,2019,Trans-Atlantic,hyperscaler,None,17,8,5510.0,5,109.7,109.7,62.9,0,45,0,0
CAB0427,2020,Trans-Atlantic,hyperscaler,None,18,8,5510.0,5,109.7,109.7,80.4,0,48,0,0
CAB0427,2021,Trans-Atlantic,hyperscaler,None,19,8,5510.0,5,109.7,109.7,95.5,0,50,0,0
CAB0427,2022,Trans-Atlantic,hyperscaler,None,20,8,5510.0,5,109.7,109.7,100.0,0,51,0,0
CAB0427,2023,Trans-Atlantic,hyperscaler,None,21,8,5510.0,5,109.7,109.7,89.4,0,54,0,0
CAB0427,2024,Trans-Atlantic,hyperscaler,None,22,8,5510.0,5,109.7,109.7,69.9,0,58,0,0
CAB0427,2025,Trans-Atlantic,hyperscaler,None,23,8,5510.0,5,109.7,109.7,61.9,0,62,0,1
CAB0428,2021,EMEA-Asia,carrier,None,0,5,8070.0,4,204.3,33.1,15.4,0,44,0,0
CAB0428,2022,EMEA-Asia,carrier,None,1,5,8070.0,4,204.3,48.1,45.0,0,45,0,0
CAB0428,2023,EMEA-Asia,carrier,None,2,5,8070.0,4,204.3,96.9,58.6,0,47,0,0
CAB0428,2024,EMEA-Asia,carrier,None,3,5,8070.0,4,204.3,79.0,48.7,0,48,0,0
CAB0428,2025,EMEA-Asia,carrier,None,4,5,8070.0,4,204.3,113.8,18.8,0,47,0,0
CAB0429,2015,Trans-Atlantic,hyperscaler,None,9,10,5761.0,6,194.3,157.6,60.0,1,33,0,0
CAB0429,2016,Trans-Atlantic,hyperscaler,None,10,10,5761.0,6,194.3,157.7,37.2,1,37,0,0
CAB0429,2017,Trans-Atlantic,hyperscaler,None,11,10,5761.0,6,194.3,162.6,71.4,1,37,0,0
CAB0429,2018,Trans-Atlantic,hyperscaler,None,12,10,5761.0,6,194.3,174.2,76.0,1,40,0,0
CAB0429,2019,Trans-Atlantic,hyperscaler,None,13,10,5761.0,6,194.3,194.3,82.4,1,45,0,0
CAB0429,2020,Trans-Atlantic,hyperscaler,None,14,10,5761.0,6,194.3,194.3,74.3,1,48,0,0
CAB0429,2021,Trans-Atlantic,hyperscaler,None,15,10,5761.0,6,194.3,194.3,56.7,1,50,0,0
CAB0429,2022,Trans-Atlantic,hyperscaler,None,16,10,5761.0,6,194.3,194.3,52.6,1,51,0,0
CAB0429,2023,Trans-Atlantic,hyperscaler,None,17,10,5761.0,6,194.3,194.3,60.9,1,54,0,0
CAB0429,2024,Trans-Atlantic,hyperscaler,None,18,10,5761.0,6,194.3,194.3,52.5,1,58,0,0
CAB0429,2025,Trans-Atlantic,hyperscaler,None,19,10,5761.0,6,194.3,194.3,95.7,1,62,0,0
CAB0430,2024,Intra-Pacific-Islands,hyperscaler,None,0,24,694.0,6,1083.4,244.1,31.2,1,48,0,0
CAB0430,2025,Intra-Pacific-Islands,hyperscaler,None,1,24,694.0,6,1083.4,433.7,36.8,1,50,0,0
CAB0431,2015,Intra-Europe,consortium,None,4,4,1044.0,3,106.3,50.7,65.2,1,41,1,0
CAB0431,2016,Intra-Europe,consortium,None,5,4,1044.0,3,106.3,58.6,20.4,1,42,0,0
CAB0431,2017,Intra-Europe,consortium,None,6,4,1044.0,3,106.3,62.5,35.3,1,44,0,0
CAB0431,2018,Intra-Europe,consortium,None,7,4,1044.0,3,106.3,67.2,50.7,1,45,0,0
CAB0431,2019,Intra-Europe,consortium,None,8,4,1044.0,3,106.3,75.2,64.6,1,47,0,0
CAB0431,2020,Intra-Europe,consortium,None,9,4,1044.0,3,106.3,86.4,64.1,1,49,0,0
CAB0431,2021,Intra-Europe,consortium,None,10,4,1044.0,3,106.3,94.3,28.1,1,49,0,0
CAB0431,2022,Intra-Europe,consortium,None,11,4,1044.0,3,106.3,96.5,36.2,1,52,0,0
CAB0431,2023,Intra-Europe,consortium,None,12,4,1044.0,3,106.3,102.2,69.5,1,53,0,1
CAB0431,2024,Intra-Europe,consortium,None,13,4,1044.0,3,106.3,106.3,44.5,1,53,1,0
CAB0431,2025,Intra-Europe,consortium,None,14,4,1044.0,3,106.3,106.3,73.0,1,58,0,1
CAB0432,2019,Trans-Atlantic,consortium,None,0,16,5152.0,3,608.0,123.7,47.2,0,45,0,0
CAB0432,2020,Trans-Atlantic,consortium,None,1,16,5152.0,3,608.0,170.0,15.9,0,48,0,0
CAB0432,2021,Trans-Atlantic,consortium,None,2,16,5152.0,3,608.0,220.5,87.1,0,50,0,0
CAB0432,2022,Trans-Atlantic,consortium,None,3,16,5152.0,3,608.0,350.1,61.7,0,51,0,0
CAB0432,2023,Trans-Atlantic,consortium,None,4,16,5152.0,3,608.0,304.3,95.5,0,54,0,0
CAB0432,2024,Trans-Atlantic,consortium,None,5,16,5152.0,3,608.0,328.3,55.9,0,58,0,0
CAB0432,2025,Trans-Atlantic,consortium,None,6,16,5152.0,3,608.0,400.7,60.1,0,62,0,0
CAB0433,2015,Africa-Coastal,consortium,None,12,28,7685.0,10,424.0,424.0,40.1,1,36,0,0
CAB0433,2016,Africa-Coastal,consortium,None,13,28,7685.0,10,424.0,424.0,51.8,1,37,0,0
CAB0433,2017,Africa-Coastal,consortium,None,14,28,7685.0,10,424.0,424.0,66.1,1,40,0,1
CAB0433,2018,Africa-Coastal,consortium,None,15,28,7685.0,10,424.0,424.0,57.0,1,40,1,0
CAB0433,2019,Africa-Coastal,consortium,None,16,28,7685.0,10,424.0,424.0,100.0,1,42,0,0
CAB0433,2020,Africa-Coastal,consortium,None,17,28,7685.0,10,424.0,424.0,71.6,1,43,0,0
CAB0433,2021,Africa-Coastal,consortium,None,18,28,7685.0,10,424.0,424.0,67.2,1,44,0,0
CAB0433,2022,Africa-Coastal,consortium,None,19,28,7685.0,10,424.0,424.0,60.8,1,45,0,0
CAB0433,2023,Africa-Coastal,consortium,None,20,28,7685.0,10,424.0,424.0,66.3,1,47,0,0
CAB0433,2024,Africa-Coastal,consortium,None,21,28,7685.0,10,424.0,424.0,83.7,1,49,0,0
CAB0433,2025,Africa-Coastal,consortium,None,22,28,7685.0,10,424.0,424.0,99.9,1,52,0,0
CAB0434,2015,Intra-Europe,government,None,2,4,547.0,8,117.7,44.9,44.8,0,41,0,0
CAB0434,2016,Intra-Europe,government,None,3,4,547.0,8,117.7,47.7,73.6,0,42,0,0
CAB0434,2017,Intra-Europe,government,None,4,4,547.0,8,117.7,56.8,61.7,0,44,0,0
CAB0434,2018,Intra-Europe,government,None,5,4,547.0,8,117.7,72.3,45.6,0,45,0,0
CAB0434,2019,Intra-Europe,government,None,6,4,547.0,8,117.7,67.2,24.8,0,47,0,0
CAB0434,2020,Intra-Europe,government,None,7,4,547.0,8,117.7,83.1,38.7,0,49,0,0
CAB0434,2021,Intra-Europe,government,None,8,4,547.0,8,117.7,80.0,30.1,0,49,0,1
CAB0434,2022,Intra-Europe,government,None,9,4,547.0,8,117.7,100.6,32.7,0,52,1,1
CAB0434,2023,Intra-Europe,government,None,10,4,547.0,8,117.7,92.0,85.2,0,53,1,0
CAB0434,2024,Intra-Europe,government,None,11,4,547.0,8,117.7,106.1,71.4,0,53,0,0
CAB0434,2025,Intra-Europe,government,None,12,4,547.0,8,117.7,117.7,65.4,0,58,0,0
CAB0435,2015,Indian-Ocean,carrier,Bab-el-Mandeb,0,9,10735.0,3,290.6,55.0,36.4,1,31,0,0
CAB0435,2016,Indian-Ocean,carrier,Bab-el-Mandeb,1,9,10735.0,3,290.6,88.1,26.6,1,33,0,1
CAB0435,2017,Indian-Ocean,carrier,Bab-el-Mandeb,2,9,10735.0,3,290.6,111.3,12.6,1,33,1,0
CAB0435,2018,Indian-Ocean,carrier,Bab-el-Mandeb,3,9,10735.0,3,290.6,150.3,65.6,1,35,0,0
CAB0435,2019,Indian-Ocean,carrier,Bab-el-Mandeb,4,9,10735.0,3,290.6,132.5,22.2,1,35,0,0
CAB0435,2020,Indian-Ocean,carrier,Bab-el-Mandeb,5,9,10735.0,3,290.6,145.7,64.2,1,36,0,0
CAB0435,2021,Indian-Ocean,carrier,Bab-el-Mandeb,6,9,10735.0,3,290.6,161.4,38.0,1,39,0,0
CAB0435,2022,Indian-Ocean,carrier,Bab-el-Mandeb,7,9,10735.0,3,290.6,210.3,35.4,1,39,0,0
CAB0435,2023,Indian-Ocean,carrier,Bab-el-Mandeb,8,9,10735.0,3,290.6,206.7,40.3,1,40,0,0
CAB0435,2024,Indian-Ocean,carrier,Bab-el-Mandeb,9,9,10735.0,3,290.6,216.3,57.4,1,41,0,0
CAB0435,2025,Indian-Ocean,carrier,Bab-el-Mandeb,10,9,10735.0,3,290.6,222.5,88.0,1,44,0,0
CAB0436,2015,Intra-Europe,consortium,None,2,6,1100.0,4,176.6,63.4,20.1,0,41,0,0
CAB0436,2016,Intra-Europe,consortium,None,3,6,1100.0,4,176.6,81.8,47.5,0,42,0,0
CAB0436,2017,Intra-Europe,consortium,None,4,6,1100.0,4,176.6,77.9,30.1,0,44,0,0
CAB0436,2018,Intra-Europe,consortium,None,5,6,1100.0,4,176.6,94.7,23.1,0,45,0,0
CAB0436,2019,Intra-Europe,consortium,None,6,6,1100.0,4,176.6,97.6,74.7,0,47,0,0
CAB0436,2020,Intra-Europe,consortium,None,7,6,1100.0,4,176.6,136.4,51.8,0,49,0,0
CAB0436,2021,Intra-Europe,consortium,None,8,6,1100.0,4,176.6,133.4,45.6,0,49,0,0
CAB0436,2022,Intra-Europe,consortium,None,9,6,1100.0,4,176.6,142.6,45.7,0,52,0,0
CAB0436,2023,Intra-Europe,consortium,None,10,6,1100.0,4,176.6,146.5,65.8,0,53,0,0
CAB0436,2024,Intra-Europe,consortium,None,11,6,1100.0,4,176.6,159.6,75.4,0,53,0,0
CAB0436,2025,Intra-Europe,consortium,None,12,6,1100.0,4,176.6,176.6,100.0,0,58,0,0
CAB0437,2015,Intra-Europe,consortium,None,1,9,376.0,5,277.7,90.1,53.1,0,41,0,0
CAB0437,2016,Intra-Europe,consortium,None,2,9,376.0,5,277.7,118.9,52.3,0,42,0,0
CAB0437,2017,Intra-Europe,consortium,None,3,9,376.0,5,277.7,123.2,33.6,0,44,0,0
CAB0437,2018,Intra-Europe,consortium,None,4,9,376.0,5,277.7,160.1,45.7,0,45,0,0
CAB0437,2019,Intra-Europe,consortium,None,5,9,376.0,5,277.7,167.6,31.3,0,47,0,0
CAB0437,2020,Intra-Europe,consortium,None,6,9,376.0,5,277.7,164.8,21.6,0,49,0,0
CAB0437,2021,Intra-Europe,consortium,None,7,9,376.0,5,277.7,192.6,37.3,0,49,0,0
CAB0437,2022,Intra-Europe,consortium,None,8,9,376.0,5,277.7,225.3,65.3,0,52,0,0
CAB0437,2023,Intra-Europe,consortium,None,9,9,376.0,5,277.7,216.6,59.7,0,53,0,0
CAB0437,2024,Intra-Europe,consortium,None,10,9,376.0,5,277.7,239.1,74.7,0,53,0,0
CAB0437,2025,Intra-Europe,consortium,None,11,9,376.0,5,277.7,277.7,78.4,0,58,0,0
CAB0438,2016,Intra-Asia,hyperscaler,None,0,19,2912.0,4,640.6,122.5,36.6,0,59,0,1
CAB0438,2017,Intra-Asia,hyperscaler,None,1,19,2912.0,4,640.6,185.2,62.1,0,60,1,0
CAB0438,2018,Intra-Asia,hyperscaler,None,2,19,2912.0,4,640.6,253.5,15.6,0,62,0,0
CAB0438,2019,Intra-Asia,hyperscaler,None,3,19,2912.0,4,640.6,284.9,53.3,0,64,0,0
CAB0438,2020,Intra-Asia,hyperscaler,None,4,19,2912.0,4,640.6,308.0,58.6,0,66,0,0
CAB0438,2021,Intra-Asia,hyperscaler,None,5,19,2912.0,4,640.6,365.1,11.9,0,69,0,0
CAB0438,2022,Intra-Asia,hyperscaler,None,6,19,2912.0,4,640.6,324.5,50.5,0,70,0,0
CAB0438,2023,Intra-Asia,hyperscaler,None,7,19,2912.0,4,640.6,436.7,42.1,0,70,0,1
CAB0438,2024,Intra-Asia,hyperscaler,None,8,19,2912.0,4,640.6,501.6,50.6,0,75,1,0
CAB0438,2025,Intra-Asia,hyperscaler,None,9,19,2912.0,4,640.6,534.6,46.2,0,77,0,0
CAB0439,2018,Americas,hyperscaler,None,0,7,5359.0,3,256.0,66.4,8.9,1,31,0,0
CAB0439,2019,Americas,hyperscaler,None,1,7,5359.0,3,256.0,80.8,30.8,1,32,0,0
CAB0439,2020,Americas,hyperscaler,None,2,7,5359.0,3,256.0,83.1,52.9,1,33,0,0
CAB0439,2021,Americas,hyperscaler,None,3,7,5359.0,3,256.0,112.0,66.9,1,37,0,0
CAB0439,2022,Americas,hyperscaler,None,4,7,5359.0,3,256.0,128.8,65.3,1,37,0,0
CAB0439,2023,Americas,hyperscaler,None,5,7,5359.0,3,256.0,149.5,66.0,1,37,0,0
CAB0439,2024,Americas,hyperscaler,None,6,7,5359.0,3,256.0,150.9,19.1,1,39,0,0
CAB0439,2025,Americas,hyperscaler,None,7,7,5359.0,3,256.0,180.0,19.3,1,39,0,0
CAB0440,2015,EMEA-Asia,carrier,None,5,24,17158.0,4,603.4,314.4,48.8,1,27,0,0
CAB0440,2016,EMEA-Asia,carrier,None,6,24,17158.0,4,603.4,340.8,41.1,1,29,0,0
CAB0440,2017,EMEA-Asia,carrier,None,7,24,17158.0,4,603.4,405.3,72.6,1,32,0,1
CAB0440,2018,EMEA-Asia,carrier,None,8,24,17158.0,4,603.4,389.0,75.1,1,34,1,0
CAB0440,2019,EMEA-Asia,carrier,None,9,24,17158.0,4,603.4,442.1,44.7,1,37,0,0
CAB0440,2020,EMEA-Asia,carrier,None,10,24,17158.0,4,603.4,535.3,81.1,1,40,0,0
CAB0440,2021,EMEA-Asia,carrier,None,11,24,17158.0,4,603.4,516.5,72.2,1,44,0,0
CAB0440,2022,EMEA-Asia,carrier,None,12,24,17158.0,4,603.4,544.9,34.4,1,45,0,0
CAB0440,2023,EMEA-Asia,carrier,None,13,24,17158.0,4,603.4,603.4,86.0,1,47,0,0
CAB0440,2024,EMEA-Asia,carrier,None,14,24,17158.0,4,603.4,603.4,48.1,1,48,0,0
CAB0440,2025,EMEA-Asia,carrier,None,15,24,17158.0,4,603.4,603.4,53.8,1,47,0,0
CAB0441,2022,Trans-Pacific,consortium,None,0,11,14438.0,6,465.1,127.8,44.8,1,45,0,0
CAB0441,2023,Trans-Pacific,consortium,None,1,11,14438.0,6,465.1,137.6,13.7,1,47,0,0
CAB0441,2024,Trans-Pacific,consortium,None,2,11,14438.0,6,465.1,179.6,49.5,1,49,0,0
CAB0441,2025,Trans-Pacific,consortium,None,3,11,14438.0,6,465.1,203.4,41.2,1,50,0,0
CAB0442,2021,Americas,consortium,Panama,0,22,6729.0,9,898.9,182.7,32.4,0,37,0,0
CAB0442,2022,Americas,consortium,Panama,1,22,6729.0,9,898.9,221.5,64.4,0,37,0,0
CAB0442,2023,Americas,consortium,Panama,2,22,6729.0,9,898.9,296.2,50.0,0,37,0,0
CAB0442,2024,Americas,consortium,Panama,3,22,6729.0,9,898.9,318.6,20.3,0,39,0,0
CAB0442,2025,Americas,consortium,Panama,4,22,6729.0,9,898.9,484.0,25.3,0,39,0,0
CAB0443,2021,EMEA-Asia,hyperscaler,Hormuz,0,22,17715.0,8,898.9,227.1,18.5,0,44,0,0
CAB0443,2022,EMEA-Asia,hyperscaler,Hormuz,1,22,17715.0,8,898.9,293.3,66.9,0,45,0,1
CAB0443,2023,EMEA-Asia,hyperscaler,Hormuz,2,22,17715.0,8,898.9,357.0,55.3,0,47,1,0
CAB0443,2024,EMEA-Asia,hyperscaler,Hormuz,3,22,17715.0,8,898.9,417.4,64.0,0,48,0,0
CAB0443,2025,EMEA-Asia,hyperscaler,Hormuz,4,22,17715.0,8,898.9,395.8,54.6,0,47,0,1
CAB0444,2021,EMEA-Asia,consortium,None,0,17,9243.0,3,694.6,172.8,21.7,1,44,0,0
CAB0444,2022,EMEA-Asia,consortium,None,1,17,9243.0,3,694.6,248.4,20.4,1,45,0,0
CAB0444,2023,EMEA-Asia,consortium,None,2,17,9243.0,3,694.6,251.0,41.5,1,47,0,0
CAB0444,2024,EMEA-Asia,consortium,None,3,17,9243.0,3,694.6,257.5,72.1,1,48,0,0
CAB0444,2025,EMEA-Asia,consortium,None,4,17,9243.0,3,694.6,324.8,22.0,1,47,0,0
CAB0445,2015,Trans-Pacific,consortium,None,11,19,10698.0,5,314.9,292.5,37.1,0,35,0,0
CAB0445,2016,Trans-Pacific,consortium,None,12,19,10698.0,5,314.9,314.9,42.7,0,37,0,0
CAB0445,2017,Trans-Pacific,consortium,None,13,19,10698.0,5,314.9,310.3,34.4,0,38,0,0
CAB0445,2018,Trans-Pacific,consortium,None,14,19,10698.0,5,314.9,314.9,86.7,0,39,0,1
CAB0445,2019,Trans-Pacific,consortium,None,15,19,10698.0,5,314.9,314.9,38.5,0,41,1,0
CAB0445,2020,Trans-Pacific,consortium,None,16,19,10698.0,5,314.9,314.9,37.5,0,42,0,0
CAB0445,2021,Trans-Pacific,consortium,None,17,19,10698.0,5,314.9,314.9,85.2,0,43,0,1
CAB0445,2022,Trans-Pacific,consortium,None,18,19,10698.0,5,314.9,314.9,74.5,0,45,1,1
CAB0445,2023,Trans-Pacific,consortium,None,19,19,10698.0,5,314.9,314.9,82.0,0,47,1,1
CAB0445,2024,Trans-Pacific,consortium,None,20,19,10698.0,5,314.9,314.9,72.5,0,49,1,0
CAB0445,2025,Trans-Pacific,consortium,None,21,19,10698.0,5,314.9,314.9,80.2,0,50,0,0
CAB0446,2015,Trans-Atlantic,consortium,None,9,3,5704.0,7,58.3,41.1,88.1,1,33,0,0
CAB0446,2016,Trans-Atlantic,consortium,None,10,3,5704.0,7,58.3,48.7,47.2,1,37,0,0
CAB0446,2017,Trans-Atlantic,consortium,None,11,3,5704.0,7,58.3,49.4,80.4,1,37,0,0
CAB0446,2018,Trans-Atlantic,consortium,None,12,3,5704.0,7,58.3,58.3,62.3,1,40,0,0
CAB0446,2019,Trans-Atlantic,consortium,None,13,3,5704.0,7,58.3,54.6,66.7,1,45,0,0
CAB0446,2020,Trans-Atlantic,consortium,None,14,3,5704.0,7,58.3,58.3,73.6,1,48,0,0
CAB0446,2021,Trans-Atlantic,consortium,None,15,3,5704.0,7,58.3,58.3,71.6,1,50,0,0
CAB0446,2022,Trans-Atlantic,consortium,None,16,3,5704.0,7,58.3,58.3,100.0,1,51,0,0
CAB0446,2023,Trans-Atlantic,consortium,None,17,3,5704.0,7,58.3,58.3,55.0,1,54,0,0
CAB0446,2024,Trans-Atlantic,consortium,None,18,3,5704.0,7,58.3,58.3,84.6,1,58,0,0
CAB0446,2025,Trans-Atlantic,consortium,None,19,3,5704.0,7,58.3,58.3,73.7,1,62,0,0
CAB0447,2015,Intra-Europe,consortium,None,4,4,2783.0,5,106.3,41.9,74.4,1,41,0,0
CAB0447,2016,Intra-Europe,consortium,None,5,4,2783.0,5,106.3,51.3,53.1,1,42,0,1
CAB0447,2017,Intra-Europe,consortium,None,6,4,2783.0,5,106.3,62.4,48.8,1,44,1,1
CAB0447,2018,Intra-Europe,consortium,None,7,4,2783.0,5,106.3,78.5,35.6,1,45,1,0
CAB0447,2019,Intra-Europe,consortium,None,8,4,2783.0,5,106.3,72.7,47.6,1,47,0,0
CAB0447,2020,Intra-Europe,consortium,None,9,4,2783.0,5,106.3,80.1,29.6,1,49,0,0
CAB0447,2021,Intra-Europe,consortium,None,10,4,2783.0,5,106.3,97.1,86.8,1,49,0,1
CAB0447,2022,Intra-Europe,consortium,None,11,4,2783.0,5,106.3,102.9,94.3,1,52,1,0
CAB0447,2023,Intra-Europe,consortium,None,12,4,2783.0,5,106.3,99.6,67.0,1,53,0,1
CAB0447,2024,Intra-Europe,consortium,None,13,4,2783.0,5,106.3,106.3,88.2,1,53,1,0
CAB0447,2025,Intra-Europe,consortium,None,14,4,2783.0,5,106.3,106.3,83.8,1,58,0,0
CAB0448,2023,Africa-Coastal,consortium,None,0,17,4710.0,3,743.1,146.0,42.5,1,47,0,0
CAB0448,2024,Africa-Coastal,consortium,None,1,17,4710.0,3,743.1,206.9,14.4,1,49,0,0
CAB0448,2025,Africa-Coastal,consortium,None,2,17,4710.0,3,743.1,250.4,57.3,1,52,0,1
CAB0449,2015,EMEA-Asia,consortium,None,2,18,16011.0,4,529.7,161.6,45.4,0,27,0,0
CAB0449,2016,EMEA-Asia,consortium,None,3,18,16011.0,4,529.7,208.7,50.3,0,29,0,0
CAB0449,2017,EMEA-Asia,consortium,None,4,18,16011.0,4,529.7,235.3,14.0,0,32,0,1
CAB0449,2018,EMEA-Asia,consortium,None,5,18,16011.0,4,529.7,330.1,12.5,0,34,1,1
CAB0449,2019,EMEA-Asia,consortium,None,6,18,16011.0,4,529.7,292.7,35.3,0,37,1,0
CAB0449,2020,EMEA-Asia,consortium,None,7,18,16011.0,4,529.7,336.3,83.8,0,40,0,0
CAB0449,2021,EMEA-Asia,consortium,None,8,18,16011.0,4,529.7,365.2,46.6,0,44,0,0
CAB0449,2022,EMEA-Asia,consortium,None,9,18,16011.0,4,529.7,401.2,54.7,0,45,0,0
CAB0449,2023,EMEA-Asia,consortium,None,10,18,16011.0,4,529.7,478.9,46.0,0,47,0,0
CAB0449,2024,EMEA-Asia,consortium,None,11,18,16011.0,4,529.7,497.3,60.8,0,48,0,1
CAB0449,2025,EMEA-Asia,consortium,None,12,18,16011.0,4,529.7,517.5,48.5,0,47,1,0
CAB0450,2015,Trans-Pacific,hyperscaler,None,9,10,9055.0,5,194.3,157.9,54.7,1,35,0,0
CAB0450,2016,Trans-Pacific,hyperscaler,None,10,10,9055.0,5,194.3,151.6,87.3,1,37,0,0
CAB0450,2017,Trans-Pacific,hyperscaler,None,11,10,9055.0,5,194.3,193.5,93.1,1,38,0,0
CAB0450,2018,Trans-Pacific,hyperscaler,None,12,10,9055.0,5,194.3,183.8,88.6,1,39,0,0
CAB0450,2019,Trans-Pacific,hyperscaler,None,13,10,9055.0,5,194.3,194.3,82.0,1,41,0,0
CAB0450,2020,Trans-Pacific,hyperscaler,None,14,10,9055.0,5,194.3,194.3,91.5,1,42,0,0
CAB0450,2021,Trans-Pacific,hyperscaler,None,15,10,9055.0,5,194.3,194.3,57.8,1,43,0,0
CAB0450,2022,Trans-Pacific,hyperscaler,None,16,10,9055.0,5,194.3,194.3,58.8,1,45,0,0
CAB0450,2023,Trans-Pacific,hyperscaler,None,17,10,9055.0,5,194.3,194.3,90.0,1,47,0,0
CAB0450,2024,Trans-Pacific,hyperscaler,None,18,10,9055.0,5,194.3,194.3,65.2,1,49,0,0
CAB0450,2025,Trans-Pacific,hyperscaler,None,19,10,9055.0,5,194.3,194.3,100.0,1,50,0,0
CAB0451,2015,Americas,consortium,None,16,22,2345.0,5,207.4,207.4,51.9,1,28,0,0
CAB0451,2016,Americas,consortium,None,17,22,2345.0,5,207.4,207.4,37.8,1,29,0,0
CAB0451,2017,Americas,consortium,None,18,22,2345.0,5,207.4,207.4,69.4,1,29,0,0
CAB0451,2018,Americas,consortium,None,19,22,2345.0,5,207.4,207.4,92.7,1,31,0,0
CAB0451,2019,Americas,consortium,None,20,22,2345.0,5,207.4,207.4,100.0,1,32,0,0
CAB0451,2020,Americas,consortium,None,21,22,2345.0,5,207.4,207.4,59.9,1,33,0,0
CAB0451,2021,Americas,consortium,None,22,22,2345.0,5,207.4,207.4,100.0,1,37,0,0
CAB0451,2022,Americas,consortium,None,23,22,2345.0,5,207.4,207.4,59.9,1,37,0,0
CAB0451,2023,Americas,consortium,None,24,22,2345.0,5,207.4,207.4,100.0,1,37,0,0
CAB0451,2024,Americas,consortium,None,25,22,2345.0,5,207.4,207.4,100.0,1,39,0,0
CAB0452,2015,Trans-Atlantic,hyperscaler,None,10,5,7371.0,5,90.0,79.6,51.3,1,33,0,0
CAB0452,2016,Trans-Atlantic,hyperscaler,None,11,5,7371.0,5,90.0,88.4,67.1,1,37,0,0
CAB0452,2017,Trans-Atlantic,hyperscaler,None,12,5,7371.0,5,90.0,84.0,59.1,1,37,0,0
CAB0452,2018,Trans-Atlantic,hyperscaler,None,13,5,7371.0,5,90.0,88.8,87.9,1,40,0,0
CAB0452,2019,Trans-Atlantic,hyperscaler,None,14,5,7371.0,5,90.0,90.0,100.0,1,45,0,0
CAB0452,2020,Trans-Atlantic,hyperscaler,None,15,5,7371.0,5,90.0,90.0,78.1,1,48,0,0
CAB0452,2021,Trans-Atlantic,hyperscaler,None,16,5,7371.0,5,90.0,90.0,57.0,1,50,0,0
CAB0452,2022,Trans-Atlantic,hyperscaler,None,17,5,7371.0,5,90.0,90.0,55.4,1,51,0,0
CAB0452,2023,Trans-Atlantic,hyperscaler,None,18,5,7371.0,5,90.0,90.0,73.0,1,54,0,0
CAB0452,2024,Trans-Atlantic,hyperscaler,None,19,5,7371.0,5,90.0,90.0,70.1,1,58,0,0
CAB0452,2025,Trans-Atlantic,hyperscaler,None,20,5,7371.0,5,90.0,90.0,51.1,1,62,0,0
CAB0453,2019,EMEA-Asia,consortium,Hormuz,0,16,11735.0,4,608.0,222.7,15.8,1,37,0,0
CAB0453,2020,EMEA-Asia,consortium,Hormuz,1,16,11735.0,4,608.0,148.5,46.7,1,40,0,0
CAB0453,2021,EMEA-Asia,consortium,Hormuz,2,16,11735.0,4,608.0,188.7,60.3,1,44,0,0
CAB0453,2022,EMEA-Asia,consortium,Hormuz,3,16,11735.0,4,608.0,320.6,73.3,1,45,0,0
CAB0453,2023,EMEA-Asia,consortium,Hormuz,4,16,11735.0,4,608.0,274.0,64.8,1,47,0,0
CAB0453,2024,EMEA-Asia,consortium,Hormuz,5,16,11735.0,4,608.0,352.1,17.1,1,48,0,0
CAB0453,2025,EMEA-Asia,consortium,Hormuz,6,16,11735.0,4,608.0,348.9,52.5,1,47,0,0
CAB0454,2015,Intra-Pacific-Islands,consortium,None,14,8,2409.0,6,98.3,98.3,70.5,1,28,0,0
CAB0454,2016,Intra-Pacific-Islands,consortium,None,15,8,2409.0,6,98.3,98.3,46.8,1,29,0,0
CAB0454,2017,Intra-Pacific-Islands,consortium,None,16,8,2409.0,6,98.3,98.3,86.0,1,29,0,0
CAB0454,2018,Intra-Pacific-Islands,consortium,None,17,8,2409.0,6,98.3,98.3,80.2,1,30,0,0
CAB0454,2019,Intra-Pacific-Islands,consortium,None,18,8,2409.0,6,98.3,98.3,72.8,1,35,0,0
CAB0454,2020,Intra-Pacific-Islands,consortium,None,19,8,2409.0,6,98.3,98.3,100.0,1,40,0,0
CAB0454,2021,Intra-Pacific-Islands,consortium,None,20,8,2409.0,6,98.3,98.3,49.1,1,41,0,0
CAB0454,2022,Intra-Pacific-Islands,consortium,None,21,8,2409.0,6,98.3,98.3,75.7,1,43,0,0
CAB0454,2023,Intra-Pacific-Islands,consortium,None,22,8,2409.0,6,98.3,98.3,100.0,1,45,0,0
CAB0454,2024,Intra-Pacific-Islands,consortium,None,23,8,2409.0,6,98.3,98.3,80.9,1,48,0,0
CAB0454,2025,Intra-Pacific-Islands,consortium,None,24,8,2409.0,6,98.3,98.3,100.0,1,50,0,0
CAB0455,2015,Intra-Europe,carrier,None,2,6,2361.0,8,176.6,52.9,37.4,1,41,0,0
CAB0455,2016,Intra-Europe,carrier,None,3,6,2361.0,8,176.6,70.9,20.3,1,42,0,0
CAB0455,2017,Intra-Europe,carrier,None,4,6,2361.0,8,176.6,84.4,26.5,1,44,0,0
CAB0455,2018,Intra-Europe,carrier,None,5,6,2361.0,8,176.6,110.1,33.8,1,45,0,0
CAB0455,2019,Intra-Europe,carrier,None,6,6,2361.0,8,176.6,100.3,75.5,1,47,0,0
CAB0455,2020,Intra-Europe,carrier,None,7,6,2361.0,8,176.6,122.3,31.3,1,49,0,0
CAB0455,2021,Intra-Europe,carrier,None,8,6,2361.0,8,176.6,135.7,93.3,1,49,0,0
CAB0455,2022,Intra-Europe,carrier,None,9,6,2361.0,8,176.6,141.3,99.2,1,52,0,0
CAB0455,2023,Intra-Europe,carrier,None,10,6,2361.0,8,176.6,156.3,37.9,1,53,0,0
CAB0455,2024,Intra-Europe,carrier,None,11,6,2361.0,8,176.6,162.4,68.9,1,53,0,0
CAB0455,2025,Intra-Europe,carrier,None,12,6,2361.0,8,176.6,159.8,72.4,1,58,0,0
CAB0456,2024,Africa-Coastal,consortium,None,0,12,3683.0,6,541.7,121.8,55.2,1,49,0,0
CAB0456,2025,Africa-Coastal,consortium,None,1,12,3683.0,6,541.7,222.6,9.8,1,52,0,0
CAB0457,2021,Intra-Asia,consortium,None,0,17,1736.0,5,694.6,147.3,41.5,1,69,0,0
CAB0457,2022,Intra-Asia,consortium,None,1,17,1736.0,5,694.6,227.6,49.2,1,70,0,0
CAB0457,2023,Intra-Asia,consortium,None,2,17,1736.0,5,694.6,357.8,57.1,1,70,0,0
CAB0457,2024,Intra-Asia,consortium,None,3,17,1736.0,5,694.6,353.7,83.1,1,75,0,0
CAB0457,2025,Intra-Asia,consortium,None,4,17,1736.0,5,694.6,286.3,22.8,1,77,0,0
CAB0458,2015,Africa-Coastal,consortium,None,0,4,11197.0,4,129.1,37.8,67.1,1,36,0,0
CAB0458,2016,Africa-Coastal,consortium,None,1,4,11197.0,4,129.1,38.0,86.7,1,37,0,0
CAB0458,2017,Africa-Coastal,consortium,None,2,4,11197.0,4,129.1,35.6,9.6,1,40,0,0
CAB0458,2018,Africa-Coastal,consortium,None,3,4,11197.0,4,129.1,60.6,15.6,1,40,0,1
CAB0458,2019,Africa-Coastal,consortium,None,4,4,11197.0,4,129.1,62.0,42.4,1,42,1,1
CAB0458,2020,Africa-Coastal,consortium,None,5,4,11197.0,4,129.1,64.2,76.4,1,43,1,0
CAB0458,2021,Africa-Coastal,consortium,None,6,4,11197.0,4,129.1,78.6,22.1,1,44,0,0
CAB0458,2022,Africa-Coastal,consortium,None,7,4,11197.0,4,129.1,87.4,70.0,1,45,0,0
CAB0458,2023,Africa-Coastal,consortium,None,8,4,11197.0,4,129.1,104.1,57.9,1,47,0,0
CAB0458,2024,Africa-Coastal,consortium,None,9,4,11197.0,4,129.1,103.9,65.0,1,49,0,1
CAB0458,2025,Africa-Coastal,consortium,None,10,4,11197.0,4,129.1,103.6,57.5,1,52,1,1
CAB0459,2019,Trans-Atlantic,carrier,None,0,48,6581.0,8,1824.0,211.1,23.8,0,45,0,0
CAB0459,2020,Trans-Atlantic,carrier,None,1,48,6581.0,8,1824.0,684.6,11.1,0,48,0,0
CAB0459,2021,Trans-Atlantic,carrier,None,2,48,6581.0,8,1824.0,620.9,28.8,0,50,0,0
CAB0459,2022,Trans-Atlantic,carrier,None,3,48,6581.0,8,1824.0,902.0,65.8,0,51,0,0
CAB0459,2023,Trans-Atlantic,carrier,None,4,48,6581.0,8,1824.0,974.6,75.6,0,54,0,0
CAB0459,2024,Trans-Atlantic,carrier,None,5,48,6581.0,8,1824.0,1024.9,69.9,0,58,0,0
CAB0459,2025,Trans-Atlantic,carrier,None,6,48,6581.0,8,1824.0,1009.2,42.1,0,62,0,0
CAB0460,2015,Trans-Pacific,carrier,None,17,14,14102.0,5,112.0,112.0,99.4,1,35,0,0
CAB0460,2016,Trans-Pacific,carrier,None,18,14,14102.0,5,112.0,112.0,88.4,1,37,0,0
CAB0460,2017,Trans-Pacific,carrier,None,19,14,14102.0,5,112.0,112.0,72.8,1,38,0,0
CAB0460,2018,Trans-Pacific,carrier,None,20,14,14102.0,5,112.0,112.0,57.3,1,39,0,0
CAB0460,2019,Trans-Pacific,carrier,None,21,14,14102.0,5,112.0,112.0,72.1,1,41,0,0
CAB0460,2020,Trans-Pacific,carrier,None,22,14,14102.0,5,112.0,112.0,100.0,1,42,0,0
CAB0460,2021,Trans-Pacific,carrier,None,23,14,14102.0,5,112.0,112.0,91.7,1,43,0,0
CAB0460,2022,Trans-Pacific,carrier,None,24,14,14102.0,5,112.0,112.0,100.0,1,45,0,0
CAB0460,2023,Trans-Pacific,carrier,None,25,14,14102.0,5,112.0,112.0,100.0,1,47,0,0
CAB0460,2024,Trans-Pacific,carrier,None,26,14,14102.0,5,112.0,112.0,61.1,1,49,0,0
CAB0461,2015,Intra-Asia,carrier,None,3,8,3554.0,6,224.0,90.6,40.6,0,53,0,0
CAB0461,2016,Intra-Asia,carrier,None,4,8,3554.0,6,224.0,107.8,75.7,0,59,0,0
CAB0461,2017,Intra-Asia,carrier,None,5,8,3554.0,6,224.0,119.3,67.0,0,60,0,0
CAB0461,2018,Intra-Asia,carrier,None,6,8,3554.0,6,224.0,124.2,36.5,0,62,0,0
CAB0461,2019,Intra-Asia,carrier,None,7,8,3554.0,6,224.0,130.4,44.7,0,64,0,0
CAB0461,2020,Intra-Asia,carrier,None,8,8,3554.0,6,224.0,159.5,23.9,0,66,0,0
CAB0461,2021,Intra-Asia,carrier,None,9,8,3554.0,6,224.0,188.8,72.5,0,69,0,0
CAB0461,2022,Intra-Asia,carrier,None,10,8,3554.0,6,224.0,202.8,50.8,0,70,0,0
CAB0461,2023,Intra-Asia,carrier,None,11,8,3554.0,6,224.0,203.1,93.0,0,70,0,0
CAB0461,2024,Intra-Asia,carrier,None,12,8,3554.0,6,224.0,219.0,100.0,0,75,0,0
CAB0461,2025,Intra-Asia,carrier,None,13,8,3554.0,6,224.0,224.0,40.5,0,77,0,0
CAB0462,2022,Trans-Atlantic,carrier,None,0,8,6636.0,4,338.3,79.2,37.2,0,51,0,0
CAB0462,2023,Trans-Atlantic,carrier,None,1,8,6636.0,4,338.3,126.0,45.9,0,54,0,0
CAB0462,2024,Trans-Atlantic,carrier,None,2,8,6636.0,4,338.3,148.3,25.1,0,58,0,0
CAB0462,2025,Trans-Atlantic,carrier,None,3,8,6636.0,4,338.3,109.3,10.5,0,62,0,0
CAB0463,2025,Intra-Europe,hyperscaler,None,0,12,2970.0,5,558.9,144.9,37.8,1,58,0,0
CAB0464,2015,Africa-Coastal,hyperscaler,None,13,4,4670.0,4,54.9,54.9,53.8,1,36,0,0
CAB0464,2016,Africa-Coastal,hyperscaler,None,14,4,4670.0,4,54.9,54.9,68.7,1,37,0,0
CAB0464,2017,Africa-Coastal,hyperscaler,None,15,4,4670.0,4,54.9,54.9,100.0,1,40,0,0
CAB0464,2018,Africa-Coastal,hyperscaler,None,16,4,4670.0,4,54.9,54.9,56.0,1,40,0,0
CAB0464,2019,Africa-Coastal,hyperscaler,None,17,4,4670.0,4,54.9,54.9,100.0,1,42,0,0
CAB0464,2020,Africa-Coastal,hyperscaler,None,18,4,4670.0,4,54.9,54.9,100.0,1,43,0,0
CAB0464,2021,Africa-Coastal,hyperscaler,None,19,4,4670.0,4,54.9,54.9,94.9,1,44,0,0
CAB0464,2022,Africa-Coastal,hyperscaler,None,20,4,4670.0,4,54.9,54.9,93.0,1,45,0,0
CAB0464,2023,Africa-Coastal,hyperscaler,None,21,4,4670.0,4,54.9,54.9,63.7,1,47,0,0
CAB0464,2024,Africa-Coastal,hyperscaler,None,22,4,4670.0,4,54.9,54.9,69.7,1,49,0,0
CAB0464,2025,Africa-Coastal,hyperscaler,None,23,4,4670.0,4,54.9,54.9,91.0,1,52,0,0
CAB0465,2015,Americas,government,None,15,5,2180.0,5,54.3,54.3,86.2,1,28,0,0
CAB0465,2016,Americas,government,None,16,5,2180.0,5,54.3,54.3,96.0,1,29,0,0
CAB0465,2017,Americas,government,None,17,5,2180.0,5,54.3,54.3,100.0,1,29,0,0
CAB0465,2018,Americas,government,None,18,5,2180.0,5,54.3,54.3,61.5,1,31,0,0
CAB0465,2019,Americas,government,None,19,5,2180.0,5,54.3,54.3,52.5,1,32,0,0
CAB0465,2020,Americas,government,None,20,5,2180.0,5,54.3,54.3,61.5,1,33,0,0
CAB0465,2021,Americas,government,None,21,5,2180.0,5,54.3,54.3,72.5,1,37,0,1
CAB0465,2022,Americas,government,None,22,5,2180.0,5,54.3,54.3,100.0,1,37,1,0
CAB0465,2023,Americas,government,None,23,5,2180.0,5,54.3,54.3,63.6,1,37,0,1
CAB0465,2024,Americas,government,None,24,5,2180.0,5,54.3,54.3,89.8,1,39,1,0
CAB0465,2025,Americas,government,None,25,5,2180.0,5,54.3,54.3,100.0,1,39,0,0
CAB0466,2015,Intra-Europe,hyperscaler,None,1,7,609.0,3,216.0,45.1,35.4,0,41,0,0
CAB0466,2016,Intra-Europe,hyperscaler,None,2,7,609.0,3,216.0,77.4,32.1,0,42,0,0
CAB0466,2017,Intra-Europe,hyperscaler,None,3,7,609.0,3,216.0,94.4,58.8,0,44,0,0
CAB0466,2018,Intra-Europe,hyperscaler,None,4,7,609.0,3,216.0,113.8,89.4,0,45,0,0
CAB0466,2019,Intra-Europe,hyperscaler,None,5,7,609.0,3,216.0,100.9,15.1,0,47,0,0
CAB0466,2020,Intra-Europe,hyperscaler,None,6,7,609.0,3,216.0,123.8,24.5,0,49,0,0
CAB0466,2021,Intra-Europe,hyperscaler,None,7,7,609.0,3,216.0,145.9,76.2,0,49,0,0
CAB0466,2022,Intra-Europe,hyperscaler,None,8,7,609.0,3,216.0,162.3,41.3,0,52,0,0
CAB0466,2023,Intra-Europe,hyperscaler,None,9,7,609.0,3,216.0,174.8,60.4,0,53,0,0
CAB0466,2024,Intra-Europe,hyperscaler,None,10,7,609.0,3,216.0,180.2,34.8,0,53,0,0
CAB0466,2025,Intra-Europe,hyperscaler,None,11,7,609.0,3,216.0,197.8,56.5,0,58,0,0
CAB0467,2015,Trans-Atlantic,consortium,None,15,4,5232.0,4,43.4,43.4,56.4,0,33,0,0
CAB0467,2016,Trans-Atlantic,consortium,None,16,4,5232.0,4,43.4,43.4,100.0,0,37,0,1
CAB0467,2017,Trans-Atlantic,consortium,None,17,4,5232.0,4,43.4,43.4,74.6,0,37,1,0
CAB0467,2018,Trans-Atlantic,consortium,None,18,4,5232.0,4,43.4,43.4,63.8,0,40,0,0
CAB0467,2019,Trans-Atlantic,consortium,None,19,4,5232.0,4,43.4,43.4,97.0,0,45,0,0
CAB0467,2020,Trans-Atlantic,consortium,None,20,4,5232.0,4,43.4,43.4,73.4,0,48,0,0
CAB0467,2021,Trans-Atlantic,consortium,None,21,4,5232.0,4,43.4,43.4,100.0,0,50,0,0
CAB0467,2022,Trans-Atlantic,consortium,None,22,4,5232.0,4,43.4,43.4,100.0,0,51,0,0
CAB0467,2023,Trans-Atlantic,consortium,None,23,4,5232.0,4,43.4,43.4,100.0,0,54,0,0
CAB0467,2024,Trans-Atlantic,consortium,None,24,4,5232.0,4,43.4,43.4,100.0,0,58,0,0
CAB0467,2025,Trans-Atlantic,consortium,None,25,4,5232.0,4,43.4,43.4,100.0,0,62,0,0
CAB0468,2024,Intra-Pacific-Islands,carrier,None,0,24,1619.0,4,1083.4,232.8,32.9,1,48,0,0
CAB0468,2025,Intra-Pacific-Islands,carrier,None,1,24,1619.0,4,1083.4,308.6,39.9,1,50,0,0
CAB0469,2015,Intra-Asia,government,None,15,8,2432.0,3,86.9,86.9,78.5,1,53,0,0
CAB0469,2016,Intra-Asia,government,None,16,8,2432.0,3,86.9,86.9,60.2,1,59,0,0
CAB0469,2017,Intra-Asia,government,None,17,8,2432.0,3,86.9,86.9,74.7,1,60,0,0
CAB0469,2018,Intra-Asia,government,None,18,8,2432.0,3,86.9,86.9,73.6,1,62,0,0
CAB0469,2019,Intra-Asia,government,None,19,8,2432.0,3,86.9,86.9,95.3,1,64,0,1
CAB0469,2020,Intra-Asia,government,None,20,8,2432.0,3,86.9,86.9,60.9,1,66,1,0
CAB0469,2021,Intra-Asia,government,None,21,8,2432.0,3,86.9,86.9,100.0,1,69,0,1
CAB0469,2022,Intra-Asia,government,None,22,8,2432.0,3,86.9,86.9,45.0,1,70,1,0
CAB0469,2023,Intra-Asia,government,None,23,8,2432.0,3,86.9,86.9,70.0,1,70,0,0
CAB0469,2024,Intra-Asia,government,None,24,8,2432.0,3,86.9,86.9,71.1,1,75,0,0
CAB0470,2015,Intra-Asia,hyperscaler,None,17,14,4078.0,4,112.0,112.0,58.6,1,53,0,0
CAB0470,2016,Intra-Asia,hyperscaler,None,18,14,4078.0,4,112.0,112.0,56.3,1,59,0,0
CAB0470,2017,Intra-Asia,hyperscaler,None,19,14,4078.0,4,112.0,112.0,62.5,1,60,0,0
CAB0470,2018,Intra-Asia,hyperscaler,None,20,14,4078.0,4,112.0,112.0,73.2,1,62,0,0
CAB0470,2019,Intra-Asia,hyperscaler,None,21,14,4078.0,4,112.0,112.0,89.6,1,64,0,0
CAB0470,2020,Intra-Asia,hyperscaler,None,22,14,4078.0,4,112.0,112.0,87.7,1,66,0,0
CAB0470,2021,Intra-Asia,hyperscaler,None,23,14,4078.0,4,112.0,112.0,72.1,1,69,0,1
CAB0470,2022,Intra-Asia,hyperscaler,None,24,14,4078.0,4,112.0,112.0,84.6,1,70,1,0
CAB0470,2023,Intra-Asia,hyperscaler,None,25,14,4078.0,4,112.0,112.0,93.5,1,70,0,0
CAB0470,2024,Intra-Asia,hyperscaler,None,26,14,4078.0,4,112.0,112.0,92.0,1,75,0,1
CAB0471,2015,EMEA-Asia,hyperscaler,None,11,13,17686.0,5,215.4,206.6,52.9,0,27,1,0
CAB0471,2016,EMEA-Asia,hyperscaler,None,12,13,17686.0,5,215.4,210.5,79.3,0,29,0,0
CAB0471,2017,EMEA-Asia,hyperscaler,None,13,13,17686.0,5,215.4,215.4,55.3,0,32,0,1
CAB0471,2018,EMEA-Asia,hyperscaler,None,14,13,17686.0,5,215.4,215.4,60.8,0,34,1,1
CAB0471,2019,EMEA-Asia,hyperscaler,None,15,13,17686.0,5,215.4,215.4,45.2,0,37,1,0
CAB0471,2020,EMEA-Asia,hyperscaler,None,16,13,17686.0,5,215.4,215.4,71.6,0,40,0,1
CAB0471,2021,EMEA-Asia,hyperscaler,None,17,13,17686.0,5,215.4,215.4,57.0,0,44,1,1
CAB0471,2022,EMEA-Asia,hyperscaler,None,18,13,17686.0,5,215.4,215.4,52.8,0,45,1,1
CAB0471,2023,EMEA-Asia,hyperscaler,None,19,13,17686.0,5,215.4,215.4,54.3,0,47,1,0
CAB0471,2024,EMEA-Asia,hyperscaler,None,20,13,17686.0,5,215.4,215.4,97.8,0,48,0,0
CAB0471,2025,EMEA-Asia,hyperscaler,None,21,13,17686.0,5,215.4,215.4,100.0,0,47,0,1
CAB0472,2023,EMEA-Asia,carrier,None,0,23,12712.0,5,1005.4,295.8,51.9,0,47,0,1
CAB0472,2024,EMEA-Asia,carrier,None,1,23,12712.0,5,1005.4,326.9,24.2,0,48,1,0
CAB0472,2025,EMEA-Asia,carrier,None,2,23,12712.0,5,1005.4,338.0,77.9,0,47,0,0
CAB0473,2015,Trans-Pacific,consortium,None,11,29,10948.0,3,480.6,452.5,79.7,1,35,0,0
CAB0473,2016,Trans-Pacific,consortium,None,12,29,10948.0,3,480.6,454.1,42.1,1,37,0,0
CAB0473,2017,Trans-Pacific,consortium,None,13,29,10948.0,3,480.6,480.6,80.5,1,38,0,0
CAB0473,2018,Trans-Pacific,consortium,None,14,29,10948.0,3,480.6,480.6,66.0,1,39,0,1
CAB0473,2019,Trans-Pacific,consortium,None,15,29,10948.0,3,480.6,480.6,78.6,1,41,1,0
CAB0473,2020,Trans-Pacific,consortium,None,16,29,10948.0,3,480.6,480.6,100.0,1,42,0,0
CAB0473,2021,Trans-Pacific,consortium,None,17,29,10948.0,3,480.6,480.6,44.0,1,43,0,0
CAB0473,2022,Trans-Pacific,consortium,None,18,29,10948.0,3,480.6,480.6,62.0,1,45,0,0
CAB0473,2023,Trans-Pacific,consortium,None,19,29,10948.0,3,480.6,480.6,70.2,1,47,0,0
CAB0473,2024,Trans-Pacific,consortium,None,20,29,10948.0,3,480.6,480.6,64.2,1,49,0,0
CAB0473,2025,Trans-Pacific,consortium,None,21,29,10948.0,3,480.6,480.6,100.0,1,50,0,0
CAB0474,2021,Intra-Asia,hyperscaler,None,0,22,3331.0,2,898.9,277.5,28.3,0,69,0,0
CAB0474,2022,Intra-Asia,hyperscaler,None,1,22,3331.0,2,898.9,244.6,22.6,0,70,0,0
CAB0474,2023,Intra-Asia,hyperscaler,None,2,22,3331.0,2,898.9,309.0,43.5,0,70,0,0
CAB0474,2024,Intra-Asia,hyperscaler,None,3,22,3331.0,2,898.9,374.2,51.2,0,75,0,0
CAB0474,2025,Intra-Asia,hyperscaler,None,4,22,3331.0,2,898.9,407.3,38.6,0,77,0,0
CAB0475,2015,Trans-Pacific,consortium,None,1,4,12994.0,5,123.4,38.6,22.4,1,35,0,0
CAB0475,2016,Trans-Pacific,consortium,None,2,4,12994.0,5,123.4,39.3,68.8,1,37,0,0
CAB0475,2017,Trans-Pacific,consortium,None,3,4,12994.0,5,123.4,48.1,86.1,1,38,0,0
CAB0475,2018,Trans-Pacific,consortium,None,4,4,12994.0,5,123.4,74.9,89.5,1,39,0,0
CAB0475,2019,Trans-Pacific,consortium,None,5,4,12994.0,5,123.4,68.7,64.4,1,41,0,0
CAB0475,2020,Trans-Pacific,consortium,None,6,4,12994.0,5,123.4,63.2,58.1,1,42,0,0
CAB0475,2021,Trans-Pacific,consortium,None,7,4,12994.0,5,123.4,79.7,74.7,1,43,0,1
CAB0475,2022,Trans-Pacific,consortium,None,8,4,12994.0,5,123.4,88.0,88.6,1,45,1,0
CAB0475,2023,Trans-Pacific,consortium,None,9,4,12994.0,5,123.4,98.5,42.2,1,47,0,0
CAB0475,2024,Trans-Pacific,consortium,None,10,4,12994.0,5,123.4,102.3,59.5,1,49,0,0
CAB0475,2025,Trans-Pacific,consortium,None,11,4,12994.0,5,123.4,109.6,86.7,1,50,0,1
CAB0476,2015,Americas,consortium,Panama,1,4,3075.0,3,123.4,32.9,21.1,1,28,0,0
CAB0476,2016,Americas,consortium,Panama,2,4,3075.0,3,123.4,37.7,75.7,1,29,0,0
CAB0476,2017,Americas,consortium,Panama,3,4,3075.0,3,123.4,54.6,30.8,1,29,0,0
CAB0476,2018,Americas,consortium,Panama,4,4,3075.0,3,123.4,67.1,26.7,1,31,0,0
CAB0476,2019,Americas,consortium,Panama,5,4,3075.0,3,123.4,74.8,51.5,1,32,0,1
CAB0476,2020,Americas,consortium,Panama,6,4,3075.0,3,123.4,93.0,78.9,1,33,1,0
CAB0476,2021,Americas,consortium,Panama,7,4,3075.0,3,123.4,79.2,100.0,1,37,0,0
CAB0476,2022,Americas,consortium,Panama,8,4,3075.0,3,123.4,90.9,87.6,1,37,0,0
CAB0476,2023,Americas,consortium,Panama,9,4,3075.0,3,123.4,97.2,39.3,1,37,0,0
CAB0476,2024,Americas,consortium,Panama,10,4,3075.0,3,123.4,105.0,40.1,1,39,0,0
CAB0476,2025,Americas,consortium,Panama,11,4,3075.0,3,123.4,99.1,64.7,1,39,0,0
CAB0477,2015,Africa-Coastal,consortium,None,8,5,4459.0,5,104.3,90.3,45.3,1,36,0,0
CAB0477,2016,Africa-Coastal,consortium,None,9,5,4459.0,5,104.3,87.5,59.7,1,37,0,0
CAB0477,2017,Africa-Coastal,consortium,None,10,5,4459.0,5,104.3,93.2,36.1,1,40,0,0
CAB0477,2018,Africa-Coastal,consortium,None,11,5,4459.0,5,104.3,85.6,88.3,1,40,0,0
CAB0477,2019,Africa-Coastal,consortium,None,12,5,4459.0,5,104.3,92.8,38.7,1,42,0,0
CAB0477,2020,Africa-Coastal,consortium,None,13,5,4459.0,5,104.3,104.3,70.9,1,43,0,0
CAB0477,2021,Africa-Coastal,consortium,None,14,5,4459.0,5,104.3,104.3,48.6,1,44,0,0
CAB0477,2022,Africa-Coastal,consortium,None,15,5,4459.0,5,104.3,104.3,67.5,1,45,0,0
CAB0477,2023,Africa-Coastal,consortium,None,16,5,4459.0,5,104.3,104.3,100.0,1,47,0,0
CAB0477,2024,Africa-Coastal,consortium,None,17,5,4459.0,5,104.3,104.3,99.7,1,49,0,1
CAB0477,2025,Africa-Coastal,consortium,None,18,5,4459.0,5,104.3,104.3,80.4,1,52,1,0
CAB0478,2015,Africa-Coastal,consortium,None,5,16,5331.0,5,402.3,217.7,13.7,0,36,1,0
CAB0478,2016,Africa-Coastal,consortium,None,6,16,5331.0,5,402.3,255.7,59.9,0,37,0,1
CAB0478,2017,Africa-Coastal,consortium,None,7,16,5331.0,5,402.3,258.1,80.2,0,40,1,1
CAB0478,2018,Africa-Coastal,consortium,None,8,16,5331.0,5,402.3,255.7,23.8,0,40,1,0
CAB0478,2019,Africa-Coastal,consortium,None,9,16,5331.0,5,402.3,297.0,30.5,0,42,0,0
CAB0478,2020,Africa-Coastal,consortium,None,10,16,5331.0,5,402.3,341.3,70.6,0,43,0,1
CAB0478,2021,Africa-Coastal,consortium,None,11,16,5331.0,5,402.3,371.2,44.3,0,44,1,0
CAB0478,2022,Africa-Coastal,consortium,None,12,16,5331.0,5,402.3,402.3,49.1,0,45,0,0
CAB0478,2023,Africa-Coastal,consortium,None,13,16,5331.0,5,402.3,402.3,77.6,0,47,0,1
CAB0478,2024,Africa-Coastal,consortium,None,14,16,5331.0,5,402.3,402.3,81.5,0,49,1,1
CAB0478,2025,Africa-Coastal,consortium,None,15,16,5331.0,5,402.3,402.3,83.9,0,52,1,1
CAB0479,2015,Intra-Asia,hyperscaler,None,7,5,5592.0,8,111.4,71.5,19.9,0,53,0,0
CAB0479,2016,Intra-Asia,hyperscaler,None,8,5,5592.0,8,111.4,78.1,60.1,0,59,0,1
CAB0479,2017,Intra-Asia,hyperscaler,None,9,5,5592.0,8,111.4,71.1,48.3,0,60,1,0
CAB0479,2018,Intra-Asia,hyperscaler,None,10,5,5592.0,8,111.4,89.3,32.2,0,62,0,0
CAB0479,2019,Intra-Asia,hyperscaler,None,11,5,5592.0,8,111.4,101.8,47.1,0,64,0,1
CAB0479,2020,Intra-Asia,hyperscaler,None,12,5,5592.0,8,111.4,108.4,49.5,0,66,1,1
CAB0479,2021,Intra-Asia,hyperscaler,None,13,5,5592.0,8,111.4,107.2,34.7,0,69,1,0
CAB0479,2022,Intra-Asia,hyperscaler,None,14,5,5592.0,8,111.4,111.4,100.0,0,70,0,0
CAB0479,2023,Intra-Asia,hyperscaler,None,15,5,5592.0,8,111.4,111.4,73.1,0,70,0,1
CAB0479,2024,Intra-Asia,hyperscaler,None,16,5,5592.0,8,111.4,111.4,94.1,0,75,1,0
CAB0479,2025,Intra-Asia,hyperscaler,None,17,5,5592.0,8,111.4,111.4,66.7,0,77,0,1
CAB0480,2020,Intra-Pacific-Islands,carrier,None,0,5,2929.0,5,197.1,57.6,57.9,1,40,0,0
CAB0480,2021,Intra-Pacific-Islands,carrier,None,1,5,2929.0,5,197.1,62.1,30.7,1,41,0,0
CAB0480,2022,Intra-Pacific-Islands,carrier,None,2,5,2929.0,5,197.1,64.5,33.9,1,43,0,0
CAB0480,2023,Intra-Pacific-Islands,carrier,None,3,5,2929.0,5,197.1,85.8,77.7,1,45,0,0
CAB0480,2024,Intra-Pacific-Islands,carrier,None,4,5,2929.0,5,197.1,73.2,69.9,1,48,0,0
CAB0480,2025,Intra-Pacific-Islands,carrier,None,5,5,2929.0,5,197.1,101.4,41.4,1,50,0,0
CAB0481,2015,EMEA-Asia,government,None,6,3,19210.0,2,71.1,47.7,67.6,1,27,1,0
CAB0481,2016,EMEA-Asia,government,None,7,3,19210.0,2,71.1,49.2,30.7,1,29,0,0
CAB0481,2017,EMEA-Asia,government,None,8,3,19210.0,2,71.1,49.8,69.5,1,32,0,1
CAB0481,2018,EMEA-Asia,government,None,9,3,19210.0,2,71.1,54.2,92.7,1,34,1,1
CAB0481,2019,EMEA-Asia,government,None,10,3,19210.0,2,71.1,56.0,82.1,1,37,1,0
CAB0481,2020,EMEA-Asia,government,None,11,3,19210.0,2,71.1,70.8,90.0,1,40,0,0
CAB0481,2021,EMEA-Asia,government,None,12,3,19210.0,2,71.1,70.4,40.3,1,44,0,0
CAB0481,2022,EMEA-Asia,government,None,13,3,19210.0,2,71.1,69.3,87.3,1,45,0,1
CAB0481,2023,EMEA-Asia,government,None,14,3,19210.0,2,71.1,71.1,68.6,1,47,1,0
CAB0481,2024,EMEA-Asia,government,None,15,3,19210.0,2,71.1,71.1,74.3,1,48,0,1
CAB0481,2025,EMEA-Asia,government,None,16,3,19210.0,2,71.1,71.1,71.8,1,47,1,0
CAB0482,2024,Africa-Coastal,carrier,None,0,6,5388.0,2,270.9,80.4,55.0,0,49,0,0
CAB0482,2025,Africa-Coastal,carrier,None,1,6,5388.0,2,270.9,76.4,55.2,0,52,0,0
CAB0483,2015,Intra-Pacific-Islands,consortium,None,17,7,2081.0,2,56.0,56.0,74.9,1,28,0,0
CAB0483,2016,Intra-Pacific-Islands,consortium,None,18,7,2081.0,2,56.0,56.0,94.9,1,29,0,0
CAB0483,2017,Intra-Pacific-Islands,consortium,None,19,7,2081.0,2,56.0,56.0,54.6,1,29,0,1
CAB0483,2018,Intra-Pacific-Islands,consortium,None,20,7,2081.0,2,56.0,56.0,69.2,1,30,1,0
CAB0483,2019,Intra-Pacific-Islands,consortium,None,21,7,2081.0,2,56.0,56.0,70.0,1,35,0,1
CAB0483,2020,Intra-Pacific-Islands,consortium,None,22,7,2081.0,2,56.0,56.0,100.0,1,40,1,0
CAB0483,2021,Intra-Pacific-Islands,consortium,None,23,7,2081.0,2,56.0,56.0,100.0,1,41,0,0
CAB0483,2022,Intra-Pacific-Islands,consortium,None,24,7,2081.0,2,56.0,56.0,54.3,1,43,0,0
CAB0483,2023,Intra-Pacific-Islands,consortium,None,25,7,2081.0,2,56.0,56.0,55.2,1,45,0,0
CAB0484,2020,Trans-Atlantic,hyperscaler,None,0,5,7233.0,5,197.1,48.9,50.2,0,48,0,0
CAB0484,2021,Trans-Atlantic,hyperscaler,None,1,5,7233.0,5,197.1,69.5,14.4,0,50,0,0
CAB0484,2022,Trans-Atlantic,hyperscaler,None,2,5,7233.0,5,197.1,71.3,60.6,0,51,0,0
CAB0484,2023,Trans-Atlantic,hyperscaler,None,3,5,7233.0,5,197.1,80.4,66.3,0,54,0,0
CAB0484,2024,Trans-Atlantic,hyperscaler,None,4,5,7233.0,5,197.1,90.9,12.9,0,58,0,0
CAB0484,2025,Trans-Atlantic,hyperscaler,None,5,5,7233.0,5,197.1,105.1,52.9,0,62,0,0
CAB0485,2015,Intra-Pacific-Islands,consortium,None,14,2,2145.0,5,24.6,24.6,97.6,0,28,0,1
CAB0485,2016,Intra-Pacific-Islands,consortium,None,15,2,2145.0,5,24.6,24.6,47.1,0,29,1,0
CAB0485,2017,Intra-Pacific-Islands,consortium,None,16,2,2145.0,5,24.6,24.6,98.3,0,29,0,0
CAB0485,2018,Intra-Pacific-Islands,consortium,None,17,2,2145.0,5,24.6,24.6,77.2,0,30,0,0
CAB0485,2019,Intra-Pacific-Islands,consortium,None,18,2,2145.0,5,24.6,24.6,54.5,0,35,0,0
CAB0485,2020,Intra-Pacific-Islands,consortium,None,19,2,2145.0,5,24.6,24.6,77.6,0,40,0,0
CAB0485,2021,Intra-Pacific-Islands,consortium,None,20,2,2145.0,5,24.6,24.6,100.0,0,41,0,0
CAB0485,2022,Intra-Pacific-Islands,consortium,None,21,2,2145.0,5,24.6,24.6,82.6,0,43,0,0
CAB0485,2023,Intra-Pacific-Islands,consortium,None,22,2,2145.0,5,24.6,24.6,100.0,0,45,0,0
CAB0485,2024,Intra-Pacific-Islands,consortium,None,23,2,2145.0,5,24.6,24.6,88.3,0,48,0,0
CAB0485,2025,Intra-Pacific-Islands,consortium,None,24,2,2145.0,5,24.6,24.6,94.3,0,50,0,0
CAB0486,2021,Intra-Pacific-Islands,hyperscaler,None,0,5,1695.0,5,204.3,60.7,29.2,0,41,0,0
CAB0486,2022,Intra-Pacific-Islands,hyperscaler,None,1,5,1695.0,5,204.3,75.9,64.7,0,43,0,0
CAB0486,2023,Intra-Pacific-Islands,hyperscaler,None,2,5,1695.0,5,204.3,81.0,49.1,0,45,0,0
CAB0486,2024,Intra-Pacific-Islands,hyperscaler,None,3,5,1695.0,5,204.3,80.5,41.3,0,48,0,0
CAB0486,2025,Intra-Pacific-Islands,hyperscaler,None,4,5,1695.0,5,204.3,101.4,63.6,0,50,0,0
CAB0487,2016,Intra-Asia,carrier,None,0,19,4510.0,5,640.6,156.6,49.6,0,59,0,0
CAB0487,2017,Intra-Asia,carrier,None,1,19,4510.0,5,640.6,182.7,59.7,0,60,0,0
CAB0487,2018,Intra-Asia,carrier,None,2,19,4510.0,5,640.6,247.5,69.4,0,62,0,0
CAB0487,2019,Intra-Asia,carrier,None,3,19,4510.0,5,640.6,324.3,50.7,0,64,0,0
CAB0487,2020,Intra-Asia,carrier,None,4,19,4510.0,5,640.6,318.6,56.7,0,66,0,1
CAB0487,2021,Intra-Asia,carrier,None,5,19,4510.0,5,640.6,355.7,82.2,0,69,1,1
CAB0487,2022,Intra-Asia,carrier,None,6,19,4510.0,5,640.6,414.2,42.0,0,70,1,0
CAB0487,2023,Intra-Asia,carrier,None,7,19,4510.0,5,640.6,479.8,58.1,0,70,0,0
CAB0487,2024,Intra-Asia,carrier,None,8,19,4510.0,5,640.6,474.2,58.7,0,75,0,0
CAB0487,2025,Intra-Asia,carrier,None,9,19,4510.0,5,640.6,523.7,72.1,0,77,0,1
CAB0488,2015,EMEA-Asia,hyperscaler,None,13,2,19976.0,5,27.4,27.4,79.8,0,27,0,0
CAB0488,2016,EMEA-Asia,hyperscaler,None,14,2,19976.0,5,27.4,27.4,48.0,0,29,0,0
CAB0488,2017,EMEA-Asia,hyperscaler,None,15,2,19976.0,5,27.4,27.4,62.4,0,32,0,0
CAB0488,2018,EMEA-Asia,hyperscaler,None,16,2,19976.0,5,27.4,27.4,94.9,0,34,0,0
CAB0488,2019,EMEA-Asia,hyperscaler,None,17,2,19976.0,5,27.4,27.4,62.9,0,37,0,0
CAB0488,2020,EMEA-Asia,hyperscaler,None,18,2,19976.0,5,27.4,27.4,85.7,0,40,0,0
CAB0488,2021,EMEA-Asia,hyperscaler,None,19,2,19976.0,5,27.4,27.4,81.5,0,44,0,0
CAB0488,2022,EMEA-Asia,hyperscaler,None,20,2,19976.0,5,27.4,27.4,65.1,0,45,0,1
CAB0488,2023,EMEA-Asia,hyperscaler,None,21,2,19976.0,5,27.4,27.4,96.2,0,47,1,0
CAB0488,2024,EMEA-Asia,hyperscaler,None,22,2,19976.0,5,27.4,27.4,77.5,0,48,0,0
CAB0488,2025,EMEA-Asia,hyperscaler,None,23,2,19976.0,5,27.4,27.4,63.6,0,47,0,0
CAB0490,2019,Intra-Asia,consortium,None,0,10,3223.0,6,380.0,94.7,52.9,1,64,0,0
CAB0490,2020,Intra-Asia,consortium,None,1,10,3223.0,6,380.0,96.0,53.5,1,66,0,1
CAB0490,2021,Intra-Asia,consortium,None,2,10,3223.0,6,380.0,141.8,60.6,1,69,1,1
CAB0490,2022,Intra-Asia,consortium,None,3,10,3223.0,6,380.0,206.3,27.0,1,70,1,0
CAB0490,2023,Intra-Asia,consortium,None,4,10,3223.0,6,380.0,191.3,51.9,1,70,0,0
CAB0490,2024,Intra-Asia,consortium,None,5,10,3223.0,6,380.0,206.0,51.7,1,75,0,0
CAB0490,2025,Intra-Asia,consortium,None,6,10,3223.0,6,380.0,220.6,77.2,1,77,0,0
CAB0491,2024,Intra-Asia,hyperscaler,None,0,6,4611.0,11,270.9,69.2,49.4,1,75,1,0
CAB0491,2025,Intra-Asia,hyperscaler,None,1,6,4611.0,11,270.9,93.4,51.9,1,77,0,0
CAB0492,2021,Africa-Coastal,consortium,None,0,48,10743.0,6,1961.1,525.0,24.0,1,44,0,0
CAB0492,2022,Africa-Coastal,consortium,None,1,48,10743.0,6,1961.1,606.2,37.8,1,45,0,0
CAB0492,2023,Africa-Coastal,consortium,None,2,48,10743.0,6,1961.1,776.2,69.1,1,47,0,1
CAB0492,2024,Africa-Coastal,consortium,None,3,48,10743.0,6,1961.1,835.0,49.9,1,49,1,0
CAB0492,2025,Africa-Coastal,consortium,None,4,48,10743.0,6,1961.1,1014.4,40.7,1,52,0,0
CAB0493,2015,Africa-Coastal,consortium,None,6,35,8610.0,3,830.0,527.6,47.7,0,36,0,0
CAB0493,2016,Africa-Coastal,consortium,None,7,35,8610.0,3,830.0,493.6,61.4,0,37,0,0
CAB0493,2017,Africa-Coastal,consortium,None,8,35,8610.0,3,830.0,571.7,69.4,0,40,0,0
CAB0493,2018,Africa-Coastal,consortium,None,9,35,8610.0,3,830.0,634.5,35.8,0,40,0,0
CAB0493,2019,Africa-Coastal,consortium,None,10,35,8610.0,3,830.0,671.6,77.9,0,42,0,0
CAB0493,2020,Africa-Coastal,consortium,None,11,35,8610.0,3,830.0,726.0,71.7,0,43,0,0
CAB0493,2021,Africa-Coastal,consortium,None,12,35,8610.0,3,830.0,815.3,47.5,0,44,0,0
CAB0493,2022,Africa-Coastal,consortium,None,13,35,8610.0,3,830.0,830.0,44.8,0,45,0,0
CAB0493,2023,Africa-Coastal,consortium,None,14,35,8610.0,3,830.0,830.0,51.1,0,47,0,0
CAB0493,2024,Africa-Coastal,consortium,None,15,35,8610.0,3,830.0,830.0,50.1,0,49,0,0
CAB0493,2025,Africa-Coastal,consortium,None,16,35,8610.0,3,830.0,830.0,48.3,0,52,0,0
CAB0494,2015,Indian-Ocean,consortium,Suez,4,12,7426.0,6,318.9,145.5,37.7,1,31,0,0
CAB0494,2016,Indian-Ocean,consortium,Suez,5,12,7426.0,6,318.9,185.8,79.9,1,33,0,0
CAB0494,2017,Indian-Ocean,consortium,Suez,6,12,7426.0,6,318.9,166.7,37.2,1,33,0,0
CAB0494,2018,Indian-Ocean,consortium,Suez,7,12,7426.0,6,318.9,216.5,39.4,1,35,0,1
CAB0494,2019,Indian-Ocean,consortium,Suez,8,12,7426.0,6,318.9,235.3,44.4,1,35,1,1
CAB0494,2020,Indian-Ocean,consortium,Suez,9,12,7426.0,6,318.9,261.1,71.7,1,36,1,1
CAB0494,2021,Indian-Ocean,consortium,Suez,10,12,7426.0,6,318.9,270.6,59.3,1,39,1,0
CAB0494,2022,Indian-Ocean,consortium,Suez,11,12,7426.0,6,318.9,299.7,75.7,1,39,0,0
CAB0494,2023,Indian-Ocean,consortium,Suez,12,12,7426.0,6,318.9,284.8,100.0,1,40,0,0
CAB0494,2024,Indian-Ocean,consortium,Suez,13,12,7426.0,6,318.9,318.9,45.4,1,41,0,0
CAB0494,2025,Indian-Ocean,consortium,Suez,14,12,7426.0,6,318.9,318.9,83.9,1,44,0,0
CAB0495,2021,Indian-Ocean,consortium,None,0,11,5168.0,6,449.4,184.5,66.8,1,39,1,1
CAB0495,2022,Indian-Ocean,consortium,None,1,11,5168.0,6,449.4,130.6,58.7,1,39,1,0
CAB0495,2023,Indian-Ocean,consortium,None,2,11,5168.0,6,449.4,171.1,56.8,1,40,0,0
CAB0495,2024,Indian-Ocean,consortium,None,3,11,5168.0,6,449.4,195.1,15.6,1,41,0,0
CAB0495,2025,Indian-Ocean,consortium,None,4,11,5168.0,6,449.4,216.5,70.2,1,44,0,0
CAB0496,2015,Africa-Coastal,carrier,None,2,9,12881.0,5,264.9,100.5,61.3,0,36,1,0
CAB0496,2016,Africa-Coastal,carrier,None,3,9,12881.0,5,264.9,122.9,51.1,0,37,0,0
CAB0496,2017,Africa-Coastal,carrier,None,4,9,12881.0,5,264.9,136.8,48.8,0,40,0,1
CAB0496,2018,Africa-Coastal,carrier,None,5,9,12881.0,5,264.9,158.6,51.9,0,40,1,0
CAB0496,2019,Africa-Coastal,carrier,None,6,9,12881.0,5,264.9,150.8,42.8,0,42,0,0
CAB0496,2020,Africa-Coastal,carrier,None,7,9,12881.0,5,264.9,160.0,25.4,0,43,0,0
CAB0496,2021,Africa-Coastal,carrier,None,8,9,12881.0,5,264.9,201.6,96.2,0,44,0,0
CAB0496,2022,Africa-Coastal,carrier,None,9,9,12881.0,5,264.9,223.5,93.1,0,45,0,0
CAB0496,2023,Africa-Coastal,carrier,None,10,9,12881.0,5,264.9,205.7,66.6,0,47,0,0
CAB0496,2024,Africa-Coastal,carrier,None,11,9,12881.0,5,264.9,249.3,38.9,0,49,0,0
CAB0496,2025,Africa-Coastal,carrier,None,12,9,12881.0,5,264.9,250.7,45.0,0,52,0,1
CAB0497,2015,Trans-Atlantic,consortium,None,2,6,5836.0,4,176.6,75.0,34.0,0,33,0,0
CAB0497,2016,Trans-Atlantic,consortium,None,3,6,5836.0,4,176.6,78.5,55.0,0,37,0,0
CAB0497,2017,Trans-Atlantic,consortium,None,4,6,5836.0,4,176.6,74.4,50.9,0,37,0,0
CAB0497,2018,Trans-Atlantic,consortium,None,5,6,5836.0,4,176.6,89.6,47.3,0,40,0,0
CAB0497,2019,Trans-Atlantic,consortium,None,6,6,5836.0,4,176.6,111.2,68.9,0,45,0,0
CAB0497,2020,Trans-Atlantic,consortium,None,7,6,5836.0,4,176.6,106.0,33.5,0,48,0,0
CAB0497,2021,Trans-Atlantic,consortium,None,8,6,5836.0,4,176.6,128.9,23.5,0,50,0,0
CAB0497,2022,Trans-Atlantic,consortium,None,9,6,5836.0,4,176.6,139.5,37.5,0,51,0,0
CAB0497,2023,Trans-Atlantic,consortium,None,10,6,5836.0,4,176.6,148.8,69.4,0,54,0,0
CAB0497,2024,Trans-Atlantic,consortium,None,11,6,5836.0,4,176.6,162.5,87.3,0,58,0,0
CAB0497,2025,Trans-Atlantic,consortium,None,12,6,5836.0,4,176.6,176.6,75.7,0,62,0,0
CAB0498,2016,Intra-Europe,consortium,None,0,14,647.0,2,472.0,104.8,35.3,1,42,0,0
CAB0498,2017,Intra-Europe,consortium,None,1,14,647.0,2,472.0,190.8,53.8,1,44,0,0
CAB0498,2018,Intra-Europe,consortium,None,2,14,647.0,2,472.0,180.5,53.5,1,45,0,0
CAB0498,2019,Intra-Europe,consortium,None,3,14,647.0,2,472.0,181.2,58.4,1,47,0,0
CAB0498,2020,Intra-Europe,consortium,None,4,14,647.0,2,472.0,209.3,26.6,1,49,0,1
CAB0498,2021,Intra-Europe,consortium,None,5,14,647.0,2,472.0,218.8,83.0,1,49,1,0
CAB0498,2022,Intra-Europe,consortium,None,6,14,647.0,2,472.0,301.2,29.7,1,52,0,0
CAB0498,2023,Intra-Europe,consortium,None,7,14,647.0,2,472.0,320.7,54.7,1,53,0,0
CAB0498,2024,Intra-Europe,consortium,None,8,14,647.0,2,472.0,331.3,39.0,1,53,0,0
CAB0498,2025,Intra-Europe,consortium,None,9,14,647.0,2,472.0,381.2,93.5,1,58,0,0
CAB0499,2015,Intra-Europe,consortium,None,4,4,2858.0,5,106.3,47.1,17.2,0,41,0,0
CAB0499,2016,Intra-Europe,consortium,None,5,4,2858.0,5,106.3,57.7,64.7,0,42,0,0
CAB0499,2017,Intra-Europe,consortium,None,6,4,2858.0,5,106.3,61.3,58.8,0,44,0,0
CAB0499,2018,Intra-Europe,consortium,None,7,4,2858.0,5,106.3,69.8,33.8,0,45,0,0
CAB0499,2019,Intra-Europe,consortium,None,8,4,2858.0,5,106.3,79.5,41.4,0,47,0,0
CAB0499,2020,Intra-Europe,consortium,None,9,4,2858.0,5,106.3,76.3,71.0,0,49,0,0
CAB0499,2021,Intra-Europe,consortium,None,10,4,2858.0,5,106.3,88.8,96.9,0,49,0,0
CAB0499,2022,Intra-Europe,consortium,None,11,4,2858.0,5,106.3,104.5,95.5,0,52,0,0
CAB0499,2023,Intra-Europe,consortium,None,12,4,2858.0,5,106.3,106.3,100.0,0,53,0,1
CAB0499,2024,Intra-Europe,consortium,None,13,4,2858.0,5,106.3,106.3,63.5,0,53,1,0
CAB0499,2025,Intra-Europe,consortium,None,14,4,2858.0,5,106.3,106.3,70.4,0,58,0,0
